{"solutions":[[2,0,3,4,5,1,6,7,8,9,10,11,12,13,14,15,16,17,18,19],[19,18,17,16,15,14,13,12,10,11,9,8,7,6,1,5,4,3,2,0],[2,0,3,4,5,6,1,7,8,9,11,10,12,13,14,15,16,17,18,19],[0,2,3,4,5,6,1,7,8,9,11,10,12,13,14,15,16,17,18,19],[19,18,17,16,15,14,13,12,11,10,9,8,7,5,6,4,3,2,1,0],[0,1,2,3,4,5,6,7,8,9,11,10,12,13,14,15,16,17,18,19],[0,1,2,3,4,6,5,7,8,9,11,10,12,13,14,15,16,17,18,19],[0,2,3,4,5,1,6,7,8,9,10,11,12,13,14,15,16,17,18,19],[0,2,3,4,5,6,1,7,8,9,10,11,12,13,14,15,16,17,18,19],[2,0,3,4,5,1,6,7,8,9,11,10,12,13,14,15,16,17,18,19],[0,1,2,3,4,6,5,7,8,9,10,11,12,13,14,15,16,17,18,19],[0,2,3,4,5,1,6,7,8,9,11,10,12,13,14,15,16,17,18,19],[0,2,3,4,6,5,1,7,8,9,10,11,12,13,14,15,16,17,18,19],[2,0,3,4,5,6,1,7,8,9,10,11,12,13,14,15,16,17,18,19],[0,1,2,3,4,5,6,7,8,9,10,11,12,13,14,15,16,17,18,19],[0,2,3,4,6,5,1,7,8,9,11,10,12,13,14,15,16,17,18,19],[2,0,3,4,6,5,1,7,8,9,10,11,12,13,14,15,16,17,18,19],[2,0,3,4,6,5,1,7,8,9,11,10,12,13,14,15,16,17,18,19]],"obj":843.0,"max_tau_solutions":null,"centroid_x":[[0.0,1.0,0.5628203977,1.0,1.0,1.0,1.0,1.0,1.0,1.0,1.0,1.0,1.0,1.0,1.0,1.0,1.0,1.0,1.0,1.0],[0.0,0.0,0.4463623789,0.4463623789,0.4463623789,0.4463623789,0.616341025,1.0,1.0,1.0,1.0,1.0,1.0,1.0,1.0,1.0,1.0,1.0,1.0,1.0],[0.4371796023,0.5536376211,0.0,1.0,1.0,1.0,1.0,1.0,1.0,1.0,1.0,1.0,1.0,1.0,1.0,1.0,1.0,1.0,1.0,1.0],[0.0,0.5536376211,0.0,0.0,1.0,1.0,1.0,1.0,1.0,1.0,1.0,1.0,1.0,1.0,1.0,1.0,1.0,1.0,1.0,1.0],[0.0,0.5536376211,0.0,0.0,0.0,1.0,1.0,1.0,1.0,1.0,1.0,1.0,1.0,1.0,1.0,1.0,1.0,1.0,1.0,1.0],[0.0,0.5536376211,0.0,0.0,0.0,0.0,0.5121978882,1.0,1.0,1.0,1.0,1.0,1.0,1.0,1.0,1.0,1.0,1.0,1.0,1.0],[0.0,0.383658975,0.0,0.0,0.0,0.4878021118,0.0,1.0,1.0,1.0,1.0,1.0,1.0,1.0,1.0,1.0,1.0,1.0,1.0,1.0],[0.0,0.0,0.0,0.0,0.0,0.0,0.0,0.0,1.0,1.0,1.0,1.0,1.0,1.0,1.0,1.0,1.0,1.0,1.0,1.0],[0.0,0.0,0.0,0.0,0.0,0.0,0.0,0.0,0.0,1.0,1.0,1.0,1.0,1.0,1.0,1.0,1.0,1.0,1.0,1.0],[0.0,0.0,0.0,0.0,0.0,0.0,0.0,0.0,0.0,0.0,1.0,1.0,1.0,1.0,1.0,1.0,1.0,1.0,1.0,1.0],[0.0,0.0,0.0,0.0,0.0,0.0,0.0,0.0,0.0,0.0,0.0,0.4989258175,1.0,1.0,1.0,1.0,1.0,1.0,1.0,1.0],[0.0,0.0,0.0,0.0,0.0,0.0,0.0,0.0,0.0,0.0,0.5010741825,0.0,1.0,1.0,1.0,1.0,1.0,1.0,1.0,1.0],[0.0,0.0,0.0,0.0,0.0,0.0,0.0,0.0,0.0,0.0,0.0,0.0,0.0,1.0,1.0,1.0,1.0,1.0,1.0,1.0],[0.0,0.0,0.0,0.0,0.0,0.0,0.0,0.0,0.0,0.0,0.0,0.0,0.0,0.0,1.0,1.0,1.0,1.0,1.0,1.0],[0.0,0.0,0.0,0.0,0.0,0.0,0.0,0.0,0.0,0.0,0.0,0.0,0.0,0.0,0.0,1.0,1.0,1.0,1.0,1.0],[0.0,0.0,0.0,0.0,0.0,0.0,0.0,0.0,0.0,0.0,0.0,0.0,0.0,0.0,0.0,0.0,1.0,1.0,1.0,1.0],[0.0,0.0,0.0,0.0,0.0,0.0,0.0,0.0,0.0,0.0,0.0,0.0,0.0,0.0,0.0,0.0,0.0,1.0,1.0,1.0],[0.0,0.0,0.0,0.0,0.0,0.0,0.0,0.0,0.0,0.0,0.0,0.0,0.0,0.0,0.0,0.0,0.0,0.0,1.0,1.0],[0.0,0.0,0.0,0.0,0.0,0.0,0.0,0.0,0.0,0.0,0.0,0.0,0.0,0.0,0.0,0.0,0.0,0.0,0.0,1.0],[0.0,0.0,0.0,0.0,0.0,0.0,0.0,0.0,0.0,0.0,0.0,0.0,0.0,0.0,0.0,0.0,0.0,0.0,0.0,0.0]],"outlier_solution":[19,18,17,16,15,14,13,12,10,11,9,8,7,6,1,5,4,3,2,0],"dataset_id":120,"source_dataset_id":137,"options":null,"D":{"0":{"0":0,"1":0,"2":0,"3":0,"4":0,"5":3,"6":0,"7":0,"8":3,"9":0,"10":0,"11":0,"12":0,"13":2,"14":0,"15":0,"16":0,"17":0,"18":1,"19":0},"1":{"0":5,"1":0,"2":0,"3":0,"4":0,"5":5,"6":0,"7":0,"8":0,"9":0,"10":0,"11":0,"12":0,"13":0,"14":0,"15":0,"16":0,"17":0,"18":0,"19":0},"2":{"0":0,"1":5,"2":0,"3":0,"4":0,"5":0,"6":0,"7":5,"8":0,"9":0,"10":0,"11":0,"12":0,"13":0,"14":0,"15":0,"16":0,"17":1,"18":0,"19":0},"3":{"0":5,"1":0,"2":5,"3":0,"4":0,"5":0,"6":0,"7":0,"8":0,"9":0,"10":0,"11":0,"12":0,"13":0,"14":0,"15":0,"16":0,"17":0,"18":0,"19":0},"4":{"0":5,"1":0,"2":5,"3":5,"4":0,"5":0,"6":0,"7":0,"8":0,"9":0,"10":0,"11":0,"12":0,"13":0,"14":4,"15":0,"16":0,"17":0,"18":0,"19":0},"5":{"0":5,"1":0,"2":5,"3":5,"4":5,"5":0,"6":0,"7":0,"8":0,"9":0,"10":0,"11":0,"12":3,"13":0,"14":0,"15":0,"16":0,"17":0,"18":0,"19":0},"6":{"0":5,"1":0,"2":5,"3":5,"4":5,"5":0,"6":0,"7":0,"8":3,"9":0,"10":0,"11":4,"12":0,"13":0,"14":0,"15":0,"16":0,"17":0,"18":0,"19":0},"7":{"0":5,"1":5,"2":5,"3":3,"4":5,"5":5,"6":5,"7":0,"8":0,"9":0,"10":0,"11":3,"12":0,"13":0,"14":0,"15":0,"16":0,"17":0,"18":0,"19":0},"8":{"0":5,"1":5,"2":5,"3":3,"4":5,"5":5,"6":5,"7":5,"8":0,"9":0,"10":0,"11":0,"12":0,"13":0,"14":0,"15":0,"16":0,"17":0,"18":0,"19":0},"9":{"0":5,"1":5,"2":5,"3":4,"4":5,"5":5,"6":5,"7":5,"8":5,"9":0,"10":0,"11":0,"12":0,"13":0,"14":0,"15":1,"16":0,"17":0,"18":0,"19":0},"10":{"0":5,"1":5,"2":5,"3":0,"4":5,"5":0,"6":5,"7":0,"8":5,"9":5,"10":0,"11":5,"12":0,"13":0,"14":0,"15":0,"16":0,"17":0,"18":0,"19":0},"11":{"0":5,"1":5,"2":5,"3":0,"4":5,"5":5,"6":5,"7":5,"8":5,"9":5,"10":5,"11":0,"12":0,"13":0,"14":0,"15":4,"16":0,"17":0,"18":0,"19":0},"12":{"0":5,"1":5,"2":5,"3":5,"4":5,"5":5,"6":5,"7":0,"8":5,"9":5,"10":5,"11":5,"12":0,"13":0,"14":0,"15":0,"16":0,"17":0,"18":0,"19":0},"13":{"0":5,"1":5,"2":5,"3":5,"4":5,"5":5,"6":0,"7":5,"8":5,"9":5,"10":2,"11":3,"12":5,"13":0,"14":0,"15":0,"16":0,"17":0,"18":0,"19":0},"14":{"0":5,"1":5,"2":5,"3":5,"4":5,"5":5,"6":5,"7":5,"8":5,"9":5,"10":5,"11":5,"12":5,"13":5,"14":0,"15":0,"16":0,"17":0,"18":0,"19":0},"15":{"0":5,"1":5,"2":5,"3":3,"4":5,"5":5,"6":5,"7":5,"8":0,"9":5,"10":5,"11":5,"12":5,"13":5,"14":5,"15":0,"16":0,"17":0,"18":0,"19":1},"16":{"0":5,"1":5,"2":5,"3":5,"4":5,"5":5,"6":5,"7":5,"8":5,"9":0,"10":5,"11":5,"12":5,"13":5,"14":5,"15":5,"16":0,"17":0,"18":0,"19":0},"17":{"0":5,"1":5,"2":5,"3":5,"4":5,"5":0,"6":5,"7":5,"8":5,"9":5,"10":5,"11":5,"12":5,"13":0,"14":5,"15":5,"16":5,"17":0,"18":0,"19":1},"18":{"0":5,"1":5,"2":5,"3":5,"4":0,"5":5,"6":5,"7":5,"8":5,"9":5,"10":0,"11":5,"12":5,"13":5,"14":5,"15":5,"16":5,"17":5,"18":0,"19":0},"19":{"0":5,"1":5,"2":0,"3":5,"4":5,"5":5,"6":5,"7":5,"8":5,"9":5,"10":5,"11":5,"12":5,"13":5,"14":5,"15":5,"16":5,"17":5,"18":5,"19":0}},"method":"lop","centroid_solution":[19,18,17,16,15,14,13,12,11,10,9,8,7,5,6,4,3,2,1,0]}