{"solutions":[[0,1,2,3,5,7,4,6,10,8,11,9,12,14,13,15,16,17,18,19],[0,1,2,3,5,7,4,6,10,8,11,9,12,14,13,17,15,16,18,19],[0,1,2,3,5,7,4,6,10,8,11,9,12,14,15,16,13,17,18,19],[0,1,2,3,5,7,4,6,8,10,11,9,12,14,13,17,15,16,18,19],[0,1,2,3,5,7,4,6,10,8,11,9,12,13,14,15,16,17,18,19],[0,1,2,3,5,7,4,6,8,10,11,9,12,14,13,15,17,16,18,19],[0,1,2,3,5,7,4,6,10,8,11,9,12,14,13,15,17,16,18,19],[19,18,16,17,15,13,14,12,9,11,8,10,6,4,7,5,3,2,1,0],[0,1,2,3,5,7,4,6,8,10,11,9,12,13,14,17,15,16,18,19],[0,1,2,3,5,7,4,6,10,8,11,9,12,14,15,13,17,16,18,19],[0,1,2,3,5,7,4,6,8,10,11,9,12,14,15,13,16,17,18,19],[0,1,2,3,5,7,4,6,8,10,11,9,12,14,15,13,17,16,18,19],[0,1,2,3,5,7,4,6,10,8,11,9,12,14,15,13,16,17,18,19],[0,1,2,3,5,7,4,6,10,8,11,9,12,13,14,15,17,16,18,19],[0,1,2,3,5,7,4,6,8,10,11,9,12,13,14,15,17,16,18,19],[0,1,2,3,5,7,4,6,8,10,11,9,12,14,15,16,13,17,18,19],[0,1,2,3,5,7,4,6,8,10,11,9,12,13,14,15,16,17,18,19],[0,1,2,3,5,7,4,6,8,10,11,9,12,14,13,15,16,17,18,19],[19,18,16,15,17,14,13,12,9,11,10,8,6,4,7,5,3,2,1,0],[0,1,2,3,5,7,4,6,10,8,11,9,12,13,14,17,15,16,18,19]],"obj":679.0,"max_tau_solutions":null,"centroid_x":[[0.0,1.0,1.0,1.0,1.0,1.0,1.0,1.0,1.0,1.0,1.0,1.0,1.0,1.0,1.0,1.0,1.0,1.0,1.0,1.0],[0.0,0.0,1.0,1.0,1.0,1.0,1.0,1.0,1.0,1.0,1.0,1.0,1.0,1.0,1.0,1.0,1.0,1.0,1.0,1.0],[0.0,0.0,0.0,1.0,1.0,1.0,1.0,1.0,1.0,1.0,1.0,1.0,1.0,1.0,1.0,1.0,1.0,1.0,1.0,1.0],[0.0,0.0,0.0,0.0,1.0,1.0,1.0,1.0,1.0,1.0,1.0,1.0,1.0,1.0,1.0,1.0,1.0,1.0,1.0,1.0],[0.0,0.0,0.0,0.0,0.0,0.0,1.0,0.0,1.0,1.0,1.0,1.0,1.0,1.0,1.0,1.0,1.0,1.0,1.0,1.0],[0.0,0.0,0.0,0.0,1.0,0.0,1.0,1.0,1.0,1.0,1.0,1.0,1.0,1.0,1.0,1.0,1.0,1.0,1.0,1.0],[0.0,0.0,0.0,0.0,0.0,0.0,0.0,0.0,1.0,1.0,1.0,1.0,1.0,1.0,1.0,1.0,1.0,1.0,1.0,1.0],[0.0,0.0,0.0,0.0,1.0,0.0,1.0,0.0,1.0,1.0,1.0,1.0,1.0,1.0,1.0,1.0,1.0,1.0,1.0,1.0],[0.0,0.0,0.0,0.0,0.0,0.0,0.0,0.0,0.0,1.0,0.4954050478,1.0,1.0,1.0,1.0,1.0,1.0,1.0,1.0,1.0],[0.0,0.0,0.0,0.0,0.0,0.0,0.0,0.0,0.0,0.0,0.0,0.0,1.0,1.0,1.0,1.0,1.0,1.0,1.0,1.0],[0.0,0.0,0.0,0.0,0.0,0.0,0.0,0.0,0.5045949522,1.0,0.0,1.0,1.0,1.0,1.0,1.0,1.0,1.0,1.0,1.0],[0.0,0.0,0.0,0.0,0.0,0.0,0.0,0.0,0.0,1.0,0.0,0.0,1.0,1.0,1.0,1.0,1.0,1.0,1.0,1.0],[0.0,0.0,0.0,0.0,0.0,0.0,0.0,0.0,0.0,0.0,0.0,0.0,0.0,1.0,1.0,1.0,1.0,1.0,1.0,1.0],[0.0,0.0,0.0,0.0,0.0,0.0,0.0,0.0,0.0,0.0,0.0,0.0,0.0,0.0,0.4099049064,0.5400545431,0.6505824993,1.0,1.0,1.0],[0.0,0.0,0.0,0.0,0.0,0.0,0.0,0.0,0.0,0.0,0.0,0.0,0.0,0.5900950936,0.0,1.0,1.0,1.0,1.0,1.0],[0.0,0.0,0.0,0.0,0.0,0.0,0.0,0.0,0.0,0.0,0.0,0.0,0.0,0.4599454569,0.0,0.0,1.0,0.6261728477,1.0,1.0],[0.0,0.0,0.0,0.0,0.0,0.0,0.0,0.0,0.0,0.0,0.0,0.0,0.0,0.3494175007,0.0,0.0,0.0,0.4961728559,1.0,1.0],[0.0,0.0,0.0,0.0,0.0,0.0,0.0,0.0,0.0,0.0,0.0,0.0,0.0,0.0,0.0,0.3738271523,0.5038271441,0.0,1.0,1.0],[0.0,0.0,0.0,0.0,0.0,0.0,0.0,0.0,0.0,0.0,0.0,0.0,0.0,0.0,0.0,0.0,0.0,0.0,0.0,1.0],[0.0,0.0,0.0,0.0,0.0,0.0,0.0,0.0,0.0,0.0,0.0,0.0,0.0,0.0,0.0,0.0,0.0,0.0,0.0,0.0]],"outlier_solution":[19,18,16,17,15,13,14,12,9,11,8,10,6,4,7,5,3,2,1,0],"dataset_id":149,"source_dataset_id":166,"options":null,"D":{"0":{"0":0,"1":0,"2":0,"3":0,"4":0,"5":2,"6":4,"7":2,"8":0,"9":0,"10":0,"11":3,"12":0,"13":0,"14":0,"15":0,"16":0,"17":1,"18":2,"19":0},"1":{"0":1,"1":0,"2":0,"3":0,"4":0,"5":4,"6":0,"7":0,"8":0,"9":1,"10":5,"11":0,"12":0,"13":4,"14":0,"15":2,"16":0,"17":2,"18":0,"19":0},"2":{"0":5,"1":5,"2":0,"3":0,"4":0,"5":0,"6":0,"7":0,"8":3,"9":0,"10":2,"11":0,"12":0,"13":1,"14":0,"15":1,"16":0,"17":1,"18":3,"19":0},"3":{"0":5,"1":5,"2":1,"3":0,"4":0,"5":2,"6":5,"7":0,"8":0,"9":4,"10":1,"11":0,"12":5,"13":2,"14":0,"15":0,"16":0,"17":0,"18":5,"19":0},"4":{"0":3,"1":3,"2":5,"3":5,"4":0,"5":5,"6":1,"7":4,"8":0,"9":0,"10":1,"11":0,"12":2,"13":0,"14":0,"15":4,"16":0,"17":0,"18":5,"19":0},"5":{"0":5,"1":5,"2":3,"3":5,"4":0,"5":0,"6":0,"7":4,"8":4,"9":5,"10":2,"11":3,"12":0,"13":0,"14":1,"15":5,"16":0,"17":3,"18":0,"19":3},"6":{"0":5,"1":3,"2":4,"3":5,"4":4,"5":5,"6":0,"7":3,"8":0,"9":0,"10":0,"11":0,"12":2,"13":0,"14":0,"15":3,"16":2,"17":0,"18":0,"19":2},"7":{"0":5,"1":5,"2":5,"3":5,"4":2,"5":5,"6":1,"7":0,"8":5,"9":0,"10":0,"11":0,"12":0,"13":0,"14":0,"15":1,"16":0,"17":4,"18":2,"19":1},"8":{"0":5,"1":5,"2":0,"3":1,"4":5,"5":5,"6":4,"7":4,"8":0,"9":0,"10":0,"11":0,"12":0,"13":0,"14":1,"15":0,"16":0,"17":0,"18":0,"19":0},"9":{"0":0,"1":5,"2":5,"3":5,"4":5,"5":5,"6":2,"7":0,"8":5,"9":0,"10":5,"11":5,"12":3,"13":0,"14":4,"15":0,"16":0,"17":0,"18":3,"19":0},"10":{"0":4,"1":5,"2":5,"3":0,"4":5,"5":0,"6":4,"7":1,"8":0,"9":5,"10":0,"11":2,"12":0,"13":3,"14":0,"15":0,"16":0,"17":4,"18":5,"19":0},"11":{"0":5,"1":5,"2":5,"3":4,"4":5,"5":5,"6":3,"7":5,"8":4,"9":0,"10":4,"11":0,"12":0,"13":5,"14":0,"15":0,"16":0,"17":0,"18":0,"19":5},"12":{"0":0,"1":0,"2":5,"3":5,"4":0,"5":5,"6":2,"7":5,"8":5,"9":5,"10":5,"11":5,"12":0,"13":2,"14":0,"15":5,"16":0,"17":0,"18":1,"19":0},"13":{"0":0,"1":5,"2":5,"3":5,"4":4,"5":0,"6":0,"7":0,"8":5,"9":5,"10":5,"11":5,"12":5,"13":0,"14":0,"15":5,"16":0,"17":0,"18":1,"19":0},"14":{"0":0,"1":5,"2":2,"3":5,"4":5,"5":5,"6":5,"7":1,"8":1,"9":5,"10":5,"11":4,"12":1,"13":0,"14":0,"15":1,"16":5,"17":2,"18":0,"19":2},"15":{"0":5,"1":5,"2":5,"3":5,"4":3,"5":3,"6":3,"7":1,"8":4,"9":4,"10":5,"11":5,"12":5,"13":5,"14":5,"15":0,"16":1,"17":5,"18":0,"19":0},"16":{"0":5,"1":4,"2":5,"3":0,"4":5,"5":0,"6":5,"7":5,"8":5,"9":5,"10":5,"11":5,"12":0,"13":0,"14":5,"15":5,"16":0,"17":0,"18":0,"19":4},"17":{"0":5,"1":0,"2":5,"3":0,"4":3,"5":0,"6":0,"7":2,"8":2,"9":0,"10":5,"11":0,"12":0,"13":3,"14":4,"15":5,"16":0,"17":0,"18":0,"19":0},"18":{"0":5,"1":5,"2":2,"3":5,"4":1,"5":5,"6":0,"7":4,"8":5,"9":1,"10":5,"11":5,"12":3,"13":5,"14":5,"15":5,"16":5,"17":5,"18":0,"19":1},"19":{"0":5,"1":5,"2":2,"3":5,"4":1,"5":0,"6":5,"7":5,"8":5,"9":0,"10":4,"11":1,"12":5,"13":0,"14":5,"15":0,"16":5,"17":5,"18":5,"19":0}},"method":"lop","centroid_solution":[19,18,16,15,17,14,13,12,9,11,10,8,6,4,7,5,3,2,1,0]}