{"solutions":[[0,1,2,3,5,6,4,7,8,9,10,11,12,13,14,15,16,17,18,19],[19,18,16,15,14,17,13,12,11,10,9,8,7,4,6,5,3,2,1,0],[0,1,2,3,4,5,6,7,8,9,10,11,12,13,17,14,15,16,18,19],[0,1,2,3,5,4,6,7,8,9,10,11,12,13,17,14,15,16,18,19],[0,1,2,3,5,6,4,7,8,9,10,11,12,13,17,14,15,16,18,19],[19,18,17,16,15,14,13,12,11,10,9,8,7,6,4,5,3,2,1,0],[0,1,2,3,5,4,6,7,8,9,10,11,12,13,14,15,16,17,18,19],[0,1,2,3,4,5,6,7,8,9,10,11,12,13,14,15,16,17,18,19]],"obj":770.0,"max_tau_solutions":null,"centroid_x":[[0.0,1.0,1.0,1.0,1.0,1.0,1.0,1.0,1.0,1.0,1.0,1.0,1.0,1.0,1.0,1.0,1.0,1.0,1.0,1.0],[0.0,0.0,1.0,1.0,1.0,1.0,1.0,1.0,1.0,1.0,1.0,1.0,1.0,1.0,1.0,1.0,1.0,1.0,1.0,1.0],[0.0,0.0,0.0,1.0,1.0,1.0,1.0,1.0,1.0,1.0,1.0,1.0,1.0,1.0,1.0,1.0,1.0,1.0,1.0,1.0],[0.0,0.0,0.0,0.0,1.0,1.0,1.0,1.0,1.0,1.0,1.0,1.0,1.0,1.0,1.0,1.0,1.0,1.0,1.0,1.0],[0.0,0.0,0.0,0.0,0.0,0.4500495454,0.6082620776,1.0,1.0,1.0,1.0,1.0,1.0,1.0,1.0,1.0,1.0,1.0,1.0,1.0],[0.0,0.0,0.0,0.0,0.5499504546,0.0,1.0,1.0,1.0,1.0,1.0,1.0,1.0,1.0,1.0,1.0,1.0,1.0,1.0,1.0],[0.0,0.0,0.0,0.0,0.3917379224,0.0,0.0,1.0,1.0,1.0,1.0,1.0,1.0,1.0,1.0,1.0,1.0,1.0,1.0,1.0],[0.0,0.0,0.0,0.0,0.0,0.0,0.0,0.0,1.0,1.0,1.0,1.0,1.0,1.0,1.0,1.0,1.0,1.0,1.0,1.0],[0.0,0.0,0.0,0.0,0.0,0.0,0.0,0.0,0.0,1.0,1.0,1.0,1.0,1.0,1.0,1.0,1.0,1.0,1.0,1.0],[0.0,0.0,0.0,0.0,0.0,0.0,0.0,0.0,0.0,0.0,1.0,1.0,1.0,1.0,1.0,1.0,1.0,1.0,1.0,1.0],[0.0,0.0,0.0,0.0,0.0,0.0,0.0,0.0,0.0,0.0,0.0,1.0,1.0,1.0,1.0,1.0,1.0,1.0,1.0,1.0],[0.0,0.0,0.0,0.0,0.0,0.0,0.0,0.0,0.0,0.0,0.0,0.0,1.0,1.0,1.0,1.0,1.0,1.0,1.0,1.0],[0.0,0.0,0.0,0.0,0.0,0.0,0.0,0.0,0.0,0.0,0.0,0.0,0.0,1.0,1.0,1.0,1.0,1.0,1.0,1.0],[0.0,0.0,0.0,0.0,0.0,0.0,0.0,0.0,0.0,0.0,0.0,0.0,0.0,0.0,1.0,1.0,1.0,1.0,1.0,1.0],[0.0,0.0,0.0,0.0,0.0,0.0,0.0,0.0,0.0,0.0,0.0,0.0,0.0,0.0,0.0,1.0,1.0,0.5039501538,1.0,1.0],[0.0,0.0,0.0,0.0,0.0,0.0,0.0,0.0,0.0,0.0,0.0,0.0,0.0,0.0,0.0,0.0,1.0,0.5039501538,1.0,1.0],[0.0,0.0,0.0,0.0,0.0,0.0,0.0,0.0,0.0,0.0,0.0,0.0,0.0,0.0,0.0,0.0,0.0,0.5039501538,1.0,1.0],[0.0,0.0,0.0,0.0,0.0,0.0,0.0,0.0,0.0,0.0,0.0,0.0,0.0,0.0,0.4960498462,0.4960498462,0.4960498462,0.0,1.0,1.0],[0.0,0.0,0.0,0.0,0.0,0.0,0.0,0.0,0.0,0.0,0.0,0.0,0.0,0.0,0.0,0.0,0.0,0.0,0.0,1.0],[0.0,0.0,0.0,0.0,0.0,0.0,0.0,0.0,0.0,0.0,0.0,0.0,0.0,0.0,0.0,0.0,0.0,0.0,0.0,0.0]],"outlier_solution":[19,18,17,16,15,14,13,12,11,10,9,8,7,6,4,5,3,2,1,0],"dataset_id":154,"source_dataset_id":171,"options":null,"D":{"0":{"0":0,"1":0,"2":0,"3":0,"4":0,"5":0,"6":0,"7":5,"8":0,"9":0,"10":0,"11":2,"12":0,"13":0,"14":0,"15":0,"16":0,"17":0,"18":1,"19":0},"1":{"0":3,"1":0,"2":0,"3":0,"4":0,"5":0,"6":0,"7":4,"8":0,"9":0,"10":0,"11":0,"12":0,"13":4,"14":0,"15":0,"16":0,"17":0,"18":0,"19":0},"2":{"0":0,"1":5,"2":0,"3":0,"4":0,"5":0,"6":0,"7":2,"8":0,"9":0,"10":0,"11":0,"12":0,"13":0,"14":0,"15":0,"16":5,"17":0,"18":4,"19":0},"3":{"0":5,"1":5,"2":5,"3":0,"4":0,"5":0,"6":0,"7":0,"8":0,"9":0,"10":0,"11":3,"12":2,"13":0,"14":0,"15":0,"16":4,"17":0,"18":5,"19":0},"4":{"0":5,"1":0,"2":5,"3":5,"4":0,"5":0,"6":0,"7":0,"8":1,"9":4,"10":0,"11":0,"12":0,"13":0,"14":0,"15":5,"16":0,"17":0,"18":0,"19":1},"5":{"0":5,"1":5,"2":5,"3":5,"4":0,"5":0,"6":2,"7":0,"8":0,"9":0,"10":0,"11":0,"12":0,"13":0,"14":0,"15":3,"16":0,"17":0,"18":0,"19":0},"6":{"0":5,"1":5,"2":5,"3":5,"4":0,"5":5,"6":0,"7":0,"8":0,"9":0,"10":4,"11":0,"12":0,"13":0,"14":0,"15":0,"16":0,"17":0,"18":0,"19":0},"7":{"0":5,"1":5,"2":0,"3":5,"4":5,"5":1,"6":5,"7":0,"8":0,"9":0,"10":0,"11":0,"12":2,"13":5,"14":0,"15":0,"16":0,"17":0,"18":0,"19":0},"8":{"0":0,"1":5,"2":5,"3":5,"4":3,"5":4,"6":0,"7":5,"8":0,"9":0,"10":0,"11":0,"12":0,"13":0,"14":0,"15":0,"16":0,"17":0,"18":0,"19":0},"9":{"0":5,"1":5,"2":5,"3":5,"4":0,"5":1,"6":5,"7":0,"8":5,"9":0,"10":0,"11":0,"12":0,"13":0,"14":0,"15":0,"16":0,"17":0,"18":0,"19":0},"10":{"0":5,"1":5,"2":5,"3":0,"4":5,"5":1,"6":5,"7":5,"8":5,"9":5,"10":0,"11":0,"12":0,"13":0,"14":0,"15":0,"16":0,"17":0,"18":0,"19":0},"11":{"0":5,"1":5,"2":5,"3":5,"4":0,"5":5,"6":0,"7":5,"8":5,"9":5,"10":5,"11":0,"12":0,"13":0,"14":0,"15":0,"16":0,"17":4,"18":0,"19":0},"12":{"0":0,"1":0,"2":5,"3":0,"4":5,"5":5,"6":5,"7":5,"8":5,"9":5,"10":5,"11":5,"12":0,"13":0,"14":0,"15":0,"16":0,"17":0,"18":2,"19":0},"13":{"0":5,"1":5,"2":5,"3":5,"4":5,"5":5,"6":5,"7":5,"8":5,"9":5,"10":5,"11":5,"12":5,"13":0,"14":0,"15":1,"16":0,"17":0,"18":0,"19":0},"14":{"0":5,"1":5,"2":5,"3":5,"4":5,"5":0,"6":5,"7":4,"8":5,"9":5,"10":5,"11":5,"12":5,"13":5,"14":0,"15":0,"16":0,"17":3,"18":0,"19":0},"15":{"0":5,"1":5,"2":0,"3":5,"4":5,"5":5,"6":5,"7":5,"8":5,"9":0,"10":5,"11":5,"12":5,"13":5,"14":5,"15":0,"16":4,"17":0,"18":0,"19":5},"16":{"0":5,"1":5,"2":5,"3":4,"4":5,"5":5,"6":1,"7":0,"8":5,"9":5,"10":4,"11":5,"12":5,"13":5,"14":2,"15":5,"16":0,"17":4,"18":0,"19":0},"17":{"0":5,"1":5,"2":0,"3":5,"4":0,"5":0,"6":5,"7":5,"8":5,"9":5,"10":4,"11":5,"12":5,"13":5,"14":2,"15":0,"16":5,"17":0,"18":1,"19":0},"18":{"0":5,"1":5,"2":3,"3":5,"4":5,"5":5,"6":0,"7":5,"8":5,"9":3,"10":5,"11":5,"12":5,"13":5,"14":5,"15":4,"16":5,"17":5,"18":0,"19":0},"19":{"0":0,"1":4,"2":5,"3":0,"4":4,"5":5,"6":5,"7":1,"8":5,"9":0,"10":5,"11":5,"12":5,"13":5,"14":5,"15":5,"16":2,"17":5,"18":5,"19":0}},"method":"lop","centroid_solution":[19,18,16,15,14,17,13,12,11,10,9,8,7,4,6,5,3,2,1,0]}