{"solutions":[[0,2,1,3,4,5,6,7,8,9,10,11,12,13,14,15,16,18,17,19],[0,2,1,3,4,5,6,7,8,9,10,11,12,13,14,15,16,17,18,19],[19,18,17,16,15,14,13,12,11,10,9,8,7,6,5,4,3,1,2,0],[19,17,18,16,15,14,13,12,11,10,9,8,7,6,5,4,3,1,2,0]],"obj":774.0,"max_tau_solutions":null,"centroid_x":[[0.0,1.0,1.0,1.0,1.0,1.0,1.0,1.0,1.0,1.0,1.0,1.0,1.0,1.0,1.0,1.0,1.0,1.0,1.0,1.0],[0.0,0.0,0.0,1.0,1.0,1.0,1.0,1.0,1.0,1.0,1.0,1.0,1.0,1.0,1.0,1.0,1.0,1.0,1.0,1.0],[0.0,1.0,0.0,1.0,1.0,1.0,1.0,1.0,1.0,1.0,1.0,1.0,1.0,1.0,1.0,1.0,1.0,1.0,1.0,1.0],[0.0,0.0,0.0,0.0,1.0,1.0,1.0,1.0,1.0,1.0,1.0,1.0,1.0,1.0,1.0,1.0,1.0,1.0,1.0,1.0],[0.0,0.0,0.0,0.0,0.0,1.0,1.0,1.0,1.0,1.0,1.0,1.0,1.0,1.0,1.0,1.0,1.0,1.0,1.0,1.0],[0.0,0.0,0.0,0.0,0.0,0.0,1.0,1.0,1.0,1.0,1.0,1.0,1.0,1.0,1.0,1.0,1.0,1.0,1.0,1.0],[0.0,0.0,0.0,0.0,0.0,0.0,0.0,1.0,1.0,1.0,1.0,1.0,1.0,1.0,1.0,1.0,1.0,1.0,1.0,1.0],[0.0,0.0,0.0,0.0,0.0,0.0,0.0,0.0,1.0,1.0,1.0,1.0,1.0,1.0,1.0,1.0,1.0,1.0,1.0,1.0],[0.0,0.0,0.0,0.0,0.0,0.0,0.0,0.0,0.0,1.0,1.0,1.0,1.0,1.0,1.0,1.0,1.0,1.0,1.0,1.0],[0.0,0.0,0.0,0.0,0.0,0.0,0.0,0.0,0.0,0.0,1.0,1.0,1.0,1.0,1.0,1.0,1.0,1.0,1.0,1.0],[0.0,0.0,0.0,0.0,0.0,0.0,0.0,0.0,0.0,0.0,0.0,1.0,1.0,1.0,1.0,1.0,1.0,1.0,1.0,1.0],[0.0,0.0,0.0,0.0,0.0,0.0,0.0,0.0,0.0,0.0,0.0,0.0,1.0,1.0,1.0,1.0,1.0,1.0,1.0,1.0],[0.0,0.0,0.0,0.0,0.0,0.0,0.0,0.0,0.0,0.0,0.0,0.0,0.0,1.0,1.0,1.0,1.0,1.0,1.0,1.0],[0.0,0.0,0.0,0.0,0.0,0.0,0.0,0.0,0.0,0.0,0.0,0.0,0.0,0.0,1.0,1.0,1.0,1.0,1.0,1.0],[0.0,0.0,0.0,0.0,0.0,0.0,0.0,0.0,0.0,0.0,0.0,0.0,0.0,0.0,0.0,1.0,1.0,1.0,1.0,1.0],[0.0,0.0,0.0,0.0,0.0,0.0,0.0,0.0,0.0,0.0,0.0,0.0,0.0,0.0,0.0,0.0,1.0,1.0,1.0,1.0],[0.0,0.0,0.0,0.0,0.0,0.0,0.0,0.0,0.0,0.0,0.0,0.0,0.0,0.0,0.0,0.0,0.0,1.0,1.0,1.0],[0.0,0.0,0.0,0.0,0.0,0.0,0.0,0.0,0.0,0.0,0.0,0.0,0.0,0.0,0.0,0.0,0.0,0.0,0.5045152019,1.0],[0.0,0.0,0.0,0.0,0.0,0.0,0.0,0.0,0.0,0.0,0.0,0.0,0.0,0.0,0.0,0.0,0.0,0.4954847981,0.0,1.0],[0.0,0.0,0.0,0.0,0.0,0.0,0.0,0.0,0.0,0.0,0.0,0.0,0.0,0.0,0.0,0.0,0.0,0.0,0.0,0.0]],"outlier_solution":[19,18,17,16,15,14,13,12,11,10,9,8,7,6,5,4,3,1,2,0],"dataset_id":157,"source_dataset_id":174,"options":null,"D":{"0":{"0":0,"1":0,"2":0,"3":0,"4":0,"5":0,"6":0,"7":0,"8":0,"9":0,"10":0,"11":4,"12":0,"13":0,"14":0,"15":0,"16":0,"17":3,"18":0,"19":0},"1":{"0":2,"1":0,"2":5,"3":0,"4":0,"5":0,"6":0,"7":0,"8":0,"9":0,"10":0,"11":0,"12":0,"13":4,"14":0,"15":0,"16":0,"17":2,"18":5,"19":0},"2":{"0":5,"1":2,"2":0,"3":0,"4":4,"5":0,"6":0,"7":0,"8":0,"9":0,"10":0,"11":0,"12":5,"13":0,"14":0,"15":0,"16":0,"17":0,"18":0,"19":0},"3":{"0":0,"1":5,"2":5,"3":0,"4":0,"5":0,"6":0,"7":0,"8":0,"9":0,"10":0,"11":0,"12":0,"13":0,"14":0,"15":0,"16":0,"17":0,"18":0,"19":0},"4":{"0":5,"1":5,"2":5,"3":5,"4":0,"5":0,"6":0,"7":0,"8":0,"9":4,"10":0,"11":0,"12":0,"13":0,"14":0,"15":0,"16":0,"17":1,"18":2,"19":0},"5":{"0":2,"1":0,"2":5,"3":0,"4":1,"5":0,"6":0,"7":0,"8":0,"9":0,"10":0,"11":0,"12":0,"13":0,"14":0,"15":0,"16":0,"17":0,"18":0,"19":1},"6":{"0":5,"1":0,"2":5,"3":5,"4":5,"5":5,"6":0,"7":0,"8":0,"9":0,"10":0,"11":0,"12":3,"13":0,"14":0,"15":0,"16":0,"17":0,"18":0,"19":0},"7":{"0":5,"1":5,"2":5,"3":5,"4":5,"5":5,"6":5,"7":0,"8":0,"9":0,"10":0,"11":0,"12":0,"13":0,"14":0,"15":4,"16":0,"17":0,"18":0,"19":0},"8":{"0":5,"1":5,"2":5,"3":5,"4":5,"5":5,"6":5,"7":5,"8":0,"9":0,"10":0,"11":0,"12":0,"13":0,"14":1,"15":1,"16":0,"17":0,"18":0,"19":0},"9":{"0":5,"1":1,"2":5,"3":5,"4":5,"5":5,"6":5,"7":5,"8":5,"9":0,"10":0,"11":0,"12":0,"13":0,"14":0,"15":1,"16":0,"17":0,"18":0,"19":0},"10":{"0":5,"1":5,"2":5,"3":5,"4":5,"5":5,"6":5,"7":5,"8":5,"9":1,"10":0,"11":0,"12":0,"13":0,"14":0,"15":0,"16":0,"17":0,"18":0,"19":3},"11":{"0":4,"1":1,"2":1,"3":5,"4":5,"5":5,"6":4,"7":5,"8":5,"9":5,"10":5,"11":0,"12":0,"13":0,"14":0,"15":3,"16":3,"17":0,"18":2,"19":0},"12":{"0":1,"1":5,"2":5,"3":3,"4":5,"5":4,"6":5,"7":2,"8":5,"9":5,"10":5,"11":5,"12":0,"13":0,"14":0,"15":0,"16":0,"17":0,"18":0,"19":0},"13":{"0":5,"1":0,"2":5,"3":0,"4":0,"5":5,"6":5,"7":5,"8":5,"9":1,"10":5,"11":5,"12":5,"13":0,"14":1,"15":0,"16":0,"17":0,"18":5,"19":0},"14":{"0":5,"1":5,"2":5,"3":5,"4":5,"5":0,"6":5,"7":5,"8":5,"9":5,"10":5,"11":5,"12":5,"13":5,"14":0,"15":0,"16":0,"17":0,"18":0,"19":0},"15":{"0":0,"1":5,"2":5,"3":0,"4":5,"5":5,"6":5,"7":5,"8":5,"9":0,"10":0,"11":5,"12":5,"13":2,"14":1,"15":0,"16":0,"17":2,"18":0,"19":0},"16":{"0":0,"1":5,"2":3,"3":5,"4":5,"5":5,"6":5,"7":5,"8":5,"9":5,"10":5,"11":5,"12":5,"13":5,"14":5,"15":5,"16":0,"17":0,"18":0,"19":0},"17":{"0":5,"1":5,"2":0,"3":5,"4":5,"5":5,"6":5,"7":0,"8":1,"9":5,"10":5,"11":2,"12":5,"13":5,"14":5,"15":5,"16":5,"17":0,"18":3,"19":0},"18":{"0":5,"1":5,"2":5,"3":5,"4":5,"5":1,"6":5,"7":5,"8":0,"9":5,"10":5,"11":0,"12":5,"13":5,"14":5,"15":5,"16":1,"17":3,"18":0,"19":0},"19":{"0":5,"1":5,"2":5,"3":5,"4":0,"5":0,"6":0,"7":5,"8":5,"9":5,"10":5,"11":5,"12":5,"13":3,"14":5,"15":0,"16":5,"17":4,"18":5,"19":0}},"method":"lop","centroid_solution":[19,17,18,16,15,14,13,12,11,10,9,8,7,6,5,4,3,1,2,0]}