{"solutions":[[0,1,2,3,4,5,6,7,10,8,9,11,12,13,14,15,16,18,17,19],[0,1,2,3,4,5,6,7,9,10,11,8,12,13,14,15,16,18,17,19],[19,18,17,16,15,14,13,12,8,11,9,10,7,6,5,4,3,2,1,0],[0,1,2,3,4,5,6,7,10,11,8,9,12,13,14,15,16,17,18,19],[0,1,2,3,4,5,6,7,10,9,11,8,12,13,14,15,16,18,17,19],[19,17,18,16,15,14,13,12,8,11,10,9,7,6,5,4,3,2,1,0],[0,1,2,3,4,5,6,7,10,9,11,8,12,13,14,15,16,17,18,19],[0,1,2,3,4,5,6,7,10,8,9,11,12,13,14,15,16,17,18,19],[0,1,2,3,4,5,6,7,9,10,11,8,12,13,14,15,16,17,18,19],[0,1,2,3,4,5,6,7,10,11,8,9,12,13,14,15,16,18,17,19]],"obj":797.0,"max_tau_solutions":null,"centroid_x":[[0.0,1.0,1.0,1.0,1.0,1.0,1.0,1.0,1.0,1.0,1.0,1.0,1.0,1.0,1.0,1.0,1.0,1.0,1.0,1.0],[0.0,0.0,1.0,1.0,1.0,1.0,1.0,1.0,1.0,1.0,1.0,1.0,1.0,1.0,1.0,1.0,1.0,1.0,1.0,1.0],[0.0,0.0,0.0,1.0,1.0,1.0,1.0,1.0,1.0,1.0,1.0,1.0,1.0,1.0,1.0,1.0,1.0,1.0,1.0,1.0],[0.0,0.0,0.0,0.0,1.0,1.0,1.0,1.0,1.0,1.0,1.0,1.0,1.0,1.0,1.0,1.0,1.0,1.0,1.0,1.0],[0.0,0.0,0.0,0.0,0.0,1.0,1.0,1.0,1.0,1.0,1.0,1.0,1.0,1.0,1.0,1.0,1.0,1.0,1.0,1.0],[0.0,0.0,0.0,0.0,0.0,0.0,1.0,1.0,1.0,1.0,1.0,1.0,1.0,1.0,1.0,1.0,1.0,1.0,1.0,1.0],[0.0,0.0,0.0,0.0,0.0,0.0,0.0,1.0,1.0,1.0,1.0,1.0,1.0,1.0,1.0,1.0,1.0,1.0,1.0,1.0],[0.0,0.0,0.0,0.0,0.0,0.0,0.0,0.0,1.0,1.0,1.0,1.0,1.0,1.0,1.0,1.0,1.0,1.0,1.0,1.0],[0.0,0.0,0.0,0.0,0.0,0.0,0.0,0.0,0.0,0.6002960644,0.0,0.2937272541,1.0,1.0,1.0,1.0,1.0,1.0,1.0,1.0],[0.0,0.0,0.0,0.0,0.0,0.0,0.0,0.0,0.3997039356,0.0,0.3364479621,0.6934311896,1.0,1.0,1.0,1.0,1.0,1.0,1.0,1.0],[0.0,0.0,0.0,0.0,0.0,0.0,0.0,0.0,1.0,0.6635520379,0.0,1.0,1.0,1.0,1.0,1.0,1.0,1.0,1.0,1.0],[0.0,0.0,0.0,0.0,0.0,0.0,0.0,0.0,0.7062727459,0.3065688104,0.0,0.0,1.0,1.0,1.0,1.0,1.0,1.0,1.0,1.0],[0.0,0.0,0.0,0.0,0.0,0.0,0.0,0.0,0.0,0.0,0.0,0.0,0.0,1.0,1.0,1.0,1.0,1.0,1.0,1.0],[0.0,0.0,0.0,0.0,0.0,0.0,0.0,0.0,0.0,0.0,0.0,0.0,0.0,0.0,1.0,1.0,1.0,1.0,1.0,1.0],[0.0,0.0,0.0,0.0,0.0,0.0,0.0,0.0,0.0,0.0,0.0,0.0,0.0,0.0,0.0,1.0,1.0,1.0,1.0,1.0],[0.0,0.0,0.0,0.0,0.0,0.0,0.0,0.0,0.0,0.0,0.0,0.0,0.0,0.0,0.0,0.0,1.0,1.0,1.0,1.0],[0.0,0.0,0.0,0.0,0.0,0.0,0.0,0.0,0.0,0.0,0.0,0.0,0.0,0.0,0.0,0.0,0.0,1.0,1.0,1.0],[0.0,0.0,0.0,0.0,0.0,0.0,0.0,0.0,0.0,0.0,0.0,0.0,0.0,0.0,0.0,0.0,0.0,0.0,0.5010257241,1.0],[0.0,0.0,0.0,0.0,0.0,0.0,0.0,0.0,0.0,0.0,0.0,0.0,0.0,0.0,0.0,0.0,0.0,0.4989742759,0.0,1.0],[0.0,0.0,0.0,0.0,0.0,0.0,0.0,0.0,0.0,0.0,0.0,0.0,0.0,0.0,0.0,0.0,0.0,0.0,0.0,0.0]],"outlier_solution":[19,18,17,16,15,14,13,12,8,11,9,10,7,6,5,4,3,2,1,0],"dataset_id":179,"source_dataset_id":196,"options":null,"D":{"0":{"0":0,"1":0,"2":0,"3":0,"4":0,"5":0,"6":0,"7":0,"8":0,"9":2,"10":0,"11":5,"12":0,"13":0,"14":0,"15":1,"16":0,"17":0,"18":0,"19":0},"1":{"0":5,"1":0,"2":0,"3":2,"4":0,"5":0,"6":0,"7":0,"8":0,"9":0,"10":0,"11":0,"12":0,"13":0,"14":4,"15":0,"16":5,"17":0,"18":0,"19":0},"2":{"0":5,"1":5,"2":0,"3":0,"4":5,"5":0,"6":0,"7":0,"8":0,"9":0,"10":0,"11":0,"12":0,"13":0,"14":0,"15":0,"16":0,"17":0,"18":0,"19":0},"3":{"0":5,"1":2,"2":5,"3":0,"4":0,"5":0,"6":2,"7":0,"8":4,"9":0,"10":0,"11":0,"12":5,"13":0,"14":0,"15":0,"16":3,"17":0,"18":0,"19":0},"4":{"0":5,"1":0,"2":5,"3":5,"4":0,"5":3,"6":0,"7":0,"8":0,"9":2,"10":0,"11":0,"12":0,"13":0,"14":0,"15":0,"16":0,"17":0,"18":0,"19":0},"5":{"0":5,"1":5,"2":3,"3":4,"4":5,"5":0,"6":4,"7":0,"8":0,"9":0,"10":0,"11":0,"12":0,"13":0,"14":2,"15":0,"16":0,"17":0,"18":0,"19":0},"6":{"0":5,"1":5,"2":5,"3":5,"4":5,"5":5,"6":0,"7":0,"8":0,"9":0,"10":0,"11":0,"12":0,"13":3,"14":0,"15":0,"16":0,"17":0,"18":0,"19":0},"7":{"0":5,"1":5,"2":5,"3":5,"4":5,"5":5,"6":5,"7":0,"8":0,"9":0,"10":0,"11":0,"12":0,"13":0,"14":0,"15":0,"16":1,"17":0,"18":0,"19":0},"8":{"0":5,"1":0,"2":5,"3":5,"4":5,"5":0,"6":5,"7":5,"8":0,"9":0,"10":5,"11":5,"12":0,"13":0,"14":0,"15":0,"16":0,"17":0,"18":0,"19":1},"9":{"0":0,"1":5,"2":5,"3":5,"4":5,"5":0,"6":2,"7":5,"8":5,"9":0,"10":0,"11":0,"12":0,"13":0,"14":0,"15":0,"16":0,"17":0,"18":0,"19":0},"10":{"0":3,"1":5,"2":5,"3":0,"4":5,"5":5,"6":5,"7":5,"8":4,"9":0,"10":0,"11":0,"12":0,"13":2,"14":0,"15":0,"16":0,"17":0,"18":0,"19":0},"11":{"0":0,"1":5,"2":5,"3":0,"4":5,"5":5,"6":5,"7":5,"8":0,"9":5,"10":5,"11":0,"12":0,"13":0,"14":0,"15":0,"16":0,"17":0,"18":0,"19":0},"12":{"0":5,"1":5,"2":5,"3":5,"4":5,"5":5,"6":5,"7":5,"8":5,"9":5,"10":5,"11":5,"12":0,"13":0,"14":0,"15":0,"16":0,"17":0,"18":1,"19":0},"13":{"0":5,"1":5,"2":5,"3":3,"4":5,"5":0,"6":0,"7":2,"8":5,"9":5,"10":5,"11":5,"12":5,"13":0,"14":4,"15":5,"16":4,"17":2,"18":0,"19":5},"14":{"0":2,"1":1,"2":5,"3":5,"4":5,"5":5,"6":5,"7":5,"8":5,"9":5,"10":3,"11":5,"12":5,"13":5,"14":0,"15":0,"16":0,"17":0,"18":0,"19":0},"15":{"0":5,"1":0,"2":5,"3":0,"4":5,"5":2,"6":5,"7":5,"8":5,"9":5,"10":5,"11":0,"12":5,"13":5,"14":3,"15":0,"16":0,"17":0,"18":0,"19":0},"16":{"0":5,"1":5,"2":5,"3":5,"4":5,"5":5,"6":5,"7":5,"8":5,"9":0,"10":5,"11":5,"12":5,"13":5,"14":5,"15":5,"16":0,"17":0,"18":0,"19":0},"17":{"0":1,"1":5,"2":5,"3":5,"4":5,"5":5,"6":5,"7":5,"8":5,"9":5,"10":1,"11":5,"12":5,"13":5,"14":5,"15":5,"16":5,"17":0,"18":2,"19":0},"18":{"0":5,"1":5,"2":5,"3":5,"4":0,"5":5,"6":0,"7":5,"8":5,"9":5,"10":5,"11":5,"12":5,"13":5,"14":3,"15":5,"16":5,"17":2,"18":0,"19":0},"19":{"0":5,"1":1,"2":5,"3":5,"4":5,"5":5,"6":5,"7":5,"8":0,"9":5,"10":5,"11":5,"12":4,"13":5,"14":5,"15":0,"16":0,"17":5,"18":5,"19":0}},"method":"lop","centroid_solution":[19,17,18,16,15,14,13,12,8,11,10,9,7,6,5,4,3,2,1,0]}