{"solutions":[[4,1,0,3,5,2,6,7,9,15,8,11,10,12,16,13,14,18,17,19],[4,1,0,2,3,5,6,7,9,15,8,11,10,12,16,13,14,17,18,19],[4,1,0,3,2,5,10,6,8,7,11,12,16,13,14,9,18,17,15,19],[1,0,3,10,4,2,5,6,8,7,11,12,16,13,14,9,18,17,15,19],[1,0,3,10,4,5,2,6,8,7,11,12,16,13,14,9,18,17,15,19],[1,0,3,10,4,5,2,6,8,7,11,12,16,13,14,9,17,18,15,19],[4,1,0,3,2,10,5,6,8,7,11,12,16,13,14,9,18,17,15,19],[19,17,14,18,13,16,12,10,11,8,15,9,7,6,5,3,2,0,1,4],[4,1,0,3,2,5,6,7,9,15,8,11,10,12,16,13,18,14,17,19],[1,0,3,10,4,2,5,6,8,7,11,12,16,13,14,9,17,18,15,19],[4,1,0,3,2,5,6,7,9,15,8,11,10,12,16,13,14,18,17,19],[4,1,0,3,2,10,5,6,8,7,11,12,16,13,14,9,17,18,15,19],[4,1,0,3,5,2,10,6,8,7,11,12,16,13,14,9,18,17,15,19],[4,1,0,3,2,5,10,6,8,7,11,12,16,13,14,9,17,18,15,19],[4,1,0,3,5,10,2,6,8,7,11,12,16,13,14,9,18,17,15,19],[4,1,0,3,2,5,6,7,9,15,8,11,10,12,16,13,14,17,18,19],[4,1,0,2,3,5,6,7,9,15,8,11,10,12,16,13,18,14,17,19],[4,1,0,3,10,5,2,6,8,7,11,12,16,13,14,9,18,17,15,19],[4,1,0,2,3,5,10,6,8,7,11,12,16,13,14,9,18,17,15,19],[4,1,0,3,5,2,10,6,8,7,11,12,16,13,14,9,17,18,15,19],[4,1,0,2,3,5,6,7,9,15,8,11,10,12,16,13,14,18,17,19],[19,15,17,18,9,14,13,16,12,11,7,8,6,10,5,2,3,0,1,4],[4,1,0,2,3,5,10,6,8,7,11,12,16,13,14,9,17,18,15,19],[4,1,0,2,3,10,5,6,8,7,11,12,16,13,14,9,17,18,15,19],[4,1,0,3,5,2,6,7,9,15,8,11,10,12,16,13,18,14,17,19],[4,1,0,3,5,2,6,7,9,15,8,11,10,12,16,13,14,17,18,19],[4,1,0,3,5,10,2,6,8,7,11,12,16,13,14,9,17,18,15,19],[4,1,0,3,10,5,2,6,8,7,11,12,16,13,14,9,17,18,15,19],[4,1,0,3,10,2,5,6,8,7,11,12,16,13,14,9,18,17,15,19],[4,1,0,2,3,10,5,6,8,7,11,12,16,13,14,9,18,17,15,19],[4,1,0,3,10,2,5,6,8,7,11,12,16,13,14,9,17,18,15,19]],"obj":627.0,"max_tau_solutions":null,"centroid_x":[[0.0,0.0,1.0,1.0,0.3380337455,1.0,1.0,1.0,1.0,1.0,1.0,1.0,1.0,1.0,1.0,1.0,1.0,1.0,1.0,1.0],[1.0,0.0,1.0,1.0,0.3380337455,1.0,1.0,1.0,1.0,1.0,1.0,1.0,1.0,1.0,1.0,1.0,1.0,1.0,1.0,1.0],[0.0,0.0,0.0,0.3842096749,0.0,0.5615381939,1.0,1.0,1.0,1.0,0.6256080086,1.0,1.0,1.0,1.0,1.0,1.0,1.0,1.0,1.0],[0.0,0.0,0.6157903251,0.0,0.3380337455,1.0,1.0,1.0,1.0,1.0,1.0,1.0,1.0,1.0,1.0,1.0,1.0,1.0,1.0,1.0],[0.6619662545,0.6619662545,1.0,0.6619662545,0.0,1.0,1.0,1.0,1.0,1.0,0.6619662545,1.0,1.0,1.0,1.0,1.0,1.0,1.0,1.0,1.0],[0.0,0.0,0.4384618061,0.0,0.0,0.0,1.0,1.0,1.0,1.0,0.6068961141,1.0,1.0,1.0,1.0,1.0,1.0,1.0,1.0,1.0],[0.0,0.0,0.0,0.0,0.0,0.0,0.0,1.0,1.0,1.0,0.4330085243,1.0,1.0,1.0,1.0,1.0,1.0,1.0,1.0,1.0],[0.0,0.0,0.0,0.0,0.0,0.0,0.0,0.0,0.4330085243,1.0,0.4330085243,1.0,1.0,1.0,1.0,1.0,1.0,1.0,1.0,1.0],[0.0,0.0,0.0,0.0,0.0,0.0,0.0,0.5669914757,0.0,0.5669914757,0.4330085243,1.0,1.0,1.0,1.0,0.5669914757,1.0,1.0,1.0,1.0],[0.0,0.0,0.0,0.0,0.0,0.0,0.0,0.0,0.4330085243,0.0,0.4330085243,0.4330085243,0.4330085243,0.4330085243,0.4330085243,1.0,0.4330085243,1.0,1.0,1.0],[0.0,0.0,0.3743919914,0.0,0.3380337455,0.3931038859,0.5669914757,0.5669914757,0.5669914757,0.5669914757,0.0,0.5669914757,1.0,1.0,1.0,0.5669914757,1.0,1.0,1.0,1.0],[0.0,0.0,0.0,0.0,0.0,0.0,0.0,0.0,0.0,0.5669914757,0.4330085243,0.0,1.0,1.0,1.0,0.5669914757,1.0,1.0,1.0,1.0],[0.0,0.0,0.0,0.0,0.0,0.0,0.0,0.0,0.0,0.5669914757,0.0,0.0,0.0,1.0,1.0,0.5669914757,1.0,1.0,1.0,1.0],[0.0,0.0,0.0,0.0,0.0,0.0,0.0,0.0,0.0,0.5669914757,0.0,0.0,0.0,0.0,1.0,0.5669914757,0.0,1.0,1.0,1.0],[0.0,0.0,0.0,0.0,0.0,0.0,0.0,0.0,0.0,0.5669914757,0.0,0.0,0.0,0.0,0.0,0.5669914757,0.0,1.0,0.6644398149,1.0],[0.0,0.0,0.0,0.0,0.0,0.0,0.0,0.0,0.4330085243,0.0,0.4330085243,0.4330085243,0.4330085243,0.4330085243,0.4330085243,0.0,0.4330085243,0.4330085243,0.4330085243,1.0],[0.0,0.0,0.0,0.0,0.0,0.0,0.0,0.0,0.0,0.5669914757,0.0,0.0,0.0,1.0,1.0,0.5669914757,0.0,1.0,1.0,1.0],[0.0,0.0,0.0,0.0,0.0,0.0,0.0,0.0,0.0,0.0,0.0,0.0,0.0,0.0,0.0,0.5669914757,0.0,0.0,0.4320090029,1.0],[0.0,0.0,0.0,0.0,0.0,0.0,0.0,0.0,0.0,0.0,0.0,0.0,0.0,0.0,0.3355601851,0.5669914757,0.0,0.5679909971,0.0,1.0],[0.0,0.0,0.0,0.0,0.0,0.0,0.0,0.0,0.0,0.0,0.0,0.0,0.0,0.0,0.0,0.0,0.0,0.0,0.0,0.0]],"outlier_solution":[19,15,17,18,9,14,13,16,12,11,7,8,6,10,5,2,3,0,1,4],"dataset_id":185,"source_dataset_id":202,"options":null,"D":{"0":{"0":0,"1":5,"2":2,"3":0,"4":0,"5":0,"6":2,"7":0,"8":0,"9":2,"10":0,"11":0,"12":0,"13":0,"14":3,"15":0,"16":2,"17":0,"18":2,"19":0},"1":{"0":0,"1":0,"2":5,"3":1,"4":2,"5":4,"6":0,"7":3,"8":1,"9":4,"10":1,"11":4,"12":0,"13":0,"14":0,"15":0,"16":0,"17":1,"18":0,"19":0},"2":{"0":5,"1":5,"2":0,"3":5,"4":1,"5":2,"6":0,"7":0,"8":0,"9":0,"10":4,"11":0,"12":3,"13":0,"14":0,"15":0,"16":0,"17":4,"18":0,"19":0},"3":{"0":5,"1":0,"2":5,"3":0,"4":5,"5":0,"6":0,"7":0,"8":3,"9":0,"10":0,"11":0,"12":1,"13":0,"14":2,"15":0,"16":0,"17":1,"18":0,"19":0},"4":{"0":0,"1":1,"2":0,"3":5,"4":0,"5":0,"6":5,"7":0,"8":0,"9":4,"10":2,"11":0,"12":0,"13":0,"14":0,"15":0,"16":0,"17":0,"18":0,"19":0},"5":{"0":4,"1":5,"2":2,"3":5,"4":2,"5":0,"6":3,"7":0,"8":0,"9":0,"10":5,"11":4,"12":0,"13":0,"14":2,"15":0,"16":4,"17":2,"18":0,"19":0},"6":{"0":1,"1":5,"2":5,"3":5,"4":5,"5":5,"6":0,"7":0,"8":0,"9":0,"10":2,"11":0,"12":0,"13":5,"14":0,"15":0,"16":0,"17":4,"18":0,"19":0},"7":{"0":5,"1":1,"2":5,"3":0,"4":5,"5":5,"6":4,"7":0,"8":2,"9":1,"10":5,"11":1,"12":1,"13":0,"14":3,"15":0,"16":0,"17":0,"18":5,"19":0},"8":{"0":5,"1":5,"2":5,"3":5,"4":5,"5":5,"6":5,"7":0,"8":0,"9":0,"10":5,"11":0,"12":0,"13":3,"14":0,"15":3,"16":0,"17":2,"18":3,"19":0},"9":{"0":5,"1":0,"2":5,"3":0,"4":0,"5":1,"6":5,"7":5,"8":0,"9":0,"10":0,"11":0,"12":0,"13":4,"14":5,"15":1,"16":0,"17":0,"18":0,"19":0},"10":{"0":2,"1":5,"2":4,"3":2,"4":1,"5":5,"6":0,"7":5,"8":3,"9":5,"10":0,"11":5,"12":4,"13":0,"14":2,"15":5,"16":0,"17":0,"18":0,"19":3},"11":{"0":5,"1":5,"2":5,"3":5,"4":5,"5":4,"6":5,"7":5,"8":3,"9":1,"10":2,"11":0,"12":0,"13":0,"14":0,"15":3,"16":4,"17":0,"18":3,"19":2},"12":{"0":5,"1":5,"2":5,"3":0,"4":4,"5":5,"6":1,"7":5,"8":1,"9":1,"10":5,"11":3,"12":0,"13":3,"14":4,"15":0,"16":0,"17":0,"18":0,"19":0},"13":{"0":2,"1":5,"2":2,"3":0,"4":2,"5":5,"6":4,"7":5,"8":0,"9":2,"10":5,"11":5,"12":5,"13":0,"14":2,"15":0,"16":2,"17":1,"18":0,"19":0},"14":{"0":5,"1":5,"2":3,"3":5,"4":1,"5":0,"6":1,"7":5,"8":2,"9":0,"10":5,"11":5,"12":5,"13":5,"14":0,"15":0,"16":2,"17":1,"18":5,"19":0},"15":{"0":0,"1":2,"2":0,"3":0,"4":0,"5":5,"6":5,"7":4,"8":0,"9":5,"10":2,"11":0,"12":0,"13":1,"14":0,"15":0,"16":0,"17":4,"18":3,"19":0},"16":{"0":1,"1":0,"2":0,"3":0,"4":5,"5":0,"6":4,"7":5,"8":4,"9":0,"10":2,"11":5,"12":5,"13":0,"14":0,"15":1,"16":0,"17":3,"18":0,"19":0},"17":{"0":2,"1":5,"2":5,"3":5,"4":4,"5":0,"6":5,"7":4,"8":5,"9":5,"10":0,"11":1,"12":0,"13":2,"14":4,"15":0,"16":2,"17":0,"18":5,"19":0},"18":{"0":5,"1":5,"2":5,"3":2,"4":5,"5":1,"6":5,"7":5,"8":5,"9":4,"10":5,"11":5,"12":5,"13":3,"14":5,"15":1,"16":5,"17":5,"18":0,"19":2},"19":{"0":4,"1":0,"2":0,"3":5,"4":5,"5":5,"6":1,"7":0,"8":5,"9":5,"10":1,"11":4,"12":4,"13":5,"14":4,"15":5,"16":5,"17":4,"18":5,"19":0}},"method":"lop","centroid_solution":[19,17,14,18,13,16,12,10,11,8,15,9,7,6,5,3,2,0,1,4]}