{"solutions":[[3,0,2,1,4,5,7,8,9,10,6,11,13,12,15,17,14,16,18,19],[3,0,2,1,4,5,7,8,9,6,10,11,13,12,15,17,14,16,18,19],[19,18,16,14,17,15,12,13,11,10,6,9,8,7,5,4,1,0,2,3],[3,2,0,1,4,5,7,8,9,10,6,11,12,13,15,17,14,18,16,19],[3,0,2,1,4,5,7,8,9,6,10,11,12,13,15,17,14,16,18,19],[3,2,0,1,4,5,7,8,9,10,6,11,12,13,15,17,14,16,18,19],[3,2,0,1,4,5,7,8,9,6,10,11,12,13,15,17,14,18,16,19],[3,2,0,1,4,5,7,8,9,6,10,11,12,13,15,17,14,16,18,19],[3,2,0,1,4,5,7,8,9,10,6,11,13,12,15,17,14,18,16,19],[3,2,0,1,4,5,7,8,9,6,10,11,13,12,15,17,14,18,16,19],[3,0,2,1,4,5,7,8,9,6,10,11,12,13,15,17,14,18,16,19],[3,0,2,1,4,5,7,8,9,10,6,11,12,13,15,17,14,18,16,19],[3,0,2,1,4,5,7,8,9,10,6,11,13,12,15,17,14,18,16,19],[3,0,2,1,4,5,7,8,9,6,10,11,13,12,15,17,14,18,16,19],[3,2,0,1,4,5,7,8,9,10,6,11,13,12,15,17,14,16,18,19],[19,16,18,14,17,15,13,12,11,6,10,9,8,7,5,4,1,2,0,3],[3,2,0,1,4,5,7,8,9,6,10,11,13,12,15,17,14,16,18,19],[3,0,2,1,4,5,7,8,9,10,6,11,12,13,15,17,14,16,18,19]],"obj":635.0,"max_tau_solutions":null,"centroid_x":[[0.0,1.0,0.4976597876,0.0,1.0,1.0,1.0,1.0,1.0,1.0,1.0,1.0,1.0,1.0,1.0,1.0,1.0,1.0,1.0,1.0],[0.0,0.0,0.0,0.0,1.0,1.0,1.0,1.0,1.0,1.0,1.0,1.0,1.0,1.0,1.0,1.0,1.0,1.0,1.0,1.0],[0.5023402124,1.0,0.0,0.0,1.0,1.0,1.0,1.0,1.0,1.0,1.0,1.0,1.0,1.0,1.0,1.0,1.0,1.0,1.0,1.0],[1.0,1.0,1.0,0.0,1.0,1.0,1.0,1.0,1.0,1.0,1.0,1.0,1.0,1.0,1.0,1.0,1.0,1.0,1.0,1.0],[0.0,0.0,0.0,0.0,0.0,1.0,1.0,1.0,1.0,1.0,1.0,1.0,1.0,1.0,1.0,1.0,1.0,1.0,1.0,1.0],[0.0,0.0,0.0,0.0,0.0,0.0,1.0,1.0,1.0,1.0,1.0,1.0,1.0,1.0,1.0,1.0,1.0,1.0,1.0,1.0],[0.0,0.0,0.0,0.0,0.0,0.0,0.0,0.0,0.0,0.0,0.5097167788,1.0,1.0,1.0,1.0,1.0,1.0,1.0,1.0,1.0],[0.0,0.0,0.0,0.0,0.0,0.0,1.0,0.0,1.0,1.0,1.0,1.0,1.0,1.0,1.0,1.0,1.0,1.0,1.0,1.0],[0.0,0.0,0.0,0.0,0.0,0.0,1.0,0.0,0.0,1.0,1.0,1.0,1.0,1.0,1.0,1.0,1.0,1.0,1.0,1.0],[0.0,0.0,0.0,0.0,0.0,0.0,1.0,0.0,0.0,0.0,1.0,1.0,1.0,1.0,1.0,1.0,1.0,1.0,1.0,1.0],[0.0,0.0,0.0,0.0,0.0,0.0,0.4902832212,0.0,0.0,0.0,0.0,1.0,1.0,1.0,1.0,1.0,1.0,1.0,1.0,1.0],[0.0,0.0,0.0,0.0,0.0,0.0,0.0,0.0,0.0,0.0,0.0,0.0,1.0,1.0,1.0,1.0,1.0,1.0,1.0,1.0],[0.0,0.0,0.0,0.0,0.0,0.0,0.0,0.0,0.0,0.0,0.0,0.0,0.0,0.4910052431,1.0,1.0,1.0,1.0,1.0,1.0],[0.0,0.0,0.0,0.0,0.0,0.0,0.0,0.0,0.0,0.0,0.0,0.0,0.5089947569,0.0,1.0,1.0,1.0,1.0,1.0,1.0],[0.0,0.0,0.0,0.0,0.0,0.0,0.0,0.0,0.0,0.0,0.0,0.0,0.0,0.0,0.0,0.0,1.0,0.0,1.0,1.0],[0.0,0.0,0.0,0.0,0.0,0.0,0.0,0.0,0.0,0.0,0.0,0.0,0.0,0.0,1.0,0.0,1.0,1.0,1.0,1.0],[0.0,0.0,0.0,0.0,0.0,0.0,0.0,0.0,0.0,0.0,0.0,0.0,0.0,0.0,0.0,0.0,0.0,0.0,0.5009923157,1.0],[0.0,0.0,0.0,0.0,0.0,0.0,0.0,0.0,0.0,0.0,0.0,0.0,0.0,0.0,1.0,0.0,1.0,0.0,1.0,1.0],[0.0,0.0,0.0,0.0,0.0,0.0,0.0,0.0,0.0,0.0,0.0,0.0,0.0,0.0,0.0,0.0,0.4990076843,0.0,0.0,1.0],[0.0,0.0,0.0,0.0,0.0,0.0,0.0,0.0,0.0,0.0,0.0,0.0,0.0,0.0,0.0,0.0,0.0,0.0,0.0,0.0]],"outlier_solution":[19,18,16,14,17,15,12,13,11,10,6,9,8,7,5,4,1,0,2,3],"dataset_id":193,"source_dataset_id":210,"options":null,"D":{"0":{"0":0,"1":1,"2":0,"3":1,"4":1,"5":0,"6":1,"7":2,"8":0,"9":4,"10":0,"11":3,"12":2,"13":2,"14":4,"15":0,"16":2,"17":0,"18":0,"19":3},"1":{"0":5,"1":0,"2":5,"3":0,"4":2,"5":0,"6":3,"7":0,"8":0,"9":0,"10":0,"11":3,"12":0,"13":0,"14":3,"15":5,"16":5,"17":3,"18":0,"19":0},"2":{"0":0,"1":3,"2":0,"3":3,"4":0,"5":5,"6":0,"7":3,"8":0,"9":0,"10":1,"11":0,"12":0,"13":0,"14":0,"15":0,"16":0,"17":4,"18":0,"19":0},"3":{"0":0,"1":0,"2":0,"3":0,"4":5,"5":0,"6":0,"7":4,"8":0,"9":0,"10":0,"11":0,"12":0,"13":0,"14":0,"15":0,"16":0,"17":1,"18":0,"19":4},"4":{"0":2,"1":5,"2":5,"3":5,"4":0,"5":2,"6":1,"7":0,"8":5,"9":1,"10":0,"11":0,"12":1,"13":0,"14":0,"15":1,"16":4,"17":0,"18":3,"19":5},"5":{"0":5,"1":5,"2":5,"3":5,"4":5,"5":0,"6":0,"7":0,"8":0,"9":0,"10":0,"11":0,"12":2,"13":0,"14":0,"15":0,"16":0,"17":5,"18":0,"19":0},"6":{"0":5,"1":5,"2":1,"3":5,"4":0,"5":5,"6":0,"7":0,"8":0,"9":4,"10":0,"11":0,"12":5,"13":3,"14":0,"15":0,"16":5,"17":0,"18":0,"19":1},"7":{"0":4,"1":2,"2":5,"3":0,"4":1,"5":5,"6":0,"7":0,"8":0,"9":4,"10":0,"11":0,"12":0,"13":0,"14":0,"15":5,"16":0,"17":0,"18":0,"19":0},"8":{"0":5,"1":5,"2":5,"3":5,"4":5,"5":4,"6":1,"7":5,"8":0,"9":0,"10":0,"11":0,"12":5,"13":1,"14":0,"15":0,"16":0,"17":4,"18":0,"19":3},"9":{"0":5,"1":5,"2":0,"3":1,"4":5,"5":2,"6":2,"7":5,"8":3,"9":0,"10":1,"11":0,"12":4,"13":2,"14":1,"15":0,"16":0,"17":0,"18":0,"19":4},"10":{"0":0,"1":0,"2":3,"3":0,"4":5,"5":1,"6":0,"7":5,"8":1,"9":5,"10":0,"11":2,"12":0,"13":0,"14":2,"15":2,"16":0,"17":0,"18":2,"19":1},"11":{"0":5,"1":0,"2":5,"3":3,"4":5,"5":4,"6":3,"7":1,"8":0,"9":4,"10":5,"11":0,"12":0,"13":0,"14":1,"15":5,"16":0,"17":1,"18":0,"19":0},"12":{"0":5,"1":5,"2":3,"3":5,"4":5,"5":1,"6":5,"7":5,"8":5,"9":0,"10":5,"11":5,"12":0,"13":2,"14":1,"15":0,"16":0,"17":0,"18":4,"19":5},"13":{"0":5,"1":0,"2":5,"3":4,"4":1,"5":5,"6":5,"7":4,"8":3,"9":5,"10":5,"11":2,"12":2,"13":0,"14":0,"15":0,"16":4,"17":0,"18":0,"19":0},"14":{"0":0,"1":5,"2":2,"3":1,"4":5,"5":5,"6":0,"7":0,"8":5,"9":0,"10":0,"11":5,"12":1,"13":2,"14":0,"15":4,"16":0,"17":5,"18":0,"19":4},"15":{"0":1,"1":5,"2":5,"3":5,"4":5,"5":1,"6":5,"7":5,"8":2,"9":3,"10":5,"11":5,"12":3,"13":5,"14":5,"15":0,"16":0,"17":0,"18":0,"19":0},"16":{"0":0,"1":5,"2":2,"3":5,"4":0,"5":5,"6":5,"7":4,"8":5,"9":0,"10":5,"11":3,"12":4,"13":5,"14":2,"15":3,"16":0,"17":3,"18":0,"19":3},"17":{"0":5,"1":5,"2":2,"3":5,"4":5,"5":5,"6":5,"7":5,"8":4,"9":0,"10":5,"11":0,"12":0,"13":5,"14":0,"15":3,"16":3,"17":0,"18":0,"19":0},"18":{"0":3,"1":5,"2":5,"3":5,"4":0,"5":3,"6":0,"7":0,"8":2,"9":0,"10":5,"11":3,"12":5,"13":0,"14":5,"15":0,"16":0,"17":5,"18":0,"19":0},"19":{"0":5,"1":5,"2":2,"3":0,"4":5,"5":0,"6":2,"7":4,"8":4,"9":5,"10":5,"11":4,"12":5,"13":5,"14":5,"15":5,"16":5,"17":5,"18":5,"19":0}},"method":"lop","centroid_solution":[19,16,18,14,17,15,13,12,11,6,10,9,8,7,5,4,1,2,0,3]}