{"solutions":[[0,2,1,3,7,10,5,9,4,6,8,12,13,11,14,15,17,18,16,19],[0,1,2,3,7,10,5,9,4,6,8,12,11,13,14,17,15,18,16,19],[0,2,1,3,7,10,5,9,4,6,8,12,13,11,14,17,15,18,16,19],[19,16,18,17,15,14,13,11,12,8,6,4,9,5,10,7,3,2,1,0],[0,1,2,3,7,10,5,9,4,6,8,12,13,11,14,15,17,18,16,19],[0,2,1,3,7,10,5,9,4,6,8,12,11,13,14,15,17,18,16,19],[0,2,1,3,7,10,5,9,4,6,8,12,11,13,14,17,15,18,16,19],[0,1,2,3,7,10,5,9,4,6,8,12,11,13,14,15,17,18,16,19],[19,16,18,15,17,14,11,13,12,8,6,4,9,5,10,7,3,1,2,0],[0,1,2,3,7,10,5,9,4,6,8,12,13,11,14,17,15,18,16,19]],"obj":612.0,"max_tau_solutions":null,"centroid_x":[[0.0,1.0,1.0,1.0,1.0,1.0,1.0,1.0,1.0,1.0,1.0,1.0,1.0,1.0,1.0,1.0,1.0,1.0,1.0,1.0],[0.0,0.0,0.5077913118,1.0,1.0,1.0,1.0,1.0,1.0,1.0,1.0,1.0,1.0,1.0,1.0,1.0,1.0,1.0,1.0,1.0],[0.0,0.4922086882,0.0,1.0,1.0,1.0,1.0,1.0,1.0,1.0,1.0,1.0,1.0,1.0,1.0,1.0,1.0,1.0,1.0,1.0],[0.0,0.0,0.0,0.0,1.0,1.0,1.0,1.0,1.0,1.0,1.0,1.0,1.0,1.0,1.0,1.0,1.0,1.0,1.0,1.0],[0.0,0.0,0.0,0.0,0.0,0.0,1.0,0.0,1.0,0.0,0.0,1.0,1.0,1.0,1.0,1.0,1.0,1.0,1.0,1.0],[0.0,0.0,0.0,0.0,1.0,0.0,1.0,0.0,1.0,1.0,0.0,1.0,1.0,1.0,1.0,1.0,1.0,1.0,1.0,1.0],[0.0,0.0,0.0,0.0,0.0,0.0,0.0,0.0,1.0,0.0,0.0,1.0,1.0,1.0,1.0,1.0,1.0,1.0,1.0,1.0],[0.0,0.0,0.0,0.0,1.0,1.0,1.0,0.0,1.0,1.0,1.0,1.0,1.0,1.0,1.0,1.0,1.0,1.0,1.0,1.0],[0.0,0.0,0.0,0.0,0.0,0.0,0.0,0.0,0.0,0.0,0.0,1.0,1.0,1.0,1.0,1.0,1.0,1.0,1.0,1.0],[0.0,0.0,0.0,0.0,1.0,0.0,1.0,0.0,1.0,0.0,0.0,1.0,1.0,1.0,1.0,1.0,1.0,1.0,1.0,1.0],[0.0,0.0,0.0,0.0,1.0,1.0,1.0,0.0,1.0,1.0,0.0,1.0,1.0,1.0,1.0,1.0,1.0,1.0,1.0,1.0],[0.0,0.0,0.0,0.0,0.0,0.0,0.0,0.0,0.0,0.0,0.0,0.0,0.0,0.5422629529,1.0,1.0,1.0,1.0,1.0,1.0],[0.0,0.0,0.0,0.0,0.0,0.0,0.0,0.0,0.0,0.0,0.0,1.0,0.0,1.0,1.0,1.0,1.0,1.0,1.0,1.0],[0.0,0.0,0.0,0.0,0.0,0.0,0.0,0.0,0.0,0.0,0.0,0.4577370471,0.0,0.0,1.0,1.0,1.0,1.0,1.0,1.0],[0.0,0.0,0.0,0.0,0.0,0.0,0.0,0.0,0.0,0.0,0.0,0.0,0.0,0.0,0.0,1.0,1.0,1.0,1.0,1.0],[0.0,0.0,0.0,0.0,0.0,0.0,0.0,0.0,0.0,0.0,0.0,0.0,0.0,0.0,0.0,0.0,1.0,0.5137735561,1.0,1.0],[0.0,0.0,0.0,0.0,0.0,0.0,0.0,0.0,0.0,0.0,0.0,0.0,0.0,0.0,0.0,0.0,0.0,0.0,0.0,1.0],[0.0,0.0,0.0,0.0,0.0,0.0,0.0,0.0,0.0,0.0,0.0,0.0,0.0,0.0,0.0,0.4862264439,1.0,0.0,1.0,1.0],[0.0,0.0,0.0,0.0,0.0,0.0,0.0,0.0,0.0,0.0,0.0,0.0,0.0,0.0,0.0,0.0,1.0,0.0,0.0,1.0],[0.0,0.0,0.0,0.0,0.0,0.0,0.0,0.0,0.0,0.0,0.0,0.0,0.0,0.0,0.0,0.0,0.0,0.0,0.0,0.0]],"outlier_solution":[19,16,18,17,15,14,13,11,12,8,6,4,9,5,10,7,3,2,1,0],"dataset_id":207,"source_dataset_id":224,"options":null,"D":{"0":{"0":0,"1":0,"2":1,"3":2,"4":3,"5":5,"6":0,"7":3,"8":0,"9":0,"10":3,"11":0,"12":3,"13":0,"14":1,"15":0,"16":0,"17":0,"18":0,"19":0},"1":{"0":5,"1":0,"2":3,"3":0,"4":0,"5":0,"6":0,"7":0,"8":0,"9":0,"10":0,"11":5,"12":0,"13":0,"14":0,"15":0,"16":0,"17":4,"18":5,"19":0},"2":{"0":5,"1":3,"2":0,"3":0,"4":0,"5":0,"6":0,"7":0,"8":0,"9":1,"10":0,"11":0,"12":0,"13":2,"14":0,"15":4,"16":0,"17":0,"18":2,"19":2},"3":{"0":2,"1":5,"2":5,"3":0,"4":4,"5":0,"6":0,"7":0,"8":0,"9":0,"10":0,"11":0,"12":0,"13":0,"14":1,"15":4,"16":5,"17":0,"18":1,"19":1},"4":{"0":5,"1":4,"2":0,"3":4,"4":0,"5":3,"6":4,"7":5,"8":1,"9":4,"10":0,"11":0,"12":0,"13":5,"14":1,"15":0,"16":3,"17":1,"18":0,"19":0},"5":{"0":5,"1":0,"2":4,"3":0,"4":5,"5":0,"6":0,"7":2,"8":0,"9":0,"10":2,"11":2,"12":0,"13":5,"14":0,"15":0,"16":4,"17":0,"18":0,"19":0},"6":{"0":5,"1":5,"2":5,"3":1,"4":5,"5":3,"6":0,"7":2,"8":0,"9":0,"10":0,"11":5,"12":4,"13":0,"14":0,"15":0,"16":0,"17":0,"18":4,"19":0},"7":{"0":2,"1":3,"2":0,"3":5,"4":2,"5":2,"6":2,"7":0,"8":4,"9":0,"10":0,"11":4,"12":0,"13":0,"14":5,"15":0,"16":0,"17":0,"18":5,"19":0},"8":{"0":1,"1":4,"2":4,"3":0,"4":5,"5":5,"6":2,"7":0,"8":0,"9":4,"10":2,"11":0,"12":4,"13":0,"14":4,"15":0,"16":1,"17":2,"18":1,"19":3},"9":{"0":3,"1":4,"2":2,"3":0,"4":0,"5":3,"6":0,"7":5,"8":3,"9":0,"10":4,"11":1,"12":0,"13":0,"14":0,"15":0,"16":5,"17":0,"18":1,"19":0},"10":{"0":0,"1":5,"2":5,"3":2,"4":0,"5":0,"6":0,"7":5,"8":3,"9":2,"10":0,"11":0,"12":0,"13":0,"14":2,"15":5,"16":0,"17":0,"18":0,"19":3},"11":{"0":5,"1":5,"2":5,"3":0,"4":5,"5":2,"6":5,"7":5,"8":5,"9":0,"10":2,"11":0,"12":4,"13":5,"14":0,"15":3,"16":1,"17":4,"18":0,"19":0},"12":{"0":0,"1":4,"2":5,"3":5,"4":5,"5":5,"6":5,"7":5,"8":5,"9":5,"10":5,"11":3,"12":0,"13":1,"14":0,"15":0,"16":0,"17":0,"18":0,"19":0},"13":{"0":5,"1":5,"2":1,"3":5,"4":2,"5":3,"6":3,"7":4,"8":0,"9":5,"10":0,"11":5,"12":5,"13":0,"14":0,"15":1,"16":2,"17":4,"18":0,"19":0},"14":{"0":2,"1":5,"2":5,"3":5,"4":3,"5":5,"6":4,"7":5,"8":5,"9":0,"10":5,"11":1,"12":0,"13":5,"14":0,"15":0,"16":0,"17":2,"18":5,"19":2},"15":{"0":0,"1":0,"2":4,"3":5,"4":5,"5":3,"6":5,"7":0,"8":0,"9":4,"10":0,"11":5,"12":4,"13":5,"14":4,"15":0,"16":4,"17":0,"18":0,"19":0},"16":{"0":0,"1":5,"2":0,"3":5,"4":3,"5":3,"6":5,"7":5,"8":4,"9":4,"10":5,"11":5,"12":1,"13":5,"14":1,"15":5,"16":0,"17":0,"18":4,"19":0},"17":{"0":1,"1":4,"2":5,"3":0,"4":5,"5":2,"6":5,"7":2,"8":3,"9":5,"10":0,"11":5,"12":5,"13":2,"14":5,"15":0,"16":0,"17":0,"18":0,"19":0},"18":{"0":5,"1":5,"2":2,"3":5,"4":1,"5":5,"6":5,"7":2,"8":5,"9":5,"10":0,"11":3,"12":0,"13":1,"14":5,"15":5,"16":0,"17":1,"18":0,"19":0},"19":{"0":4,"1":3,"2":0,"3":0,"4":5,"5":5,"6":1,"7":5,"8":5,"9":1,"10":2,"11":0,"12":5,"13":0,"14":5,"15":5,"16":2,"17":2,"18":5,"19":0}},"method":"lop","centroid_solution":[19,16,18,15,17,14,11,13,12,8,6,4,9,5,10,7,3,1,2,0]}