{"solutions":[[2,0,1,4,3,6,5,7,8,9,10,11,13,15,12,14,16,17,18,19],[0,2,1,4,3,5,6,7,8,9,10,11,12,13,14,16,17,15,18,19],[0,1,2,4,3,6,5,7,8,9,10,11,13,15,12,14,16,17,18,19],[0,1,2,4,3,5,6,7,8,9,10,11,13,15,12,14,16,17,18,19],[0,2,1,4,3,6,7,5,8,9,10,11,12,13,14,16,17,15,18,19],[0,2,1,4,3,6,5,7,8,9,10,11,13,15,12,14,16,17,18,19],[0,1,2,4,3,6,7,5,8,9,10,12,11,13,14,16,17,15,18,19],[0,2,1,4,3,6,5,7,8,9,10,12,11,13,14,16,17,15,18,19],[0,1,2,4,3,5,6,7,8,9,10,12,11,13,14,16,17,15,18,19],[2,0,1,4,3,5,6,7,8,9,10,11,13,15,12,14,16,17,18,19],[19,18,15,17,16,14,13,12,11,10,9,8,7,5,6,3,4,1,2,0],[0,1,2,4,3,6,7,5,8,9,10,11,12,13,14,16,17,15,18,19],[0,1,2,4,3,5,6,7,8,9,10,11,12,13,14,16,17,15,18,19],[2,0,1,4,3,5,6,7,8,9,10,11,12,13,14,16,17,15,18,19],[0,1,2,4,3,6,5,7,8,9,10,11,12,13,14,16,17,15,18,19],[2,0,1,4,3,6,5,7,8,9,10,11,12,13,14,16,17,15,18,19],[2,0,1,4,3,6,5,7,8,9,10,12,11,13,14,16,17,15,18,19],[0,2,1,4,3,6,7,5,8,9,10,11,13,15,12,14,16,17,18,19],[2,0,1,4,3,6,7,5,8,9,10,12,11,13,14,16,17,15,18,19],[2,0,1,4,3,6,7,5,8,9,10,11,13,15,12,14,16,17,18,19],[0,1,2,4,3,6,5,7,8,9,10,12,11,13,14,16,17,15,18,19],[19,18,17,16,14,12,15,13,11,10,9,8,7,6,5,3,4,1,0,2],[0,2,1,4,3,5,6,7,8,9,10,12,11,13,14,16,17,15,18,19],[0,1,2,4,3,6,7,5,8,9,10,11,13,15,12,14,16,17,18,19],[0,2,1,4,3,6,5,7,8,9,10,11,12,13,14,16,17,15,18,19],[0,2,1,4,3,6,7,5,8,9,10,12,11,13,14,16,17,15,18,19],[0,2,1,4,3,5,6,7,8,9,10,11,13,15,12,14,16,17,18,19],[2,0,1,4,3,5,6,7,8,9,10,12,11,13,14,16,17,15,18,19],[2,0,1,4,3,6,7,5,8,9,10,11,12,13,14,16,17,15,18,19]],"obj":721.0,"max_tau_solutions":null,"centroid_x":[[0.0,1.0,0.5778646276,1.0,1.0,1.0,1.0,1.0,1.0,1.0,1.0,1.0,1.0,1.0,1.0,1.0,1.0,1.0,1.0,1.0],[0.0,0.0,0.4324097044,1.0,1.0,1.0,1.0,1.0,1.0,1.0,1.0,1.0,1.0,1.0,1.0,1.0,1.0,1.0,1.0,1.0],[0.4221353724,0.5675902956,0.0,1.0,1.0,1.0,1.0,1.0,1.0,1.0,1.0,1.0,1.0,1.0,1.0,1.0,1.0,1.0,1.0,1.0],[0.0,0.0,0.0,0.0,0.0,1.0,1.0,1.0,1.0,1.0,1.0,1.0,1.0,1.0,1.0,1.0,1.0,1.0,1.0,1.0],[0.0,0.0,0.0,1.0,0.0,1.0,1.0,1.0,1.0,1.0,1.0,1.0,1.0,1.0,1.0,1.0,1.0,1.0,1.0,1.0],[0.0,0.0,0.0,0.0,0.0,0.0,0.4304933199,0.5627877765,1.0,1.0,1.0,1.0,1.0,1.0,1.0,1.0,1.0,1.0,1.0,1.0],[0.0,0.0,0.0,0.0,0.0,0.5695066801,0.0,1.0,1.0,1.0,1.0,1.0,1.0,1.0,1.0,1.0,1.0,1.0,1.0,1.0],[0.0,0.0,0.0,0.0,0.0,0.4372122235,0.0,0.0,1.0,1.0,1.0,1.0,1.0,1.0,1.0,1.0,1.0,1.0,1.0,1.0],[0.0,0.0,0.0,0.0,0.0,0.0,0.0,0.0,0.0,1.0,1.0,1.0,1.0,1.0,1.0,1.0,1.0,1.0,1.0,1.0],[0.0,0.0,0.0,0.0,0.0,0.0,0.0,0.0,0.0,0.0,1.0,1.0,1.0,1.0,1.0,1.0,1.0,1.0,1.0,1.0],[0.0,0.0,0.0,0.0,0.0,0.0,0.0,0.0,0.0,0.0,0.0,1.0,1.0,1.0,1.0,1.0,1.0,1.0,1.0,1.0],[0.0,0.0,0.0,0.0,0.0,0.0,0.0,0.0,0.0,0.0,0.0,0.0,0.6202517617,1.0,1.0,1.0,1.0,1.0,1.0,1.0],[0.0,0.0,0.0,0.0,0.0,0.0,0.0,0.0,0.0,0.0,0.0,0.3797482383,0.0,0.5254271848,1.0,0.5254271849,1.0,1.0,1.0,1.0],[0.0,0.0,0.0,0.0,0.0,0.0,0.0,0.0,0.0,0.0,0.0,0.0,0.4745728152,0.0,1.0,1.0,1.0,1.0,1.0,1.0],[0.0,0.0,0.0,0.0,0.0,0.0,0.0,0.0,0.0,0.0,0.0,0.0,0.0,0.0,0.0,0.5254271849,1.0,1.0,1.0,1.0],[0.0,0.0,0.0,0.0,0.0,0.0,0.0,0.0,0.0,0.0,0.0,0.0,0.4745728151,0.0,0.4745728151,0.0,0.4745728151,0.4745728151,1.0,1.0],[0.0,0.0,0.0,0.0,0.0,0.0,0.0,0.0,0.0,0.0,0.0,0.0,0.0,0.0,0.0,0.5254271849,0.0,1.0,1.0,1.0],[0.0,0.0,0.0,0.0,0.0,0.0,0.0,0.0,0.0,0.0,0.0,0.0,0.0,0.0,0.0,0.5254271849,0.0,0.0,1.0,1.0],[0.0,0.0,0.0,0.0,0.0,0.0,0.0,0.0,0.0,0.0,0.0,0.0,0.0,0.0,0.0,0.0,0.0,0.0,0.0,1.0],[0.0,0.0,0.0,0.0,0.0,0.0,0.0,0.0,0.0,0.0,0.0,0.0,0.0,0.0,0.0,0.0,0.0,0.0,0.0,0.0]],"outlier_solution":[19,18,15,17,16,14,13,12,11,10,9,8,7,5,6,3,4,1,2,0],"dataset_id":217,"source_dataset_id":234,"options":null,"D":{"0":{"0":0,"1":0,"2":0,"3":1,"4":0,"5":0,"6":2,"7":0,"8":0,"9":2,"10":0,"11":0,"12":0,"13":0,"14":0,"15":0,"16":0,"17":0,"18":3,"19":0},"1":{"0":5,"1":0,"2":0,"3":0,"4":0,"5":0,"6":0,"7":0,"8":0,"9":0,"10":0,"11":5,"12":0,"13":0,"14":0,"15":0,"16":0,"17":0,"18":0,"19":0},"2":{"0":0,"1":0,"2":0,"3":0,"4":2,"5":0,"6":3,"7":0,"8":0,"9":1,"10":0,"11":0,"12":4,"13":1,"14":0,"15":0,"16":0,"17":0,"18":0,"19":0},"3":{"0":5,"1":5,"2":2,"3":0,"4":5,"5":0,"6":0,"7":0,"8":0,"9":4,"10":3,"11":0,"12":0,"13":0,"14":3,"15":0,"16":0,"17":0,"18":0,"19":0},"4":{"0":0,"1":5,"2":5,"3":1,"4":0,"5":0,"6":0,"7":0,"8":0,"9":2,"10":0,"11":0,"12":0,"13":3,"14":0,"15":0,"16":0,"17":0,"18":0,"19":0},"5":{"0":0,"1":0,"2":2,"3":5,"4":3,"5":0,"6":5,"7":0,"8":3,"9":0,"10":0,"11":0,"12":0,"13":0,"14":4,"15":0,"16":0,"17":0,"18":1,"19":0},"6":{"0":1,"1":5,"2":5,"3":3,"4":4,"5":5,"6":0,"7":0,"8":0,"9":0,"10":0,"11":0,"12":0,"13":4,"14":0,"15":3,"16":0,"17":0,"18":0,"19":0},"7":{"0":5,"1":5,"2":4,"3":5,"4":5,"5":0,"6":4,"7":0,"8":0,"9":0,"10":0,"11":2,"12":2,"13":0,"14":0,"15":2,"16":1,"17":0,"18":2,"19":0},"8":{"0":5,"1":5,"2":5,"3":2,"4":5,"5":5,"6":5,"7":5,"8":0,"9":0,"10":0,"11":0,"12":0,"13":0,"14":0,"15":0,"16":0,"17":0,"18":0,"19":5},"9":{"0":5,"1":5,"2":5,"3":5,"4":3,"5":5,"6":5,"7":5,"8":5,"9":0,"10":0,"11":5,"12":0,"13":0,"14":0,"15":0,"16":4,"17":3,"18":0,"19":1},"10":{"0":0,"1":5,"2":5,"3":0,"4":2,"5":5,"6":5,"7":1,"8":5,"9":5,"10":0,"11":0,"12":0,"13":0,"14":0,"15":3,"16":0,"17":0,"18":0,"19":0},"11":{"0":5,"1":0,"2":5,"3":5,"4":3,"5":5,"6":5,"7":5,"8":0,"9":5,"10":5,"11":0,"12":0,"13":0,"14":0,"15":0,"16":0,"17":0,"18":1,"19":3},"12":{"0":5,"1":5,"2":1,"3":5,"4":0,"5":5,"6":0,"7":5,"8":3,"9":5,"10":4,"11":0,"12":0,"13":0,"14":0,"15":5,"16":0,"17":0,"18":0,"19":0},"13":{"0":0,"1":5,"2":5,"3":5,"4":5,"5":5,"6":5,"7":5,"8":5,"9":0,"10":5,"11":5,"12":1,"13":0,"14":0,"15":0,"16":0,"17":0,"18":0,"19":3},"14":{"0":5,"1":5,"2":4,"3":3,"4":5,"5":5,"6":5,"7":3,"8":5,"9":5,"10":5,"11":5,"12":5,"13":5,"14":0,"15":0,"16":0,"17":0,"18":0,"19":2},"15":{"0":5,"1":5,"2":5,"3":5,"4":0,"5":5,"6":5,"7":0,"8":5,"9":5,"10":5,"11":5,"12":2,"13":5,"14":1,"15":0,"16":0,"17":4,"18":0,"19":0},"16":{"0":0,"1":5,"2":1,"3":5,"4":5,"5":3,"6":5,"7":1,"8":5,"9":5,"10":4,"11":0,"12":5,"13":0,"14":5,"15":3,"16":0,"17":0,"18":2,"19":0},"17":{"0":5,"1":2,"2":0,"3":5,"4":5,"5":5,"6":5,"7":5,"8":0,"9":3,"10":5,"11":5,"12":1,"13":5,"14":5,"15":0,"16":5,"17":0,"18":0,"19":4},"18":{"0":5,"1":1,"2":5,"3":5,"4":5,"5":5,"6":5,"7":0,"8":5,"9":5,"10":5,"11":0,"12":5,"13":0,"14":5,"15":5,"16":5,"17":3,"18":0,"19":0},"19":{"0":5,"1":5,"2":5,"3":5,"4":2,"5":4,"6":5,"7":3,"8":5,"9":0,"10":5,"11":5,"12":2,"13":5,"14":1,"15":5,"16":5,"17":5,"18":5,"19":0}},"method":"lop","centroid_solution":[19,18,17,16,14,12,15,13,11,10,9,8,7,6,5,3,4,1,0,2]}