{"solutions":[[0,1,2,3,4,5,6,9,10,8,7,11,12,13,14,15,16,17,18,19],[18,19,17,16,15,14,13,12,11,7,10,8,9,6,5,4,3,2,1,0],[0,1,2,3,4,5,6,9,8,10,7,11,12,13,14,15,16,17,19,18],[19,18,17,16,15,14,13,12,11,10,7,8,9,6,5,4,3,2,1,0],[0,1,2,3,4,5,6,9,8,7,10,11,12,13,14,15,16,17,19,18],[0,1,2,3,4,5,6,9,10,8,7,11,12,13,14,15,16,17,19,18],[0,1,2,3,4,5,6,9,8,7,10,11,12,13,14,15,16,17,18,19],[0,1,2,3,4,5,6,9,8,10,7,11,12,13,14,15,16,17,18,19]],"obj":726.0,"max_tau_solutions":null,"centroid_x":[[0.0,1.0,1.0,1.0,1.0,1.0,1.0,1.0,1.0,1.0,1.0,1.0,1.0,1.0,1.0,1.0,1.0,1.0,1.0,1.0],[0.0,0.0,1.0,1.0,1.0,1.0,1.0,1.0,1.0,1.0,1.0,1.0,1.0,1.0,1.0,1.0,1.0,1.0,1.0,1.0],[0.0,0.0,0.0,1.0,1.0,1.0,1.0,1.0,1.0,1.0,1.0,1.0,1.0,1.0,1.0,1.0,1.0,1.0,1.0,1.0],[0.0,0.0,0.0,0.0,1.0,1.0,1.0,1.0,1.0,1.0,1.0,1.0,1.0,1.0,1.0,1.0,1.0,1.0,1.0,1.0],[0.0,0.0,0.0,0.0,0.0,1.0,1.0,1.0,1.0,1.0,1.0,1.0,1.0,1.0,1.0,1.0,1.0,1.0,1.0,1.0],[0.0,0.0,0.0,0.0,0.0,0.0,1.0,1.0,1.0,1.0,1.0,1.0,1.0,1.0,1.0,1.0,1.0,1.0,1.0,1.0],[0.0,0.0,0.0,0.0,0.0,0.0,0.0,1.0,1.0,1.0,1.0,1.0,1.0,1.0,1.0,1.0,1.0,1.0,1.0,1.0],[0.0,0.0,0.0,0.0,0.0,0.0,0.0,0.0,0.0,0.0,0.3903242108,1.0,1.0,1.0,1.0,1.0,1.0,1.0,1.0,1.0],[0.0,0.0,0.0,0.0,0.0,0.0,0.0,1.0,0.0,0.0,0.541638294,1.0,1.0,1.0,1.0,1.0,1.0,1.0,1.0,1.0],[0.0,0.0,0.0,0.0,0.0,0.0,0.0,1.0,1.0,0.0,1.0,1.0,1.0,1.0,1.0,1.0,1.0,1.0,1.0,1.0],[0.0,0.0,0.0,0.0,0.0,0.0,0.0,0.6096757892,0.458361706,0.0,0.0,1.0,1.0,1.0,1.0,1.0,1.0,1.0,1.0,1.0],[0.0,0.0,0.0,0.0,0.0,0.0,0.0,0.0,0.0,0.0,0.0,0.0,1.0,1.0,1.0,1.0,1.0,1.0,1.0,1.0],[0.0,0.0,0.0,0.0,0.0,0.0,0.0,0.0,0.0,0.0,0.0,0.0,0.0,1.0,1.0,1.0,1.0,1.0,1.0,1.0],[0.0,0.0,0.0,0.0,0.0,0.0,0.0,0.0,0.0,0.0,0.0,0.0,0.0,0.0,1.0,1.0,1.0,1.0,1.0,1.0],[0.0,0.0,0.0,0.0,0.0,0.0,0.0,0.0,0.0,0.0,0.0,0.0,0.0,0.0,0.0,1.0,1.0,1.0,1.0,1.0],[0.0,0.0,0.0,0.0,0.0,0.0,0.0,0.0,0.0,0.0,0.0,0.0,0.0,0.0,0.0,0.0,1.0,1.0,1.0,1.0],[0.0,0.0,0.0,0.0,0.0,0.0,0.0,0.0,0.0,0.0,0.0,0.0,0.0,0.0,0.0,0.0,0.0,1.0,1.0,1.0],[0.0,0.0,0.0,0.0,0.0,0.0,0.0,0.0,0.0,0.0,0.0,0.0,0.0,0.0,0.0,0.0,0.0,0.0,1.0,1.0],[0.0,0.0,0.0,0.0,0.0,0.0,0.0,0.0,0.0,0.0,0.0,0.0,0.0,0.0,0.0,0.0,0.0,0.0,0.0,0.4993581688],[0.0,0.0,0.0,0.0,0.0,0.0,0.0,0.0,0.0,0.0,0.0,0.0,0.0,0.0,0.0,0.0,0.0,0.0,0.5006418312,0.0]],"outlier_solution":[18,19,17,16,15,14,13,12,11,7,10,8,9,6,5,4,3,2,1,0],"dataset_id":222,"source_dataset_id":239,"options":null,"D":{"0":{"0":0,"1":3,"2":0,"3":0,"4":0,"5":0,"6":3,"7":0,"8":0,"9":0,"10":4,"11":0,"12":0,"13":0,"14":5,"15":0,"16":0,"17":0,"18":0,"19":0},"1":{"0":4,"1":0,"2":0,"3":0,"4":0,"5":0,"6":0,"7":0,"8":3,"9":0,"10":0,"11":0,"12":2,"13":0,"14":0,"15":0,"16":0,"17":0,"18":0,"19":0},"2":{"0":5,"1":5,"2":0,"3":0,"4":1,"5":0,"6":0,"7":0,"8":0,"9":0,"10":4,"11":0,"12":2,"13":0,"14":0,"15":5,"16":0,"17":0,"18":1,"19":0},"3":{"0":5,"1":0,"2":5,"3":0,"4":0,"5":0,"6":0,"7":2,"8":0,"9":4,"10":0,"11":3,"12":2,"13":2,"14":0,"15":2,"16":0,"17":0,"18":0,"19":0},"4":{"0":3,"1":5,"2":1,"3":5,"4":0,"5":0,"6":0,"7":3,"8":0,"9":0,"10":0,"11":0,"12":1,"13":0,"14":0,"15":0,"16":3,"17":1,"18":0,"19":0},"5":{"0":1,"1":5,"2":5,"3":5,"4":4,"5":0,"6":0,"7":0,"8":0,"9":0,"10":0,"11":4,"12":0,"13":0,"14":0,"15":0,"16":0,"17":0,"18":0,"19":0},"6":{"0":5,"1":1,"2":5,"3":5,"4":0,"5":5,"6":0,"7":0,"8":0,"9":0,"10":0,"11":0,"12":0,"13":0,"14":0,"15":0,"16":0,"17":0,"18":0,"19":0},"7":{"0":5,"1":0,"2":4,"3":2,"4":5,"5":5,"6":0,"7":0,"8":2,"9":0,"10":0,"11":0,"12":0,"13":0,"14":0,"15":0,"16":0,"17":0,"18":3,"19":0},"8":{"0":5,"1":5,"2":5,"3":5,"4":5,"5":5,"6":5,"7":1,"8":0,"9":5,"10":0,"11":0,"12":0,"13":0,"14":0,"15":0,"16":0,"17":0,"18":2,"19":0},"9":{"0":4,"1":0,"2":5,"3":5,"4":5,"5":2,"6":5,"7":0,"8":4,"9":0,"10":3,"11":0,"12":0,"13":0,"14":0,"15":0,"16":0,"17":0,"18":0,"19":0},"10":{"0":5,"1":5,"2":0,"3":5,"4":2,"5":5,"6":5,"7":0,"8":0,"9":5,"10":0,"11":0,"12":0,"13":0,"14":0,"15":0,"16":0,"17":0,"18":0,"19":0},"11":{"0":5,"1":5,"2":5,"3":0,"4":5,"5":5,"6":5,"7":5,"8":0,"9":5,"10":5,"11":0,"12":3,"13":0,"14":0,"15":0,"16":0,"17":0,"18":0,"19":0},"12":{"0":5,"1":5,"2":5,"3":5,"4":1,"5":0,"6":0,"7":5,"8":5,"9":5,"10":5,"11":5,"12":0,"13":0,"14":0,"15":5,"16":0,"17":0,"18":4,"19":0},"13":{"0":5,"1":3,"2":0,"3":5,"4":5,"5":5,"6":5,"7":5,"8":4,"9":3,"10":5,"11":0,"12":5,"13":0,"14":0,"15":0,"16":0,"17":0,"18":5,"19":0},"14":{"0":2,"1":5,"2":5,"3":2,"4":5,"5":5,"6":5,"7":2,"8":5,"9":5,"10":2,"11":5,"12":0,"13":1,"14":0,"15":0,"16":0,"17":0,"18":0,"19":3},"15":{"0":5,"1":5,"2":5,"3":5,"4":5,"5":0,"6":0,"7":0,"8":3,"9":5,"10":5,"11":3,"12":5,"13":5,"14":3,"15":0,"16":4,"17":0,"18":1,"19":0},"16":{"0":0,"1":5,"2":5,"3":5,"4":2,"5":1,"6":5,"7":5,"8":0,"9":3,"10":4,"11":5,"12":5,"13":3,"14":5,"15":5,"16":0,"17":0,"18":0,"19":0},"17":{"0":5,"1":5,"2":5,"3":3,"4":0,"5":5,"6":5,"7":5,"8":5,"9":1,"10":0,"11":3,"12":5,"13":5,"14":5,"15":5,"16":5,"17":0,"18":0,"19":0},"18":{"0":5,"1":5,"2":0,"3":3,"4":5,"5":5,"6":5,"7":0,"8":5,"9":5,"10":5,"11":0,"12":5,"13":5,"14":5,"15":5,"16":5,"17":5,"18":0,"19":5},"19":{"0":5,"1":2,"2":5,"3":5,"4":5,"5":1,"6":1,"7":5,"8":5,"9":5,"10":5,"11":5,"12":5,"13":5,"14":5,"15":5,"16":5,"17":5,"18":5,"19":0}},"method":"lop","centroid_solution":[19,18,17,16,15,14,13,12,11,10,7,8,9,6,5,4,3,2,1,0]}