{"solutions":[[19,16,18,17,15,14,13,12,11,10,9,5,8,7,6,4,3,2,1,0],[19,16,18,17,15,14,13,12,11,10,9,5,8,7,6,3,4,2,1,0],[0,1,2,4,3,6,7,8,5,9,10,11,12,13,14,15,17,18,16,19],[0,1,2,3,4,6,7,8,5,9,10,11,12,13,14,15,17,18,16,19]],"obj":771.0,"max_tau_solutions":null,"centroid_x":[[0.0,1.0,1.0,1.0,1.0,1.0,1.0,1.0,1.0,1.0,1.0,1.0,1.0,1.0,1.0,1.0,1.0,1.0,1.0,1.0],[0.0,0.0,1.0,1.0,1.0,1.0,1.0,1.0,1.0,1.0,1.0,1.0,1.0,1.0,1.0,1.0,1.0,1.0,1.0,1.0],[0.0,0.0,0.0,1.0,1.0,1.0,1.0,1.0,1.0,1.0,1.0,1.0,1.0,1.0,1.0,1.0,1.0,1.0,1.0,1.0],[0.0,0.0,0.0,0.0,0.4947879706,1.0,1.0,1.0,1.0,1.0,1.0,1.0,1.0,1.0,1.0,1.0,1.0,1.0,1.0,1.0],[0.0,0.0,0.0,0.5052120294,0.0,1.0,1.0,1.0,1.0,1.0,1.0,1.0,1.0,1.0,1.0,1.0,1.0,1.0,1.0,1.0],[0.0,0.0,0.0,0.0,0.0,0.0,0.0,0.0,0.0,1.0,1.0,1.0,1.0,1.0,1.0,1.0,1.0,1.0,1.0,1.0],[0.0,0.0,0.0,0.0,0.0,1.0,0.0,1.0,1.0,1.0,1.0,1.0,1.0,1.0,1.0,1.0,1.0,1.0,1.0,1.0],[0.0,0.0,0.0,0.0,0.0,1.0,0.0,0.0,1.0,1.0,1.0,1.0,1.0,1.0,1.0,1.0,1.0,1.0,1.0,1.0],[0.0,0.0,0.0,0.0,0.0,1.0,0.0,0.0,0.0,1.0,1.0,1.0,1.0,1.0,1.0,1.0,1.0,1.0,1.0,1.0],[0.0,0.0,0.0,0.0,0.0,0.0,0.0,0.0,0.0,0.0,1.0,1.0,1.0,1.0,1.0,1.0,1.0,1.0,1.0,1.0],[0.0,0.0,0.0,0.0,0.0,0.0,0.0,0.0,0.0,0.0,0.0,1.0,1.0,1.0,1.0,1.0,1.0,1.0,1.0,1.0],[0.0,0.0,0.0,0.0,0.0,0.0,0.0,0.0,0.0,0.0,0.0,0.0,1.0,1.0,1.0,1.0,1.0,1.0,1.0,1.0],[0.0,0.0,0.0,0.0,0.0,0.0,0.0,0.0,0.0,0.0,0.0,0.0,0.0,1.0,1.0,1.0,1.0,1.0,1.0,1.0],[0.0,0.0,0.0,0.0,0.0,0.0,0.0,0.0,0.0,0.0,0.0,0.0,0.0,0.0,1.0,1.0,1.0,1.0,1.0,1.0],[0.0,0.0,0.0,0.0,0.0,0.0,0.0,0.0,0.0,0.0,0.0,0.0,0.0,0.0,0.0,1.0,1.0,1.0,1.0,1.0],[0.0,0.0,0.0,0.0,0.0,0.0,0.0,0.0,0.0,0.0,0.0,0.0,0.0,0.0,0.0,0.0,1.0,1.0,1.0,1.0],[0.0,0.0,0.0,0.0,0.0,0.0,0.0,0.0,0.0,0.0,0.0,0.0,0.0,0.0,0.0,0.0,0.0,0.0,0.0,1.0],[0.0,0.0,0.0,0.0,0.0,0.0,0.0,0.0,0.0,0.0,0.0,0.0,0.0,0.0,0.0,0.0,1.0,0.0,1.0,1.0],[0.0,0.0,0.0,0.0,0.0,0.0,0.0,0.0,0.0,0.0,0.0,0.0,0.0,0.0,0.0,0.0,1.0,0.0,0.0,1.0],[0.0,0.0,0.0,0.0,0.0,0.0,0.0,0.0,0.0,0.0,0.0,0.0,0.0,0.0,0.0,0.0,0.0,0.0,0.0,0.0]],"outlier_solution":[19,16,18,17,15,14,13,12,11,10,9,5,8,7,6,3,4,2,1,0],"dataset_id":223,"source_dataset_id":240,"options":null,"D":{"0":{"0":0,"1":0,"2":0,"3":0,"4":0,"5":3,"6":0,"7":0,"8":2,"9":0,"10":0,"11":1,"12":0,"13":0,"14":0,"15":0,"16":0,"17":0,"18":0,"19":0},"1":{"0":5,"1":0,"2":0,"3":4,"4":2,"5":0,"6":4,"7":0,"8":0,"9":3,"10":0,"11":0,"12":2,"13":0,"14":4,"15":0,"16":4,"17":0,"18":0,"19":0},"2":{"0":3,"1":5,"2":0,"3":2,"4":0,"5":0,"6":0,"7":4,"8":0,"9":0,"10":0,"11":0,"12":0,"13":4,"14":0,"15":0,"16":0,"17":0,"18":0,"19":0},"3":{"0":4,"1":5,"2":5,"3":0,"4":5,"5":0,"6":2,"7":0,"8":0,"9":3,"10":0,"11":1,"12":1,"13":0,"14":0,"15":5,"16":0,"17":4,"18":0,"19":0},"4":{"0":0,"1":5,"2":5,"3":5,"4":0,"5":5,"6":0,"7":0,"8":5,"9":0,"10":0,"11":0,"12":2,"13":1,"14":0,"15":0,"16":3,"17":0,"18":0,"19":0},"5":{"0":5,"1":5,"2":5,"3":5,"4":5,"5":0,"6":0,"7":0,"8":4,"9":0,"10":0,"11":2,"12":0,"13":0,"14":0,"15":0,"16":0,"17":3,"18":0,"19":2},"6":{"0":0,"1":3,"2":5,"3":5,"4":5,"5":0,"6":0,"7":0,"8":0,"9":0,"10":0,"11":0,"12":0,"13":0,"14":0,"15":0,"16":0,"17":0,"18":0,"19":1},"7":{"0":0,"1":5,"2":5,"3":5,"4":5,"5":0,"6":3,"7":0,"8":0,"9":1,"10":0,"11":0,"12":2,"13":0,"14":0,"15":0,"16":0,"17":0,"18":5,"19":5},"8":{"0":5,"1":0,"2":5,"3":5,"4":5,"5":0,"6":5,"7":1,"8":0,"9":0,"10":0,"11":0,"12":0,"13":0,"14":0,"15":0,"16":2,"17":0,"18":0,"19":0},"9":{"0":5,"1":5,"2":5,"3":4,"4":5,"5":5,"6":5,"7":5,"8":5,"9":0,"10":0,"11":0,"12":0,"13":0,"14":0,"15":0,"16":0,"17":0,"18":3,"19":4},"10":{"0":5,"1":5,"2":0,"3":5,"4":5,"5":5,"6":5,"7":5,"8":5,"9":5,"10":0,"11":0,"12":0,"13":0,"14":2,"15":0,"16":0,"17":0,"18":0,"19":0},"11":{"0":5,"1":5,"2":0,"3":5,"4":5,"5":5,"6":5,"7":5,"8":5,"9":4,"10":5,"11":0,"12":0,"13":0,"14":5,"15":0,"16":0,"17":0,"18":0,"19":0},"12":{"0":5,"1":0,"2":5,"3":5,"4":5,"5":0,"6":5,"7":5,"8":5,"9":5,"10":3,"11":5,"12":0,"13":0,"14":0,"15":0,"16":0,"17":0,"18":0,"19":3},"13":{"0":0,"1":3,"2":2,"3":5,"4":5,"5":0,"6":5,"7":5,"8":5,"9":5,"10":0,"11":5,"12":3,"13":0,"14":0,"15":0,"16":0,"17":0,"18":0,"19":0},"14":{"0":0,"1":5,"2":5,"3":2,"4":5,"5":5,"6":5,"7":5,"8":5,"9":5,"10":5,"11":5,"12":3,"13":5,"14":0,"15":0,"16":0,"17":0,"18":0,"19":0},"15":{"0":5,"1":5,"2":5,"3":5,"4":5,"5":5,"6":5,"7":5,"8":3,"9":5,"10":4,"11":5,"12":5,"13":0,"14":5,"15":0,"16":0,"17":0,"18":0,"19":0},"16":{"0":5,"1":5,"2":5,"3":5,"4":5,"5":5,"6":5,"7":0,"8":5,"9":0,"10":2,"11":5,"12":5,"13":5,"14":5,"15":5,"16":0,"17":0,"18":3,"19":0},"17":{"0":5,"1":5,"2":0,"3":5,"4":5,"5":5,"6":5,"7":5,"8":0,"9":0,"10":5,"11":4,"12":5,"13":5,"14":5,"15":5,"16":0,"17":0,"18":0,"19":2},"18":{"0":5,"1":5,"2":5,"3":5,"4":3,"5":5,"6":1,"7":3,"8":5,"9":5,"10":5,"11":4,"12":5,"13":5,"14":5,"15":0,"16":1,"17":5,"18":0,"19":0},"19":{"0":5,"1":5,"2":5,"3":5,"4":0,"5":1,"6":5,"7":5,"8":5,"9":3,"10":5,"11":0,"12":5,"13":5,"14":5,"15":4,"16":4,"17":2,"18":3,"19":0}},"method":"lop","centroid_solution":[19,16,18,17,15,14,13,12,11,10,9,5,8,7,6,4,3,2,1,0]}