{"solutions":[[0,1,2,3,4,6,5,7,8,9,10,11,13,12,14,15,16,17,18,19],[18,19,17,16,15,14,13,12,11,10,9,8,7,5,6,4,3,2,1,0],[0,1,2,3,4,6,5,7,8,9,10,11,12,13,14,15,16,17,18,19],[0,1,2,3,4,6,5,7,8,9,10,11,12,13,14,15,16,17,19,18],[0,1,2,3,4,6,5,7,8,9,10,11,12,14,13,15,16,17,18,19],[19,18,17,16,15,14,12,13,11,10,9,8,7,5,6,4,3,2,1,0],[0,1,2,3,4,6,5,7,8,9,10,11,12,14,13,15,16,17,19,18],[0,1,2,3,4,6,5,7,8,9,10,11,13,12,14,15,16,17,19,18]],"obj":721.0,"max_tau_solutions":null,"centroid_x":[[0.0,1.0,1.0,1.0,1.0,1.0,1.0,1.0,1.0,1.0,1.0,1.0,1.0,1.0,1.0,1.0,1.0,1.0,1.0,1.0],[0.0,0.0,1.0,1.0,1.0,1.0,1.0,1.0,1.0,1.0,1.0,1.0,1.0,1.0,1.0,1.0,1.0,1.0,1.0,1.0],[0.0,0.0,0.0,1.0,1.0,1.0,1.0,1.0,1.0,1.0,1.0,1.0,1.0,1.0,1.0,1.0,1.0,1.0,1.0,1.0],[0.0,0.0,0.0,0.0,1.0,1.0,1.0,1.0,1.0,1.0,1.0,1.0,1.0,1.0,1.0,1.0,1.0,1.0,1.0,1.0],[0.0,0.0,0.0,0.0,0.0,1.0,1.0,1.0,1.0,1.0,1.0,1.0,1.0,1.0,1.0,1.0,1.0,1.0,1.0,1.0],[0.0,0.0,0.0,0.0,0.0,0.0,0.0,1.0,1.0,1.0,1.0,1.0,1.0,1.0,1.0,1.0,1.0,1.0,1.0,1.0],[0.0,0.0,0.0,0.0,0.0,1.0,0.0,1.0,1.0,1.0,1.0,1.0,1.0,1.0,1.0,1.0,1.0,1.0,1.0,1.0],[0.0,0.0,0.0,0.0,0.0,0.0,0.0,0.0,1.0,1.0,1.0,1.0,1.0,1.0,1.0,1.0,1.0,1.0,1.0,1.0],[0.0,0.0,0.0,0.0,0.0,0.0,0.0,0.0,0.0,1.0,1.0,1.0,1.0,1.0,1.0,1.0,1.0,1.0,1.0,1.0],[0.0,0.0,0.0,0.0,0.0,0.0,0.0,0.0,0.0,0.0,1.0,1.0,1.0,1.0,1.0,1.0,1.0,1.0,1.0,1.0],[0.0,0.0,0.0,0.0,0.0,0.0,0.0,0.0,0.0,0.0,0.0,1.0,1.0,1.0,1.0,1.0,1.0,1.0,1.0,1.0],[0.0,0.0,0.0,0.0,0.0,0.0,0.0,0.0,0.0,0.0,0.0,0.0,1.0,1.0,1.0,1.0,1.0,1.0,1.0,1.0],[0.0,0.0,0.0,0.0,0.0,0.0,0.0,0.0,0.0,0.0,0.0,0.0,0.0,0.5837773218,1.0,1.0,1.0,1.0,1.0,1.0],[0.0,0.0,0.0,0.0,0.0,0.0,0.0,0.0,0.0,0.0,0.0,0.0,0.4162226782,0.0,0.5699065217,1.0,1.0,1.0,1.0,1.0],[0.0,0.0,0.0,0.0,0.0,0.0,0.0,0.0,0.0,0.0,0.0,0.0,0.0,0.4300934783,0.0,1.0,1.0,1.0,1.0,1.0],[0.0,0.0,0.0,0.0,0.0,0.0,0.0,0.0,0.0,0.0,0.0,0.0,0.0,0.0,0.0,0.0,1.0,1.0,1.0,1.0],[0.0,0.0,0.0,0.0,0.0,0.0,0.0,0.0,0.0,0.0,0.0,0.0,0.0,0.0,0.0,0.0,0.0,1.0,1.0,1.0],[0.0,0.0,0.0,0.0,0.0,0.0,0.0,0.0,0.0,0.0,0.0,0.0,0.0,0.0,0.0,0.0,0.0,0.0,1.0,1.0],[0.0,0.0,0.0,0.0,0.0,0.0,0.0,0.0,0.0,0.0,0.0,0.0,0.0,0.0,0.0,0.0,0.0,0.0,0.0,0.4976503445],[0.0,0.0,0.0,0.0,0.0,0.0,0.0,0.0,0.0,0.0,0.0,0.0,0.0,0.0,0.0,0.0,0.0,0.0,0.5023496555,0.0]],"outlier_solution":[18,19,17,16,15,14,13,12,11,10,9,8,7,5,6,4,3,2,1,0],"dataset_id":233,"source_dataset_id":250,"options":null,"D":{"0":{"0":0,"1":0,"2":1,"3":0,"4":1,"5":0,"6":0,"7":0,"8":0,"9":5,"10":0,"11":0,"12":0,"13":1,"14":0,"15":0,"16":0,"17":0,"18":0,"19":0},"1":{"0":5,"1":0,"2":0,"3":0,"4":0,"5":0,"6":0,"7":0,"8":2,"9":0,"10":0,"11":0,"12":0,"13":0,"14":2,"15":0,"16":0,"17":0,"18":0,"19":0},"2":{"0":0,"1":3,"2":0,"3":2,"4":0,"5":0,"6":0,"7":4,"8":0,"9":0,"10":0,"11":0,"12":0,"13":2,"14":0,"15":3,"16":0,"17":0,"18":0,"19":0},"3":{"0":5,"1":5,"2":5,"3":0,"4":4,"5":0,"6":0,"7":0,"8":0,"9":0,"10":0,"11":1,"12":3,"13":0,"14":0,"15":0,"16":0,"17":0,"18":0,"19":0},"4":{"0":5,"1":5,"2":5,"3":5,"4":0,"5":0,"6":0,"7":4,"8":0,"9":0,"10":0,"11":0,"12":4,"13":0,"14":0,"15":0,"16":1,"17":0,"18":0,"19":0},"5":{"0":5,"1":0,"2":5,"3":5,"4":5,"5":0,"6":4,"7":0,"8":0,"9":0,"10":0,"11":3,"12":0,"13":0,"14":0,"15":0,"16":0,"17":0,"18":3,"19":0},"6":{"0":0,"1":3,"2":5,"3":0,"4":3,"5":3,"6":0,"7":0,"8":2,"9":0,"10":0,"11":0,"12":0,"13":0,"14":5,"15":0,"16":0,"17":0,"18":0,"19":0},"7":{"0":5,"1":5,"2":5,"3":5,"4":0,"5":5,"6":5,"7":0,"8":0,"9":0,"10":0,"11":0,"12":0,"13":0,"14":1,"15":0,"16":0,"17":0,"18":0,"19":0},"8":{"0":3,"1":5,"2":5,"3":0,"4":0,"5":2,"6":5,"7":4,"8":0,"9":0,"10":0,"11":0,"12":0,"13":0,"14":0,"15":0,"16":3,"17":0,"18":0,"19":0},"9":{"0":0,"1":5,"2":3,"3":5,"4":4,"5":4,"6":1,"7":5,"8":4,"9":0,"10":0,"11":0,"12":0,"13":0,"14":4,"15":0,"16":0,"17":0,"18":5,"19":0},"10":{"0":5,"1":5,"2":5,"3":2,"4":5,"5":5,"6":5,"7":5,"8":5,"9":5,"10":0,"11":0,"12":0,"13":0,"14":0,"15":0,"16":0,"17":1,"18":0,"19":0},"11":{"0":5,"1":5,"2":5,"3":5,"4":0,"5":5,"6":1,"7":5,"8":5,"9":0,"10":5,"11":0,"12":0,"13":0,"14":0,"15":0,"16":0,"17":0,"18":2,"19":0},"12":{"0":2,"1":5,"2":5,"3":5,"4":5,"5":5,"6":5,"7":5,"8":5,"9":5,"10":2,"11":5,"12":0,"13":0,"14":0,"15":0,"16":5,"17":0,"18":0,"19":0},"13":{"0":5,"1":0,"2":5,"3":5,"4":0,"5":5,"6":5,"7":1,"8":1,"9":5,"10":5,"11":5,"12":0,"13":0,"14":0,"15":0,"16":0,"17":0,"18":0,"19":1},"14":{"0":5,"1":5,"2":5,"3":0,"4":5,"5":5,"6":5,"7":5,"8":5,"9":5,"10":5,"11":5,"12":4,"13":0,"14":0,"15":0,"16":0,"17":0,"18":0,"19":0},"15":{"0":5,"1":5,"2":0,"3":5,"4":5,"5":5,"6":0,"7":4,"8":0,"9":0,"10":1,"11":1,"12":5,"13":5,"14":5,"15":0,"16":0,"17":4,"18":0,"19":0},"16":{"0":5,"1":5,"2":5,"3":1,"4":5,"5":5,"6":2,"7":5,"8":5,"9":0,"10":5,"11":5,"12":4,"13":5,"14":5,"15":5,"16":0,"17":0,"18":0,"19":0},"17":{"0":5,"1":5,"2":4,"3":5,"4":0,"5":0,"6":0,"7":5,"8":5,"9":5,"10":4,"11":5,"12":5,"13":5,"14":5,"15":5,"16":2,"17":0,"18":0,"19":0},"18":{"0":5,"1":5,"2":5,"3":0,"4":5,"5":5,"6":5,"7":5,"8":3,"9":1,"10":5,"11":0,"12":5,"13":5,"14":1,"15":5,"16":2,"17":3,"18":0,"19":0},"19":{"0":4,"1":0,"2":1,"3":5,"4":5,"5":5,"6":5,"7":5,"8":2,"9":5,"10":4,"11":1,"12":5,"13":5,"14":5,"15":5,"16":5,"17":5,"18":0,"19":0}},"method":"lop","centroid_solution":[19,18,17,16,15,14,12,13,11,10,9,8,7,5,6,4,3,2,1,0]}