{"solutions":[[0,2,1,3,5,4,6,7,10,11,8,12,14,9,16,15,18,13,19,17],[2,0,1,3,5,4,6,7,10,11,8,12,14,9,15,13,16,18,19,17],[0,1,2,3,5,4,6,7,10,11,8,12,14,9,15,16,13,18,19,17],[0,1,2,3,5,4,6,7,10,11,8,12,14,9,16,15,13,18,19,17],[0,1,2,3,5,4,6,7,10,11,8,12,14,9,16,15,18,13,19,17],[2,0,1,3,5,4,6,7,10,11,8,12,14,9,16,15,13,18,19,17],[0,2,1,3,5,4,6,7,10,11,8,12,14,9,16,18,15,13,19,17],[0,2,1,3,5,4,6,7,10,11,8,12,14,9,15,13,16,18,19,17],[17,19,18,13,16,15,9,14,12,8,11,10,7,6,4,5,3,1,2,0],[0,2,1,3,5,4,6,7,10,11,8,12,14,9,15,16,18,13,19,17],[2,0,1,3,5,4,6,7,10,11,8,12,14,9,15,16,18,13,19,17],[0,2,1,3,5,4,6,7,10,11,8,12,14,9,15,16,13,18,19,17],[2,0,1,3,5,4,6,7,10,11,8,12,14,9,16,18,15,13,19,17],[0,2,1,3,5,4,6,7,10,11,8,12,14,9,16,15,13,18,19,17],[0,1,2,3,5,4,6,7,10,11,8,12,14,9,16,18,15,13,19,17],[2,0,1,3,5,4,6,7,10,11,8,12,14,9,16,15,18,13,19,17],[2,0,1,3,5,4,6,7,10,11,8,12,14,9,15,16,13,18,19,17],[0,1,2,3,5,4,6,7,10,11,8,12,14,9,15,16,18,13,19,17],[0,1,2,3,5,4,6,7,10,11,8,12,14,9,15,13,16,18,19,17],[17,19,13,15,18,16,9,14,12,8,11,10,7,6,4,5,3,1,0,2]],"obj":633.0,"max_tau_solutions":null,"centroid_x":[[0.0,1.0,0.5620483617,1.0,1.0,1.0,1.0,1.0,1.0,1.0,1.0,1.0,1.0,1.0,1.0,1.0,1.0,1.0,1.0,1.0],[0.0,0.0,0.439442418,1.0,1.0,1.0,1.0,1.0,1.0,1.0,1.0,1.0,1.0,1.0,1.0,1.0,1.0,1.0,1.0,1.0],[0.4379516383,0.560557582,0.0,1.0,1.0,1.0,1.0,1.0,1.0,1.0,1.0,1.0,1.0,1.0,1.0,1.0,1.0,1.0,1.0,1.0],[0.0,0.0,0.0,0.0,1.0,1.0,1.0,1.0,1.0,1.0,1.0,1.0,1.0,1.0,1.0,1.0,1.0,1.0,1.0,1.0],[0.0,0.0,0.0,0.0,0.0,0.0,1.0,1.0,1.0,1.0,1.0,1.0,1.0,1.0,1.0,1.0,1.0,1.0,1.0,1.0],[0.0,0.0,0.0,0.0,1.0,0.0,1.0,1.0,1.0,1.0,1.0,1.0,1.0,1.0,1.0,1.0,1.0,1.0,1.0,1.0],[0.0,0.0,0.0,0.0,0.0,0.0,0.0,1.0,1.0,1.0,1.0,1.0,1.0,1.0,1.0,1.0,1.0,1.0,1.0,1.0],[0.0,0.0,0.0,0.0,0.0,0.0,0.0,0.0,1.0,1.0,1.0,1.0,1.0,1.0,1.0,1.0,1.0,1.0,1.0,1.0],[0.0,0.0,0.0,0.0,0.0,0.0,0.0,0.0,0.0,1.0,0.0,0.0,1.0,1.0,1.0,1.0,1.0,1.0,1.0,1.0],[0.0,0.0,0.0,0.0,0.0,0.0,0.0,0.0,0.0,0.0,0.0,0.0,0.0,1.0,0.0,1.0,1.0,1.0,1.0,1.0],[0.0,0.0,0.0,0.0,0.0,0.0,0.0,0.0,1.0,1.0,0.0,1.0,1.0,1.0,1.0,1.0,1.0,1.0,1.0,1.0],[0.0,0.0,0.0,0.0,0.0,0.0,0.0,0.0,1.0,1.0,0.0,0.0,1.0,1.0,1.0,1.0,1.0,1.0,1.0,1.0],[0.0,0.0,0.0,0.0,0.0,0.0,0.0,0.0,0.0,1.0,0.0,0.0,0.0,1.0,1.0,1.0,1.0,1.0,1.0,1.0],[0.0,0.0,0.0,0.0,0.0,0.0,0.0,0.0,0.0,0.0,0.0,0.0,0.0,0.0,0.0,0.0,0.3874970058,1.0,0.510734388,1.0],[0.0,0.0,0.0,0.0,0.0,0.0,0.0,0.0,0.0,1.0,0.0,0.0,0.0,1.0,0.0,1.0,1.0,1.0,1.0,1.0],[0.0,0.0,0.0,0.0,0.0,0.0,0.0,0.0,0.0,0.0,0.0,0.0,0.0,1.0,0.0,0.0,0.5168449633,1.0,0.6497186411,1.0],[0.0,0.0,0.0,0.0,0.0,0.0,0.0,0.0,0.0,0.0,0.0,0.0,0.0,0.6125029942,0.0,0.4831550367,0.0,1.0,1.0,1.0],[0.0,0.0,0.0,0.0,0.0,0.0,0.0,0.0,0.0,0.0,0.0,0.0,0.0,0.0,0.0,0.0,0.0,0.0,0.0,0.0],[0.0,0.0,0.0,0.0,0.0,0.0,0.0,0.0,0.0,0.0,0.0,0.0,0.0,0.489265612,0.0,0.3502813589,0.0,1.0,0.0,1.0],[0.0,0.0,0.0,0.0,0.0,0.0,0.0,0.0,0.0,0.0,0.0,0.0,0.0,0.0,0.0,0.0,0.0,1.0,0.0,0.0]],"outlier_solution":[17,19,18,13,16,15,9,14,12,8,11,10,7,6,4,5,3,1,2,0],"dataset_id":250,"source_dataset_id":267,"options":null,"D":{"0":{"0":0,"1":0,"2":5,"3":0,"4":0,"5":5,"6":5,"7":0,"8":0,"9":2,"10":0,"11":2,"12":0,"13":0,"14":4,"15":0,"16":0,"17":5,"18":0,"19":0},"1":{"0":4,"1":0,"2":2,"3":0,"4":0,"5":0,"6":0,"7":0,"8":0,"9":3,"10":0,"11":2,"12":1,"13":1,"14":0,"15":0,"16":4,"17":0,"18":5,"19":3},"2":{"0":5,"1":2,"2":0,"3":0,"4":1,"5":5,"6":0,"7":0,"8":0,"9":0,"10":3,"11":4,"12":4,"13":0,"14":0,"15":4,"16":0,"17":5,"18":0,"19":3},"3":{"0":3,"1":5,"2":5,"3":0,"4":0,"5":0,"6":1,"7":0,"8":0,"9":0,"10":0,"11":0,"12":3,"13":0,"14":0,"15":0,"16":0,"17":0,"18":0,"19":1},"4":{"0":5,"1":5,"2":5,"3":0,"4":0,"5":4,"6":0,"7":0,"8":0,"9":0,"10":0,"11":0,"12":0,"13":5,"14":4,"15":2,"16":0,"17":0,"18":0,"19":1},"5":{"0":5,"1":1,"2":5,"3":5,"4":3,"5":0,"6":0,"7":4,"8":0,"9":0,"10":0,"11":0,"12":2,"13":4,"14":4,"15":2,"16":0,"17":4,"18":0,"19":2},"6":{"0":5,"1":5,"2":5,"3":0,"4":2,"5":1,"6":0,"7":0,"8":0,"9":3,"10":5,"11":0,"12":0,"13":0,"14":0,"15":4,"16":0,"17":0,"18":0,"19":0},"7":{"0":5,"1":0,"2":3,"3":5,"4":5,"5":5,"6":2,"7":0,"8":0,"9":2,"10":1,"11":2,"12":2,"13":0,"14":0,"15":4,"16":3,"17":1,"18":0,"19":0},"8":{"0":4,"1":0,"2":5,"3":5,"4":5,"5":1,"6":5,"7":5,"8":0,"9":0,"10":5,"11":3,"12":0,"13":0,"14":0,"15":0,"16":1,"17":0,"18":0,"19":0},"9":{"0":4,"1":0,"2":3,"3":0,"4":5,"5":0,"6":0,"7":0,"8":4,"9":0,"10":3,"11":4,"12":4,"13":0,"14":2,"15":0,"16":0,"17":0,"18":0,"19":5},"10":{"0":0,"1":3,"2":5,"3":0,"4":2,"5":1,"6":5,"7":5,"8":5,"9":3,"10":0,"11":0,"12":0,"13":3,"14":0,"15":2,"16":5,"17":2,"18":0,"19":5},"11":{"0":5,"1":0,"2":5,"3":5,"4":5,"5":5,"6":4,"7":1,"8":0,"9":3,"10":5,"11":0,"12":1,"13":1,"14":5,"15":0,"16":1,"17":0,"18":0,"19":0},"12":{"0":5,"1":5,"2":4,"3":5,"4":5,"5":5,"6":4,"7":3,"8":1,"9":5,"10":2,"11":5,"12":0,"13":0,"14":0,"15":0,"16":4,"17":1,"18":2,"19":3},"13":{"0":2,"1":3,"2":5,"3":0,"4":0,"5":1,"6":5,"7":3,"8":2,"9":5,"10":5,"11":5,"12":0,"13":0,"14":1,"15":3,"16":0,"17":0,"18":0,"19":0},"14":{"0":0,"1":4,"2":5,"3":5,"4":5,"5":4,"6":1,"7":5,"8":2,"9":0,"10":5,"11":3,"12":5,"13":0,"14":0,"15":0,"16":0,"17":0,"18":0,"19":3},"15":{"0":0,"1":5,"2":3,"3":1,"4":4,"5":3,"6":5,"7":5,"8":5,"9":5,"10":2,"11":5,"12":5,"13":1,"14":4,"15":0,"16":5,"17":3,"18":0,"19":0},"16":{"0":0,"1":2,"2":5,"3":5,"4":0,"5":0,"6":5,"7":5,"8":0,"9":2,"10":4,"11":5,"12":4,"13":0,"14":3,"15":5,"16":0,"17":0,"18":0,"19":0},"17":{"0":5,"1":0,"2":3,"3":0,"4":2,"5":5,"6":5,"7":5,"8":4,"9":5,"10":1,"11":5,"12":0,"13":5,"14":5,"15":4,"16":5,"17":0,"18":3,"19":3},"18":{"0":1,"1":2,"2":2,"3":3,"4":5,"5":5,"6":5,"7":3,"8":5,"9":5,"10":5,"11":5,"12":0,"13":0,"14":2,"15":0,"16":5,"17":3,"18":0,"19":4},"19":{"0":0,"1":5,"2":5,"3":5,"4":0,"5":5,"6":5,"7":1,"8":5,"9":0,"10":5,"11":5,"12":3,"13":5,"14":1,"15":5,"16":5,"17":0,"18":5,"19":0}},"method":"lop","centroid_solution":[17,19,13,15,18,16,9,14,12,8,11,10,7,6,4,5,3,1,0,2]}