{"solutions":[[0,1,2,3,4,7,5,6,8,13,9,11,10,12,14,15,16,17,18,19],[0,1,2,4,3,7,5,6,8,13,9,11,10,12,14,15,16,17,18,19],[0,1,2,3,4,7,5,6,8,13,9,11,10,14,12,15,16,17,18,19],[0,1,3,2,4,7,5,6,8,13,9,11,10,14,12,15,16,17,18,19],[0,1,3,2,4,5,7,6,8,13,9,11,10,14,15,12,16,17,18,19],[19,18,17,16,15,14,12,10,11,9,13,8,6,7,3,5,4,2,1,0],[0,1,2,4,3,5,7,6,8,13,9,11,10,14,15,12,16,17,18,19],[0,1,3,2,4,5,7,6,8,13,9,11,10,12,14,15,16,17,18,19],[19,18,17,16,15,12,14,10,11,9,13,8,6,7,5,4,3,2,1,0],[0,1,2,3,4,5,7,6,8,13,9,11,10,14,15,12,16,17,18,19],[0,1,2,4,3,5,7,6,8,13,9,11,10,12,14,15,16,17,18,19],[0,1,2,3,4,5,7,6,8,13,9,11,10,12,14,15,16,17,18,19],[0,1,3,2,4,5,7,6,8,13,9,11,10,14,12,15,16,17,18,19],[0,1,2,3,4,7,5,6,8,13,9,11,10,14,15,12,16,17,18,19],[0,1,2,4,3,5,7,6,8,13,9,11,10,14,12,15,16,17,18,19],[0,1,3,2,4,7,5,6,8,13,9,11,10,14,15,12,16,17,18,19],[0,1,2,4,5,3,7,6,8,13,9,11,10,12,14,15,16,17,18,19],[0,1,2,3,4,5,7,6,8,13,9,11,10,14,12,15,16,17,18,19],[0,1,2,4,5,3,7,6,8,13,9,11,10,14,12,15,16,17,18,19],[0,1,2,4,3,7,5,6,8,13,9,11,10,14,15,12,16,17,18,19],[0,1,2,4,5,3,7,6,8,13,9,11,10,14,15,12,16,17,18,19],[0,1,2,4,3,7,5,6,8,13,9,11,10,14,12,15,16,17,18,19],[0,1,3,2,4,7,5,6,8,13,9,11,10,12,14,15,16,17,18,19]],"obj":648.0,"max_tau_solutions":null,"centroid_x":[[0.0,1.0,1.0,1.0,1.0,1.0,1.0,1.0,1.0,1.0,1.0,1.0,1.0,1.0,1.0,1.0,1.0,1.0,1.0,1.0],[0.0,0.0,1.0,1.0,1.0,1.0,1.0,1.0,1.0,1.0,1.0,1.0,1.0,1.0,1.0,1.0,1.0,1.0,1.0,1.0],[0.0,0.0,0.0,0.6080976309,1.0,1.0,1.0,1.0,1.0,1.0,1.0,1.0,1.0,1.0,1.0,1.0,1.0,1.0,1.0,1.0],[0.0,0.0,0.3919023691,0.0,0.5087035985,0.6352947274,1.0,1.0,1.0,1.0,1.0,1.0,1.0,1.0,1.0,1.0,1.0,1.0,1.0,1.0],[0.0,0.0,0.0,0.4912964015,0.0,1.0,1.0,1.0,1.0,1.0,1.0,1.0,1.0,1.0,1.0,1.0,1.0,1.0,1.0,1.0],[0.0,0.0,0.0,0.3647052726,0.0,0.0,1.0,0.5355096787,1.0,1.0,1.0,1.0,1.0,1.0,1.0,1.0,1.0,1.0,1.0,1.0],[0.0,0.0,0.0,0.0,0.0,0.0,0.0,0.0,1.0,1.0,1.0,1.0,1.0,1.0,1.0,1.0,1.0,1.0,1.0,1.0],[0.0,0.0,0.0,0.0,0.0,0.4644903213,1.0,0.0,1.0,1.0,1.0,1.0,1.0,1.0,1.0,1.0,1.0,1.0,1.0,1.0],[0.0,0.0,0.0,0.0,0.0,0.0,0.0,0.0,0.0,1.0,1.0,1.0,1.0,1.0,1.0,1.0,1.0,1.0,1.0,1.0],[0.0,0.0,0.0,0.0,0.0,0.0,0.0,0.0,0.0,0.0,1.0,1.0,1.0,0.0,1.0,1.0,1.0,1.0,1.0,1.0],[0.0,0.0,0.0,0.0,0.0,0.0,0.0,0.0,0.0,0.0,0.0,0.0,1.0,0.0,1.0,1.0,1.0,1.0,1.0,1.0],[0.0,0.0,0.0,0.0,0.0,0.0,0.0,0.0,0.0,0.0,1.0,0.0,1.0,0.0,1.0,1.0,1.0,1.0,1.0,1.0],[0.0,0.0,0.0,0.0,0.0,0.0,0.0,0.0,0.0,0.0,0.0,0.0,0.0,0.0,0.4350385454,0.558418188,1.0,1.0,1.0,1.0],[0.0,0.0,0.0,0.0,0.0,0.0,0.0,0.0,0.0,1.0,1.0,1.0,1.0,0.0,1.0,1.0,1.0,1.0,1.0,1.0],[0.0,0.0,0.0,0.0,0.0,0.0,0.0,0.0,0.0,0.0,0.0,0.0,0.5649614546,0.0,0.0,1.0,1.0,1.0,1.0,1.0],[0.0,0.0,0.0,0.0,0.0,0.0,0.0,0.0,0.0,0.0,0.0,0.0,0.441581812,0.0,0.0,0.0,1.0,1.0,1.0,1.0],[0.0,0.0,0.0,0.0,0.0,0.0,0.0,0.0,0.0,0.0,0.0,0.0,0.0,0.0,0.0,0.0,0.0,1.0,1.0,1.0],[0.0,0.0,0.0,0.0,0.0,0.0,0.0,0.0,0.0,0.0,0.0,0.0,0.0,0.0,0.0,0.0,0.0,0.0,1.0,1.0],[0.0,0.0,0.0,0.0,0.0,0.0,0.0,0.0,0.0,0.0,0.0,0.0,0.0,0.0,0.0,0.0,0.0,0.0,0.0,1.0],[0.0,0.0,0.0,0.0,0.0,0.0,0.0,0.0,0.0,0.0,0.0,0.0,0.0,0.0,0.0,0.0,0.0,0.0,0.0,0.0]],"outlier_solution":[19,18,17,16,15,12,14,10,11,9,13,8,6,7,5,4,3,2,1,0],"dataset_id":252,"source_dataset_id":269,"options":null,"D":{"0":{"0":0,"1":0,"2":1,"3":1,"4":2,"5":4,"6":0,"7":0,"8":0,"9":0,"10":0,"11":1,"12":0,"13":0,"14":0,"15":3,"16":3,"17":0,"18":0,"19":0},"1":{"0":5,"1":0,"2":0,"3":0,"4":5,"5":5,"6":0,"7":0,"8":0,"9":5,"10":0,"11":0,"12":0,"13":0,"14":0,"15":0,"16":4,"17":0,"18":2,"19":0},"2":{"0":0,"1":5,"2":0,"3":0,"4":0,"5":2,"6":0,"7":0,"8":5,"9":5,"10":0,"11":3,"12":5,"13":0,"14":3,"15":0,"16":0,"17":0,"18":3,"19":1},"3":{"0":3,"1":5,"2":0,"3":0,"4":0,"5":0,"6":0,"7":0,"8":0,"9":0,"10":0,"11":0,"12":0,"13":0,"14":1,"15":1,"16":0,"17":0,"18":5,"19":0},"4":{"0":5,"1":5,"2":5,"3":0,"4":0,"5":0,"6":0,"7":3,"8":0,"9":2,"10":0,"11":2,"12":1,"13":0,"14":2,"15":1,"16":2,"17":3,"18":0,"19":0},"5":{"0":4,"1":5,"2":5,"3":0,"4":5,"5":0,"6":3,"7":2,"8":0,"9":5,"10":1,"11":0,"12":0,"13":0,"14":2,"15":0,"16":5,"17":0,"18":0,"19":1},"6":{"0":5,"1":5,"2":4,"3":3,"4":0,"5":5,"6":0,"7":3,"8":0,"9":4,"10":2,"11":0,"12":0,"13":0,"14":0,"15":4,"16":1,"17":0,"18":0,"19":0},"7":{"0":2,"1":5,"2":0,"3":2,"4":5,"5":2,"6":2,"7":0,"8":0,"9":2,"10":0,"11":0,"12":0,"13":0,"14":0,"15":5,"16":0,"17":0,"18":1,"19":2},"8":{"0":3,"1":4,"2":5,"3":5,"4":2,"5":0,"6":2,"7":3,"8":0,"9":2,"10":0,"11":0,"12":0,"13":0,"14":0,"15":5,"16":5,"17":0,"18":3,"19":4},"9":{"0":0,"1":5,"2":4,"3":5,"4":5,"5":5,"6":5,"7":3,"8":5,"9":0,"10":0,"11":0,"12":0,"13":3,"14":0,"15":2,"16":0,"17":0,"18":0,"19":0},"10":{"0":2,"1":5,"2":5,"3":5,"4":5,"5":5,"6":5,"7":5,"8":2,"9":2,"10":0,"11":5,"12":0,"13":1,"14":0,"15":0,"16":1,"17":0,"18":0,"19":0},"11":{"0":1,"1":1,"2":3,"3":0,"4":5,"5":4,"6":3,"7":2,"8":5,"9":5,"10":0,"11":0,"12":5,"13":3,"14":0,"15":0,"16":0,"17":0,"18":0,"19":4},"12":{"0":5,"1":3,"2":0,"3":3,"4":5,"5":5,"6":0,"7":0,"8":0,"9":5,"10":5,"11":5,"12":0,"13":5,"14":0,"15":2,"16":0,"17":0,"18":2,"19":0},"13":{"0":4,"1":0,"2":5,"3":0,"4":2,"5":0,"6":4,"7":0,"8":2,"9":0,"10":5,"11":0,"12":5,"13":0,"14":3,"15":0,"16":1,"17":0,"18":4,"19":0},"14":{"0":5,"1":0,"2":4,"3":5,"4":5,"5":2,"6":4,"7":5,"8":2,"9":5,"10":4,"11":5,"12":0,"13":5,"14":0,"15":0,"16":0,"17":0,"18":2,"19":0},"15":{"0":0,"1":3,"2":5,"3":5,"4":3,"5":0,"6":5,"7":5,"8":5,"9":5,"10":2,"11":5,"12":2,"13":4,"14":2,"15":0,"16":0,"17":2,"18":0,"19":0},"16":{"0":5,"1":5,"2":5,"3":4,"4":0,"5":5,"6":5,"7":5,"8":4,"9":5,"10":2,"11":5,"12":2,"13":5,"14":4,"15":3,"16":0,"17":1,"18":0,"19":0},"17":{"0":1,"1":4,"2":1,"3":4,"4":5,"5":5,"6":2,"7":1,"8":5,"9":5,"10":0,"11":5,"12":5,"13":5,"14":5,"15":5,"16":3,"17":0,"18":2,"19":0},"18":{"0":5,"1":0,"2":5,"3":5,"4":5,"5":1,"6":1,"7":5,"8":0,"9":1,"10":5,"11":5,"12":5,"13":0,"14":5,"15":5,"16":0,"17":5,"18":0,"19":0},"19":{"0":5,"1":5,"2":2,"3":2,"4":5,"5":5,"6":5,"7":5,"8":5,"9":1,"10":3,"11":0,"12":5,"13":5,"14":5,"15":2,"16":0,"17":5,"18":4,"19":0}},"method":"lop","centroid_solution":[19,18,17,16,15,14,12,10,11,9,13,8,6,7,3,5,4,2,1,0]}