{"solutions":[[19,18,9,13,17,16,14,15,12,11,10,5,7,8,4,3,6,1,0,2],[2,0,1,6,3,4,7,8,5,10,11,12,15,14,16,17,13,9,18,19],[19,9,18,13,17,16,14,15,12,11,10,5,8,7,4,3,6,1,0,2],[2,0,1,6,3,4,8,7,5,10,11,12,15,14,16,17,13,18,9,19],[2,0,1,6,3,4,8,7,5,10,11,12,15,14,16,17,13,9,18,19],[2,0,1,6,3,4,7,8,5,10,11,12,15,14,16,17,13,18,9,19]],"obj":667.0,"max_tau_solutions":null,"centroid_x":[[0.0,1.0,0.0,1.0,1.0,1.0,1.0,1.0,1.0,1.0,1.0,1.0,1.0,1.0,1.0,1.0,1.0,1.0,1.0,1.0],[0.0,0.0,0.0,1.0,1.0,1.0,1.0,1.0,1.0,1.0,1.0,1.0,1.0,1.0,1.0,1.0,1.0,1.0,1.0,1.0],[1.0,1.0,0.0,1.0,1.0,1.0,1.0,1.0,1.0,1.0,1.0,1.0,1.0,1.0,1.0,1.0,1.0,1.0,1.0,1.0],[0.0,0.0,0.0,0.0,1.0,1.0,0.0,1.0,1.0,1.0,1.0,1.0,1.0,1.0,1.0,1.0,1.0,1.0,1.0,1.0],[0.0,0.0,0.0,0.0,0.0,1.0,0.0,1.0,1.0,1.0,1.0,1.0,1.0,1.0,1.0,1.0,1.0,1.0,1.0,1.0],[0.0,0.0,0.0,0.0,0.0,0.0,0.0,0.0,0.0,1.0,1.0,1.0,1.0,1.0,1.0,1.0,1.0,1.0,1.0,1.0],[0.0,0.0,0.0,1.0,1.0,1.0,0.0,1.0,1.0,1.0,1.0,1.0,1.0,1.0,1.0,1.0,1.0,1.0,1.0,1.0],[0.0,0.0,0.0,0.0,0.0,1.0,0.0,0.0,0.5060718179,1.0,1.0,1.0,1.0,1.0,1.0,1.0,1.0,1.0,1.0,1.0],[0.0,0.0,0.0,0.0,0.0,1.0,0.0,0.4939281821,0.0,1.0,1.0,1.0,1.0,1.0,1.0,1.0,1.0,1.0,1.0,1.0],[0.0,0.0,0.0,0.0,0.0,0.0,0.0,0.0,0.0,0.0,0.0,0.0,0.0,0.0,0.0,0.0,0.0,0.0,0.4702606798,1.0],[0.0,0.0,0.0,0.0,0.0,0.0,0.0,0.0,0.0,1.0,0.0,1.0,1.0,1.0,1.0,1.0,1.0,1.0,1.0,1.0],[0.0,0.0,0.0,0.0,0.0,0.0,0.0,0.0,0.0,1.0,0.0,0.0,1.0,1.0,1.0,1.0,1.0,1.0,1.0,1.0],[0.0,0.0,0.0,0.0,0.0,0.0,0.0,0.0,0.0,1.0,0.0,0.0,0.0,1.0,1.0,1.0,1.0,1.0,1.0,1.0],[0.0,0.0,0.0,0.0,0.0,0.0,0.0,0.0,0.0,1.0,0.0,0.0,0.0,0.0,0.0,0.0,0.0,0.0,1.0,1.0],[0.0,0.0,0.0,0.0,0.0,0.0,0.0,0.0,0.0,1.0,0.0,0.0,0.0,1.0,0.0,0.0,1.0,1.0,1.0,1.0],[0.0,0.0,0.0,0.0,0.0,0.0,0.0,0.0,0.0,1.0,0.0,0.0,0.0,1.0,1.0,0.0,1.0,1.0,1.0,1.0],[0.0,0.0,0.0,0.0,0.0,0.0,0.0,0.0,0.0,1.0,0.0,0.0,0.0,1.0,0.0,0.0,0.0,1.0,1.0,1.0],[0.0,0.0,0.0,0.0,0.0,0.0,0.0,0.0,0.0,1.0,0.0,0.0,0.0,1.0,0.0,0.0,0.0,0.0,1.0,1.0],[0.0,0.0,0.0,0.0,0.0,0.0,0.0,0.0,0.0,0.5297393202,0.0,0.0,0.0,0.0,0.0,0.0,0.0,0.0,0.0,1.0],[0.0,0.0,0.0,0.0,0.0,0.0,0.0,0.0,0.0,0.0,0.0,0.0,0.0,0.0,0.0,0.0,0.0,0.0,0.0,0.0]],"outlier_solution":[19,9,18,13,17,16,14,15,12,11,10,5,8,7,4,3,6,1,0,2],"dataset_id":255,"source_dataset_id":272,"options":null,"D":{"0":{"0":0,"1":0,"2":5,"3":0,"4":0,"5":0,"6":3,"7":0,"8":0,"9":3,"10":0,"11":0,"12":0,"13":0,"14":0,"15":0,"16":0,"17":5,"18":4,"19":1},"1":{"0":5,"1":0,"2":5,"3":0,"4":0,"5":0,"6":0,"7":0,"8":2,"9":0,"10":1,"11":4,"12":3,"13":0,"14":0,"15":0,"16":0,"17":1,"18":0,"19":3},"2":{"0":2,"1":5,"2":0,"3":3,"4":0,"5":0,"6":0,"7":5,"8":1,"9":0,"10":3,"11":0,"12":0,"13":2,"14":0,"15":5,"16":2,"17":3,"18":0,"19":0},"3":{"0":4,"1":5,"2":5,"3":0,"4":0,"5":0,"6":4,"7":0,"8":0,"9":0,"10":0,"11":0,"12":0,"13":0,"14":5,"15":0,"16":5,"17":1,"18":0,"19":0},"4":{"0":0,"1":4,"2":5,"3":5,"4":0,"5":0,"6":2,"7":0,"8":0,"9":0,"10":0,"11":0,"12":0,"13":0,"14":0,"15":5,"16":4,"17":3,"18":0,"19":1},"5":{"0":4,"1":4,"2":2,"3":0,"4":5,"5":0,"6":0,"7":4,"8":4,"9":0,"10":1,"11":0,"12":0,"13":0,"14":0,"15":0,"16":0,"17":0,"18":1,"19":2},"6":{"0":3,"1":3,"2":5,"3":1,"4":2,"5":1,"6":0,"7":3,"8":0,"9":0,"10":0,"11":0,"12":0,"13":1,"14":0,"15":0,"16":0,"17":2,"18":0,"19":0},"7":{"0":5,"1":5,"2":0,"3":1,"4":5,"5":3,"6":5,"7":0,"8":0,"9":3,"10":0,"11":2,"12":0,"13":3,"14":0,"15":2,"16":3,"17":0,"18":2,"19":4},"8":{"0":5,"1":5,"2":2,"3":5,"4":5,"5":0,"6":3,"7":0,"8":0,"9":0,"10":0,"11":0,"12":1,"13":5,"14":0,"15":0,"16":3,"17":5,"18":3,"19":1},"9":{"0":3,"1":5,"2":5,"3":5,"4":0,"5":1,"6":4,"7":5,"8":2,"9":0,"10":0,"11":0,"12":0,"13":3,"14":4,"15":5,"16":4,"17":5,"18":0,"19":0},"10":{"0":5,"1":5,"2":5,"3":0,"4":0,"5":3,"6":5,"7":0,"8":5,"9":2,"10":0,"11":0,"12":0,"13":0,"14":0,"15":0,"16":4,"17":0,"18":0,"19":0},"11":{"0":0,"1":5,"2":1,"3":5,"4":1,"5":5,"6":0,"7":5,"8":4,"9":3,"10":5,"11":0,"12":0,"13":0,"14":0,"15":1,"16":0,"17":0,"18":0,"19":0},"12":{"0":1,"1":5,"2":5,"3":0,"4":2,"5":2,"6":5,"7":5,"8":4,"9":5,"10":3,"11":5,"12":0,"13":0,"14":0,"15":0,"16":3,"17":4,"18":0,"19":0},"13":{"0":5,"1":4,"2":5,"3":3,"4":2,"5":5,"6":5,"7":5,"8":5,"9":1,"10":0,"11":2,"12":5,"13":0,"14":1,"15":2,"16":4,"17":3,"18":0,"19":0},"14":{"0":5,"1":5,"2":5,"3":2,"4":4,"5":5,"6":4,"7":2,"8":5,"9":0,"10":5,"11":3,"12":5,"13":0,"14":0,"15":2,"16":0,"17":0,"18":0,"19":4},"15":{"0":5,"1":4,"2":0,"3":2,"4":5,"5":5,"6":5,"7":5,"8":5,"9":5,"10":3,"11":5,"12":5,"13":0,"14":0,"15":0,"16":0,"17":0,"18":0,"19":0},"16":{"0":5,"1":5,"2":2,"3":5,"4":5,"5":5,"6":5,"7":5,"8":5,"9":0,"10":5,"11":5,"12":3,"13":0,"14":5,"15":0,"16":0,"17":3,"18":0,"19":0},"17":{"0":5,"1":3,"2":3,"3":5,"4":5,"5":0,"6":5,"7":4,"8":1,"9":0,"10":5,"11":4,"12":5,"13":0,"14":5,"15":1,"16":5,"17":0,"18":0,"19":0},"18":{"0":0,"1":5,"2":5,"3":5,"4":5,"5":4,"6":1,"7":5,"8":2,"9":0,"10":0,"11":5,"12":5,"13":5,"14":3,"15":1,"16":0,"17":5,"18":0,"19":2},"19":{"0":5,"1":5,"2":4,"3":1,"4":2,"5":0,"6":5,"7":5,"8":3,"9":1,"10":3,"11":5,"12":5,"13":4,"14":5,"15":0,"16":0,"17":5,"18":4,"19":0}},"method":"lop","centroid_solution":[19,18,9,13,17,16,14,15,12,11,10,5,7,8,4,3,6,1,0,2]}