{"solutions":[[1,0,2,4,3,12,5,7,11,6,14,18,9,19,8,10,16,13,15,17],[1,0,2,3,4,12,5,7,11,6,14,18,9,19,8,10,16,13,15,17],[17,15,13,16,10,8,19,9,18,14,6,11,7,5,12,3,4,2,0,1],[17,15,13,16,10,8,19,9,18,14,6,11,7,5,12,4,3,2,0,1]],"obj":631.0,"max_tau_solutions":null,"centroid_x":[[0.0,0.0,1.0,1.0,1.0,1.0,1.0,1.0,1.0,1.0,1.0,1.0,1.0,1.0,1.0,1.0,1.0,1.0,1.0,1.0],[1.0,0.0,1.0,1.0,1.0,1.0,1.0,1.0,1.0,1.0,1.0,1.0,1.0,1.0,1.0,1.0,1.0,1.0,1.0,1.0],[0.0,0.0,0.0,1.0,1.0,1.0,1.0,1.0,1.0,1.0,1.0,1.0,1.0,1.0,1.0,1.0,1.0,1.0,1.0,1.0],[0.0,0.0,0.0,0.0,0.4915731079,1.0,1.0,1.0,1.0,1.0,1.0,1.0,1.0,1.0,1.0,1.0,1.0,1.0,1.0,1.0],[0.0,0.0,0.0,0.5084268921,0.0,1.0,1.0,1.0,1.0,1.0,1.0,1.0,1.0,1.0,1.0,1.0,1.0,1.0,1.0,1.0],[0.0,0.0,0.0,0.0,0.0,0.0,1.0,1.0,1.0,1.0,1.0,1.0,0.0,1.0,1.0,1.0,1.0,1.0,1.0,1.0],[0.0,0.0,0.0,0.0,0.0,0.0,0.0,0.0,1.0,1.0,1.0,0.0,0.0,1.0,1.0,1.0,1.0,1.0,1.0,1.0],[0.0,0.0,0.0,0.0,0.0,0.0,1.0,0.0,1.0,1.0,1.0,1.0,0.0,1.0,1.0,1.0,1.0,1.0,1.0,1.0],[0.0,0.0,0.0,0.0,0.0,0.0,0.0,0.0,0.0,0.0,1.0,0.0,0.0,1.0,0.0,1.0,1.0,1.0,0.0,0.0],[0.0,0.0,0.0,0.0,0.0,0.0,0.0,0.0,1.0,0.0,1.0,0.0,0.0,1.0,0.0,1.0,1.0,1.0,0.0,1.0],[0.0,0.0,0.0,0.0,0.0,0.0,0.0,0.0,0.0,0.0,0.0,0.0,0.0,1.0,0.0,1.0,1.0,1.0,0.0,0.0],[0.0,0.0,0.0,0.0,0.0,0.0,1.0,0.0,1.0,1.0,1.0,0.0,0.0,1.0,1.0,1.0,1.0,1.0,1.0,1.0],[0.0,0.0,0.0,0.0,0.0,1.0,1.0,1.0,1.0,1.0,1.0,1.0,0.0,1.0,1.0,1.0,1.0,1.0,1.0,1.0],[0.0,0.0,0.0,0.0,0.0,0.0,0.0,0.0,0.0,0.0,0.0,0.0,0.0,0.0,0.0,1.0,0.0,1.0,0.0,0.0],[0.0,0.0,0.0,0.0,0.0,0.0,0.0,0.0,1.0,1.0,1.0,0.0,0.0,1.0,0.0,1.0,1.0,1.0,1.0,1.0],[0.0,0.0,0.0,0.0,0.0,0.0,0.0,0.0,0.0,0.0,0.0,0.0,0.0,0.0,0.0,0.0,0.0,1.0,0.0,0.0],[0.0,0.0,0.0,0.0,0.0,0.0,0.0,0.0,0.0,0.0,0.0,0.0,0.0,1.0,0.0,1.0,0.0,1.0,0.0,0.0],[0.0,0.0,0.0,0.0,0.0,0.0,0.0,0.0,0.0,0.0,0.0,0.0,0.0,0.0,0.0,0.0,0.0,0.0,0.0,0.0],[0.0,0.0,0.0,0.0,0.0,0.0,0.0,0.0,1.0,1.0,1.0,0.0,0.0,1.0,0.0,1.0,1.0,1.0,0.0,1.0],[0.0,0.0,0.0,0.0,0.0,0.0,0.0,0.0,1.0,0.0,1.0,0.0,0.0,1.0,0.0,1.0,1.0,1.0,0.0,0.0]],"outlier_solution":[17,15,13,16,10,8,19,9,18,14,6,11,7,5,12,3,4,2,0,1],"dataset_id":268,"source_dataset_id":285,"options":null,"D":{"0":{"0":0,"1":5,"2":0,"3":0,"4":0,"5":0,"6":0,"7":1,"8":0,"9":0,"10":0,"11":0,"12":1,"13":4,"14":0,"15":0,"16":1,"17":5,"18":0,"19":1},"1":{"0":3,"1":0,"2":2,"3":3,"4":1,"5":1,"6":0,"7":1,"8":4,"9":0,"10":0,"11":0,"12":0,"13":3,"14":0,"15":3,"16":0,"17":2,"18":0,"19":0},"2":{"0":2,"1":5,"2":0,"3":0,"4":1,"5":0,"6":1,"7":0,"8":0,"9":3,"10":0,"11":0,"12":3,"13":3,"14":0,"15":3,"16":0,"17":0,"18":0,"19":0},"3":{"0":4,"1":5,"2":4,"3":0,"4":5,"5":0,"6":0,"7":1,"8":4,"9":3,"10":3,"11":0,"12":0,"13":0,"14":4,"15":0,"16":0,"17":0,"18":3,"19":5},"4":{"0":0,"1":2,"2":5,"3":5,"4":0,"5":3,"6":0,"7":0,"8":0,"9":0,"10":0,"11":4,"12":0,"13":1,"14":0,"15":2,"16":5,"17":5,"18":0,"19":0},"5":{"0":5,"1":4,"2":5,"3":5,"4":3,"5":0,"6":0,"7":0,"8":2,"9":0,"10":0,"11":0,"12":5,"13":0,"14":0,"15":0,"16":0,"17":0,"18":3,"19":0},"6":{"0":0,"1":5,"2":5,"3":5,"4":5,"5":5,"6":0,"7":5,"8":2,"9":1,"10":3,"11":3,"12":4,"13":2,"14":1,"15":0,"16":0,"17":1,"18":0,"19":0},"7":{"0":4,"1":0,"2":3,"3":5,"4":0,"5":1,"6":0,"7":0,"8":0,"9":0,"10":2,"11":0,"12":5,"13":2,"14":0,"15":0,"16":0,"17":0,"18":0,"19":0},"8":{"0":0,"1":5,"2":5,"3":2,"4":5,"5":0,"6":5,"7":0,"8":0,"9":3,"10":2,"11":4,"12":0,"13":2,"14":4,"15":3,"16":0,"17":0,"18":2,"19":4},"9":{"0":5,"1":1,"2":5,"3":3,"4":1,"5":2,"6":5,"7":5,"8":1,"9":0,"10":0,"11":0,"12":0,"13":5,"14":0,"15":1,"16":0,"17":0,"18":5,"19":0},"10":{"0":5,"1":5,"2":5,"3":1,"4":0,"5":5,"6":1,"7":5,"8":5,"9":5,"10":0,"11":0,"12":4,"13":0,"14":5,"15":0,"16":0,"17":2,"18":0,"19":1},"11":{"0":5,"1":5,"2":5,"3":1,"4":3,"5":4,"6":0,"7":3,"8":0,"9":0,"10":5,"11":0,"12":3,"13":5,"14":3,"15":5,"16":5,"17":0,"18":0,"19":5},"12":{"0":5,"1":4,"2":0,"3":3,"4":3,"5":0,"6":0,"7":0,"8":5,"9":5,"10":5,"11":5,"12":0,"13":5,"14":2,"15":0,"16":0,"17":3,"18":3,"19":0},"13":{"0":2,"1":5,"2":1,"3":2,"4":5,"5":0,"6":5,"7":2,"8":5,"9":4,"10":5,"11":5,"12":5,"13":0,"14":0,"15":0,"16":5,"17":0,"18":4,"19":5},"14":{"0":1,"1":3,"2":5,"3":0,"4":5,"5":5,"6":3,"7":1,"8":1,"9":0,"10":0,"11":5,"12":2,"13":5,"14":0,"15":0,"16":4,"17":0,"18":0,"19":0},"15":{"0":5,"1":0,"2":5,"3":5,"4":1,"5":5,"6":0,"7":5,"8":5,"9":5,"10":3,"11":0,"12":5,"13":4,"14":1,"15":0,"16":5,"17":0,"18":0,"19":1},"16":{"0":1,"1":1,"2":5,"3":5,"4":1,"5":5,"6":5,"7":5,"8":5,"9":2,"10":2,"11":5,"12":0,"13":2,"14":5,"15":0,"16":0,"17":0,"18":5,"19":5},"17":{"0":5,"1":5,"2":2,"3":5,"4":4,"5":5,"6":2,"7":1,"8":5,"9":0,"10":0,"11":5,"12":0,"13":5,"14":5,"15":3,"16":0,"17":0,"18":1,"19":3},"18":{"0":5,"1":5,"2":5,"3":4,"4":5,"5":5,"6":5,"7":5,"8":0,"9":0,"10":0,"11":5,"12":5,"13":4,"14":5,"15":0,"16":0,"17":1,"18":0,"19":0},"19":{"0":2,"1":5,"2":1,"3":2,"4":0,"5":5,"6":5,"7":0,"8":0,"9":3,"10":0,"11":2,"12":5,"13":3,"14":3,"15":3,"16":5,"17":0,"18":5,"19":0}},"method":"lop","centroid_solution":[17,15,13,16,10,8,19,9,18,14,6,11,7,5,12,4,3,2,0,1]}