{"solutions":[[18,19,17,16,15,13,14,12,11,10,9,8,7,6,5,4,3,2,1,0],[0,1,2,3,4,5,6,7,8,9,10,11,12,14,13,15,16,17,18,19],[0,1,2,3,4,5,6,7,8,9,10,11,12,14,13,15,16,17,19,18],[19,18,17,16,15,13,14,12,11,10,9,8,7,6,5,4,3,2,1,0]],"obj":718.0,"max_tau_solutions":null,"centroid_x":[[0.0,1.0,1.0,1.0,1.0,1.0,1.0,1.0,1.0,1.0,1.0,1.0,1.0,1.0,1.0,1.0,1.0,1.0,1.0,1.0],[0.0,0.0,1.0,1.0,1.0,1.0,1.0,1.0,1.0,1.0,1.0,1.0,1.0,1.0,1.0,1.0,1.0,1.0,1.0,1.0],[0.0,0.0,0.0,1.0,1.0,1.0,1.0,1.0,1.0,1.0,1.0,1.0,1.0,1.0,1.0,1.0,1.0,1.0,1.0,1.0],[0.0,0.0,0.0,0.0,1.0,1.0,1.0,1.0,1.0,1.0,1.0,1.0,1.0,1.0,1.0,1.0,1.0,1.0,1.0,1.0],[0.0,0.0,0.0,0.0,0.0,1.0,1.0,1.0,1.0,1.0,1.0,1.0,1.0,1.0,1.0,1.0,1.0,1.0,1.0,1.0],[0.0,0.0,0.0,0.0,0.0,0.0,1.0,1.0,1.0,1.0,1.0,1.0,1.0,1.0,1.0,1.0,1.0,1.0,1.0,1.0],[0.0,0.0,0.0,0.0,0.0,0.0,0.0,1.0,1.0,1.0,1.0,1.0,1.0,1.0,1.0,1.0,1.0,1.0,1.0,1.0],[0.0,0.0,0.0,0.0,0.0,0.0,0.0,0.0,1.0,1.0,1.0,1.0,1.0,1.0,1.0,1.0,1.0,1.0,1.0,1.0],[0.0,0.0,0.0,0.0,0.0,0.0,0.0,0.0,0.0,1.0,1.0,1.0,1.0,1.0,1.0,1.0,1.0,1.0,1.0,1.0],[0.0,0.0,0.0,0.0,0.0,0.0,0.0,0.0,0.0,0.0,1.0,1.0,1.0,1.0,1.0,1.0,1.0,1.0,1.0,1.0],[0.0,0.0,0.0,0.0,0.0,0.0,0.0,0.0,0.0,0.0,0.0,1.0,1.0,1.0,1.0,1.0,1.0,1.0,1.0,1.0],[0.0,0.0,0.0,0.0,0.0,0.0,0.0,0.0,0.0,0.0,0.0,0.0,1.0,1.0,1.0,1.0,1.0,1.0,1.0,1.0],[0.0,0.0,0.0,0.0,0.0,0.0,0.0,0.0,0.0,0.0,0.0,0.0,0.0,1.0,1.0,1.0,1.0,1.0,1.0,1.0],[0.0,0.0,0.0,0.0,0.0,0.0,0.0,0.0,0.0,0.0,0.0,0.0,0.0,0.0,0.0,1.0,1.0,1.0,1.0,1.0],[0.0,0.0,0.0,0.0,0.0,0.0,0.0,0.0,0.0,0.0,0.0,0.0,0.0,1.0,0.0,1.0,1.0,1.0,1.0,1.0],[0.0,0.0,0.0,0.0,0.0,0.0,0.0,0.0,0.0,0.0,0.0,0.0,0.0,0.0,0.0,0.0,1.0,1.0,1.0,1.0],[0.0,0.0,0.0,0.0,0.0,0.0,0.0,0.0,0.0,0.0,0.0,0.0,0.0,0.0,0.0,0.0,0.0,1.0,1.0,1.0],[0.0,0.0,0.0,0.0,0.0,0.0,0.0,0.0,0.0,0.0,0.0,0.0,0.0,0.0,0.0,0.0,0.0,0.0,1.0,1.0],[0.0,0.0,0.0,0.0,0.0,0.0,0.0,0.0,0.0,0.0,0.0,0.0,0.0,0.0,0.0,0.0,0.0,0.0,0.0,0.4996358027],[0.0,0.0,0.0,0.0,0.0,0.0,0.0,0.0,0.0,0.0,0.0,0.0,0.0,0.0,0.0,0.0,0.0,0.0,0.5003641973,0.0]],"outlier_solution":[18,19,17,16,15,13,14,12,11,10,9,8,7,6,5,4,3,2,1,0],"dataset_id":274,"source_dataset_id":291,"options":null,"D":{"0":{"0":0,"1":0,"2":0,"3":0,"4":0,"5":0,"6":5,"7":0,"8":0,"9":0,"10":0,"11":0,"12":0,"13":0,"14":0,"15":0,"16":5,"17":0,"18":0,"19":2},"1":{"0":5,"1":0,"2":0,"3":0,"4":1,"5":0,"6":0,"7":0,"8":0,"9":0,"10":0,"11":1,"12":0,"13":0,"14":0,"15":0,"16":0,"17":0,"18":0,"19":0},"2":{"0":2,"1":5,"2":0,"3":0,"4":4,"5":0,"6":0,"7":0,"8":0,"9":0,"10":0,"11":0,"12":0,"13":0,"14":1,"15":0,"16":0,"17":0,"18":2,"19":0},"3":{"0":4,"1":0,"2":5,"3":0,"4":0,"5":0,"6":3,"7":0,"8":0,"9":0,"10":4,"11":0,"12":3,"13":0,"14":0,"15":0,"16":2,"17":0,"18":0,"19":0},"4":{"0":5,"1":3,"2":5,"3":4,"4":0,"5":0,"6":0,"7":0,"8":0,"9":4,"10":0,"11":0,"12":0,"13":3,"14":3,"15":0,"16":0,"17":0,"18":0,"19":0},"5":{"0":5,"1":5,"2":0,"3":3,"4":1,"5":0,"6":4,"7":2,"8":0,"9":1,"10":0,"11":1,"12":0,"13":0,"14":0,"15":3,"16":0,"17":0,"18":0,"19":0},"6":{"0":4,"1":5,"2":5,"3":0,"4":5,"5":5,"6":0,"7":0,"8":0,"9":1,"10":2,"11":0,"12":5,"13":0,"14":0,"15":4,"16":0,"17":0,"18":0,"19":0},"7":{"0":1,"1":5,"2":5,"3":5,"4":3,"5":5,"6":4,"7":0,"8":4,"9":3,"10":0,"11":0,"12":0,"13":1,"14":0,"15":4,"16":0,"17":4,"18":0,"19":0},"8":{"0":3,"1":5,"2":5,"3":5,"4":5,"5":5,"6":1,"7":5,"8":0,"9":0,"10":0,"11":0,"12":0,"13":0,"14":0,"15":0,"16":0,"17":0,"18":0,"19":0},"9":{"0":5,"1":0,"2":0,"3":0,"4":5,"5":3,"6":5,"7":5,"8":5,"9":0,"10":0,"11":2,"12":0,"13":0,"14":0,"15":0,"16":0,"17":1,"18":2,"19":0},"10":{"0":3,"1":5,"2":5,"3":2,"4":5,"5":5,"6":5,"7":0,"8":5,"9":5,"10":0,"11":0,"12":0,"13":4,"14":0,"15":3,"16":0,"17":0,"18":0,"19":4},"11":{"0":5,"1":0,"2":5,"3":0,"4":4,"5":5,"6":5,"7":1,"8":5,"9":3,"10":5,"11":0,"12":0,"13":0,"14":1,"15":3,"16":1,"17":2,"18":5,"19":2},"12":{"0":5,"1":5,"2":5,"3":5,"4":5,"5":5,"6":0,"7":3,"8":5,"9":5,"10":5,"11":5,"12":0,"13":0,"14":0,"15":0,"16":0,"17":0,"18":0,"19":4},"13":{"0":0,"1":4,"2":1,"3":5,"4":5,"5":5,"6":5,"7":0,"8":3,"9":5,"10":5,"11":0,"12":2,"13":0,"14":2,"15":1,"16":0,"17":0,"18":4,"19":5},"14":{"0":2,"1":5,"2":5,"3":5,"4":5,"5":5,"6":0,"7":1,"8":5,"9":1,"10":0,"11":5,"12":5,"13":1,"14":0,"15":1,"16":0,"17":2,"18":0,"19":0},"15":{"0":0,"1":5,"2":5,"3":4,"4":5,"5":5,"6":2,"7":5,"8":3,"9":3,"10":5,"11":5,"12":5,"13":5,"14":5,"15":0,"16":0,"17":5,"18":0,"19":0},"16":{"0":5,"1":5,"2":5,"3":5,"4":5,"5":5,"6":5,"7":3,"8":5,"9":4,"10":5,"11":1,"12":5,"13":5,"14":0,"15":5,"16":0,"17":0,"18":4,"19":0},"17":{"0":5,"1":2,"2":5,"3":2,"4":5,"5":0,"6":5,"7":5,"8":5,"9":5,"10":5,"11":5,"12":0,"13":5,"14":5,"15":5,"16":5,"17":0,"18":0,"19":2},"18":{"0":0,"1":0,"2":5,"3":2,"4":0,"5":5,"6":5,"7":4,"8":5,"9":5,"10":5,"11":5,"12":0,"13":5,"14":5,"15":1,"16":5,"17":5,"18":0,"19":0},"19":{"0":5,"1":3,"2":5,"3":0,"4":3,"5":4,"6":5,"7":5,"8":5,"9":4,"10":5,"11":5,"12":1,"13":5,"14":5,"15":5,"16":5,"17":4,"18":0,"19":0}},"method":"lop","centroid_solution":[19,18,17,16,15,13,14,12,11,10,9,8,7,6,5,4,3,2,1,0]}