{"solutions":[[1,0,2,4,6,3,5,7,9,14,8,10,12,16,11,13,15,17,18,19],[19,18,17,16,13,12,15,11,10,8,14,9,7,5,3,6,4,2,1,0],[1,0,2,4,6,3,5,7,9,14,8,10,11,15,12,13,16,17,18,19],[1,0,2,4,6,3,5,7,9,14,8,10,11,12,13,15,16,17,18,19],[1,0,2,4,6,3,5,7,9,14,8,10,12,11,13,15,16,17,18,19],[0,1,2,4,6,3,5,7,9,14,8,10,11,12,13,15,16,17,18,19],[0,1,2,4,6,3,5,7,9,14,8,10,12,16,11,13,15,17,18,19],[0,1,2,4,6,3,5,7,9,14,8,10,12,11,13,15,16,17,18,19],[0,1,2,4,6,3,5,7,9,14,8,10,11,15,12,13,16,17,18,19],[19,18,17,16,15,13,11,12,10,8,14,9,7,5,3,6,4,2,0,1]],"obj":711.0,"max_tau_solutions":null,"centroid_x":[[0.0,0.4968122379,1.0,1.0,1.0,1.0,1.0,1.0,1.0,1.0,1.0,1.0,1.0,1.0,1.0,1.0,1.0,1.0,1.0,1.0],[0.5031877621,0.0,1.0,1.0,1.0,1.0,1.0,1.0,1.0,1.0,1.0,1.0,1.0,1.0,1.0,1.0,1.0,1.0,1.0,1.0],[0.0,0.0,0.0,1.0,1.0,1.0,1.0,1.0,1.0,1.0,1.0,1.0,1.0,1.0,1.0,1.0,1.0,1.0,1.0,1.0],[0.0,0.0,0.0,0.0,0.0,1.0,0.0,1.0,1.0,1.0,1.0,1.0,1.0,1.0,1.0,1.0,1.0,1.0,1.0,1.0],[0.0,0.0,0.0,1.0,0.0,1.0,1.0,1.0,1.0,1.0,1.0,1.0,1.0,1.0,1.0,1.0,1.0,1.0,1.0,1.0],[0.0,0.0,0.0,0.0,0.0,0.0,0.0,1.0,1.0,1.0,1.0,1.0,1.0,1.0,1.0,1.0,1.0,1.0,1.0,1.0],[0.0,0.0,0.0,1.0,0.0,1.0,0.0,1.0,1.0,1.0,1.0,1.0,1.0,1.0,1.0,1.0,1.0,1.0,1.0,1.0],[0.0,0.0,0.0,0.0,0.0,0.0,0.0,0.0,1.0,1.0,1.0,1.0,1.0,1.0,1.0,1.0,1.0,1.0,1.0,1.0],[0.0,0.0,0.0,0.0,0.0,0.0,0.0,0.0,0.0,0.0,1.0,1.0,1.0,1.0,0.0,1.0,1.0,1.0,1.0,1.0],[0.0,0.0,0.0,0.0,0.0,0.0,0.0,0.0,1.0,0.0,1.0,1.0,1.0,1.0,1.0,1.0,1.0,1.0,1.0,1.0],[0.0,0.0,0.0,0.0,0.0,0.0,0.0,0.0,0.0,0.0,0.0,1.0,1.0,1.0,0.0,1.0,1.0,1.0,1.0,1.0],[0.0,0.0,0.0,0.0,0.0,0.0,0.0,0.0,0.0,0.0,0.0,0.0,0.4928875868,1.0,0.0,1.0,0.5561044916,1.0,1.0,1.0],[0.0,0.0,0.0,0.0,0.0,0.0,0.0,0.0,0.0,0.0,0.0,0.5071124132,0.0,1.0,0.0,0.5941681595,1.0,1.0,1.0,1.0],[0.0,0.0,0.0,0.0,0.0,0.0,0.0,0.0,0.0,0.0,0.0,0.0,0.0,0.0,0.0,0.5941681603,0.5561044919,1.0,1.0,1.0],[0.0,0.0,0.0,0.0,0.0,0.0,0.0,0.0,1.0,0.0,1.0,1.0,1.0,1.0,0.0,1.0,1.0,1.0,1.0,1.0],[0.0,0.0,0.0,0.0,0.0,0.0,0.0,0.0,0.0,0.0,0.0,0.0,0.4058318405,0.4058318397,0.0,0.0,0.5561044918,1.0,1.0,1.0],[0.0,0.0,0.0,0.0,0.0,0.0,0.0,0.0,0.0,0.0,0.0,0.4438955084,0.0,0.4438955081,0.0,0.4438955082,0.0,1.0,1.0,1.0],[0.0,0.0,0.0,0.0,0.0,0.0,0.0,0.0,0.0,0.0,0.0,0.0,0.0,0.0,0.0,0.0,0.0,0.0,1.0,1.0],[0.0,0.0,0.0,0.0,0.0,0.0,0.0,0.0,0.0,0.0,0.0,0.0,0.0,0.0,0.0,0.0,0.0,0.0,0.0,1.0],[0.0,0.0,0.0,0.0,0.0,0.0,0.0,0.0,0.0,0.0,0.0,0.0,0.0,0.0,0.0,0.0,0.0,0.0,0.0,0.0]],"outlier_solution":[19,18,17,16,15,13,11,12,10,8,14,9,7,5,3,6,4,2,0,1],"dataset_id":276,"source_dataset_id":293,"options":null,"D":{"0":{"0":0,"1":5,"2":0,"3":0,"4":0,"5":0,"6":0,"7":0,"8":4,"9":0,"10":0,"11":0,"12":3,"13":0,"14":0,"15":0,"16":0,"17":0,"18":3,"19":0},"1":{"0":5,"1":0,"2":0,"3":0,"4":0,"5":0,"6":0,"7":0,"8":0,"9":0,"10":0,"11":0,"12":0,"13":4,"14":0,"15":0,"16":0,"17":0,"18":5,"19":0},"2":{"0":5,"1":5,"2":0,"3":3,"4":0,"5":0,"6":0,"7":5,"8":0,"9":0,"10":3,"11":0,"12":0,"13":0,"14":0,"15":0,"16":3,"17":0,"18":0,"19":0},"3":{"0":5,"1":5,"2":4,"3":0,"4":0,"5":0,"6":2,"7":0,"8":0,"9":0,"10":0,"11":2,"12":0,"13":0,"14":0,"15":1,"16":0,"17":2,"18":0,"19":0},"4":{"0":1,"1":3,"2":5,"3":0,"4":0,"5":0,"6":0,"7":1,"8":5,"9":0,"10":0,"11":0,"12":0,"13":0,"14":0,"15":0,"16":0,"17":3,"18":0,"19":0},"5":{"0":1,"1":4,"2":4,"3":5,"4":4,"5":0,"6":4,"7":2,"8":2,"9":0,"10":5,"11":0,"12":0,"13":2,"14":0,"15":0,"16":3,"17":0,"18":0,"19":2},"6":{"0":5,"1":4,"2":4,"3":0,"4":5,"5":5,"6":0,"7":0,"8":0,"9":0,"10":2,"11":4,"12":0,"13":0,"14":0,"15":0,"16":0,"17":0,"18":0,"19":0},"7":{"0":0,"1":5,"2":5,"3":0,"4":5,"5":5,"6":5,"7":0,"8":0,"9":0,"10":1,"11":0,"12":5,"13":0,"14":0,"15":0,"16":5,"17":0,"18":0,"19":0},"8":{"0":5,"1":5,"2":5,"3":5,"4":0,"5":0,"6":0,"7":4,"8":0,"9":3,"10":2,"11":0,"12":0,"13":0,"14":5,"15":3,"16":0,"17":0,"18":0,"19":0},"9":{"0":2,"1":5,"2":0,"3":5,"4":0,"5":2,"6":4,"7":2,"8":2,"9":0,"10":0,"11":0,"12":3,"13":0,"14":0,"15":0,"16":0,"17":0,"18":0,"19":3},"10":{"0":5,"1":5,"2":0,"3":5,"4":4,"5":5,"6":0,"7":0,"8":5,"9":2,"10":0,"11":0,"12":0,"13":0,"14":5,"15":3,"16":0,"17":2,"18":1,"19":0},"11":{"0":0,"1":5,"2":5,"3":5,"4":0,"5":5,"6":0,"7":5,"8":5,"9":5,"10":5,"11":0,"12":0,"13":3,"14":4,"15":0,"16":5,"17":4,"18":0,"19":5},"12":{"0":5,"1":5,"2":5,"3":4,"4":5,"5":5,"6":5,"7":5,"8":5,"9":4,"10":5,"11":0,"12":0,"13":0,"14":0,"15":4,"16":2,"17":0,"18":5,"19":0},"13":{"0":5,"1":5,"2":1,"3":5,"4":3,"5":5,"6":5,"7":1,"8":5,"9":5,"10":5,"11":5,"12":5,"13":0,"14":0,"15":0,"16":4,"17":0,"18":0,"19":0},"14":{"0":5,"1":5,"2":5,"3":5,"4":5,"5":5,"6":5,"7":5,"8":0,"9":5,"10":5,"11":5,"12":0,"13":0,"14":0,"15":0,"16":0,"17":0,"18":0,"19":0},"15":{"0":2,"1":5,"2":5,"3":2,"4":5,"5":5,"6":5,"7":1,"8":5,"9":0,"10":5,"11":5,"12":0,"13":4,"14":5,"15":0,"16":1,"17":1,"18":3,"19":0},"16":{"0":0,"1":5,"2":5,"3":4,"4":5,"5":5,"6":5,"7":5,"8":2,"9":3,"10":5,"11":0,"12":5,"13":5,"14":1,"15":5,"16":0,"17":0,"18":1,"19":1},"17":{"0":5,"1":5,"2":4,"3":5,"4":5,"5":1,"6":0,"7":3,"8":0,"9":5,"10":0,"11":5,"12":4,"13":5,"14":2,"15":5,"16":1,"17":0,"18":0,"19":0},"18":{"0":4,"1":5,"2":5,"3":5,"4":4,"5":5,"6":3,"7":5,"8":5,"9":5,"10":0,"11":4,"12":5,"13":5,"14":4,"15":5,"16":5,"17":5,"18":0,"19":0},"19":{"0":0,"1":5,"2":5,"3":3,"4":5,"5":5,"6":5,"7":5,"8":0,"9":1,"10":0,"11":5,"12":4,"13":5,"14":5,"15":5,"16":5,"17":5,"18":5,"19":0}},"method":"lop","centroid_solution":[19,18,17,16,13,12,15,11,10,8,14,9,7,5,3,6,4,2,1,0]}