{"solutions":[[0,1,2,3,4,5,6,7,9,8,10,12,11,15,13,16,14,17,19,18],[18,19,17,14,16,13,15,11,12,10,8,9,7,6,5,4,3,2,1,0],[0,2,1,3,4,5,6,7,9,8,10,12,11,15,13,16,14,18,17,19],[0,1,2,3,4,5,6,7,8,9,10,12,11,15,13,16,14,17,18,19],[0,2,1,3,4,5,6,7,9,8,10,12,11,15,13,16,14,17,19,18],[0,1,2,3,4,5,6,7,9,8,10,12,11,15,13,16,14,18,17,19],[0,2,1,3,4,5,6,7,9,8,10,12,11,15,13,16,14,17,18,19],[0,2,1,3,4,5,6,7,8,9,10,12,11,15,13,16,14,17,19,18],[0,2,1,3,4,5,6,7,8,9,10,12,11,15,13,16,14,17,18,19],[0,2,1,3,4,5,6,7,8,9,10,12,11,15,13,16,14,18,17,19],[0,1,2,3,4,5,6,7,8,9,10,12,11,15,13,16,14,18,17,19],[19,18,17,14,16,13,15,11,12,10,9,8,7,6,5,4,3,1,2,0],[0,1,2,3,4,5,6,7,8,9,10,12,11,15,13,16,14,17,19,18],[0,1,2,3,4,5,6,7,9,8,10,12,11,15,13,16,14,17,18,19]],"obj":690.0,"max_tau_solutions":null,"centroid_x":[[0.0,1.0,1.0,1.0,1.0,1.0,1.0,1.0,1.0,1.0,1.0,1.0,1.0,1.0,1.0,1.0,1.0,1.0,1.0,1.0],[0.0,0.0,0.491307512,1.0,1.0,1.0,1.0,1.0,1.0,1.0,1.0,1.0,1.0,1.0,1.0,1.0,1.0,1.0,1.0,1.0],[0.0,0.508692488,0.0,1.0,1.0,1.0,1.0,1.0,1.0,1.0,1.0,1.0,1.0,1.0,1.0,1.0,1.0,1.0,1.0,1.0],[0.0,0.0,0.0,0.0,1.0,1.0,1.0,1.0,1.0,1.0,1.0,1.0,1.0,1.0,1.0,1.0,1.0,1.0,1.0,1.0],[0.0,0.0,0.0,0.0,0.0,1.0,1.0,1.0,1.0,1.0,1.0,1.0,1.0,1.0,1.0,1.0,1.0,1.0,1.0,1.0],[0.0,0.0,0.0,0.0,0.0,0.0,1.0,1.0,1.0,1.0,1.0,1.0,1.0,1.0,1.0,1.0,1.0,1.0,1.0,1.0],[0.0,0.0,0.0,0.0,0.0,0.0,0.0,1.0,1.0,1.0,1.0,1.0,1.0,1.0,1.0,1.0,1.0,1.0,1.0,1.0],[0.0,0.0,0.0,0.0,0.0,0.0,0.0,0.0,1.0,1.0,1.0,1.0,1.0,1.0,1.0,1.0,1.0,1.0,1.0,1.0],[0.0,0.0,0.0,0.0,0.0,0.0,0.0,0.0,0.0,0.5133619836,1.0,1.0,1.0,1.0,1.0,1.0,1.0,1.0,1.0,1.0],[0.0,0.0,0.0,0.0,0.0,0.0,0.0,0.0,0.4866380164,0.0,1.0,1.0,1.0,1.0,1.0,1.0,1.0,1.0,1.0,1.0],[0.0,0.0,0.0,0.0,0.0,0.0,0.0,0.0,0.0,0.0,0.0,1.0,1.0,1.0,1.0,1.0,1.0,1.0,1.0,1.0],[0.0,0.0,0.0,0.0,0.0,0.0,0.0,0.0,0.0,0.0,0.0,0.0,0.0,1.0,1.0,1.0,1.0,1.0,1.0,1.0],[0.0,0.0,0.0,0.0,0.0,0.0,0.0,0.0,0.0,0.0,0.0,1.0,0.0,1.0,1.0,1.0,1.0,1.0,1.0,1.0],[0.0,0.0,0.0,0.0,0.0,0.0,0.0,0.0,0.0,0.0,0.0,0.0,0.0,0.0,1.0,0.0,1.0,1.0,1.0,1.0],[0.0,0.0,0.0,0.0,0.0,0.0,0.0,0.0,0.0,0.0,0.0,0.0,0.0,0.0,0.0,0.0,0.0,1.0,1.0,1.0],[0.0,0.0,0.0,0.0,0.0,0.0,0.0,0.0,0.0,0.0,0.0,0.0,0.0,1.0,1.0,0.0,1.0,1.0,1.0,1.0],[0.0,0.0,0.0,0.0,0.0,0.0,0.0,0.0,0.0,0.0,0.0,0.0,0.0,0.0,1.0,0.0,0.0,1.0,1.0,1.0],[0.0,0.0,0.0,0.0,0.0,0.0,0.0,0.0,0.0,0.0,0.0,0.0,0.0,0.0,0.0,0.0,0.0,0.0,0.5447697441,1.0],[0.0,0.0,0.0,0.0,0.0,0.0,0.0,0.0,0.0,0.0,0.0,0.0,0.0,0.0,0.0,0.0,0.0,0.4552302559,0.0,0.569974639],[0.0,0.0,0.0,0.0,0.0,0.0,0.0,0.0,0.0,0.0,0.0,0.0,0.0,0.0,0.0,0.0,0.0,0.0,0.430025361,0.0]],"outlier_solution":[19,18,17,14,16,13,15,11,12,10,9,8,7,6,5,4,3,1,2,0],"dataset_id":284,"source_dataset_id":301,"options":null,"D":{"0":{"0":0,"1":0,"2":0,"3":0,"4":0,"5":0,"6":1,"7":0,"8":1,"9":0,"10":0,"11":0,"12":0,"13":0,"14":0,"15":0,"16":3,"17":0,"18":0,"19":0},"1":{"0":5,"1":0,"2":0,"3":2,"4":0,"5":0,"6":1,"7":0,"8":0,"9":0,"10":0,"11":0,"12":0,"13":0,"14":0,"15":0,"16":0,"17":4,"18":0,"19":3},"2":{"0":5,"1":0,"2":0,"3":0,"4":5,"5":0,"6":1,"7":0,"8":0,"9":3,"10":0,"11":0,"12":0,"13":0,"14":1,"15":0,"16":2,"17":0,"18":4,"19":0},"3":{"0":5,"1":4,"2":5,"3":0,"4":0,"5":0,"6":0,"7":0,"8":5,"9":0,"10":0,"11":3,"12":0,"13":0,"14":0,"15":0,"16":0,"17":0,"18":0,"19":0},"4":{"0":5,"1":5,"2":1,"3":5,"4":0,"5":0,"6":0,"7":1,"8":0,"9":4,"10":0,"11":1,"12":0,"13":0,"14":0,"15":0,"16":0,"17":3,"18":0,"19":0},"5":{"0":5,"1":5,"2":4,"3":5,"4":5,"5":0,"6":0,"7":0,"8":0,"9":2,"10":0,"11":0,"12":0,"13":0,"14":0,"15":5,"16":0,"17":0,"18":0,"19":0},"6":{"0":5,"1":5,"2":0,"3":4,"4":5,"5":5,"6":0,"7":0,"8":0,"9":0,"10":1,"11":0,"12":0,"13":0,"14":0,"15":0,"16":0,"17":0,"18":4,"19":0},"7":{"0":0,"1":5,"2":5,"3":0,"4":5,"5":5,"6":5,"7":0,"8":1,"9":0,"10":0,"11":5,"12":3,"13":0,"14":0,"15":0,"16":0,"17":0,"18":0,"19":3},"8":{"0":5,"1":5,"2":5,"3":5,"4":4,"5":5,"6":0,"7":5,"8":0,"9":5,"10":0,"11":0,"12":2,"13":0,"14":0,"15":0,"16":0,"17":0,"18":3,"19":0},"9":{"0":0,"1":3,"2":2,"3":4,"4":4,"5":3,"6":0,"7":3,"8":5,"9":0,"10":0,"11":0,"12":0,"13":1,"14":0,"15":0,"16":0,"17":0,"18":0,"19":0},"10":{"0":5,"1":1,"2":5,"3":5,"4":5,"5":5,"6":5,"7":4,"8":5,"9":2,"10":0,"11":0,"12":0,"13":0,"14":2,"15":0,"16":0,"17":0,"18":0,"19":0},"11":{"0":5,"1":5,"2":5,"3":5,"4":5,"5":5,"6":5,"7":1,"8":5,"9":2,"10":5,"11":0,"12":5,"13":0,"14":0,"15":0,"16":0,"17":0,"18":0,"19":0},"12":{"0":0,"1":5,"2":5,"3":5,"4":2,"5":5,"6":5,"7":4,"8":4,"9":5,"10":5,"11":0,"12":0,"13":5,"14":0,"15":0,"16":2,"17":5,"18":0,"19":0},"13":{"0":0,"1":0,"2":5,"3":2,"4":5,"5":5,"6":5,"7":5,"8":4,"9":5,"10":3,"11":5,"12":5,"13":0,"14":0,"15":5,"16":0,"17":0,"18":0,"19":0},"14":{"0":0,"1":0,"2":5,"3":5,"4":5,"5":1,"6":5,"7":1,"8":2,"9":0,"10":0,"11":3,"12":0,"13":5,"14":0,"15":0,"16":1,"17":3,"18":0,"19":0},"15":{"0":0,"1":5,"2":5,"3":5,"4":0,"5":5,"6":5,"7":0,"8":0,"9":4,"10":1,"11":5,"12":5,"13":2,"14":0,"15":0,"16":0,"17":5,"18":5,"19":2},"16":{"0":2,"1":5,"2":5,"3":5,"4":0,"5":5,"6":5,"7":0,"8":0,"9":0,"10":5,"11":4,"12":5,"13":1,"14":0,"15":5,"16":0,"17":0,"18":0,"19":2},"17":{"0":5,"1":5,"2":5,"3":5,"4":5,"5":1,"6":5,"7":5,"8":3,"9":5,"10":5,"11":5,"12":5,"13":1,"14":5,"15":2,"16":5,"17":0,"18":0,"19":0},"18":{"0":4,"1":5,"2":4,"3":4,"4":4,"5":4,"6":5,"7":0,"8":5,"9":0,"10":5,"11":5,"12":5,"13":5,"14":2,"15":5,"16":5,"17":0,"18":0,"19":0},"19":{"0":2,"1":3,"2":5,"3":5,"4":2,"5":5,"6":4,"7":5,"8":5,"9":5,"10":5,"11":4,"12":5,"13":0,"14":5,"15":0,"16":5,"17":1,"18":0,"19":0}},"method":"lop","centroid_solution":[18,19,17,14,16,13,15,11,12,10,8,9,7,6,5,4,3,2,1,0]}