{"solutions":[[1,0,2,3,4,6,7,5,8,10,9,11,12,16,18,13,14,15,19,17],[1,0,2,3,4,6,7,5,8,10,9,11,12,13,16,18,14,15,19,17],[0,1,2,3,4,6,7,5,8,10,9,11,12,13,16,14,15,18,19,17],[1,0,2,3,4,6,7,5,8,10,11,9,12,16,13,14,15,18,19,17],[17,19,18,15,14,16,13,12,11,9,10,8,5,7,6,4,3,2,0,1],[0,1,2,3,4,6,7,5,8,10,9,11,12,13,16,18,14,15,19,17],[0,1,2,3,4,6,7,5,8,10,9,11,12,16,18,13,14,15,19,17],[1,0,2,3,4,6,7,5,8,10,9,11,12,16,13,18,14,15,19,17],[0,1,2,3,4,6,7,5,8,10,11,9,12,13,16,14,15,18,19,17],[0,1,2,3,4,6,7,5,8,10,11,9,12,13,16,18,14,15,19,17],[0,1,2,3,4,6,7,5,8,10,9,11,12,16,13,14,15,18,19,17],[1,0,2,3,4,6,7,5,8,10,11,9,12,13,16,18,14,15,19,17],[1,0,2,3,4,6,7,5,8,10,11,9,12,13,16,14,15,18,19,17],[0,1,2,3,4,6,7,5,8,10,11,9,12,16,18,13,14,15,19,17],[17,19,15,14,18,13,16,12,9,11,10,8,5,7,6,4,3,2,1,0],[1,0,2,3,4,6,7,5,8,10,9,11,12,13,16,14,15,18,19,17],[0,1,2,3,4,6,7,5,8,10,11,9,12,16,13,14,15,18,19,17],[1,0,2,3,4,6,7,5,8,10,9,11,12,16,13,14,15,18,19,17],[0,1,2,3,4,6,7,5,8,10,9,11,12,16,13,18,14,15,19,17],[1,0,2,3,4,6,7,5,8,10,11,9,12,16,18,13,14,15,19,17],[0,1,2,3,4,6,7,5,8,10,11,9,12,16,13,18,14,15,19,17],[1,0,2,3,4,6,7,5,8,10,11,9,12,16,13,18,14,15,19,17]],"obj":742.0,"max_tau_solutions":null,"centroid_x":[[0.0,0.5006370106,1.0,1.0,1.0,1.0,1.0,1.0,1.0,1.0,1.0,1.0,1.0,1.0,1.0,1.0,1.0,1.0,1.0,1.0],[0.4993629894,0.0,1.0,1.0,1.0,1.0,1.0,1.0,1.0,1.0,1.0,1.0,1.0,1.0,1.0,1.0,1.0,1.0,1.0,1.0],[0.0,0.0,0.0,1.0,1.0,1.0,1.0,1.0,1.0,1.0,1.0,1.0,1.0,1.0,1.0,1.0,1.0,1.0,1.0,1.0],[0.0,0.0,0.0,0.0,1.0,1.0,1.0,1.0,1.0,1.0,1.0,1.0,1.0,1.0,1.0,1.0,1.0,1.0,1.0,1.0],[0.0,0.0,0.0,0.0,0.0,1.0,1.0,1.0,1.0,1.0,1.0,1.0,1.0,1.0,1.0,1.0,1.0,1.0,1.0,1.0],[0.0,0.0,0.0,0.0,0.0,0.0,0.0,0.0,1.0,1.0,1.0,1.0,1.0,1.0,1.0,1.0,1.0,1.0,1.0,1.0],[0.0,0.0,0.0,0.0,0.0,1.0,0.0,1.0,1.0,1.0,1.0,1.0,1.0,1.0,1.0,1.0,1.0,1.0,1.0,1.0],[0.0,0.0,0.0,0.0,0.0,1.0,0.0,0.0,1.0,1.0,1.0,1.0,1.0,1.0,1.0,1.0,1.0,1.0,1.0,1.0],[0.0,0.0,0.0,0.0,0.0,0.0,0.0,0.0,0.0,1.0,1.0,1.0,1.0,1.0,1.0,1.0,1.0,1.0,1.0,1.0],[0.0,0.0,0.0,0.0,0.0,0.0,0.0,0.0,0.0,0.0,0.0,0.4979095212,1.0,1.0,1.0,1.0,1.0,1.0,1.0,1.0],[0.0,0.0,0.0,0.0,0.0,0.0,0.0,0.0,0.0,1.0,0.0,1.0,1.0,1.0,1.0,1.0,1.0,1.0,1.0,1.0],[0.0,0.0,0.0,0.0,0.0,0.0,0.0,0.0,0.0,0.5020904788,0.0,0.0,1.0,1.0,1.0,1.0,1.0,1.0,1.0,1.0],[0.0,0.0,0.0,0.0,0.0,0.0,0.0,0.0,0.0,0.0,0.0,0.0,0.0,1.0,1.0,1.0,1.0,1.0,1.0,1.0],[0.0,0.0,0.0,0.0,0.0,0.0,0.0,0.0,0.0,0.0,0.0,0.0,0.0,0.0,1.0,1.0,0.4508759938,1.0,0.6458080391,1.0],[0.0,0.0,0.0,0.0,0.0,0.0,0.0,0.0,0.0,0.0,0.0,0.0,0.0,0.0,0.0,1.0,0.0,1.0,0.4278905155,1.0],[0.0,0.0,0.0,0.0,0.0,0.0,0.0,0.0,0.0,0.0,0.0,0.0,0.0,0.0,0.0,0.0,0.0,1.0,0.4278905004,1.0],[0.0,0.0,0.0,0.0,0.0,0.0,0.0,0.0,0.0,0.0,0.0,0.0,0.0,0.5491240062,1.0,1.0,0.0,1.0,1.0,1.0],[0.0,0.0,0.0,0.0,0.0,0.0,0.0,0.0,0.0,0.0,0.0,0.0,0.0,0.0,0.0,0.0,0.0,0.0,0.0,0.0],[0.0,0.0,0.0,0.0,0.0,0.0,0.0,0.0,0.0,0.0,0.0,0.0,0.0,0.3541919609,0.5721094845,0.5721094996,0.0,1.0,0.0,1.0],[0.0,0.0,0.0,0.0,0.0,0.0,0.0,0.0,0.0,0.0,0.0,0.0,0.0,0.0,0.0,0.0,0.0,1.0,0.0,0.0]],"outlier_solution":[17,19,15,14,18,13,16,12,9,11,10,8,5,7,6,4,3,2,1,0],"dataset_id":289,"source_dataset_id":306,"options":null,"D":{"0":{"0":0,"1":0,"2":0,"3":0,"4":0,"5":0,"6":0,"7":3,"8":5,"9":0,"10":0,"11":0,"12":3,"13":0,"14":0,"15":0,"16":0,"17":2,"18":0,"19":1},"1":{"0":0,"1":0,"2":0,"3":3,"4":0,"5":0,"6":0,"7":0,"8":4,"9":4,"10":0,"11":0,"12":0,"13":0,"14":0,"15":0,"16":0,"17":0,"18":4,"19":0},"2":{"0":5,"1":5,"2":0,"3":0,"4":0,"5":2,"6":0,"7":0,"8":0,"9":0,"10":0,"11":0,"12":3,"13":0,"14":0,"15":0,"16":0,"17":0,"18":5,"19":0},"3":{"0":5,"1":5,"2":2,"3":0,"4":1,"5":0,"6":0,"7":1,"8":0,"9":0,"10":0,"11":0,"12":0,"13":0,"14":0,"15":0,"16":0,"17":0,"18":0,"19":0},"4":{"0":2,"1":5,"2":2,"3":5,"4":0,"5":0,"6":0,"7":0,"8":0,"9":0,"10":4,"11":5,"12":0,"13":0,"14":1,"15":0,"16":0,"17":3,"18":5,"19":0},"5":{"0":5,"1":5,"2":5,"3":5,"4":5,"5":0,"6":0,"7":5,"8":0,"9":0,"10":5,"11":4,"12":0,"13":0,"14":0,"15":0,"16":4,"17":0,"18":5,"19":0},"6":{"0":5,"1":2,"2":5,"3":5,"4":5,"5":0,"6":0,"7":3,"8":0,"9":3,"10":0,"11":0,"12":2,"13":0,"14":0,"15":0,"16":0,"17":2,"18":0,"19":0},"7":{"0":4,"1":5,"2":5,"3":5,"4":2,"5":0,"6":5,"7":0,"8":4,"9":0,"10":4,"11":0,"12":0,"13":0,"14":0,"15":0,"16":0,"17":2,"18":3,"19":0},"8":{"0":5,"1":3,"2":4,"3":5,"4":4,"5":5,"6":5,"7":4,"8":0,"9":3,"10":0,"11":0,"12":0,"13":0,"14":0,"15":0,"16":0,"17":1,"18":0,"19":0},"9":{"0":4,"1":5,"2":5,"3":4,"4":0,"5":5,"6":5,"7":5,"8":5,"9":0,"10":5,"11":0,"12":0,"13":0,"14":4,"15":0,"16":0,"17":0,"18":0,"19":0},"10":{"0":5,"1":5,"2":5,"3":5,"4":5,"5":5,"6":5,"7":5,"8":5,"9":0,"10":0,"11":0,"12":0,"13":0,"14":1,"15":0,"16":0,"17":0,"18":0,"19":0},"11":{"0":5,"1":5,"2":5,"3":5,"4":5,"5":5,"6":5,"7":5,"8":5,"9":0,"10":4,"11":0,"12":0,"13":0,"14":0,"15":3,"16":0,"17":0,"18":0,"19":2},"12":{"0":0,"1":3,"2":5,"3":0,"4":5,"5":5,"6":5,"7":5,"8":5,"9":5,"10":5,"11":5,"12":0,"13":0,"14":0,"15":0,"16":0,"17":1,"18":2,"19":3},"13":{"0":4,"1":5,"2":4,"3":2,"4":5,"5":5,"6":5,"7":5,"8":5,"9":0,"10":5,"11":5,"12":5,"13":0,"14":0,"15":0,"16":5,"17":0,"18":0,"19":0},"14":{"0":5,"1":1,"2":5,"3":0,"4":5,"5":5,"6":5,"7":0,"8":5,"9":5,"10":1,"11":5,"12":0,"13":5,"14":0,"15":3,"16":5,"17":0,"18":3,"19":0},"15":{"0":4,"1":0,"2":5,"3":0,"4":5,"5":5,"6":2,"7":4,"8":5,"9":0,"10":5,"11":2,"12":0,"13":5,"14":5,"15":0,"16":0,"17":0,"18":0,"19":0},"16":{"0":5,"1":3,"2":5,"3":5,"4":5,"5":5,"6":5,"7":5,"8":5,"9":5,"10":3,"11":5,"12":5,"13":5,"14":3,"15":0,"16":0,"17":0,"18":0,"19":0},"17":{"0":1,"1":5,"2":5,"3":2,"4":1,"5":5,"6":5,"7":5,"8":5,"9":5,"10":3,"11":1,"12":2,"13":0,"14":5,"15":5,"16":5,"17":0,"18":4,"19":2},"18":{"0":5,"1":5,"2":5,"3":5,"4":3,"5":5,"6":1,"7":5,"8":1,"9":5,"10":5,"11":1,"12":2,"13":0,"14":2,"15":1,"16":5,"17":5,"18":0,"19":0},"19":{"0":5,"1":5,"2":2,"3":0,"4":5,"5":5,"6":5,"7":4,"8":3,"9":5,"10":5,"11":4,"12":0,"13":0,"14":3,"15":5,"16":5,"17":0,"18":5,"19":0}},"method":"lop","centroid_solution":[17,19,18,15,14,16,13,12,11,9,10,8,5,7,6,4,3,2,0,1]}