{"solutions":[[0,1,6,7,2,3,5,4,8,9,10,11,13,12,14,15,16,18,17,19],[0,1,6,7,2,3,5,4,8,9,10,11,13,12,15,14,16,18,17,19],[19,17,18,16,15,14,12,13,11,10,9,8,4,5,3,2,7,6,1,0],[0,1,6,7,2,3,5,4,8,9,10,11,13,12,14,15,16,17,18,19],[0,1,6,7,2,3,5,4,8,9,10,11,13,14,12,15,16,18,19,17],[17,19,18,16,14,15,12,13,11,10,9,8,4,5,3,2,7,6,1,0],[0,1,6,7,2,3,5,4,8,9,10,11,13,12,14,15,16,18,19,17],[0,1,6,7,2,3,5,4,8,9,10,11,13,12,15,14,16,18,19,17],[0,1,6,7,2,3,5,4,8,9,10,11,13,14,12,15,16,18,17,19],[0,1,6,7,2,3,5,4,8,9,10,11,13,14,12,15,16,17,18,19],[0,1,6,7,2,3,5,4,8,9,10,11,13,12,15,14,16,17,18,19]],"obj":713.0,"max_tau_solutions":null,"centroid_x":[[0.0,1.0,1.0,1.0,1.0,1.0,1.0,1.0,1.0,1.0,1.0,1.0,1.0,1.0,1.0,1.0,1.0,1.0,1.0,1.0],[0.0,0.0,1.0,1.0,1.0,1.0,1.0,1.0,1.0,1.0,1.0,1.0,1.0,1.0,1.0,1.0,1.0,1.0,1.0,1.0],[0.0,0.0,0.0,1.0,1.0,1.0,0.0,0.0,1.0,1.0,1.0,1.0,1.0,1.0,1.0,1.0,1.0,1.0,1.0,1.0],[0.0,0.0,0.0,0.0,1.0,1.0,0.0,0.0,1.0,1.0,1.0,1.0,1.0,1.0,1.0,1.0,1.0,1.0,1.0,1.0],[0.0,0.0,0.0,0.0,0.0,0.0,0.0,0.0,1.0,1.0,1.0,1.0,1.0,1.0,1.0,1.0,1.0,1.0,1.0,1.0],[0.0,0.0,0.0,0.0,1.0,0.0,0.0,0.0,1.0,1.0,1.0,1.0,1.0,1.0,1.0,1.0,1.0,1.0,1.0,1.0],[0.0,0.0,1.0,1.0,1.0,1.0,0.0,1.0,1.0,1.0,1.0,1.0,1.0,1.0,1.0,1.0,1.0,1.0,1.0,1.0],[0.0,0.0,1.0,1.0,1.0,1.0,0.0,0.0,1.0,1.0,1.0,1.0,1.0,1.0,1.0,1.0,1.0,1.0,1.0,1.0],[0.0,0.0,0.0,0.0,0.0,0.0,0.0,0.0,0.0,1.0,1.0,1.0,1.0,1.0,1.0,1.0,1.0,1.0,1.0,1.0],[0.0,0.0,0.0,0.0,0.0,0.0,0.0,0.0,0.0,0.0,1.0,1.0,1.0,1.0,1.0,1.0,1.0,1.0,1.0,1.0],[0.0,0.0,0.0,0.0,0.0,0.0,0.0,0.0,0.0,0.0,0.0,1.0,1.0,1.0,1.0,1.0,1.0,1.0,1.0,1.0],[0.0,0.0,0.0,0.0,0.0,0.0,0.0,0.0,0.0,0.0,0.0,0.0,1.0,1.0,1.0,1.0,1.0,1.0,1.0,1.0],[0.0,0.0,0.0,0.0,0.0,0.0,0.0,0.0,0.0,0.0,0.0,0.0,0.0,0.0,0.5726887204,1.0,1.0,1.0,1.0,1.0],[0.0,0.0,0.0,0.0,0.0,0.0,0.0,0.0,0.0,0.0,0.0,0.0,1.0,0.0,1.0,1.0,1.0,1.0,1.0,1.0],[0.0,0.0,0.0,0.0,0.0,0.0,0.0,0.0,0.0,0.0,0.0,0.0,0.4273112796,0.0,0.0,0.5730028446,1.0,1.0,1.0,1.0],[0.0,0.0,0.0,0.0,0.0,0.0,0.0,0.0,0.0,0.0,0.0,0.0,0.0,0.0,0.4269971554,0.0,1.0,1.0,1.0,1.0],[0.0,0.0,0.0,0.0,0.0,0.0,0.0,0.0,0.0,0.0,0.0,0.0,0.0,0.0,0.0,0.0,0.0,1.0,1.0,1.0],[0.0,0.0,0.0,0.0,0.0,0.0,0.0,0.0,0.0,0.0,0.0,0.0,0.0,0.0,0.0,0.0,0.0,0.0,0.427332477,0.5750078578],[0.0,0.0,0.0,0.0,0.0,0.0,0.0,0.0,0.0,0.0,0.0,0.0,0.0,0.0,0.0,0.0,0.0,0.572667523,0.0,1.0],[0.0,0.0,0.0,0.0,0.0,0.0,0.0,0.0,0.0,0.0,0.0,0.0,0.0,0.0,0.0,0.0,0.0,0.4249921422,0.0,0.0]],"outlier_solution":[19,17,18,16,15,14,12,13,11,10,9,8,4,5,3,2,7,6,1,0],"dataset_id":291,"source_dataset_id":308,"options":null,"D":{"0":{"0":0,"1":4,"2":1,"3":3,"4":1,"5":0,"6":0,"7":0,"8":0,"9":2,"10":0,"11":0,"12":0,"13":0,"14":3,"15":2,"16":0,"17":0,"18":0,"19":0},"1":{"0":5,"1":0,"2":2,"3":4,"4":0,"5":0,"6":0,"7":0,"8":0,"9":0,"10":0,"11":0,"12":0,"13":1,"14":3,"15":0,"16":1,"17":0,"18":0,"19":0},"2":{"0":5,"1":5,"2":0,"3":0,"4":3,"5":0,"6":4,"7":3,"8":2,"9":0,"10":0,"11":0,"12":3,"13":0,"14":0,"15":1,"16":5,"17":1,"18":0,"19":0},"3":{"0":1,"1":3,"2":5,"3":0,"4":0,"5":0,"6":0,"7":0,"8":1,"9":1,"10":0,"11":0,"12":0,"13":3,"14":0,"15":0,"16":5,"17":0,"18":0,"19":0},"4":{"0":5,"1":5,"2":4,"3":0,"4":0,"5":1,"6":2,"7":0,"8":0,"9":1,"10":0,"11":0,"12":0,"13":0,"14":0,"15":5,"16":0,"17":0,"18":0,"19":0},"5":{"0":5,"1":5,"2":5,"3":4,"4":0,"5":0,"6":5,"7":5,"8":0,"9":0,"10":1,"11":0,"12":2,"13":0,"14":0,"15":0,"16":0,"17":0,"18":0,"19":1},"6":{"0":5,"1":5,"2":5,"3":1,"4":3,"5":4,"6":0,"7":0,"8":0,"9":0,"10":0,"11":0,"12":3,"13":3,"14":0,"15":0,"16":2,"17":0,"18":0,"19":0},"7":{"0":5,"1":5,"2":0,"3":0,"4":0,"5":5,"6":5,"7":0,"8":0,"9":0,"10":3,"11":0,"12":0,"13":0,"14":2,"15":0,"16":2,"17":0,"18":0,"19":0},"8":{"0":5,"1":5,"2":5,"3":5,"4":1,"5":5,"6":5,"7":5,"8":0,"9":0,"10":3,"11":0,"12":0,"13":0,"14":0,"15":0,"16":0,"17":5,"18":0,"19":3},"9":{"0":5,"1":0,"2":5,"3":5,"4":5,"5":5,"6":5,"7":0,"8":5,"9":0,"10":0,"11":1,"12":0,"13":0,"14":0,"15":0,"16":5,"17":1,"18":0,"19":0},"10":{"0":5,"1":5,"2":5,"3":0,"4":5,"5":0,"6":4,"7":5,"8":0,"9":5,"10":0,"11":0,"12":0,"13":0,"14":0,"15":0,"16":0,"17":0,"18":0,"19":0},"11":{"0":1,"1":5,"2":5,"3":5,"4":5,"5":0,"6":5,"7":0,"8":5,"9":5,"10":3,"11":0,"12":0,"13":3,"14":4,"15":0,"16":0,"17":0,"18":4,"19":0},"12":{"0":5,"1":2,"2":5,"3":5,"4":5,"5":5,"6":5,"7":4,"8":5,"9":4,"10":4,"11":5,"12":0,"13":5,"14":0,"15":0,"16":0,"17":3,"18":0,"19":2},"13":{"0":5,"1":5,"2":0,"3":2,"4":3,"5":5,"6":5,"7":5,"8":5,"9":5,"10":5,"11":5,"12":0,"13":0,"14":0,"15":1,"16":0,"17":0,"18":0,"19":1},"14":{"0":0,"1":5,"2":0,"3":5,"4":3,"5":5,"6":3,"7":5,"8":0,"9":5,"10":5,"11":5,"12":0,"13":5,"14":0,"15":5,"16":0,"17":0,"18":0,"19":0},"15":{"0":2,"1":1,"2":3,"3":1,"4":5,"5":4,"6":0,"7":5,"8":5,"9":5,"10":5,"11":0,"12":5,"13":5,"14":5,"15":0,"16":0,"17":0,"18":0,"19":0},"16":{"0":5,"1":2,"2":5,"3":5,"4":5,"5":5,"6":1,"7":5,"8":5,"9":5,"10":0,"11":0,"12":5,"13":0,"14":5,"15":5,"16":0,"17":0,"18":0,"19":3},"17":{"0":1,"1":5,"2":4,"3":5,"4":2,"5":0,"6":5,"7":5,"8":3,"9":3,"10":5,"11":5,"12":5,"13":5,"14":0,"15":5,"16":5,"17":0,"18":3,"19":5},"18":{"0":5,"1":0,"2":5,"3":5,"4":5,"5":5,"6":5,"7":5,"8":0,"9":5,"10":5,"11":5,"12":5,"13":5,"14":1,"15":5,"16":5,"17":3,"18":0,"19":0},"19":{"0":5,"1":3,"2":5,"3":2,"4":1,"5":5,"6":0,"7":5,"8":5,"9":4,"10":2,"11":5,"12":0,"13":5,"14":0,"15":5,"16":4,"17":5,"18":5,"19":0}},"method":"lop","centroid_solution":[17,19,18,16,14,15,12,13,11,10,9,8,4,5,3,2,7,6,1,0]}