{"solutions":[[2,1,9,5,3,11,4,7,6,0,10,8,12,15,14,17,13,18,16,19],[2,1,4,5,3,7,6,9,0,10,8,12,15,14,18,16,17,11,13,19],[2,1,5,3,9,11,4,7,6,0,10,8,12,15,14,17,13,18,16,19],[2,3,1,4,7,6,9,0,10,5,8,12,15,14,18,16,17,11,13,19],[2,1,9,5,3,11,4,7,6,0,10,8,12,15,14,17,18,13,16,19],[2,1,3,4,7,6,9,0,10,8,5,12,15,14,18,16,17,11,13,19],[2,1,5,3,9,11,4,7,6,0,10,8,12,15,14,17,18,13,16,19],[2,1,9,5,3,11,4,7,6,0,10,8,12,15,14,18,17,13,16,19],[2,1,3,4,7,6,9,0,10,5,8,12,15,14,18,16,17,11,13,19],[2,1,5,3,9,11,4,7,6,0,10,8,12,15,14,18,17,13,16,19],[2,3,1,4,7,6,9,0,10,8,5,12,15,14,18,16,17,11,13,19],[2,1,5,3,4,7,6,9,0,10,8,12,15,14,18,16,17,11,13,19],[19,13,11,17,16,18,14,15,12,8,10,0,9,6,7,4,3,5,1,2],[19,16,18,13,17,14,15,12,8,10,0,6,7,4,11,9,3,5,1,2]],"obj":591.0,"max_tau_solutions":null,"centroid_x":[[0.0,0.0,0.0,0.0,0.0,0.3568446987,0.0,0.0,1.0,0.0,1.0,0.5484529618,1.0,1.0,1.0,1.0,1.0,1.0,1.0,1.0],[1.0,0.0,0.0,0.6565403578,1.0,1.0,1.0,1.0,1.0,1.0,1.0,1.0,1.0,1.0,1.0,1.0,1.0,1.0,1.0,1.0],[1.0,1.0,0.0,1.0,1.0,1.0,1.0,1.0,1.0,1.0,1.0,1.0,1.0,1.0,1.0,1.0,1.0,1.0,1.0,1.0],[1.0,0.3434596422,0.0,0.0,0.8951374361,0.4224342283,1.0,1.0,1.0,0.6987785056,1.0,1.0,1.0,1.0,1.0,1.0,1.0,1.0,1.0,1.0],[1.0,0.0,0.0,0.1048625639,0.0,0.5272967919,1.0,1.0,1.0,0.5484529625,1.0,0.5484529625,1.0,1.0,1.0,1.0,1.0,1.0,1.0,1.0],[0.6431553013,0.0,0.0,0.5775657717,0.4727032081,0.0,0.6431553031,0.6431553033,0.7749360553,0.2763442773,0.6431553029,1.0,1.0,1.0,1.0,1.0,1.0,1.0,1.0,1.0],[1.0,0.0,0.0,0.0,0.0,0.3568446969,0.0,0.0,1.0,0.548452962,1.0,0.5484529621,1.0,1.0,1.0,1.0,1.0,1.0,1.0,1.0],[1.0,0.0,0.0,0.0,0.0,0.3568446967,1.0,0.0,1.0,0.5484529613,1.0,0.5484529615,1.0,1.0,1.0,1.0,1.0,1.0,1.0,1.0],[0.0,0.0,0.0,0.0,0.0,0.2250639447,0.0,0.0,0.0,0.0,0.0,0.5484529616,1.0,1.0,1.0,1.0,1.0,1.0,1.0,1.0],[1.0,0.0,0.0,0.3012214944,0.4515470375,0.7236557227,0.451547038,0.4515470387,1.0,0.0,1.0,1.0,1.0,1.0,1.0,1.0,1.0,1.0,1.0,1.0],[0.0,0.0,0.0,0.0,0.0,0.3568446971,0.0,0.0,1.0,0.0,0.0,0.5484529614,1.0,1.0,1.0,1.0,1.0,1.0,1.0,1.0],[0.4515470382,0.0,0.0,0.0,0.4515470375,0.0,0.4515470379,0.4515470385,0.4515470384,0.0,0.4515470386,0.0,0.4515470398,1.0,0.4515470408,0.4515470382,0.4515470386,0.4515470397,0.4515470381,1.0],[0.0,0.0,0.0,0.0,0.0,0.0,0.0,0.0,0.0,0.0,0.0,0.5484529602,0.0,1.0,1.0,1.0,1.0,1.0,1.0,1.0],[0.0,0.0,0.0,0.0,0.0,0.0,0.0,0.0,0.0,0.0,0.0,0.0,0.0,0.0,0.0,0.0,0.4515470402,0.0,0.2718927773,1.0],[0.0,0.0,0.0,0.0,0.0,0.0,0.0,0.0,0.0,0.0,0.0,0.5484529592,0.0,1.0,0.0,0.0,1.0,1.0,1.0,1.0],[0.0,0.0,0.0,0.0,0.0,0.0,0.0,0.0,0.0,0.0,0.0,0.5484529618,0.0,1.0,1.0,0.0,1.0,1.0,1.0,1.0],[0.0,0.0,0.0,0.0,0.0,0.0,0.0,0.0,0.0,0.0,0.0,0.5484529614,0.0,0.5484529598,0.0,0.0,0.0,0.5484529623,0.0,1.0],[0.0,0.0,0.0,0.0,0.0,0.0,0.0,0.0,0.0,0.0,0.0,0.5484529603,0.0,1.0,0.0,0.0,0.4515470377,0.0,0.3803504415,1.0],[0.0,0.0,0.0,0.0,0.0,0.0,0.0,0.0,0.0,0.0,0.0,0.5484529619,0.0,0.7281072227,0.0,0.0,1.0,0.6196495585,0.0,1.0],[0.0,0.0,0.0,0.0,0.0,0.0,0.0,0.0,0.0,0.0,0.0,0.0,0.0,0.0,0.0,0.0,0.0,0.0,0.0,0.0]],"outlier_solution":[19,13,11,17,16,18,14,15,12,8,10,0,9,6,7,4,3,5,1,2],"dataset_id":305,"source_dataset_id":322,"options":null,"D":{"0":{"0":0,"1":4,"2":1,"3":2,"4":0,"5":0,"6":5,"7":5,"8":0,"9":4,"10":2,"11":2,"12":0,"13":0,"14":0,"15":0,"16":1,"17":0,"18":5,"19":3},"1":{"0":4,"1":0,"2":4,"3":5,"4":0,"5":3,"6":4,"7":4,"8":2,"9":0,"10":2,"11":3,"12":2,"13":2,"14":0,"15":5,"16":0,"17":0,"18":4,"19":2},"2":{"0":5,"1":0,"2":0,"3":3,"4":4,"5":3,"6":4,"7":0,"8":0,"9":0,"10":0,"11":0,"12":0,"13":4,"14":1,"15":0,"16":0,"17":2,"18":0,"19":0},"3":{"0":3,"1":5,"2":5,"3":0,"4":0,"5":5,"6":0,"7":0,"8":5,"9":1,"10":3,"11":1,"12":0,"13":0,"14":4,"15":0,"16":2,"17":0,"18":0,"19":0},"4":{"0":0,"1":3,"2":5,"3":1,"4":0,"5":1,"6":2,"7":0,"8":0,"9":0,"10":3,"11":2,"12":0,"13":4,"14":0,"15":1,"16":2,"17":5,"18":3,"19":0},"5":{"0":4,"1":5,"2":5,"3":0,"4":2,"5":0,"6":2,"7":0,"8":0,"9":4,"10":4,"11":0,"12":0,"13":3,"14":0,"15":1,"16":0,"17":0,"18":1,"19":0},"6":{"0":2,"1":5,"2":0,"3":5,"4":5,"5":5,"6":0,"7":5,"8":0,"9":4,"10":3,"11":5,"12":0,"13":0,"14":1,"15":2,"16":0,"17":0,"18":0,"19":0},"7":{"0":0,"1":5,"2":5,"3":5,"4":4,"5":5,"6":4,"7":0,"8":0,"9":4,"10":0,"11":5,"12":0,"13":2,"14":0,"15":4,"16":2,"17":0,"18":2,"19":2},"8":{"0":5,"1":5,"2":5,"3":4,"4":4,"5":0,"6":3,"7":5,"8":0,"9":0,"10":5,"11":0,"12":0,"13":4,"14":0,"15":0,"16":0,"17":5,"18":4,"19":0},"9":{"0":2,"1":2,"2":3,"3":5,"4":1,"5":0,"6":5,"7":4,"8":3,"9":0,"10":0,"11":0,"12":0,"13":3,"14":0,"15":0,"16":0,"17":4,"18":0,"19":0},"10":{"0":5,"1":5,"2":0,"3":5,"4":4,"5":0,"6":5,"7":5,"8":0,"9":5,"10":0,"11":2,"12":0,"13":2,"14":5,"15":0,"16":0,"17":5,"18":0,"19":0},"11":{"0":0,"1":5,"2":5,"3":2,"4":0,"5":5,"6":5,"7":2,"8":2,"9":4,"10":1,"11":0,"12":0,"13":1,"14":0,"15":3,"16":5,"17":4,"18":5,"19":4},"12":{"0":5,"1":5,"2":2,"3":5,"4":0,"5":1,"6":2,"7":5,"8":2,"9":2,"10":0,"11":3,"12":0,"13":0,"14":0,"15":1,"16":3,"17":0,"18":0,"19":3},"13":{"0":2,"1":0,"2":5,"3":2,"4":3,"5":0,"6":3,"7":1,"8":4,"9":5,"10":0,"11":5,"12":5,"13":0,"14":1,"15":0,"16":0,"17":5,"18":0,"19":3},"14":{"0":5,"1":0,"2":0,"3":3,"4":1,"5":5,"6":5,"7":5,"8":3,"9":0,"10":5,"11":4,"12":5,"13":0,"14":0,"15":5,"16":3,"17":0,"18":0,"19":0},"15":{"0":5,"1":5,"2":5,"3":4,"4":5,"5":4,"6":0,"7":5,"8":0,"9":0,"10":5,"11":1,"12":4,"13":1,"14":0,"15":0,"16":0,"17":3,"18":0,"19":0},"16":{"0":5,"1":0,"2":3,"3":0,"4":0,"5":2,"6":5,"7":4,"8":5,"9":2,"10":5,"11":0,"12":0,"13":5,"14":5,"15":5,"16":0,"17":1,"18":5,"19":1},"17":{"0":5,"1":0,"2":5,"3":5,"4":2,"5":0,"6":0,"7":3,"8":5,"9":5,"10":3,"11":2,"12":5,"13":0,"14":3,"15":5,"16":5,"17":0,"18":1,"19":0},"18":{"0":0,"1":3,"2":5,"3":0,"4":1,"5":0,"6":2,"7":0,"8":5,"9":3,"10":3,"11":2,"12":5,"13":0,"14":2,"15":5,"16":0,"17":1,"18":0,"19":0},"19":{"0":5,"1":2,"2":5,"3":0,"4":4,"5":0,"6":5,"7":5,"8":0,"9":0,"10":1,"11":5,"12":5,"13":4,"14":5,"15":5,"16":5,"17":0,"18":2,"19":0}},"method":"lop","centroid_solution":[19,16,18,13,17,14,15,12,8,10,0,6,7,4,11,9,3,5,1,2]}