{"solutions":[[11,18,19,17,16,15,14,12,13,5,10,9,8,4,3,6,2,1,0,7],[11,18,17,19,16,15,14,12,13,10,5,9,8,4,3,6,2,1,0,7],[7,0,1,2,6,3,4,8,9,10,5,13,12,14,15,16,19,17,18,11],[7,0,1,2,6,3,4,8,9,10,5,13,12,14,15,16,17,19,18,11],[7,0,1,2,6,3,4,8,9,5,10,13,12,14,15,16,19,17,18,11],[7,0,1,2,6,3,4,8,10,9,5,13,12,14,15,16,19,17,18,11],[7,0,1,2,6,3,4,8,9,5,10,13,12,14,15,16,17,19,18,11],[7,0,1,2,6,3,4,8,10,9,5,13,12,14,15,16,17,19,18,11]],"obj":592.0,"max_tau_solutions":null,"centroid_x":[[0.0,1.0,1.0,1.0,1.0,1.0,1.0,0.0,1.0,1.0,1.0,1.0,1.0,1.0,1.0,1.0,1.0,1.0,1.0,1.0],[0.0,0.0,1.0,1.0,1.0,1.0,1.0,0.0,1.0,1.0,1.0,1.0,1.0,1.0,1.0,1.0,1.0,1.0,1.0,1.0],[0.0,0.0,0.0,1.0,1.0,1.0,1.0,0.0,1.0,1.0,1.0,1.0,1.0,1.0,1.0,1.0,1.0,1.0,1.0,1.0],[0.0,0.0,0.0,0.0,1.0,1.0,0.0,0.0,1.0,1.0,1.0,1.0,1.0,1.0,1.0,1.0,1.0,1.0,1.0,1.0],[0.0,0.0,0.0,0.0,0.0,1.0,0.0,0.0,1.0,1.0,1.0,1.0,1.0,1.0,1.0,1.0,1.0,1.0,1.0,1.0],[0.0,0.0,0.0,0.0,0.0,0.0,0.0,0.0,0.0,0.0,0.4349528482,1.0,1.0,1.0,1.0,1.0,1.0,1.0,1.0,1.0],[0.0,0.0,0.0,1.0,1.0,1.0,0.0,0.0,1.0,1.0,1.0,1.0,1.0,1.0,1.0,1.0,1.0,1.0,1.0,1.0],[1.0,1.0,1.0,1.0,1.0,1.0,1.0,0.0,1.0,1.0,1.0,1.0,1.0,1.0,1.0,1.0,1.0,1.0,1.0,1.0],[0.0,0.0,0.0,0.0,0.0,1.0,0.0,0.0,0.0,1.0,1.0,1.0,1.0,1.0,1.0,1.0,1.0,1.0,1.0,1.0],[0.0,0.0,0.0,0.0,0.0,1.0,0.0,0.0,0.0,0.0,0.5522857609,1.0,1.0,1.0,1.0,1.0,1.0,1.0,1.0,1.0],[0.0,0.0,0.0,0.0,0.0,0.5650471518,0.0,0.0,0.0,0.4477142391,0.0,1.0,1.0,1.0,1.0,1.0,1.0,1.0,1.0,1.0],[0.0,0.0,0.0,0.0,0.0,0.0,0.0,0.0,0.0,0.0,0.0,0.0,0.0,0.0,0.0,0.0,0.0,0.0,0.0,0.0],[0.0,0.0,0.0,0.0,0.0,0.0,0.0,0.0,0.0,0.0,0.0,1.0,0.0,0.0,1.0,1.0,1.0,1.0,1.0,1.0],[0.0,0.0,0.0,0.0,0.0,0.0,0.0,0.0,0.0,0.0,0.0,1.0,1.0,0.0,1.0,1.0,1.0,1.0,1.0,1.0],[0.0,0.0,0.0,0.0,0.0,0.0,0.0,0.0,0.0,0.0,0.0,1.0,0.0,0.0,0.0,1.0,1.0,1.0,1.0,1.0],[0.0,0.0,0.0,0.0,0.0,0.0,0.0,0.0,0.0,0.0,0.0,1.0,0.0,0.0,0.0,0.0,1.0,1.0,1.0,1.0],[0.0,0.0,0.0,0.0,0.0,0.0,0.0,0.0,0.0,0.0,0.0,1.0,0.0,0.0,0.0,0.0,0.0,1.0,1.0,1.0],[0.0,0.0,0.0,0.0,0.0,0.0,0.0,0.0,0.0,0.0,0.0,1.0,0.0,0.0,0.0,0.0,0.0,0.0,1.0,0.5049225231],[0.0,0.0,0.0,0.0,0.0,0.0,0.0,0.0,0.0,0.0,0.0,1.0,0.0,0.0,0.0,0.0,0.0,0.0,0.0,0.0],[0.0,0.0,0.0,0.0,0.0,0.0,0.0,0.0,0.0,0.0,0.0,1.0,0.0,0.0,0.0,0.0,0.0,0.4950774769,1.0,0.0]],"outlier_solution":[11,18,19,17,16,15,14,12,13,5,10,9,8,4,3,6,2,1,0,7],"dataset_id":312,"source_dataset_id":329,"options":null,"D":{"0":{"0":0,"1":0,"2":0,"3":4,"4":2,"5":3,"6":0,"7":2,"8":0,"9":1,"10":4,"11":3,"12":0,"13":4,"14":0,"15":1,"16":0,"17":1,"18":5,"19":0},"1":{"0":5,"1":0,"2":2,"3":1,"4":3,"5":2,"6":1,"7":3,"8":4,"9":3,"10":0,"11":1,"12":0,"13":0,"14":3,"15":4,"16":0,"17":3,"18":5,"19":4},"2":{"0":2,"1":5,"2":0,"3":3,"4":0,"5":0,"6":1,"7":5,"8":0,"9":0,"10":1,"11":2,"12":2,"13":0,"14":0,"15":0,"16":0,"17":0,"18":3,"19":0},"3":{"0":5,"1":5,"2":5,"3":0,"4":4,"5":0,"6":5,"7":3,"8":0,"9":0,"10":0,"11":4,"12":0,"13":5,"14":0,"15":0,"16":3,"17":2,"18":0,"19":5},"4":{"0":5,"1":5,"2":1,"3":5,"4":0,"5":0,"6":0,"7":0,"8":0,"9":1,"10":0,"11":0,"12":3,"13":0,"14":4,"15":4,"16":5,"17":0,"18":5,"19":3},"5":{"0":2,"1":2,"2":4,"3":5,"4":0,"5":0,"6":0,"7":3,"8":0,"9":5,"10":0,"11":2,"12":1,"13":0,"14":2,"15":5,"16":4,"17":4,"18":4,"19":0},"6":{"0":0,"1":0,"2":3,"3":0,"4":0,"5":4,"6":0,"7":5,"8":1,"9":0,"10":3,"11":0,"12":4,"13":0,"14":2,"15":0,"16":5,"17":1,"18":1,"19":0},"7":{"0":0,"1":4,"2":0,"3":5,"4":2,"5":3,"6":5,"7":0,"8":3,"9":1,"10":0,"11":0,"12":1,"13":0,"14":0,"15":2,"16":0,"17":0,"18":0,"19":0},"8":{"0":2,"1":5,"2":3,"3":2,"4":5,"5":0,"6":0,"7":3,"8":0,"9":0,"10":0,"11":3,"12":4,"13":0,"14":5,"15":2,"16":4,"17":0,"18":5,"19":5},"9":{"0":5,"1":5,"2":5,"3":5,"4":0,"5":2,"6":5,"7":3,"8":4,"9":0,"10":0,"11":2,"12":1,"13":3,"14":0,"15":0,"16":1,"17":0,"18":0,"19":0},"10":{"0":0,"1":2,"2":1,"3":0,"4":4,"5":0,"6":5,"7":1,"8":3,"9":0,"10":0,"11":0,"12":0,"13":0,"14":0,"15":3,"16":1,"17":0,"18":5,"19":4},"11":{"0":0,"1":1,"2":0,"3":1,"4":5,"5":5,"6":5,"7":4,"8":5,"9":2,"10":5,"11":0,"12":2,"13":0,"14":0,"15":2,"16":5,"17":3,"18":4,"19":3},"12":{"0":3,"1":3,"2":5,"3":5,"4":5,"5":0,"6":5,"7":3,"8":4,"9":2,"10":5,"11":3,"12":0,"13":5,"14":1,"15":0,"16":3,"17":0,"18":0,"19":0},"13":{"0":5,"1":5,"2":1,"3":0,"4":5,"5":5,"6":5,"7":5,"8":5,"9":5,"10":5,"11":0,"12":3,"13":0,"14":0,"15":3,"16":0,"17":0,"18":0,"19":0},"14":{"0":5,"1":5,"2":2,"3":0,"4":4,"5":5,"6":0,"7":5,"8":5,"9":0,"10":5,"11":0,"12":4,"13":0,"14":0,"15":0,"16":0,"17":0,"18":1,"19":4},"15":{"0":4,"1":5,"2":0,"3":4,"4":5,"5":4,"6":5,"7":0,"8":5,"9":5,"10":0,"11":0,"12":4,"13":5,"14":5,"15":0,"16":1,"17":0,"18":0,"19":0},"16":{"0":5,"1":0,"2":5,"3":0,"4":5,"5":3,"6":5,"7":1,"8":2,"9":5,"10":0,"11":5,"12":0,"13":1,"14":4,"15":3,"16":0,"17":0,"18":0,"19":0},"17":{"0":5,"1":2,"2":2,"3":5,"4":3,"5":4,"6":3,"7":5,"8":1,"9":5,"10":2,"11":2,"12":5,"13":5,"14":4,"15":3,"16":5,"17":0,"18":0,"19":5},"18":{"0":0,"1":5,"2":0,"3":0,"4":5,"5":5,"6":5,"7":1,"8":4,"9":0,"10":0,"11":0,"12":0,"13":5,"14":5,"15":5,"16":1,"17":4,"18":0,"19":3},"19":{"0":5,"1":5,"2":2,"3":5,"4":0,"5":5,"6":0,"7":5,"8":4,"9":1,"10":2,"11":5,"12":0,"13":5,"14":5,"15":0,"16":5,"17":5,"18":0,"19":0}},"method":"lop","centroid_solution":[11,18,17,19,16,15,14,12,13,10,5,9,8,4,3,6,2,1,0,7]}