{"solutions":[[17,18,19,14,16,13,11,12,15,8,3,10,1,9,7,5,4,6,2,0],[0,2,6,4,5,7,9,1,10,3,8,15,12,11,13,16,14,19,18,17],[0,2,6,4,5,7,9,1,10,3,8,15,12,11,13,16,14,18,19,17],[17,19,18,14,16,13,11,12,15,8,3,10,1,9,7,5,4,6,2,0]],"obj":613.0,"max_tau_solutions":null,"centroid_x":[[0.0,1.0,1.0,1.0,1.0,1.0,1.0,1.0,1.0,1.0,1.0,1.0,1.0,1.0,1.0,1.0,1.0,1.0,1.0,1.0],[0.0,0.0,0.0,1.0,0.0,0.0,0.0,0.0,1.0,0.0,1.0,1.0,1.0,1.0,1.0,1.0,1.0,1.0,1.0,1.0],[0.0,1.0,0.0,1.0,1.0,1.0,1.0,1.0,1.0,1.0,1.0,1.0,1.0,1.0,1.0,1.0,1.0,1.0,1.0,1.0],[0.0,0.0,0.0,0.0,0.0,0.0,0.0,0.0,1.0,0.0,0.0,1.0,1.0,1.0,1.0,1.0,1.0,1.0,1.0,1.0],[0.0,1.0,0.0,1.0,0.0,1.0,0.0,1.0,1.0,1.0,1.0,1.0,1.0,1.0,1.0,1.0,1.0,1.0,1.0,1.0],[0.0,1.0,0.0,1.0,0.0,0.0,0.0,1.0,1.0,1.0,1.0,1.0,1.0,1.0,1.0,1.0,1.0,1.0,1.0,1.0],[0.0,1.0,0.0,1.0,1.0,1.0,0.0,1.0,1.0,1.0,1.0,1.0,1.0,1.0,1.0,1.0,1.0,1.0,1.0,1.0],[0.0,1.0,0.0,1.0,0.0,0.0,0.0,0.0,1.0,1.0,1.0,1.0,1.0,1.0,1.0,1.0,1.0,1.0,1.0,1.0],[0.0,0.0,0.0,0.0,0.0,0.0,0.0,0.0,0.0,0.0,0.0,1.0,1.0,1.0,1.0,1.0,1.0,1.0,1.0,1.0],[0.0,1.0,0.0,1.0,0.0,0.0,0.0,0.0,1.0,0.0,1.0,1.0,1.0,1.0,1.0,1.0,1.0,1.0,1.0,1.0],[0.0,0.0,0.0,1.0,0.0,0.0,0.0,0.0,1.0,0.0,0.0,1.0,1.0,1.0,1.0,1.0,1.0,1.0,1.0,1.0],[0.0,0.0,0.0,0.0,0.0,0.0,0.0,0.0,0.0,0.0,0.0,0.0,0.0,1.0,1.0,0.0,1.0,1.0,1.0,1.0],[0.0,0.0,0.0,0.0,0.0,0.0,0.0,0.0,0.0,0.0,0.0,1.0,0.0,1.0,1.0,0.0,1.0,1.0,1.0,1.0],[0.0,0.0,0.0,0.0,0.0,0.0,0.0,0.0,0.0,0.0,0.0,0.0,0.0,0.0,1.0,0.0,1.0,1.0,1.0,1.0],[0.0,0.0,0.0,0.0,0.0,0.0,0.0,0.0,0.0,0.0,0.0,0.0,0.0,0.0,0.0,0.0,0.0,1.0,1.0,1.0],[0.0,0.0,0.0,0.0,0.0,0.0,0.0,0.0,0.0,0.0,0.0,1.0,1.0,1.0,1.0,0.0,1.0,1.0,1.0,1.0],[0.0,0.0,0.0,0.0,0.0,0.0,0.0,0.0,0.0,0.0,0.0,0.0,0.0,0.0,1.0,0.0,0.0,1.0,1.0,1.0],[0.0,0.0,0.0,0.0,0.0,0.0,0.0,0.0,0.0,0.0,0.0,0.0,0.0,0.0,0.0,0.0,0.0,0.0,0.0,0.0],[0.0,0.0,0.0,0.0,0.0,0.0,0.0,0.0,0.0,0.0,0.0,0.0,0.0,0.0,0.0,0.0,0.0,1.0,0.0,0.4827390621],[0.0,0.0,0.0,0.0,0.0,0.0,0.0,0.0,0.0,0.0,0.0,0.0,0.0,0.0,0.0,0.0,0.0,1.0,0.5172609379,0.0]],"outlier_solution":[17,18,19,14,16,13,11,12,15,8,3,10,1,9,7,5,4,6,2,0],"dataset_id":326,"source_dataset_id":343,"options":null,"D":{"0":{"0":0,"1":0,"2":1,"3":0,"4":0,"5":0,"6":5,"7":0,"8":4,"9":0,"10":0,"11":0,"12":3,"13":3,"14":3,"15":0,"16":0,"17":0,"18":0,"19":4},"1":{"0":4,"1":0,"2":1,"3":0,"4":2,"5":0,"6":0,"7":4,"8":0,"9":2,"10":1,"11":0,"12":3,"13":1,"14":0,"15":0,"16":0,"17":2,"18":0,"19":0},"2":{"0":2,"1":0,"2":0,"3":3,"4":0,"5":0,"6":0,"7":0,"8":4,"9":0,"10":3,"11":0,"12":1,"13":1,"14":0,"15":2,"16":4,"17":0,"18":0,"19":2},"3":{"0":1,"1":4,"2":5,"3":0,"4":5,"5":1,"6":4,"7":0,"8":2,"9":3,"10":5,"11":0,"12":1,"13":1,"14":0,"15":0,"16":1,"17":2,"18":5,"19":0},"4":{"0":5,"1":5,"2":1,"3":5,"4":0,"5":0,"6":5,"7":0,"8":0,"9":0,"10":0,"11":0,"12":0,"13":4,"14":4,"15":2,"16":0,"17":0,"18":0,"19":0},"5":{"0":5,"1":0,"2":2,"3":0,"4":3,"5":0,"6":3,"7":0,"8":0,"9":0,"10":0,"11":0,"12":0,"13":5,"14":0,"15":0,"16":1,"17":0,"18":0,"19":1},"6":{"0":5,"1":1,"2":3,"3":5,"4":0,"5":1,"6":0,"7":4,"8":0,"9":4,"10":0,"11":3,"12":0,"13":2,"14":0,"15":0,"16":0,"17":0,"18":2,"19":2},"7":{"0":5,"1":0,"2":0,"3":5,"4":5,"5":1,"6":5,"7":0,"8":0,"9":1,"10":3,"11":2,"12":1,"13":1,"14":0,"15":0,"16":0,"17":4,"18":0,"19":5},"8":{"0":5,"1":5,"2":4,"3":5,"4":0,"5":5,"6":5,"7":2,"8":0,"9":2,"10":3,"11":4,"12":0,"13":0,"14":1,"15":0,"16":3,"17":0,"18":0,"19":4},"9":{"0":0,"1":0,"2":4,"3":0,"4":1,"5":5,"6":4,"7":5,"8":1,"9":0,"10":1,"11":4,"12":0,"13":0,"14":0,"15":0,"16":0,"17":0,"18":0,"19":0},"10":{"0":5,"1":5,"2":5,"3":0,"4":1,"5":0,"6":0,"7":5,"8":5,"9":1,"10":0,"11":1,"12":0,"13":0,"14":0,"15":1,"16":0,"17":0,"18":0,"19":3},"11":{"0":0,"1":5,"2":4,"3":1,"4":2,"5":3,"6":5,"7":3,"8":3,"9":5,"10":2,"11":0,"12":5,"13":0,"14":0,"15":1,"16":0,"17":2,"18":0,"19":0},"12":{"0":2,"1":5,"2":5,"3":0,"4":1,"5":5,"6":5,"7":2,"8":5,"9":0,"10":5,"11":0,"12":0,"13":3,"14":3,"15":1,"16":2,"17":0,"18":0,"19":4},"13":{"0":5,"1":5,"2":5,"3":1,"4":5,"5":5,"6":5,"7":4,"8":1,"9":5,"10":5,"11":5,"12":5,"13":0,"14":0,"15":3,"16":0,"17":0,"18":1,"19":4},"14":{"0":1,"1":4,"2":5,"3":5,"4":1,"5":2,"6":5,"7":4,"8":1,"9":4,"10":5,"11":5,"12":5,"13":5,"14":0,"15":0,"16":5,"17":0,"18":3,"19":0},"15":{"0":4,"1":0,"2":1,"3":3,"4":0,"5":5,"6":0,"7":3,"8":5,"9":0,"10":5,"11":0,"12":0,"13":3,"14":2,"15":0,"16":0,"17":0,"18":2,"19":2},"16":{"0":0,"1":5,"2":5,"3":2,"4":5,"5":1,"6":4,"7":3,"8":5,"9":5,"10":4,"11":4,"12":0,"13":2,"14":2,"15":3,"16":0,"17":4,"18":1,"19":2},"17":{"0":5,"1":5,"2":5,"3":5,"4":2,"5":1,"6":1,"7":0,"8":2,"9":5,"10":5,"11":5,"12":5,"13":1,"14":5,"15":0,"16":5,"17":0,"18":1,"19":3},"18":{"0":3,"1":5,"2":5,"3":0,"4":5,"5":0,"6":3,"7":5,"8":5,"9":2,"10":4,"11":5,"12":2,"13":1,"14":4,"15":5,"16":3,"17":0,"18":0,"19":0},"19":{"0":5,"1":2,"2":0,"3":3,"4":3,"5":5,"6":5,"7":5,"8":5,"9":5,"10":1,"11":4,"12":3,"13":5,"14":1,"15":5,"16":5,"17":0,"18":0,"19":0}},"method":"lop","centroid_solution":[17,19,18,14,16,13,11,12,15,8,3,10,1,9,7,5,4,6,2,0]}