{"solutions":[[2,0,1,3,4,5,6,7,9,8,13,11,17,12,15,19,16,10,18,14],[2,0,1,3,4,5,6,7,8,9,11,13,17,12,15,19,16,10,18,14],[2,0,1,3,4,5,6,7,8,9,13,11,17,12,15,16,19,10,18,14],[14,18,10,19,16,15,12,17,13,11,8,9,7,6,5,4,2,3,1,0],[0,1,2,3,4,5,6,7,9,8,11,13,17,12,15,19,16,10,18,14],[0,1,3,2,4,5,6,7,9,8,13,11,17,12,15,19,16,10,18,14],[0,1,2,3,4,5,6,7,9,8,13,11,17,12,15,19,16,10,18,14],[0,1,3,2,4,5,6,7,8,9,11,13,17,12,15,16,19,10,18,14],[0,1,3,2,4,5,6,7,8,9,11,13,17,12,15,19,16,10,18,14],[2,0,1,3,4,5,6,7,9,8,13,11,17,12,15,16,19,10,18,14],[0,1,2,3,4,5,6,7,9,8,13,11,17,12,15,16,19,10,18,14],[0,1,2,3,4,5,6,7,9,8,11,13,17,12,15,16,19,10,18,14],[2,0,1,3,4,5,6,7,8,9,13,11,17,12,15,19,16,10,18,14],[2,0,1,3,4,5,6,7,9,8,11,13,17,12,15,16,19,10,18,14],[0,1,2,3,4,5,6,7,8,9,11,13,17,12,15,19,16,10,18,14],[2,0,1,3,4,5,6,7,9,8,11,13,17,12,15,19,16,10,18,14],[0,1,3,2,4,5,6,7,9,8,11,13,17,12,15,16,19,10,18,14],[0,1,3,2,4,5,6,7,8,9,13,11,17,12,15,16,19,10,18,14],[0,1,2,3,4,5,6,7,8,9,11,13,17,12,15,16,19,10,18,14],[14,18,10,16,19,15,12,17,11,13,9,8,7,6,5,4,3,2,1,0],[0,1,3,2,4,5,6,7,9,8,11,13,17,12,15,19,16,10,18,14],[2,0,1,3,4,5,6,7,8,9,11,13,17,12,15,16,19,10,18,14],[0,1,3,2,4,5,6,7,9,8,13,11,17,12,15,16,19,10,18,14],[0,1,3,2,4,5,6,7,8,9,13,11,17,12,15,19,16,10,18,14],[0,1,2,3,4,5,6,7,8,9,13,11,17,12,15,16,19,10,18,14],[0,1,2,3,4,5,6,7,8,9,13,11,17,12,15,19,16,10,18,14]],"obj":577.0,"max_tau_solutions":null,"centroid_x":[[0.0,1.0,0.5394234431,1.0,1.0,1.0,1.0,1.0,1.0,1.0,1.0,1.0,1.0,1.0,1.0,1.0,1.0,1.0,1.0,1.0],[0.0,0.0,0.539423457,1.0,1.0,1.0,1.0,1.0,1.0,1.0,1.0,1.0,1.0,1.0,1.0,1.0,1.0,1.0,1.0,1.0],[0.4605765569,0.460576543,0.0,0.6228312077,1.0,1.0,1.0,1.0,1.0,1.0,1.0,1.0,1.0,1.0,1.0,1.0,1.0,1.0,1.0,1.0],[0.0,0.0,0.3771687923,0.0,1.0,1.0,1.0,1.0,1.0,1.0,1.0,1.0,1.0,1.0,1.0,1.0,1.0,1.0,1.0,1.0],[0.0,0.0,0.0,0.0,0.0,1.0,1.0,1.0,1.0,1.0,1.0,1.0,1.0,1.0,1.0,1.0,1.0,1.0,1.0,1.0],[0.0,0.0,0.0,0.0,0.0,0.0,1.0,1.0,1.0,1.0,1.0,1.0,1.0,1.0,1.0,1.0,1.0,1.0,1.0,1.0],[0.0,0.0,0.0,0.0,0.0,0.0,0.0,1.0,1.0,1.0,1.0,1.0,1.0,1.0,1.0,1.0,1.0,1.0,1.0,1.0],[0.0,0.0,0.0,0.0,0.0,0.0,0.0,0.0,1.0,1.0,1.0,1.0,1.0,1.0,1.0,1.0,1.0,1.0,1.0,1.0],[0.0,0.0,0.0,0.0,0.0,0.0,0.0,0.0,0.0,0.5088029336,1.0,1.0,1.0,1.0,1.0,1.0,1.0,1.0,1.0,1.0],[0.0,0.0,0.0,0.0,0.0,0.0,0.0,0.0,0.4911970664,0.0,1.0,1.0,1.0,1.0,1.0,1.0,1.0,1.0,1.0,1.0],[0.0,0.0,0.0,0.0,0.0,0.0,0.0,0.0,0.0,0.0,0.0,0.0,0.0,0.0,1.0,0.0,0.0,0.0,1.0,0.0],[0.0,0.0,0.0,0.0,0.0,0.0,0.0,0.0,0.0,0.0,1.0,0.0,1.0,0.4815610618,1.0,1.0,1.0,1.0,1.0,1.0],[0.0,0.0,0.0,0.0,0.0,0.0,0.0,0.0,0.0,0.0,1.0,0.0,0.0,0.0,1.0,1.0,1.0,0.0,1.0,1.0],[0.0,0.0,0.0,0.0,0.0,0.0,0.0,0.0,0.0,0.0,1.0,0.5184389382,1.0,0.0,1.0,1.0,1.0,1.0,1.0,1.0],[0.0,0.0,0.0,0.0,0.0,0.0,0.0,0.0,0.0,0.0,0.0,0.0,0.0,0.0,0.0,0.0,0.0,0.0,0.0,0.0],[0.0,0.0,0.0,0.0,0.0,0.0,0.0,0.0,0.0,0.0,1.0,0.0,0.0,0.0,1.0,0.0,1.0,0.0,1.0,1.0],[0.0,0.0,0.0,0.0,0.0,0.0,0.0,0.0,0.0,0.0,1.0,0.0,0.0,0.0,1.0,0.0,0.0,0.0,1.0,0.4961809873],[0.0,0.0,0.0,0.0,0.0,0.0,0.0,0.0,0.0,0.0,1.0,0.0,1.0,0.0,1.0,1.0,1.0,0.0,1.0,1.0],[0.0,0.0,0.0,0.0,0.0,0.0,0.0,0.0,0.0,0.0,0.0,0.0,0.0,0.0,1.0,0.0,0.0,0.0,0.0,0.0],[0.0,0.0,0.0,0.0,0.0,0.0,0.0,0.0,0.0,0.0,1.0,0.0,0.0,0.0,1.0,0.0,0.5038190127,0.0,1.0,0.0]],"outlier_solution":[14,18,10,16,19,15,12,17,11,13,9,8,7,6,5,4,3,2,1,0],"dataset_id":329,"source_dataset_id":346,"options":null,"D":{"0":{"0":0,"1":0,"2":5,"3":3,"4":2,"5":0,"6":0,"7":0,"8":0,"9":4,"10":4,"11":2,"12":1,"13":2,"14":3,"15":1,"16":3,"17":0,"18":1,"19":0},"1":{"0":5,"1":0,"2":0,"3":0,"4":3,"5":0,"6":0,"7":2,"8":2,"9":2,"10":0,"11":2,"12":0,"13":0,"14":0,"15":4,"16":1,"17":2,"18":0,"19":0},"2":{"0":3,"1":2,"2":0,"3":5,"4":0,"5":0,"6":0,"7":5,"8":0,"9":4,"10":4,"11":2,"12":0,"13":1,"14":2,"15":0,"16":0,"17":0,"18":4,"19":5},"3":{"0":3,"1":5,"2":5,"3":0,"4":0,"5":5,"6":0,"7":0,"8":0,"9":0,"10":0,"11":0,"12":0,"13":3,"14":0,"15":0,"16":0,"17":2,"18":1,"19":0},"4":{"0":0,"1":5,"2":5,"3":3,"4":0,"5":1,"6":0,"7":0,"8":0,"9":1,"10":1,"11":0,"12":2,"13":0,"14":2,"15":0,"16":0,"17":0,"18":5,"19":5},"5":{"0":2,"1":0,"2":5,"3":5,"4":5,"5":0,"6":3,"7":0,"8":0,"9":0,"10":0,"11":1,"12":0,"13":1,"14":4,"15":4,"16":0,"17":0,"18":0,"19":0},"6":{"0":5,"1":3,"2":5,"3":0,"4":5,"5":5,"6":0,"7":2,"8":5,"9":2,"10":0,"11":0,"12":1,"13":0,"14":0,"15":0,"16":0,"17":0,"18":0,"19":2},"7":{"0":0,"1":1,"2":2,"3":1,"4":5,"5":4,"6":5,"7":0,"8":3,"9":0,"10":0,"11":2,"12":0,"13":0,"14":0,"15":0,"16":0,"17":4,"18":5,"19":3},"8":{"0":2,"1":2,"2":1,"3":5,"4":1,"5":5,"6":5,"7":5,"8":0,"9":4,"10":1,"11":2,"12":3,"13":2,"14":0,"15":5,"16":0,"17":5,"18":0,"19":0},"9":{"0":0,"1":2,"2":3,"3":5,"4":5,"5":5,"6":4,"7":4,"8":4,"9":0,"10":0,"11":0,"12":0,"13":0,"14":0,"15":3,"16":0,"17":1,"18":0,"19":0},"10":{"0":2,"1":3,"2":0,"3":5,"4":0,"5":5,"6":2,"7":5,"8":3,"9":5,"10":0,"11":0,"12":1,"13":0,"14":0,"15":0,"16":4,"17":5,"18":0,"19":5},"11":{"0":0,"1":5,"2":5,"3":1,"4":0,"5":3,"6":2,"7":3,"8":5,"9":1,"10":1,"11":0,"12":0,"13":4,"14":0,"15":2,"16":0,"17":1,"18":0,"19":0},"12":{"0":1,"1":5,"2":0,"3":0,"4":5,"5":0,"6":0,"7":0,"8":5,"9":2,"10":5,"11":4,"12":0,"13":0,"14":5,"15":0,"16":1,"17":2,"18":0,"19":0},"13":{"0":0,"1":5,"2":0,"3":0,"4":0,"5":4,"6":0,"7":0,"8":5,"9":5,"10":2,"11":4,"12":0,"13":0,"14":4,"15":0,"16":0,"17":3,"18":2,"19":0},"14":{"0":4,"1":4,"2":3,"3":5,"4":4,"5":5,"6":5,"7":5,"8":1,"9":5,"10":5,"11":4,"12":5,"13":5,"14":0,"15":0,"16":1,"17":0,"18":4,"19":1},"15":{"0":1,"1":1,"2":0,"3":2,"4":2,"5":4,"6":0,"7":1,"8":5,"9":3,"10":0,"11":5,"12":5,"13":4,"14":0,"15":0,"16":0,"17":5,"18":0,"19":1},"16":{"0":5,"1":5,"2":0,"3":5,"4":3,"5":5,"6":1,"7":1,"8":3,"9":5,"10":0,"11":5,"12":5,"13":3,"14":5,"15":5,"16":0,"17":0,"18":1,"19":0},"17":{"0":5,"1":0,"2":2,"3":4,"4":2,"5":5,"6":5,"7":2,"8":5,"9":5,"10":3,"11":5,"12":1,"13":5,"14":1,"15":0,"16":3,"17":0,"18":4,"19":5},"18":{"0":3,"1":1,"2":5,"3":0,"4":5,"5":5,"6":2,"7":0,"8":1,"9":5,"10":5,"11":5,"12":1,"13":5,"14":0,"15":5,"16":5,"17":1,"18":0,"19":0},"19":{"0":1,"1":4,"2":5,"3":5,"4":5,"5":5,"6":5,"7":5,"8":0,"9":5,"10":0,"11":0,"12":3,"13":2,"14":2,"15":4,"16":0,"17":5,"18":0,"19":0}},"method":"lop","centroid_solution":[14,18,10,19,16,15,12,17,13,11,8,9,7,6,5,4,2,3,1,0]}