{"solutions":[[0,2,11,3,4,5,1,7,6,10,8,9,12,19,13,15,14,16,17,18],[0,2,11,3,4,5,1,7,6,10,8,9,12,13,15,19,14,16,17,18],[0,2,11,3,4,5,1,7,8,6,9,12,19,15,10,13,14,16,17,18],[0,2,11,3,4,5,1,7,6,8,9,12,15,19,10,13,14,16,17,18],[0,2,11,3,4,5,1,7,8,6,9,12,15,19,10,13,14,16,17,18],[0,2,11,3,4,5,1,7,6,10,8,9,12,15,13,19,14,16,17,18],[18,17,16,14,13,19,15,12,9,8,10,6,7,1,5,4,3,11,2,0],[18,17,16,14,13,10,15,19,12,9,6,8,7,1,5,4,3,11,2,0],[0,2,11,3,4,5,1,7,6,10,8,9,12,15,19,13,14,16,17,18],[0,2,11,3,4,5,1,7,6,8,9,12,19,15,10,13,14,16,17,18],[0,2,11,3,4,5,1,7,6,10,8,9,12,19,15,13,14,16,17,18],[0,2,11,3,4,5,1,7,6,10,8,9,12,13,19,15,14,16,17,18]],"obj":618.0,"max_tau_solutions":null,"centroid_x":[[0.0,1.0,1.0,1.0,1.0,1.0,1.0,1.0,1.0,1.0,1.0,1.0,1.0,1.0,1.0,1.0,1.0,1.0,1.0,1.0],[0.0,0.0,0.0,0.0,0.0,0.0,1.0,1.0,1.0,1.0,1.0,0.0,1.0,1.0,1.0,1.0,1.0,1.0,1.0,1.0],[0.0,1.0,0.0,1.0,1.0,1.0,1.0,1.0,1.0,1.0,1.0,1.0,1.0,1.0,1.0,1.0,1.0,1.0,1.0,1.0],[0.0,1.0,0.0,0.0,1.0,1.0,1.0,1.0,1.0,1.0,1.0,0.0,1.0,1.0,1.0,1.0,1.0,1.0,1.0,1.0],[0.0,1.0,0.0,0.0,0.0,1.0,1.0,1.0,1.0,1.0,1.0,0.0,1.0,1.0,1.0,1.0,1.0,1.0,1.0,1.0],[0.0,1.0,0.0,0.0,0.0,0.0,1.0,1.0,1.0,1.0,1.0,0.0,1.0,1.0,1.0,1.0,1.0,1.0,1.0,1.0],[0.0,0.0,0.0,0.0,0.0,0.0,0.0,0.0,0.6530170267,1.0,1.0,0.0,1.0,1.0,1.0,1.0,1.0,1.0,1.0,1.0],[0.0,0.0,0.0,0.0,0.0,0.0,1.0,0.0,1.0,1.0,1.0,0.0,1.0,1.0,1.0,1.0,1.0,1.0,1.0,1.0],[0.0,0.0,0.0,0.0,0.0,0.0,0.3469829733,0.0,0.0,1.0,0.4586584715,0.0,1.0,1.0,1.0,1.0,1.0,1.0,1.0,1.0],[0.0,0.0,0.0,0.0,0.0,0.0,0.0,0.0,0.0,0.0,0.4586584708,0.0,1.0,1.0,1.0,1.0,1.0,1.0,1.0,1.0],[0.0,0.0,0.0,0.0,0.0,0.0,0.0,0.0,0.5413415285,0.5413415292,0.0,0.0,0.5413415294,1.0,1.0,0.5413415289,1.0,1.0,1.0,0.5413415267],[0.0,1.0,0.0,1.0,1.0,1.0,1.0,1.0,1.0,1.0,1.0,0.0,1.0,1.0,1.0,1.0,1.0,1.0,1.0,1.0],[0.0,0.0,0.0,0.0,0.0,0.0,0.0,0.0,0.0,0.0,0.4586584706,0.0,0.0,1.0,1.0,1.0,1.0,1.0,1.0,1.0],[0.0,0.0,0.0,0.0,0.0,0.0,0.0,0.0,0.0,0.0,0.0,0.0,0.0,0.0,1.0,0.3722872381,1.0,1.0,1.0,0.4001765192],[0.0,0.0,0.0,0.0,0.0,0.0,0.0,0.0,0.0,0.0,0.0,0.0,0.0,0.0,0.0,0.0,1.0,1.0,1.0,0.0],[0.0,0.0,0.0,0.0,0.0,0.0,0.0,0.0,0.0,0.0,0.4586584711,0.0,0.0,0.6277127619,1.0,0.0,1.0,1.0,1.0,0.5039207016],[0.0,0.0,0.0,0.0,0.0,0.0,0.0,0.0,0.0,0.0,0.0,0.0,0.0,0.0,0.0,0.0,0.0,1.0,1.0,0.0],[0.0,0.0,0.0,0.0,0.0,0.0,0.0,0.0,0.0,0.0,0.0,0.0,0.0,0.0,0.0,0.0,0.0,0.0,1.0,0.0],[0.0,0.0,0.0,0.0,0.0,0.0,0.0,0.0,0.0,0.0,0.0,0.0,0.0,0.0,0.0,0.0,0.0,0.0,0.0,0.0],[0.0,0.0,0.0,0.0,0.0,0.0,0.0,0.0,0.0,0.0,0.4586584733,0.0,0.0,0.5998234808,1.0,0.4960792984,1.0,1.0,1.0,0.0]],"outlier_solution":[18,17,16,14,13,19,15,12,9,8,10,6,7,1,5,4,3,11,2,0],"dataset_id":330,"source_dataset_id":347,"options":null,"D":{"0":{"0":0,"1":4,"2":3,"3":4,"4":0,"5":0,"6":0,"7":3,"8":5,"9":0,"10":5,"11":0,"12":0,"13":3,"14":0,"15":0,"16":0,"17":3,"18":0,"19":4},"1":{"0":5,"1":0,"2":1,"3":0,"4":0,"5":5,"6":0,"7":0,"8":0,"9":0,"10":4,"11":4,"12":0,"13":0,"14":0,"15":0,"16":0,"17":5,"18":0,"19":2},"2":{"0":5,"1":5,"2":0,"3":0,"4":0,"5":2,"6":0,"7":0,"8":5,"9":0,"10":0,"11":0,"12":0,"13":2,"14":4,"15":0,"16":0,"17":3,"18":0,"19":0},"3":{"0":2,"1":0,"2":3,"3":0,"4":0,"5":0,"6":0,"7":1,"8":0,"9":0,"10":1,"11":3,"12":0,"13":5,"14":0,"15":1,"16":3,"17":0,"18":0,"19":0},"4":{"0":1,"1":0,"2":5,"3":5,"4":0,"5":1,"6":5,"7":0,"8":3,"9":3,"10":0,"11":4,"12":2,"13":2,"14":5,"15":0,"16":0,"17":0,"18":4,"19":0},"5":{"0":5,"1":0,"2":5,"3":5,"4":5,"5":0,"6":1,"7":0,"8":0,"9":1,"10":2,"11":5,"12":2,"13":5,"14":0,"15":1,"16":5,"17":0,"18":0,"19":2},"6":{"0":2,"1":4,"2":5,"3":5,"4":5,"5":4,"6":0,"7":4,"8":0,"9":1,"10":0,"11":0,"12":5,"13":0,"14":1,"15":0,"16":3,"17":2,"18":0,"19":2},"7":{"0":1,"1":5,"2":3,"3":0,"4":2,"5":3,"6":3,"7":0,"8":0,"9":4,"10":0,"11":4,"12":0,"13":1,"14":0,"15":0,"16":4,"17":0,"18":0,"19":0},"8":{"0":0,"1":4,"2":2,"3":0,"4":3,"5":5,"6":0,"7":3,"8":0,"9":0,"10":4,"11":0,"12":0,"13":4,"14":4,"15":0,"16":1,"17":0,"18":3,"19":2},"9":{"0":5,"1":2,"2":3,"3":5,"4":1,"5":2,"6":5,"7":1,"8":5,"9":0,"10":3,"11":3,"12":0,"13":0,"14":0,"15":0,"16":0,"17":0,"18":2,"19":0},"10":{"0":5,"1":5,"2":0,"3":4,"4":4,"5":3,"6":5,"7":2,"8":0,"9":2,"10":0,"11":0,"12":0,"13":0,"14":1,"15":5,"16":0,"17":5,"18":3,"19":3},"11":{"0":5,"1":1,"2":5,"3":0,"4":2,"5":5,"6":0,"7":5,"8":0,"9":5,"10":0,"11":0,"12":0,"13":0,"14":0,"15":0,"16":0,"17":4,"18":3,"19":0},"12":{"0":0,"1":5,"2":2,"3":0,"4":5,"5":4,"6":5,"7":1,"8":3,"9":3,"10":0,"11":5,"12":0,"13":0,"14":1,"15":1,"16":0,"17":1,"18":3,"19":3},"13":{"0":5,"1":0,"2":2,"3":2,"4":0,"5":4,"6":5,"7":5,"8":5,"9":5,"10":5,"11":0,"12":4,"13":0,"14":0,"15":0,"16":0,"17":4,"18":0,"19":0},"14":{"0":5,"1":5,"2":3,"3":4,"4":5,"5":5,"6":3,"7":5,"8":1,"9":0,"10":5,"11":1,"12":5,"13":5,"14":0,"15":5,"16":1,"17":1,"18":2,"19":4},"15":{"0":5,"1":5,"2":5,"3":5,"4":5,"5":5,"6":0,"7":3,"8":5,"9":5,"10":3,"11":5,"12":3,"13":0,"14":0,"15":0,"16":1,"17":0,"18":5,"19":5},"16":{"0":5,"1":5,"2":5,"3":5,"4":4,"5":0,"6":0,"7":3,"8":5,"9":5,"10":5,"11":5,"12":3,"13":0,"14":3,"15":0,"16":0,"17":0,"18":4,"19":2},"17":{"0":1,"1":1,"2":5,"3":5,"4":3,"5":2,"6":5,"7":5,"8":5,"9":1,"10":5,"11":5,"12":5,"13":4,"14":4,"15":0,"16":4,"17":0,"18":0,"19":0},"18":{"0":0,"1":5,"2":4,"3":4,"4":1,"5":5,"6":1,"7":5,"8":2,"9":5,"10":1,"11":0,"12":5,"13":5,"14":3,"15":5,"16":2,"17":3,"18":0,"19":0},"19":{"0":4,"1":5,"2":3,"3":1,"4":1,"5":5,"6":5,"7":5,"8":5,"9":0,"10":0,"11":5,"12":4,"13":0,"14":0,"15":5,"16":0,"17":2,"18":0,"19":0}},"method":"lop","centroid_solution":[18,17,16,14,13,10,15,19,12,9,6,8,7,1,5,4,3,11,2,0]}