{"solutions":[[1,4,5,9,0,6,7,2,3,8,11,14,10,13,17,19,12,15,16,18],[1,4,5,9,0,2,6,3,11,8,10,12,13,17,15,7,14,19,16,18],[1,4,5,9,0,2,6,3,11,8,10,13,17,7,19,12,14,15,16,18],[1,4,5,9,0,6,2,3,11,8,10,12,13,17,7,14,19,15,16,18],[1,4,5,9,0,6,7,2,3,11,8,10,12,13,17,14,19,15,16,18],[1,4,5,9,0,6,2,3,8,11,10,12,13,17,7,14,19,15,16,18],[1,4,5,17,9,0,6,7,2,3,8,11,14,10,13,19,12,15,16,18],[1,4,5,17,9,0,6,7,2,3,8,11,14,10,19,12,13,15,16,18],[1,4,5,17,9,0,6,7,2,3,11,8,14,10,19,13,12,15,16,18],[1,4,5,9,0,2,6,3,11,10,13,17,7,8,19,12,14,15,16,18],[1,4,5,9,0,6,7,2,3,8,11,10,13,12,17,14,19,15,16,18],[1,4,5,9,0,6,11,7,2,8,14,10,13,17,3,19,12,15,16,18],[1,4,5,9,0,6,7,2,3,11,8,14,10,12,13,17,19,15,16,18],[1,4,5,9,0,6,7,2,3,11,8,10,13,12,17,14,19,15,16,18],[1,4,5,9,0,6,2,3,11,10,13,17,7,8,19,12,14,15,16,18],[1,4,5,9,0,2,6,3,8,11,10,13,12,17,15,7,14,19,16,18],[1,4,5,17,9,0,6,7,2,3,8,11,14,10,19,13,12,15,16,18],[1,4,5,9,0,6,2,3,11,8,10,13,12,17,7,14,19,15,16,18],[1,4,5,9,0,2,6,3,11,8,10,13,12,17,7,14,19,15,16,18],[1,4,5,17,9,0,6,7,2,3,11,8,14,10,13,19,12,15,16,18],[1,4,5,9,0,6,2,3,8,11,10,13,17,7,19,12,14,15,16,18],[1,4,5,17,9,0,6,7,2,3,8,11,14,19,10,12,13,15,16,18],[1,4,5,9,0,6,2,3,8,11,10,13,12,17,7,14,19,15,16,18],[1,4,5,9,0,2,6,3,11,8,10,12,13,17,7,14,19,15,16,18],[1,4,5,9,0,6,7,2,3,11,8,14,10,13,12,17,19,15,16,18],[1,4,5,9,0,6,2,3,11,8,10,13,17,7,19,12,14,15,16,18],[1,4,5,9,0,6,7,2,3,11,8,14,10,13,17,19,12,15,16,18],[1,4,5,9,0,2,6,3,8,11,10,12,13,17,15,7,14,19,16,18],[1,4,5,9,0,2,6,3,11,8,10,13,12,17,15,7,14,19,16,18],[18,16,15,19,14,17,12,13,10,8,11,3,2,7,6,0,9,5,4,1],[1,4,5,9,0,6,7,2,3,8,11,14,10,12,13,17,19,15,16,18],[1,4,5,17,9,0,6,7,2,3,11,8,14,10,19,12,13,15,16,18],[1,4,5,9,0,6,2,3,11,8,10,12,13,17,15,7,14,19,16,18],[1,4,5,9,0,6,2,3,8,11,10,13,12,17,15,7,14,19,16,18],[1,4,5,9,0,2,6,3,8,11,10,13,12,17,7,14,19,15,16,18],[18,16,15,13,12,10,19,14,11,8,3,2,7,6,0,9,17,5,4,1],[1,4,5,9,0,6,7,2,3,8,11,10,12,13,17,14,19,15,16,18],[1,4,5,9,0,6,7,2,3,8,11,14,10,13,12,17,19,15,16,18],[1,4,5,17,9,0,6,7,2,3,8,11,14,19,10,13,12,15,16,18],[1,4,5,17,9,0,6,7,2,3,11,8,14,19,10,12,13,15,16,18],[1,4,5,9,0,6,2,3,11,8,10,13,12,17,15,7,14,19,16,18],[1,4,5,9,0,2,6,3,8,11,10,12,13,17,7,14,19,15,16,18],[1,4,5,17,9,0,6,7,2,3,11,8,14,19,10,13,12,15,16,18],[1,4,5,9,0,6,2,3,8,11,10,12,13,17,15,7,14,19,16,18],[1,4,5,9,0,2,6,3,8,11,10,13,17,7,19,12,14,15,16,18]],"obj":618.0,"max_tau_solutions":null,"centroid_x":[[0.0,0.144528903,0.7798439996,1.0,0.1781708516,0.2080489712,1.0,1.0,1.0,0.2201560004,0.7798439996,0.7798439996,1.0,1.0,1.0,1.0,1.0,0.7798439996,1.0,1.0],[0.855471097,0.0,1.0,1.0,1.0,1.0,1.0,1.0,1.0,1.0,1.0,1.0,1.0,1.0,1.0,1.0,1.0,1.0,1.0,1.0],[0.2201560004,0.0,0.0,1.0,0.0,0.2201560004,0.5460092131,0.5,1.0,0.2201560004,1.0,0.7136891951,1.0,1.0,1.0,1.0,1.0,1.0,1.0,1.0],[0.0,0.0,0.0,0.0,0.0,0.0,0.0,0.3359960835,0.5496852785,0.0,0.7230970027,0.5496852785,1.0,0.7230970027,0.5496852785,1.0,1.0,0.5029410023,1.0,1.0],[0.8218291484,0.0,1.0,1.0,0.0,1.0,1.0,1.0,1.0,1.0,1.0,1.0,1.0,1.0,1.0,1.0,1.0,1.0,1.0,1.0],[0.7919510288,0.0,0.7798439996,1.0,0.0,0.0,1.0,0.81318284,1.0,1.0,1.0,1.0,1.0,1.0,1.0,1.0,1.0,1.0,1.0,1.0],[0.0,0.0,0.4539907869,1.0,0.0,0.0,0.0,0.81318284,0.7798439996,0.0,0.738666353,0.5596879993,1.0,1.0,1.0,1.0,1.0,0.7798439996,1.0,1.0],[0.0,0.0,0.5,0.6640039165,0.0,0.18681716,0.18681716,0.0,0.8523383621,0.18681716,0.5,0.2136891951,1.0,0.7201560003,1.0,1.0,1.0,0.5,1.0,1.0],[0.0,0.0,0.0,0.4503147215,0.0,0.0,0.2201560004,0.1476616379,0.0,0.2201560004,0.6476616379,0.27794809,1.0,0.8678176383,1.0,1.0,1.0,0.6476616379,1.0,1.0],[0.7798439996,0.0,0.7798439996,1.0,0.0,0.0,1.0,0.81318284,0.7798439996,0.0,1.0,0.5596879993,1.0,1.0,1.0,1.0,1.0,0.7798439996,1.0,1.0],[0.2201560004,0.0,0.0,0.2769029973,0.0,0.0,0.261333647,0.5,0.3523383621,0.0,0.0,0.0,1.0,1.0,0.5,1.0,1.0,0.7798439996,1.0,0.8480591155],[0.2201560004,0.0,0.2863108049,0.4503147215,0.0,0.0,0.4403120007,0.7863108049,0.72205191,0.4403120007,1.0,0.0,1.0,1.0,1.0,1.0,1.0,0.9532557238,1.0,1.0],[0.0,0.0,0.0,0.0,0.0,0.0,0.0,0.0,0.0,0.0,0.0,0.0,0.0,0.4362638106,0.5,1.0,1.0,0.5,1.0,0.5],[0.0,0.0,0.0,0.2769029973,0.0,0.0,0.0,0.2798439997,0.1321823617,0.0,0.0,0.0,0.5637361894,0.0,0.5,1.0,1.0,0.7798439996,1.0,0.8013401236],[0.0,0.0,0.0,0.4503147215,0.0,0.0,0.0,0.0,0.0,0.0,0.5,0.0,0.5,0.5,0.0,1.0,1.0,0.2798439996,1.0,1.0],[0.0,0.0,0.0,0.0,0.0,0.0,0.0,0.0,0.0,0.0,0.0,0.0,0.0,0.0,0.0,0.0,1.0,0.0,1.0,0.0],[0.0,0.0,0.0,0.0,0.0,0.0,0.0,0.0,0.0,0.0,0.0,0.0,0.0,0.0,0.0,0.0,0.0,0.0,1.0,0.0],[0.2201560004,0.0,0.0,0.4970589977,0.0,0.0,0.2201560004,0.5,0.3523383621,0.2201560004,0.2201560004,0.0467442762,0.5,0.2201560004,0.7201560004,1.0,1.0,0.0,1.0,1.0],[0.0,0.0,0.0,0.0,0.0,0.0,0.0,0.0,0.0,0.0,0.0,0.0,0.0,0.0,0.0,0.0,0.0,0.0,0.0,0.0],[0.0,0.0,0.0,0.0,0.0,0.0,0.0,0.0,0.0,0.0,0.1519408845,0.0,0.5,0.1986598764,0.0,1.0,1.0,0.0,1.0,0.0]],"outlier_solution":[18,16,15,19,14,17,12,13,10,8,11,3,2,7,6,0,9,5,4,1],"dataset_id":331,"source_dataset_id":348,"options":null,"D":{"0":{"0":0,"1":0,"2":0,"3":0,"4":4,"5":0,"6":0,"7":0,"8":2,"9":5,"10":5,"11":0,"12":1,"13":0,"14":0,"15":1,"16":3,"17":5,"18":0,"19":3},"1":{"0":0,"1":0,"2":0,"3":0,"4":0,"5":0,"6":0,"7":0,"8":0,"9":4,"10":0,"11":0,"12":5,"13":3,"14":0,"15":2,"16":0,"17":0,"18":0,"19":0},"2":{"0":5,"1":0,"2":0,"3":3,"4":4,"5":4,"6":0,"7":5,"8":0,"9":5,"10":0,"11":0,"12":0,"13":0,"14":0,"15":0,"16":0,"17":0,"18":3,"19":0},"3":{"0":3,"1":5,"2":4,"3":0,"4":5,"5":5,"6":2,"7":5,"8":1,"9":2,"10":4,"11":0,"12":2,"13":0,"14":5,"15":0,"16":1,"17":4,"18":0,"19":0},"4":{"0":4,"1":1,"2":0,"3":2,"4":0,"5":3,"6":3,"7":2,"8":2,"9":0,"10":0,"11":0,"12":0,"13":1,"14":0,"15":0,"16":2,"17":0,"18":4,"19":4},"5":{"0":0,"1":5,"2":5,"3":0,"4":5,"5":0,"6":0,"7":2,"8":2,"9":1,"10":3,"11":0,"12":0,"13":4,"14":3,"15":0,"16":2,"17":0,"18":0,"19":0},"6":{"0":5,"1":0,"2":0,"3":0,"4":5,"5":2,"6":0,"7":0,"8":0,"9":5,"10":5,"11":2,"12":4,"13":4,"14":3,"15":2,"16":3,"17":4,"18":0,"19":2},"7":{"0":5,"1":5,"2":0,"3":3,"4":4,"5":0,"6":3,"7":0,"8":2,"9":3,"10":4,"11":5,"12":4,"13":0,"14":0,"15":4,"16":3,"17":5,"18":0,"19":0},"8":{"0":5,"1":2,"2":5,"3":5,"4":0,"5":5,"6":2,"7":5,"8":0,"9":0,"10":3,"11":0,"12":0,"13":0,"14":0,"15":0,"16":0,"17":4,"18":0,"19":4},"9":{"0":0,"1":4,"2":2,"3":2,"4":0,"5":5,"6":0,"7":4,"8":5,"9":0,"10":0,"11":4,"12":2,"13":0,"14":0,"15":0,"16":2,"17":2,"18":3,"19":0},"10":{"0":0,"1":5,"2":5,"3":5,"4":3,"5":4,"6":5,"7":2,"8":4,"9":5,"10":0,"11":3,"12":0,"13":0,"14":5,"15":0,"16":0,"17":1,"18":0,"19":0},"11":{"0":5,"1":2,"2":3,"3":5,"4":5,"5":1,"6":3,"7":0,"8":0,"9":0,"10":0,"11":0,"12":0,"13":0,"14":0,"15":4,"16":1,"17":3,"18":3,"19":0},"12":{"0":1,"1":0,"2":0,"3":3,"4":0,"5":0,"6":5,"7":5,"8":1,"9":2,"10":5,"11":5,"12":0,"13":0,"14":0,"15":1,"16":1,"17":3,"18":5,"19":5},"13":{"0":2,"1":1,"2":2,"3":1,"4":3,"5":5,"6":5,"7":0,"8":1,"9":2,"10":5,"11":5,"12":0,"13":0,"14":5,"15":0,"16":2,"17":0,"18":0,"19":5},"14":{"0":5,"1":2,"2":5,"3":0,"4":5,"5":0,"6":5,"7":5,"8":5,"9":1,"10":0,"11":5,"12":3,"13":5,"14":0,"15":1,"16":0,"17":3,"18":0,"19":4},"15":{"0":2,"1":5,"2":5,"3":3,"4":5,"5":2,"6":5,"7":0,"8":5,"9":0,"10":5,"11":2,"12":5,"13":3,"14":4,"15":0,"16":0,"17":5,"18":2,"19":2},"16":{"0":5,"1":5,"2":1,"3":5,"4":5,"5":2,"6":0,"7":4,"8":5,"9":5,"10":0,"11":5,"12":5,"13":4,"14":0,"15":5,"16":0,"17":0,"18":0,"19":5},"17":{"0":0,"1":5,"2":5,"3":0,"4":0,"5":5,"6":5,"7":1,"8":5,"9":0,"10":4,"11":5,"12":5,"13":5,"14":1,"15":0,"16":3,"17":0,"18":0,"19":0},"18":{"0":1,"1":5,"2":5,"3":5,"4":5,"5":5,"6":5,"7":5,"8":5,"9":1,"10":5,"11":5,"12":1,"13":4,"14":2,"15":5,"16":4,"17":5,"18":0,"19":1},"19":{"0":5,"1":3,"2":1,"3":3,"4":5,"5":5,"6":1,"7":3,"8":5,"9":5,"10":0,"11":4,"12":3,"13":5,"14":5,"15":1,"16":2,"17":5,"18":0,"19":0}},"method":"lop","centroid_solution":[18,16,15,13,12,10,19,14,11,8,3,2,7,6,0,9,17,5,4,1]}