{"solutions":[[0,1,2,3,4,5,7,6,11,8,9,10,12,14,13,18,15,16,19,17],[0,1,2,3,4,5,7,6,8,11,9,12,10,14,13,15,18,16,19,17],[0,1,2,3,4,5,7,6,8,11,9,10,12,14,13,18,15,16,19,17],[0,1,2,3,4,5,7,6,11,8,9,12,10,14,13,15,16,17,18,19],[0,1,2,3,4,5,6,7,11,8,9,10,12,14,13,15,16,18,19,17],[0,1,2,3,4,5,6,7,8,11,9,12,10,14,13,15,18,16,19,17],[0,1,2,3,4,5,6,7,11,8,9,12,10,14,13,15,16,17,18,19],[0,1,2,3,4,5,6,7,8,11,9,10,12,14,13,15,16,18,19,17],[0,1,2,3,4,5,6,7,11,8,9,10,12,14,13,15,16,17,18,19],[0,1,2,3,4,5,7,6,8,11,9,12,10,14,13,15,16,18,19,17],[0,1,2,3,4,5,7,6,11,8,9,10,12,14,13,15,18,16,19,17],[0,1,2,3,4,5,7,6,11,8,9,12,10,14,13,18,15,16,19,17],[0,1,2,3,4,5,7,6,8,11,9,12,10,14,13,18,15,16,19,17],[0,1,2,3,4,5,7,6,8,11,9,12,10,14,13,15,16,17,18,19],[0,1,2,3,4,5,7,6,8,11,9,10,12,14,13,15,18,16,19,17],[0,1,2,3,4,5,6,7,11,8,9,10,12,14,13,18,15,16,19,17],[0,1,2,3,4,5,7,6,11,8,9,12,10,14,13,15,16,18,19,17],[17,19,18,16,15,13,14,12,10,9,8,11,7,6,5,4,3,2,1,0],[0,1,2,3,4,5,7,6,11,8,9,10,12,14,13,15,16,18,19,17],[0,1,2,3,4,5,6,7,8,11,9,10,12,14,13,15,16,17,18,19],[0,1,2,3,4,5,6,7,8,11,9,12,10,14,13,15,16,18,19,17],[0,1,2,3,4,5,6,7,8,11,9,10,12,14,13,18,15,16,19,17],[0,1,2,3,4,5,6,7,11,8,9,12,10,14,13,15,16,18,19,17],[0,1,2,3,4,5,7,6,11,8,9,10,12,14,13,15,16,17,18,19],[0,1,2,3,4,5,6,7,11,8,9,12,10,14,13,18,15,16,19,17],[0,1,2,3,4,5,6,7,11,8,9,10,12,14,13,15,18,16,19,17],[0,1,2,3,4,5,6,7,8,11,9,10,12,14,13,15,18,16,19,17],[0,1,2,3,4,5,6,7,8,11,9,12,10,14,13,15,16,17,18,19],[0,1,2,3,4,5,6,7,8,11,9,12,10,14,13,18,15,16,19,17],[0,1,2,3,4,5,7,6,8,11,9,10,12,14,13,15,16,18,19,17],[0,1,2,3,4,5,6,7,11,8,9,12,10,14,13,15,18,16,19,17],[17,19,16,15,18,13,14,10,12,9,11,8,6,7,5,4,3,2,1,0],[0,1,2,3,4,5,7,6,8,11,9,10,12,14,13,15,16,17,18,19],[0,1,2,3,4,5,7,6,11,8,9,12,10,14,13,15,18,16,19,17]],"obj":697.0,"max_tau_solutions":null,"centroid_x":[[0.0,1.0,1.0,1.0,1.0,1.0,1.0,1.0,1.0,1.0,1.0,1.0,1.0,1.0,1.0,1.0,1.0,1.0,1.0,1.0],[0.0,0.0,1.0,1.0,1.0,1.0,1.0,1.0,1.0,1.0,1.0,1.0,1.0,1.0,1.0,1.0,1.0,1.0,1.0,1.0],[0.0,0.0,0.0,1.0,1.0,1.0,1.0,1.0,1.0,1.0,1.0,1.0,1.0,1.0,1.0,1.0,1.0,1.0,1.0,1.0],[0.0,0.0,0.0,0.0,1.0,1.0,1.0,1.0,1.0,1.0,1.0,1.0,1.0,1.0,1.0,1.0,1.0,1.0,1.0,1.0],[0.0,0.0,0.0,0.0,0.0,1.0,1.0,1.0,1.0,1.0,1.0,1.0,1.0,1.0,1.0,1.0,1.0,1.0,1.0,1.0],[0.0,0.0,0.0,0.0,0.0,0.0,1.0,1.0,1.0,1.0,1.0,1.0,1.0,1.0,1.0,1.0,1.0,1.0,1.0,1.0],[0.0,0.0,0.0,0.0,0.0,0.0,0.0,0.500108311,1.0,1.0,1.0,1.0,1.0,1.0,1.0,1.0,1.0,1.0,1.0,1.0],[0.0,0.0,0.0,0.0,0.0,0.0,0.499891689,0.0,1.0,1.0,1.0,1.0,1.0,1.0,1.0,1.0,1.0,1.0,1.0,1.0],[0.0,0.0,0.0,0.0,0.0,0.0,0.0,0.0,0.0,1.0,1.0,0.4931630949,1.0,1.0,1.0,1.0,1.0,1.0,1.0,1.0],[0.0,0.0,0.0,0.0,0.0,0.0,0.0,0.0,0.0,0.0,1.0,0.0,1.0,1.0,1.0,1.0,1.0,1.0,1.0,1.0],[0.0,0.0,0.0,0.0,0.0,0.0,0.0,0.0,0.0,0.0,0.0,0.0,0.5069565028,1.0,1.0,1.0,1.0,1.0,1.0,1.0],[0.0,0.0,0.0,0.0,0.0,0.0,0.0,0.0,0.5068369051,1.0,1.0,0.0,1.0,1.0,1.0,1.0,1.0,1.0,1.0,1.0],[0.0,0.0,0.0,0.0,0.0,0.0,0.0,0.0,0.0,0.0,0.4930434972,0.0,0.0,1.0,1.0,1.0,1.0,1.0,1.0,1.0],[0.0,0.0,0.0,0.0,0.0,0.0,0.0,0.0,0.0,0.0,0.0,0.0,0.0,0.0,0.0,1.0,1.0,1.0,1.0,1.0],[0.0,0.0,0.0,0.0,0.0,0.0,0.0,0.0,0.0,0.0,0.0,0.0,0.0,1.0,0.0,1.0,1.0,1.0,1.0,1.0],[0.0,0.0,0.0,0.0,0.0,0.0,0.0,0.0,0.0,0.0,0.0,0.0,0.0,0.0,0.0,0.0,1.0,1.0,0.6360400692,1.0],[0.0,0.0,0.0,0.0,0.0,0.0,0.0,0.0,0.0,0.0,0.0,0.0,0.0,0.0,0.0,0.0,0.0,1.0,0.5540342799,1.0],[0.0,0.0,0.0,0.0,0.0,0.0,0.0,0.0,0.0,0.0,0.0,0.0,0.0,0.0,0.0,0.0,0.0,0.0,0.4081899345,0.4081899345],[0.0,0.0,0.0,0.0,0.0,0.0,0.0,0.0,0.0,0.0,0.0,0.0,0.0,0.0,0.0,0.3639599308,0.4459657201,0.5918100655,0.0,1.0],[0.0,0.0,0.0,0.0,0.0,0.0,0.0,0.0,0.0,0.0,0.0,0.0,0.0,0.0,0.0,0.0,0.0,0.5918100655,0.0,0.0]],"outlier_solution":[17,19,18,16,15,13,14,12,10,9,8,11,7,6,5,4,3,2,1,0],"dataset_id":344,"source_dataset_id":361,"options":null,"D":{"0":{"0":0,"1":4,"2":0,"3":0,"4":0,"5":1,"6":4,"7":0,"8":5,"9":0,"10":3,"11":1,"12":3,"13":0,"14":5,"15":0,"16":0,"17":3,"18":0,"19":0},"1":{"0":5,"1":0,"2":0,"3":0,"4":4,"5":0,"6":0,"7":0,"8":4,"9":0,"10":0,"11":0,"12":0,"13":0,"14":0,"15":0,"16":2,"17":0,"18":0,"19":4},"2":{"0":5,"1":5,"2":0,"3":2,"4":0,"5":0,"6":0,"7":0,"8":0,"9":0,"10":0,"11":0,"12":0,"13":4,"14":0,"15":0,"16":0,"17":3,"18":0,"19":0},"3":{"0":5,"1":3,"2":5,"3":0,"4":0,"5":0,"6":0,"7":0,"8":0,"9":3,"10":0,"11":5,"12":0,"13":1,"14":4,"15":0,"16":0,"17":2,"18":0,"19":1},"4":{"0":5,"1":4,"2":0,"3":5,"4":0,"5":2,"6":0,"7":0,"8":3,"9":0,"10":2,"11":0,"12":4,"13":0,"14":1,"15":0,"16":0,"17":1,"18":0,"19":0},"5":{"0":1,"1":1,"2":0,"3":5,"4":5,"5":0,"6":0,"7":0,"8":0,"9":0,"10":0,"11":0,"12":0,"13":0,"14":0,"15":1,"16":0,"17":0,"18":0,"19":0},"6":{"0":5,"1":5,"2":5,"3":5,"4":5,"5":5,"6":0,"7":5,"8":0,"9":0,"10":4,"11":0,"12":0,"13":0,"14":0,"15":0,"16":0,"17":0,"18":0,"19":0},"7":{"0":5,"1":5,"2":3,"3":0,"4":5,"5":5,"6":5,"7":0,"8":0,"9":0,"10":0,"11":0,"12":0,"13":2,"14":3,"15":2,"16":0,"17":0,"18":0,"19":0},"8":{"0":2,"1":5,"2":3,"3":0,"4":5,"5":5,"6":5,"7":5,"8":0,"9":0,"10":0,"11":4,"12":5,"13":0,"14":0,"15":0,"16":0,"17":0,"18":0,"19":1},"9":{"0":5,"1":5,"2":5,"3":2,"4":5,"5":0,"6":5,"7":5,"8":1,"9":0,"10":0,"11":4,"12":0,"13":5,"14":0,"15":0,"16":0,"17":5,"18":0,"19":0},"10":{"0":5,"1":3,"2":5,"3":5,"4":2,"5":5,"6":4,"7":3,"8":5,"9":5,"10":0,"11":0,"12":0,"13":0,"14":0,"15":0,"16":0,"17":0,"18":0,"19":0},"11":{"0":5,"1":0,"2":5,"3":5,"4":5,"5":5,"6":5,"7":5,"8":4,"9":0,"10":0,"11":0,"12":0,"13":2,"14":0,"15":4,"16":0,"17":3,"18":1,"19":0},"12":{"0":5,"1":5,"2":5,"3":4,"4":5,"5":5,"6":5,"7":0,"8":5,"9":5,"10":0,"11":5,"12":0,"13":0,"14":0,"15":0,"16":0,"17":0,"18":4,"19":0},"13":{"0":2,"1":3,"2":3,"3":5,"4":5,"5":5,"6":1,"7":5,"8":5,"9":5,"10":0,"11":3,"12":5,"13":0,"14":1,"15":0,"16":2,"17":0,"18":0,"19":0},"14":{"0":5,"1":5,"2":5,"3":5,"4":5,"5":5,"6":5,"7":5,"8":5,"9":5,"10":5,"11":0,"12":5,"13":0,"14":0,"15":0,"16":1,"17":0,"18":0,"19":0},"15":{"0":3,"1":5,"2":5,"3":5,"4":5,"5":5,"6":5,"7":1,"8":2,"9":4,"10":0,"11":3,"12":0,"13":5,"14":5,"15":0,"16":0,"17":0,"18":5,"19":0},"16":{"0":5,"1":5,"2":5,"3":3,"4":0,"5":5,"6":5,"7":5,"8":3,"9":2,"10":5,"11":0,"12":5,"13":1,"14":5,"15":4,"16":0,"17":0,"18":0,"19":0},"17":{"0":5,"1":5,"2":2,"3":5,"4":0,"5":5,"6":1,"7":2,"8":5,"9":4,"10":5,"11":0,"12":0,"13":1,"14":5,"15":1,"16":5,"17":0,"18":0,"19":4},"18":{"0":5,"1":0,"2":1,"3":0,"4":1,"5":5,"6":4,"7":5,"8":0,"9":2,"10":3,"11":5,"12":0,"13":5,"14":0,"15":5,"16":0,"17":1,"18":0,"19":0},"19":{"0":5,"1":5,"2":3,"3":4,"4":5,"5":5,"6":5,"7":0,"8":0,"9":5,"10":5,"11":5,"12":5,"13":1,"14":5,"15":5,"16":5,"17":3,"18":5,"19":0}},"method":"lop","centroid_solution":[17,19,16,15,18,13,14,10,12,9,11,8,6,7,5,4,3,2,1,0]}