{"solutions":[[19,18,14,17,16,13,12,15,10,11,9,8,7,6,5,4,3,2,1,0],[1,0,2,3,4,5,6,7,8,9,10,11,15,12,13,16,17,14,18,19],[1,0,2,3,4,5,6,7,8,9,11,15,10,12,13,16,17,14,18,19],[1,0,2,3,4,5,6,7,8,9,11,10,15,12,13,16,17,14,18,19],[0,1,2,3,4,5,6,7,8,9,11,10,15,12,13,16,17,14,18,19],[19,18,14,17,16,13,12,10,15,11,9,8,7,6,5,4,3,2,0,1],[0,1,2,3,4,5,6,7,8,9,11,15,10,12,13,16,17,14,18,19],[0,1,2,3,4,5,6,7,8,9,10,11,15,12,13,16,17,14,18,19]],"obj":694.0,"max_tau_solutions":null,"centroid_x":[[0.0,0.5049157707,1.0,1.0,1.0,1.0,1.0,1.0,1.0,1.0,1.0,1.0,1.0,1.0,1.0,1.0,1.0,1.0,1.0,1.0],[0.4950842293,0.0,1.0,1.0,1.0,1.0,1.0,1.0,1.0,1.0,1.0,1.0,1.0,1.0,1.0,1.0,1.0,1.0,1.0,1.0],[0.0,0.0,0.0,1.0,1.0,1.0,1.0,1.0,1.0,1.0,1.0,1.0,1.0,1.0,1.0,1.0,1.0,1.0,1.0,1.0],[0.0,0.0,0.0,0.0,1.0,1.0,1.0,1.0,1.0,1.0,1.0,1.0,1.0,1.0,1.0,1.0,1.0,1.0,1.0,1.0],[0.0,0.0,0.0,0.0,0.0,1.0,1.0,1.0,1.0,1.0,1.0,1.0,1.0,1.0,1.0,1.0,1.0,1.0,1.0,1.0],[0.0,0.0,0.0,0.0,0.0,0.0,1.0,1.0,1.0,1.0,1.0,1.0,1.0,1.0,1.0,1.0,1.0,1.0,1.0,1.0],[0.0,0.0,0.0,0.0,0.0,0.0,0.0,1.0,1.0,1.0,1.0,1.0,1.0,1.0,1.0,1.0,1.0,1.0,1.0,1.0],[0.0,0.0,0.0,0.0,0.0,0.0,0.0,0.0,1.0,1.0,1.0,1.0,1.0,1.0,1.0,1.0,1.0,1.0,1.0,1.0],[0.0,0.0,0.0,0.0,0.0,0.0,0.0,0.0,0.0,1.0,1.0,1.0,1.0,1.0,1.0,1.0,1.0,1.0,1.0,1.0],[0.0,0.0,0.0,0.0,0.0,0.0,0.0,0.0,0.0,0.0,1.0,1.0,1.0,1.0,1.0,1.0,1.0,1.0,1.0,1.0],[0.0,0.0,0.0,0.0,0.0,0.0,0.0,0.0,0.0,0.0,0.0,0.4411600893,1.0,1.0,1.0,0.5598399581,1.0,1.0,1.0,1.0],[0.0,0.0,0.0,0.0,0.0,0.0,0.0,0.0,0.0,0.0,0.5588399107,0.0,1.0,1.0,1.0,1.0,1.0,1.0,1.0,1.0],[0.0,0.0,0.0,0.0,0.0,0.0,0.0,0.0,0.0,0.0,0.0,0.0,0.0,1.0,1.0,0.0,1.0,1.0,1.0,1.0],[0.0,0.0,0.0,0.0,0.0,0.0,0.0,0.0,0.0,0.0,0.0,0.0,0.0,0.0,1.0,0.0,1.0,1.0,1.0,1.0],[0.0,0.0,0.0,0.0,0.0,0.0,0.0,0.0,0.0,0.0,0.0,0.0,0.0,0.0,0.0,0.0,0.0,0.0,1.0,1.0],[0.0,0.0,0.0,0.0,0.0,0.0,0.0,0.0,0.0,0.0,0.4401600419,0.0,1.0,1.0,1.0,0.0,1.0,1.0,1.0,1.0],[0.0,0.0,0.0,0.0,0.0,0.0,0.0,0.0,0.0,0.0,0.0,0.0,0.0,0.0,1.0,0.0,0.0,1.0,1.0,1.0],[0.0,0.0,0.0,0.0,0.0,0.0,0.0,0.0,0.0,0.0,0.0,0.0,0.0,0.0,1.0,0.0,0.0,0.0,1.0,1.0],[0.0,0.0,0.0,0.0,0.0,0.0,0.0,0.0,0.0,0.0,0.0,0.0,0.0,0.0,0.0,0.0,0.0,0.0,0.0,1.0],[0.0,0.0,0.0,0.0,0.0,0.0,0.0,0.0,0.0,0.0,0.0,0.0,0.0,0.0,0.0,0.0,0.0,0.0,0.0,0.0]],"outlier_solution":[19,18,14,17,16,13,12,15,10,11,9,8,7,6,5,4,3,2,1,0],"dataset_id":350,"source_dataset_id":367,"options":null,"D":{"0":{"0":0,"1":0,"2":1,"3":0,"4":0,"5":0,"6":4,"7":2,"8":0,"9":5,"10":3,"11":0,"12":0,"13":3,"14":0,"15":0,"16":0,"17":0,"18":1,"19":2},"1":{"0":0,"1":0,"2":0,"3":3,"4":0,"5":0,"6":1,"7":0,"8":3,"9":5,"10":0,"11":0,"12":2,"13":5,"14":2,"15":0,"16":0,"17":0,"18":0,"19":0},"2":{"0":5,"1":2,"2":0,"3":0,"4":0,"5":3,"6":0,"7":3,"8":0,"9":0,"10":1,"11":0,"12":0,"13":4,"14":0,"15":0,"16":0,"17":0,"18":0,"19":0},"3":{"0":0,"1":4,"2":5,"3":0,"4":0,"5":0,"6":0,"7":0,"8":0,"9":0,"10":3,"11":1,"12":4,"13":0,"14":0,"15":0,"16":0,"17":0,"18":3,"19":0},"4":{"0":5,"1":5,"2":5,"3":5,"4":0,"5":0,"6":0,"7":0,"8":0,"9":0,"10":0,"11":4,"12":4,"13":3,"14":4,"15":0,"16":0,"17":0,"18":0,"19":0},"5":{"0":5,"1":2,"2":5,"3":5,"4":5,"5":0,"6":0,"7":0,"8":3,"9":0,"10":0,"11":5,"12":0,"13":0,"14":0,"15":0,"16":0,"17":0,"18":0,"19":0},"6":{"0":3,"1":5,"2":1,"3":5,"4":5,"5":1,"6":0,"7":0,"8":0,"9":5,"10":0,"11":3,"12":3,"13":0,"14":0,"15":0,"16":1,"17":0,"18":0,"19":0},"7":{"0":5,"1":0,"2":5,"3":5,"4":5,"5":5,"6":5,"7":0,"8":0,"9":0,"10":0,"11":3,"12":0,"13":2,"14":0,"15":0,"16":3,"17":0,"18":0,"19":3},"8":{"0":4,"1":5,"2":0,"3":5,"4":5,"5":5,"6":5,"7":4,"8":0,"9":0,"10":3,"11":0,"12":4,"13":0,"14":5,"15":0,"16":0,"17":0,"18":0,"19":4},"9":{"0":5,"1":4,"2":5,"3":5,"4":5,"5":0,"6":5,"7":3,"8":3,"9":0,"10":0,"11":0,"12":1,"13":4,"14":5,"15":0,"16":0,"17":0,"18":0,"19":0},"10":{"0":0,"1":5,"2":0,"3":5,"4":5,"5":5,"6":0,"7":2,"8":4,"9":3,"10":0,"11":0,"12":0,"13":0,"14":0,"15":0,"16":4,"17":0,"18":2,"19":0},"11":{"0":5,"1":5,"2":5,"3":5,"4":2,"5":5,"6":5,"7":0,"8":5,"9":5,"10":0,"11":0,"12":0,"13":0,"14":0,"15":0,"16":4,"17":1,"18":0,"19":0},"12":{"0":5,"1":5,"2":5,"3":0,"4":5,"5":1,"6":2,"7":5,"8":5,"9":5,"10":5,"11":0,"12":0,"13":1,"14":0,"15":3,"16":0,"17":4,"18":0,"19":0},"13":{"0":2,"1":5,"2":5,"3":5,"4":1,"5":5,"6":2,"7":0,"8":5,"9":3,"10":3,"11":5,"12":5,"13":0,"14":0,"15":4,"16":0,"17":5,"18":1,"19":0},"14":{"0":1,"1":5,"2":5,"3":1,"4":5,"5":5,"6":5,"7":0,"8":0,"9":5,"10":5,"11":5,"12":5,"13":3,"14":0,"15":4,"16":5,"17":1,"18":0,"19":0},"15":{"0":0,"1":2,"2":5,"3":5,"4":2,"5":0,"6":5,"7":5,"8":5,"9":5,"10":0,"11":4,"12":0,"13":5,"14":5,"15":0,"16":0,"17":1,"18":0,"19":0},"16":{"0":0,"1":5,"2":1,"3":5,"4":5,"5":0,"6":5,"7":5,"8":2,"9":5,"10":5,"11":0,"12":5,"13":5,"14":3,"15":5,"16":0,"17":1,"18":0,"19":1},"17":{"0":5,"1":3,"2":5,"3":5,"4":5,"5":0,"6":5,"7":0,"8":5,"9":5,"10":5,"11":5,"12":5,"13":3,"14":0,"15":4,"16":5,"17":0,"18":0,"19":0},"18":{"0":5,"1":5,"2":4,"3":5,"4":5,"5":5,"6":4,"7":5,"8":2,"9":4,"10":0,"11":5,"12":5,"13":2,"14":5,"15":5,"16":5,"17":5,"18":0,"19":0},"19":{"0":0,"1":1,"2":0,"3":0,"4":5,"5":5,"6":5,"7":0,"8":5,"9":5,"10":3,"11":0,"12":5,"13":0,"14":5,"15":5,"16":5,"17":5,"18":5,"19":0}},"method":"lop","centroid_solution":[19,18,14,17,16,13,12,10,15,11,9,8,7,6,5,4,3,2,0,1]}