{"solutions":[[0,1,2,3,6,4,7,8,5,9,10,11,13,12,14,15,19,16,17,18],[0,1,2,3,4,6,8,5,9,10,11,12,7,13,14,15,19,17,16,18],[0,1,2,3,6,4,7,8,5,9,10,11,13,12,14,15,19,17,16,18],[0,1,2,3,6,4,8,5,9,10,11,12,7,13,14,15,19,17,16,18],[0,1,2,3,6,4,8,5,9,10,11,12,7,13,14,15,16,19,17,18],[18,17,16,19,15,14,13,12,11,10,9,5,8,7,6,4,3,2,1,0],[0,1,2,3,4,6,7,8,5,9,10,11,12,13,14,15,19,16,17,18],[0,1,2,3,4,6,8,5,9,10,11,12,7,13,14,15,19,16,17,18],[0,1,2,3,4,6,8,5,9,10,11,12,7,13,14,15,16,19,17,18],[0,1,2,3,4,6,7,8,5,9,10,11,12,13,14,15,16,19,17,18],[0,1,2,3,6,4,7,8,5,9,10,11,12,13,14,15,19,16,17,18],[0,1,2,3,4,6,7,8,5,9,10,11,13,12,14,15,16,19,17,18],[0,1,2,3,6,4,7,8,5,9,10,11,12,13,14,15,19,17,16,18],[0,1,2,3,4,6,7,8,5,9,10,11,12,13,14,15,19,17,16,18],[0,1,2,3,6,4,8,5,9,10,11,12,7,13,14,15,19,16,17,18],[0,1,2,3,4,6,7,8,5,9,10,11,13,12,14,15,19,16,17,18],[18,16,17,19,15,14,13,7,12,11,10,9,5,8,4,6,3,2,1,0],[0,1,2,3,6,4,7,8,5,9,10,11,12,13,14,15,16,19,17,18],[0,1,2,3,4,6,7,8,5,9,10,11,13,12,14,15,19,17,16,18],[0,1,2,3,6,4,7,8,5,9,10,11,13,12,14,15,16,19,17,18]],"obj":681.0,"max_tau_solutions":null,"centroid_x":[[0.0,1.0,1.0,1.0,1.0,1.0,1.0,1.0,1.0,1.0,1.0,1.0,1.0,1.0,1.0,1.0,1.0,1.0,1.0,1.0],[0.0,0.0,1.0,1.0,1.0,1.0,1.0,1.0,1.0,1.0,1.0,1.0,1.0,1.0,1.0,1.0,1.0,1.0,1.0,1.0],[0.0,0.0,0.0,1.0,1.0,1.0,1.0,1.0,1.0,1.0,1.0,1.0,1.0,1.0,1.0,1.0,1.0,1.0,1.0,1.0],[0.0,0.0,0.0,0.0,1.0,1.0,1.0,1.0,1.0,1.0,1.0,1.0,1.0,1.0,1.0,1.0,1.0,1.0,1.0,1.0],[0.0,0.0,0.0,0.0,0.0,1.0,0.5102951626,1.0,1.0,1.0,1.0,1.0,1.0,1.0,1.0,1.0,1.0,1.0,1.0,1.0],[0.0,0.0,0.0,0.0,0.0,0.0,0.0,0.4778225709,0.0,1.0,1.0,1.0,1.0,1.0,1.0,1.0,1.0,1.0,1.0,1.0],[0.0,0.0,0.0,0.0,0.4897048374,1.0,0.0,1.0,1.0,1.0,1.0,1.0,1.0,1.0,1.0,1.0,1.0,1.0,1.0,1.0],[0.0,0.0,0.0,0.0,0.0,0.5221774291,0.0,0.0,0.5221774291,0.5221774291,0.5221774291,0.5221774291,0.5221774291,1.0,1.0,1.0,1.0,1.0,1.0,1.0],[0.0,0.0,0.0,0.0,0.0,1.0,0.0,0.4778225709,0.0,1.0,1.0,1.0,1.0,1.0,1.0,1.0,1.0,1.0,1.0,1.0],[0.0,0.0,0.0,0.0,0.0,0.0,0.0,0.4778225709,0.0,0.0,1.0,1.0,1.0,1.0,1.0,1.0,1.0,1.0,1.0,1.0],[0.0,0.0,0.0,0.0,0.0,0.0,0.0,0.4778225709,0.0,0.0,0.0,1.0,1.0,1.0,1.0,1.0,1.0,1.0,1.0,1.0],[0.0,0.0,0.0,0.0,0.0,0.0,0.0,0.4778225709,0.0,0.0,0.0,0.0,1.0,1.0,1.0,1.0,1.0,1.0,1.0,1.0],[0.0,0.0,0.0,0.0,0.0,0.0,0.0,0.4778225709,0.0,0.0,0.0,0.0,0.0,0.5961911192,1.0,1.0,1.0,1.0,1.0,1.0],[0.0,0.0,0.0,0.0,0.0,0.0,0.0,0.0,0.0,0.0,0.0,0.0,0.4038088808,0.0,1.0,1.0,1.0,1.0,1.0,1.0],[0.0,0.0,0.0,0.0,0.0,0.0,0.0,0.0,0.0,0.0,0.0,0.0,0.0,0.0,0.0,1.0,1.0,1.0,1.0,1.0],[0.0,0.0,0.0,0.0,0.0,0.0,0.0,0.0,0.0,0.0,0.0,0.0,0.0,0.0,0.0,0.0,1.0,1.0,1.0,1.0],[0.0,0.0,0.0,0.0,0.0,0.0,0.0,0.0,0.0,0.0,0.0,0.0,0.0,0.0,0.0,0.0,0.0,0.5632239219,1.0,0.4374223061],[0.0,0.0,0.0,0.0,0.0,0.0,0.0,0.0,0.0,0.0,0.0,0.0,0.0,0.0,0.0,0.0,0.4367760781,0.0,1.0,0.0],[0.0,0.0,0.0,0.0,0.0,0.0,0.0,0.0,0.0,0.0,0.0,0.0,0.0,0.0,0.0,0.0,0.0,0.0,0.0,0.0],[0.0,0.0,0.0,0.0,0.0,0.0,0.0,0.0,0.0,0.0,0.0,0.0,0.0,0.0,0.0,0.0,0.5625776939,1.0,1.0,0.0]],"outlier_solution":[18,17,16,19,15,14,13,12,11,10,9,5,8,7,6,4,3,2,1,0],"dataset_id":352,"source_dataset_id":369,"options":null,"D":{"0":{"0":0,"1":0,"2":0,"3":0,"4":0,"5":1,"6":4,"7":0,"8":0,"9":0,"10":0,"11":2,"12":1,"13":0,"14":0,"15":0,"16":2,"17":0,"18":0,"19":0},"1":{"0":5,"1":0,"2":3,"3":0,"4":5,"5":0,"6":0,"7":5,"8":0,"9":0,"10":0,"11":3,"12":0,"13":0,"14":0,"15":3,"16":0,"17":0,"18":0,"19":0},"2":{"0":0,"1":5,"2":0,"3":0,"4":0,"5":0,"6":0,"7":2,"8":0,"9":0,"10":0,"11":0,"12":0,"13":0,"14":0,"15":4,"16":0,"17":0,"18":0,"19":5},"3":{"0":5,"1":5,"2":5,"3":0,"4":0,"5":2,"6":0,"7":0,"8":1,"9":4,"10":0,"11":5,"12":3,"13":0,"14":0,"15":0,"16":4,"17":0,"18":1,"19":0},"4":{"0":3,"1":1,"2":5,"3":5,"4":0,"5":4,"6":0,"7":2,"8":0,"9":0,"10":5,"11":2,"12":0,"13":0,"14":1,"15":0,"16":0,"17":0,"18":0,"19":4},"5":{"0":5,"1":0,"2":5,"3":5,"4":5,"5":0,"6":4,"7":5,"8":4,"9":0,"10":1,"11":0,"12":0,"13":0,"14":0,"15":5,"16":0,"17":0,"18":1,"19":0},"6":{"0":1,"1":5,"2":5,"3":5,"4":0,"5":2,"6":0,"7":0,"8":1,"9":0,"10":0,"11":0,"12":3,"13":2,"14":0,"15":0,"16":3,"17":0,"18":0,"19":2},"7":{"0":5,"1":0,"2":5,"3":5,"4":4,"5":5,"6":5,"7":0,"8":0,"9":0,"10":2,"11":2,"12":3,"13":0,"14":3,"15":0,"16":0,"17":3,"18":0,"19":0},"8":{"0":1,"1":0,"2":1,"3":0,"4":5,"5":0,"6":2,"7":5,"8":0,"9":0,"10":0,"11":0,"12":0,"13":1,"14":0,"15":1,"16":5,"17":0,"18":0,"19":0},"9":{"0":5,"1":3,"2":5,"3":5,"4":0,"5":5,"6":0,"7":0,"8":5,"9":0,"10":0,"11":0,"12":0,"13":0,"14":0,"15":4,"16":0,"17":5,"18":1,"19":0},"10":{"0":5,"1":5,"2":4,"3":1,"4":3,"5":5,"6":5,"7":1,"8":1,"9":5,"10":0,"11":0,"12":0,"13":5,"14":0,"15":0,"16":0,"17":0,"18":0,"19":0},"11":{"0":0,"1":5,"2":0,"3":5,"4":5,"5":5,"6":2,"7":1,"8":0,"9":5,"10":5,"11":0,"12":0,"13":0,"14":0,"15":0,"16":0,"17":0,"18":0,"19":0},"12":{"0":5,"1":5,"2":5,"3":1,"4":5,"5":5,"6":1,"7":0,"8":5,"9":5,"10":4,"11":5,"12":0,"13":5,"14":0,"15":0,"16":0,"17":0,"18":0,"19":0},"13":{"0":5,"1":5,"2":5,"3":5,"4":5,"5":2,"6":5,"7":5,"8":5,"9":5,"10":5,"11":5,"12":5,"13":0,"14":3,"15":0,"16":0,"17":0,"18":0,"19":0},"14":{"0":3,"1":5,"2":5,"3":5,"4":5,"5":5,"6":5,"7":4,"8":5,"9":0,"10":5,"11":0,"12":5,"13":4,"14":0,"15":0,"16":0,"17":1,"18":0,"19":0},"15":{"0":5,"1":5,"2":0,"3":0,"4":5,"5":4,"6":0,"7":5,"8":5,"9":5,"10":3,"11":5,"12":0,"13":0,"14":5,"15":0,"16":0,"17":3,"18":0,"19":0},"16":{"0":0,"1":5,"2":0,"3":1,"4":5,"5":3,"6":1,"7":5,"8":5,"9":0,"10":5,"11":5,"12":5,"13":4,"14":0,"15":5,"16":0,"17":5,"18":4,"19":0},"17":{"0":5,"1":5,"2":0,"3":5,"4":5,"5":5,"6":5,"7":2,"8":5,"9":5,"10":5,"11":5,"12":5,"13":5,"14":5,"15":5,"16":5,"17":0,"18":3,"19":3},"18":{"0":5,"1":0,"2":4,"3":1,"4":5,"5":5,"6":0,"7":5,"8":0,"9":5,"10":5,"11":5,"12":3,"13":5,"14":5,"15":5,"16":5,"17":5,"18":0,"19":0},"19":{"0":0,"1":1,"2":3,"3":5,"4":4,"5":5,"6":5,"7":5,"8":5,"9":5,"10":2,"11":1,"12":0,"13":5,"14":0,"15":5,"16":0,"17":0,"18":0,"19":0}},"method":"lop","centroid_solution":[18,16,17,19,15,14,13,7,12,11,10,9,5,8,4,6,3,2,1,0]}