{"solutions":[[0,1,3,4,6,7,10,8,5,9,2,12,11,13,14,15,16,17,18,19],[19,18,16,17,15,14,13,11,12,2,9,5,8,10,7,6,4,3,1,0],[0,1,3,4,6,7,10,8,5,9,2,12,11,13,14,15,17,16,18,19],[19,18,17,16,15,14,13,11,12,2,9,5,8,10,7,6,4,3,1,0]],"obj":716.0,"max_tau_solutions":null,"centroid_x":[[0.0,1.0,1.0,1.0,1.0,1.0,1.0,1.0,1.0,1.0,1.0,1.0,1.0,1.0,1.0,1.0,1.0,1.0,1.0,1.0],[0.0,0.0,1.0,1.0,1.0,1.0,1.0,1.0,1.0,1.0,1.0,1.0,1.0,1.0,1.0,1.0,1.0,1.0,1.0,1.0],[0.0,0.0,0.0,0.0,0.0,0.0,0.0,0.0,0.0,0.0,0.0,1.0,1.0,1.0,1.0,1.0,1.0,1.0,1.0,1.0],[0.0,0.0,1.0,0.0,1.0,1.0,1.0,1.0,1.0,1.0,1.0,1.0,1.0,1.0,1.0,1.0,1.0,1.0,1.0,1.0],[0.0,0.0,1.0,0.0,0.0,1.0,1.0,1.0,1.0,1.0,1.0,1.0,1.0,1.0,1.0,1.0,1.0,1.0,1.0,1.0],[0.0,0.0,1.0,0.0,0.0,0.0,0.0,0.0,0.0,1.0,0.0,1.0,1.0,1.0,1.0,1.0,1.0,1.0,1.0,1.0],[0.0,0.0,1.0,0.0,0.0,1.0,0.0,1.0,1.0,1.0,1.0,1.0,1.0,1.0,1.0,1.0,1.0,1.0,1.0,1.0],[0.0,0.0,1.0,0.0,0.0,1.0,0.0,0.0,1.0,1.0,1.0,1.0,1.0,1.0,1.0,1.0,1.0,1.0,1.0,1.0],[0.0,0.0,1.0,0.0,0.0,1.0,0.0,0.0,0.0,1.0,0.0,1.0,1.0,1.0,1.0,1.0,1.0,1.0,1.0,1.0],[0.0,0.0,1.0,0.0,0.0,0.0,0.0,0.0,0.0,0.0,0.0,1.0,1.0,1.0,1.0,1.0,1.0,1.0,1.0,1.0],[0.0,0.0,1.0,0.0,0.0,1.0,0.0,0.0,1.0,1.0,0.0,1.0,1.0,1.0,1.0,1.0,1.0,1.0,1.0,1.0],[0.0,0.0,0.0,0.0,0.0,0.0,0.0,0.0,0.0,0.0,0.0,0.0,0.0,1.0,1.0,1.0,1.0,1.0,1.0,1.0],[0.0,0.0,0.0,0.0,0.0,0.0,0.0,0.0,0.0,0.0,0.0,1.0,0.0,1.0,1.0,1.0,1.0,1.0,1.0,1.0],[0.0,0.0,0.0,0.0,0.0,0.0,0.0,0.0,0.0,0.0,0.0,0.0,0.0,0.0,1.0,1.0,1.0,1.0,1.0,1.0],[0.0,0.0,0.0,0.0,0.0,0.0,0.0,0.0,0.0,0.0,0.0,0.0,0.0,0.0,0.0,1.0,1.0,1.0,1.0,1.0],[0.0,0.0,0.0,0.0,0.0,0.0,0.0,0.0,0.0,0.0,0.0,0.0,0.0,0.0,0.0,0.0,1.0,1.0,1.0,1.0],[0.0,0.0,0.0,0.0,0.0,0.0,0.0,0.0,0.0,0.0,0.0,0.0,0.0,0.0,0.0,0.0,0.0,0.5013354524,1.0,1.0],[0.0,0.0,0.0,0.0,0.0,0.0,0.0,0.0,0.0,0.0,0.0,0.0,0.0,0.0,0.0,0.0,0.4986645476,0.0,1.0,1.0],[0.0,0.0,0.0,0.0,0.0,0.0,0.0,0.0,0.0,0.0,0.0,0.0,0.0,0.0,0.0,0.0,0.0,0.0,0.0,1.0],[0.0,0.0,0.0,0.0,0.0,0.0,0.0,0.0,0.0,0.0,0.0,0.0,0.0,0.0,0.0,0.0,0.0,0.0,0.0,0.0]],"outlier_solution":[19,18,17,16,15,14,13,11,12,2,9,5,8,10,7,6,4,3,1,0],"dataset_id":355,"source_dataset_id":372,"options":null,"D":{"0":{"0":0,"1":0,"2":0,"3":4,"4":0,"5":0,"6":0,"7":0,"8":2,"9":0,"10":3,"11":0,"12":0,"13":0,"14":0,"15":1,"16":2,"17":0,"18":2,"19":4},"1":{"0":5,"1":0,"2":5,"3":0,"4":0,"5":2,"6":0,"7":0,"8":0,"9":0,"10":0,"11":2,"12":0,"13":0,"14":0,"15":1,"16":4,"17":0,"18":0,"19":0},"2":{"0":1,"1":5,"2":0,"3":4,"4":1,"5":1,"6":4,"7":3,"8":5,"9":1,"10":5,"11":3,"12":0,"13":3,"14":0,"15":3,"16":1,"17":0,"18":0,"19":0},"3":{"0":5,"1":2,"2":0,"3":0,"4":0,"5":0,"6":0,"7":2,"8":1,"9":0,"10":0,"11":0,"12":0,"13":0,"14":4,"15":2,"16":0,"17":0,"18":5,"19":0},"4":{"0":0,"1":5,"2":0,"3":5,"4":0,"5":0,"6":0,"7":0,"8":0,"9":0,"10":0,"11":0,"12":2,"13":0,"14":0,"15":0,"16":0,"17":5,"18":0,"19":4},"5":{"0":5,"1":5,"2":0,"3":5,"4":5,"5":0,"6":4,"7":0,"8":3,"9":0,"10":5,"11":3,"12":0,"13":0,"14":1,"15":0,"16":0,"17":0,"18":0,"19":0},"6":{"0":5,"1":5,"2":5,"3":5,"4":1,"5":4,"6":0,"7":0,"8":3,"9":0,"10":1,"11":0,"12":1,"13":3,"14":0,"15":0,"16":0,"17":0,"18":0,"19":0},"7":{"0":0,"1":0,"2":5,"3":4,"4":5,"5":5,"6":5,"7":0,"8":0,"9":0,"10":0,"11":0,"12":4,"13":0,"14":0,"15":0,"16":1,"17":0,"18":0,"19":0},"8":{"0":5,"1":2,"2":3,"3":5,"4":0,"5":1,"6":5,"7":5,"8":0,"9":0,"10":5,"11":0,"12":0,"13":0,"14":0,"15":0,"16":0,"17":0,"18":1,"19":0},"9":{"0":0,"1":5,"2":0,"3":5,"4":5,"5":4,"6":5,"7":5,"8":5,"9":0,"10":5,"11":0,"12":0,"13":0,"14":0,"15":3,"16":4,"17":0,"18":0,"19":0},"10":{"0":2,"1":5,"2":2,"3":5,"4":1,"5":0,"6":5,"7":4,"8":2,"9":5,"10":0,"11":0,"12":5,"13":0,"14":0,"15":0,"16":0,"17":0,"18":0,"19":0},"11":{"0":5,"1":0,"2":3,"3":5,"4":5,"5":5,"6":5,"7":5,"8":3,"9":5,"10":5,"11":0,"12":4,"13":0,"14":0,"15":0,"16":0,"17":0,"18":0,"19":0},"12":{"0":1,"1":5,"2":5,"3":5,"4":5,"5":0,"6":1,"7":5,"8":1,"9":5,"10":5,"11":3,"12":0,"13":0,"14":0,"15":0,"16":4,"17":0,"18":0,"19":4},"13":{"0":5,"1":5,"2":5,"3":5,"4":5,"5":5,"6":5,"7":5,"8":0,"9":5,"10":5,"11":5,"12":0,"13":0,"14":3,"15":0,"16":0,"17":1,"18":0,"19":2},"14":{"0":4,"1":4,"2":5,"3":0,"4":2,"5":3,"6":5,"7":0,"8":4,"9":4,"10":5,"11":0,"12":5,"13":5,"14":0,"15":0,"16":0,"17":0,"18":0,"19":4},"15":{"0":5,"1":5,"2":5,"3":5,"4":5,"5":5,"6":1,"7":1,"8":2,"9":0,"10":5,"11":3,"12":0,"13":5,"14":5,"15":0,"16":0,"17":1,"18":0,"19":0},"16":{"0":5,"1":1,"2":5,"3":5,"4":0,"5":5,"6":5,"7":5,"8":5,"9":5,"10":5,"11":0,"12":5,"13":5,"14":5,"15":4,"16":0,"17":0,"18":0,"19":0},"17":{"0":5,"1":4,"2":5,"3":5,"4":5,"5":2,"6":0,"7":5,"8":5,"9":5,"10":0,"11":0,"12":0,"13":5,"14":5,"15":5,"16":0,"17":0,"18":3,"19":0},"18":{"0":5,"1":5,"2":5,"3":1,"4":5,"5":5,"6":5,"7":3,"8":5,"9":5,"10":5,"11":5,"12":5,"13":5,"14":5,"15":1,"16":1,"17":5,"18":0,"19":4},"19":{"0":1,"1":5,"2":3,"3":5,"4":5,"5":5,"6":5,"7":3,"8":4,"9":5,"10":5,"11":5,"12":1,"13":2,"14":5,"15":5,"16":5,"17":2,"18":5,"19":0}},"method":"lop","centroid_solution":[19,18,16,17,15,14,13,11,12,2,9,5,8,10,7,6,4,3,1,0]}