{"solutions":[[0,1,2,3,4,5,6,7,8,9,10,11,12,13,14,15,16,17,19,18],[0,1,2,4,3,6,5,7,8,9,10,11,12,13,14,15,16,17,19,18],[0,1,2,4,3,5,6,7,8,9,10,11,12,13,14,15,16,17,19,18],[0,1,2,4,3,6,5,7,8,9,10,11,12,13,14,15,16,17,18,19],[0,1,4,2,3,5,6,7,8,9,10,11,12,13,14,15,16,17,18,19],[0,1,4,2,3,5,6,7,8,9,10,11,12,13,14,15,16,17,19,18],[0,1,4,2,3,6,5,7,8,9,10,11,12,13,14,15,16,17,19,18],[0,1,2,3,4,6,5,7,8,9,10,11,12,13,14,15,16,17,18,19],[0,4,1,2,3,5,6,7,8,9,10,11,12,13,14,15,16,17,19,18],[0,1,2,3,4,6,5,7,8,9,10,11,12,13,14,15,16,17,19,18],[0,4,1,2,3,5,6,7,8,9,10,11,12,13,14,15,16,17,18,19],[0,4,1,2,3,6,5,7,8,9,10,11,12,13,14,15,16,17,19,18],[0,1,2,3,4,5,6,7,8,9,10,11,12,13,14,15,16,17,18,19],[0,1,4,2,3,6,5,7,8,9,10,11,12,13,14,15,16,17,18,19],[0,4,1,2,3,6,5,7,8,9,10,11,12,13,14,15,16,17,18,19],[0,1,2,4,3,5,6,7,8,9,10,11,12,13,14,15,16,17,18,19]],"obj":808.0,"max_tau_solutions":null,"centroid_x":[[0.0,1.0,1.0,1.0,1.0,1.0,1.0,1.0,1.0,1.0,1.0,1.0,1.0,1.0,1.0,1.0,1.0,1.0,1.0,1.0],[0.0,0.0,1.0,1.0,0.6135765869,1.0,1.0,1.0,1.0,1.0,1.0,1.0,1.0,1.0,1.0,1.0,1.0,1.0,1.0,1.0],[0.0,0.0,0.0,1.0,0.5109014272,1.0,1.0,1.0,1.0,1.0,1.0,1.0,1.0,1.0,1.0,1.0,1.0,1.0,1.0,1.0],[0.0,0.0,0.0,0.0,0.4021362083,1.0,1.0,1.0,1.0,1.0,1.0,1.0,1.0,1.0,1.0,1.0,1.0,1.0,1.0,1.0],[0.0,0.3864234131,0.4890985728,0.5978637917,0.0,1.0,1.0,1.0,1.0,1.0,1.0,1.0,1.0,1.0,1.0,1.0,1.0,1.0,1.0,1.0],[0.0,0.0,0.0,0.0,0.0,0.0,0.4999716713,1.0,1.0,1.0,1.0,1.0,1.0,1.0,1.0,1.0,1.0,1.0,1.0,1.0],[0.0,0.0,0.0,0.0,0.0,0.5000283287,0.0,1.0,1.0,1.0,1.0,1.0,1.0,1.0,1.0,1.0,1.0,1.0,1.0,1.0],[0.0,0.0,0.0,0.0,0.0,0.0,0.0,0.0,1.0,1.0,1.0,1.0,1.0,1.0,1.0,1.0,1.0,1.0,1.0,1.0],[0.0,0.0,0.0,0.0,0.0,0.0,0.0,0.0,0.0,1.0,1.0,1.0,1.0,1.0,1.0,1.0,1.0,1.0,1.0,1.0],[0.0,0.0,0.0,0.0,0.0,0.0,0.0,0.0,0.0,0.0,1.0,1.0,1.0,1.0,1.0,1.0,1.0,1.0,1.0,1.0],[0.0,0.0,0.0,0.0,0.0,0.0,0.0,0.0,0.0,0.0,0.0,1.0,1.0,1.0,1.0,1.0,1.0,1.0,1.0,1.0],[0.0,0.0,0.0,0.0,0.0,0.0,0.0,0.0,0.0,0.0,0.0,0.0,1.0,1.0,1.0,1.0,1.0,1.0,1.0,1.0],[0.0,0.0,0.0,0.0,0.0,0.0,0.0,0.0,0.0,0.0,0.0,0.0,0.0,1.0,1.0,1.0,1.0,1.0,1.0,1.0],[0.0,0.0,0.0,0.0,0.0,0.0,0.0,0.0,0.0,0.0,0.0,0.0,0.0,0.0,1.0,1.0,1.0,1.0,1.0,1.0],[0.0,0.0,0.0,0.0,0.0,0.0,0.0,0.0,0.0,0.0,0.0,0.0,0.0,0.0,0.0,1.0,1.0,1.0,1.0,1.0],[0.0,0.0,0.0,0.0,0.0,0.0,0.0,0.0,0.0,0.0,0.0,0.0,0.0,0.0,0.0,0.0,1.0,1.0,1.0,1.0],[0.0,0.0,0.0,0.0,0.0,0.0,0.0,0.0,0.0,0.0,0.0,0.0,0.0,0.0,0.0,0.0,0.0,1.0,1.0,1.0],[0.0,0.0,0.0,0.0,0.0,0.0,0.0,0.0,0.0,0.0,0.0,0.0,0.0,0.0,0.0,0.0,0.0,0.0,1.0,1.0],[0.0,0.0,0.0,0.0,0.0,0.0,0.0,0.0,0.0,0.0,0.0,0.0,0.0,0.0,0.0,0.0,0.0,0.0,0.0,0.4989887526],[0.0,0.0,0.0,0.0,0.0,0.0,0.0,0.0,0.0,0.0,0.0,0.0,0.0,0.0,0.0,0.0,0.0,0.0,0.5010112474,0.0]],"outlier_solution":[0,4,1,2,3,5,6,7,8,9,10,11,12,13,14,15,16,17,18,19],"dataset_id":366,"source_dataset_id":413,"options":null,"D":{"0":{"0":0,"1":0,"2":0,"3":0,"4":0,"5":0,"6":0,"7":0,"8":0,"9":0,"10":0,"11":0,"12":0,"13":0,"14":0,"15":0,"16":0,"17":0,"18":0,"19":0},"1":{"0":5,"1":0,"2":0,"3":0,"4":0,"5":0,"6":0,"7":0,"8":0,"9":0,"10":0,"11":1,"12":0,"13":1,"14":0,"15":0,"16":0,"17":0,"18":0,"19":0},"2":{"0":5,"1":5,"2":0,"3":0,"4":0,"5":0,"6":0,"7":0,"8":0,"9":0,"10":5,"11":0,"12":0,"13":0,"14":0,"15":0,"16":0,"17":0,"18":0,"19":0},"3":{"0":5,"1":5,"2":5,"3":0,"4":0,"5":0,"6":0,"7":0,"8":0,"9":0,"10":4,"11":0,"12":0,"13":0,"14":0,"15":0,"16":0,"17":0,"18":0,"19":2},"4":{"0":5,"1":0,"2":0,"3":0,"4":0,"5":0,"6":0,"7":0,"8":0,"9":0,"10":0,"11":0,"12":0,"13":0,"14":0,"15":1,"16":0,"17":0,"18":0,"19":0},"5":{"0":5,"1":5,"2":5,"3":5,"4":5,"5":0,"6":0,"7":0,"8":2,"9":0,"10":0,"11":0,"12":0,"13":0,"14":0,"15":0,"16":0,"17":5,"18":0,"19":0},"6":{"0":5,"1":5,"2":5,"3":5,"4":5,"5":0,"6":0,"7":1,"8":0,"9":3,"10":0,"11":0,"12":0,"13":0,"14":0,"15":2,"16":0,"17":0,"18":3,"19":0},"7":{"0":5,"1":2,"2":5,"3":5,"4":5,"5":5,"6":5,"7":0,"8":0,"9":0,"10":0,"11":0,"12":0,"13":0,"14":0,"15":0,"16":0,"17":0,"18":0,"19":0},"8":{"0":5,"1":5,"2":5,"3":5,"4":5,"5":5,"6":5,"7":5,"8":0,"9":0,"10":0,"11":0,"12":0,"13":0,"14":0,"15":0,"16":0,"17":0,"18":0,"19":0},"9":{"0":5,"1":0,"2":0,"3":5,"4":5,"5":5,"6":5,"7":5,"8":5,"9":0,"10":4,"11":0,"12":0,"13":4,"14":0,"15":0,"16":0,"17":0,"18":0,"19":0},"10":{"0":5,"1":5,"2":0,"3":0,"4":5,"5":5,"6":5,"7":5,"8":5,"9":5,"10":0,"11":0,"12":0,"13":0,"14":0,"15":0,"16":0,"17":0,"18":0,"19":0},"11":{"0":5,"1":5,"2":5,"3":5,"4":5,"5":0,"6":0,"7":5,"8":0,"9":5,"10":5,"11":0,"12":0,"13":0,"14":0,"15":0,"16":0,"17":0,"18":1,"19":0},"12":{"0":5,"1":0,"2":5,"3":5,"4":0,"5":5,"6":5,"7":5,"8":5,"9":5,"10":5,"11":5,"12":0,"13":0,"14":0,"15":0,"16":0,"17":0,"18":0,"19":0},"13":{"0":0,"1":5,"2":5,"3":5,"4":5,"5":5,"6":5,"7":5,"8":0,"9":5,"10":5,"11":5,"12":5,"13":0,"14":0,"15":0,"16":0,"17":0,"18":5,"19":0},"14":{"0":5,"1":5,"2":5,"3":0,"4":5,"5":5,"6":5,"7":5,"8":5,"9":5,"10":5,"11":0,"12":0,"13":5,"14":0,"15":4,"16":0,"17":0,"18":0,"19":0},"15":{"0":5,"1":5,"2":5,"3":5,"4":5,"5":5,"6":0,"7":5,"8":5,"9":5,"10":5,"11":5,"12":5,"13":5,"14":5,"15":0,"16":0,"17":0,"18":0,"19":0},"16":{"0":5,"1":5,"2":5,"3":5,"4":5,"5":5,"6":5,"7":5,"8":0,"9":5,"10":0,"11":5,"12":5,"13":5,"14":5,"15":5,"16":0,"17":0,"18":0,"19":0},"17":{"0":5,"1":5,"2":5,"3":5,"4":5,"5":5,"6":5,"7":5,"8":0,"9":5,"10":5,"11":5,"12":0,"13":5,"14":5,"15":5,"16":5,"17":0,"18":0,"19":0},"18":{"0":5,"1":5,"2":5,"3":5,"4":2,"5":5,"6":1,"7":5,"8":5,"9":5,"10":5,"11":5,"12":5,"13":5,"14":5,"15":5,"16":5,"17":2,"18":0,"19":0},"19":{"0":1,"1":0,"2":5,"3":5,"4":5,"5":5,"6":5,"7":5,"8":5,"9":5,"10":5,"11":5,"12":5,"13":5,"14":5,"15":5,"16":5,"17":5,"18":0,"19":0}},"method":"lop","closest_pair":[[0,4,1,2,3,6,5,7,8,9,10,11,12,13,14,15,16,17,19,18],[0,4,1,2,3,5,6,7,8,9,10,11,12,13,14,15,16,17,19,18]],"farthest_pair":[[0,1,2,3,4,6,5,7,8,9,10,11,12,13,14,15,16,17,18,19],[0,4,1,2,3,5,6,7,8,9,10,11,12,13,14,15,16,17,19,18]],"tau_farthest_pair":0.9473684211,"tau_closest_pair":0.9894736842,"beta":0.0000222056,"centroid_solution":[0,1,2,4,3,6,5,7,8,9,10,11,12,13,14,15,16,17,19,18]}