{"solutions":[[0,1,2,3,4,5,6,7,8,9,10,12,11,13,14,16,15,17,19,18],[0,1,2,3,4,5,6,7,8,9,10,11,12,13,14,15,16,17,19,18],[0,2,1,3,4,5,6,7,8,9,10,11,12,13,14,15,16,17,19,18],[0,2,1,3,4,5,6,7,8,9,10,12,11,13,14,16,15,17,19,18],[0,1,2,3,4,5,6,7,8,9,10,12,11,13,14,15,16,17,19,18],[0,1,2,3,4,5,6,7,8,9,10,11,12,13,14,16,15,17,19,18],[0,2,1,3,4,5,6,7,8,9,10,11,12,13,14,16,15,17,19,18],[0,2,1,3,4,5,6,7,8,9,10,12,11,13,14,15,16,17,19,18]],"obj":797.0,"max_tau_solutions":null,"centroid_x":[[0.0,1.0,1.0,1.0,1.0,1.0,1.0,1.0,1.0,1.0,1.0,1.0,1.0,1.0,1.0,1.0,1.0,1.0,1.0,1.0],[0.0,0.0,0.5131143443,1.0,1.0,1.0,1.0,1.0,1.0,1.0,1.0,1.0,1.0,1.0,1.0,1.0,1.0,1.0,1.0,1.0],[0.0,0.4868856557,0.0,1.0,1.0,1.0,1.0,1.0,1.0,1.0,1.0,1.0,1.0,1.0,1.0,1.0,1.0,1.0,1.0,1.0],[0.0,0.0,0.0,0.0,1.0,1.0,1.0,1.0,1.0,1.0,1.0,1.0,1.0,1.0,1.0,1.0,1.0,1.0,1.0,1.0],[0.0,0.0,0.0,0.0,0.0,1.0,1.0,1.0,1.0,1.0,1.0,1.0,1.0,1.0,1.0,1.0,1.0,1.0,1.0,1.0],[0.0,0.0,0.0,0.0,0.0,0.0,1.0,1.0,1.0,1.0,1.0,1.0,1.0,1.0,1.0,1.0,1.0,1.0,1.0,1.0],[0.0,0.0,0.0,0.0,0.0,0.0,0.0,1.0,1.0,1.0,1.0,1.0,1.0,1.0,1.0,1.0,1.0,1.0,1.0,1.0],[0.0,0.0,0.0,0.0,0.0,0.0,0.0,0.0,1.0,1.0,1.0,1.0,1.0,1.0,1.0,1.0,1.0,1.0,1.0,1.0],[0.0,0.0,0.0,0.0,0.0,0.0,0.0,0.0,0.0,1.0,1.0,1.0,1.0,1.0,1.0,1.0,1.0,1.0,1.0,1.0],[0.0,0.0,0.0,0.0,0.0,0.0,0.0,0.0,0.0,0.0,1.0,1.0,1.0,1.0,1.0,1.0,1.0,1.0,1.0,1.0],[0.0,0.0,0.0,0.0,0.0,0.0,0.0,0.0,0.0,0.0,0.0,1.0,1.0,1.0,1.0,1.0,1.0,1.0,1.0,1.0],[0.0,0.0,0.0,0.0,0.0,0.0,0.0,0.0,0.0,0.0,0.0,0.0,0.5121399564,1.0,1.0,1.0,1.0,1.0,1.0,1.0],[0.0,0.0,0.0,0.0,0.0,0.0,0.0,0.0,0.0,0.0,0.0,0.4878600436,0.0,1.0,1.0,1.0,1.0,1.0,1.0,1.0],[0.0,0.0,0.0,0.0,0.0,0.0,0.0,0.0,0.0,0.0,0.0,0.0,0.0,0.0,1.0,1.0,1.0,1.0,1.0,1.0],[0.0,0.0,0.0,0.0,0.0,0.0,0.0,0.0,0.0,0.0,0.0,0.0,0.0,0.0,0.0,1.0,1.0,1.0,1.0,1.0],[0.0,0.0,0.0,0.0,0.0,0.0,0.0,0.0,0.0,0.0,0.0,0.0,0.0,0.0,0.0,0.0,0.4971685934,1.0,1.0,1.0],[0.0,0.0,0.0,0.0,0.0,0.0,0.0,0.0,0.0,0.0,0.0,0.0,0.0,0.0,0.0,0.5028314066,0.0,1.0,1.0,1.0],[0.0,0.0,0.0,0.0,0.0,0.0,0.0,0.0,0.0,0.0,0.0,0.0,0.0,0.0,0.0,0.0,0.0,0.0,1.0,1.0],[0.0,0.0,0.0,0.0,0.0,0.0,0.0,0.0,0.0,0.0,0.0,0.0,0.0,0.0,0.0,0.0,0.0,0.0,0.0,0.0],[0.0,0.0,0.0,0.0,0.0,0.0,0.0,0.0,0.0,0.0,0.0,0.0,0.0,0.0,0.0,0.0,0.0,0.0,1.0,0.0]],"outlier_solution":[0,2,1,3,4,5,6,7,8,9,10,12,11,13,14,15,16,17,19,18],"dataset_id":377,"source_dataset_id":424,"options":null,"D":{"0":{"0":0,"1":0,"2":0,"3":2,"4":0,"5":0,"6":0,"7":0,"8":1,"9":0,"10":0,"11":0,"12":0,"13":0,"14":0,"15":0,"16":0,"17":0,"18":0,"19":0},"1":{"0":5,"1":0,"2":5,"3":0,"4":0,"5":0,"6":0,"7":0,"8":0,"9":0,"10":0,"11":0,"12":0,"13":0,"14":0,"15":0,"16":0,"17":0,"18":0,"19":0},"2":{"0":5,"1":5,"2":0,"3":0,"4":0,"5":0,"6":0,"7":0,"8":0,"9":0,"10":0,"11":0,"12":0,"13":0,"14":0,"15":0,"16":0,"17":0,"18":0,"19":0},"3":{"0":5,"1":5,"2":5,"3":0,"4":0,"5":0,"6":0,"7":0,"8":0,"9":0,"10":0,"11":0,"12":0,"13":0,"14":0,"15":0,"16":0,"17":0,"18":3,"19":0},"4":{"0":5,"1":0,"2":5,"3":5,"4":0,"5":0,"6":0,"7":0,"8":0,"9":0,"10":0,"11":0,"12":0,"13":5,"14":0,"15":0,"16":0,"17":0,"18":0,"19":0},"5":{"0":5,"1":5,"2":5,"3":3,"4":5,"5":0,"6":0,"7":0,"8":0,"9":0,"10":0,"11":0,"12":0,"13":5,"14":0,"15":0,"16":0,"17":0,"18":0,"19":0},"6":{"0":5,"1":5,"2":5,"3":0,"4":5,"5":5,"6":0,"7":0,"8":0,"9":0,"10":0,"11":0,"12":0,"13":0,"14":0,"15":0,"16":0,"17":0,"18":0,"19":0},"7":{"0":5,"1":0,"2":5,"3":1,"4":1,"5":5,"6":5,"7":0,"8":0,"9":0,"10":0,"11":0,"12":0,"13":0,"14":0,"15":0,"16":0,"17":0,"18":0,"19":0},"8":{"0":5,"1":5,"2":5,"3":5,"4":5,"5":5,"6":5,"7":5,"8":0,"9":0,"10":2,"11":0,"12":4,"13":0,"14":0,"15":4,"16":0,"17":0,"18":0,"19":0},"9":{"0":5,"1":0,"2":5,"3":5,"4":5,"5":5,"6":5,"7":5,"8":5,"9":0,"10":0,"11":0,"12":0,"13":0,"14":0,"15":0,"16":0,"17":0,"18":0,"19":0},"10":{"0":5,"1":2,"2":5,"3":0,"4":5,"5":5,"6":0,"7":5,"8":5,"9":5,"10":0,"11":0,"12":0,"13":0,"14":0,"15":0,"16":0,"17":1,"18":0,"19":0},"11":{"0":3,"1":5,"2":5,"3":5,"4":1,"5":3,"6":5,"7":0,"8":5,"9":5,"10":5,"11":0,"12":0,"13":0,"14":5,"15":0,"16":0,"17":0,"18":0,"19":0},"12":{"0":5,"1":0,"2":5,"3":5,"4":5,"5":5,"6":5,"7":0,"8":5,"9":5,"10":5,"11":0,"12":0,"13":0,"14":0,"15":0,"16":0,"17":0,"18":0,"19":0},"13":{"0":5,"1":5,"2":5,"3":5,"4":0,"5":5,"6":5,"7":0,"8":5,"9":5,"10":5,"11":5,"12":5,"13":0,"14":0,"15":0,"16":0,"17":0,"18":2,"19":0},"14":{"0":5,"1":5,"2":5,"3":5,"4":5,"5":5,"6":0,"7":5,"8":5,"9":5,"10":5,"11":5,"12":5,"13":5,"14":0,"15":0,"16":0,"17":0,"18":0,"19":2},"15":{"0":5,"1":5,"2":5,"3":5,"4":0,"5":5,"6":0,"7":0,"8":5,"9":5,"10":0,"11":5,"12":5,"13":1,"14":5,"15":0,"16":0,"17":0,"18":0,"19":0},"16":{"0":5,"1":5,"2":5,"3":5,"4":5,"5":5,"6":5,"7":0,"8":5,"9":5,"10":0,"11":5,"12":5,"13":5,"14":5,"15":0,"16":0,"17":0,"18":0,"19":0},"17":{"0":5,"1":5,"2":5,"3":5,"4":5,"5":5,"6":5,"7":5,"8":5,"9":5,"10":5,"11":5,"12":5,"13":5,"14":5,"15":5,"16":5,"17":0,"18":0,"19":0},"18":{"0":5,"1":5,"2":5,"3":5,"4":0,"5":5,"6":5,"7":5,"8":5,"9":5,"10":5,"11":5,"12":5,"13":5,"14":5,"15":5,"16":5,"17":5,"18":0,"19":2},"19":{"0":5,"1":5,"2":0,"3":5,"4":4,"5":5,"6":5,"7":5,"8":0,"9":5,"10":5,"11":5,"12":0,"13":1,"14":5,"15":5,"16":5,"17":5,"18":1,"19":0}},"method":"lop","closest_pair":[[0,2,1,3,4,5,6,7,8,9,10,12,11,13,14,15,16,17,19,18],[0,2,1,3,4,5,6,7,8,9,10,12,11,13,14,16,15,17,19,18]],"farthest_pair":[[0,2,1,3,4,5,6,7,8,9,10,12,11,13,14,16,15,17,19,18],[0,1,2,3,4,5,6,7,8,9,10,11,12,13,14,15,16,17,19,18]],"tau_farthest_pair":0.9684210526,"tau_closest_pair":0.9894736842,"beta":0.0000051094,"centroid_solution":[0,1,2,3,4,5,6,7,8,9,10,11,12,13,14,16,15,17,19,18]}