{"solutions":[[0,1,2,4,3,5,6,7,8,9,10,11,12,14,13,15,16,17,18,19],[0,1,2,4,5,3,6,7,8,9,11,10,12,13,14,15,16,17,18,19],[0,1,2,4,3,5,6,7,9,8,10,11,12,14,13,15,16,17,18,19],[0,1,2,4,5,3,6,7,9,8,11,10,12,14,13,15,16,17,18,19],[0,1,2,4,5,3,6,7,9,8,10,11,12,14,13,15,16,17,18,19],[0,1,2,4,5,3,6,7,9,8,11,10,12,13,14,15,16,17,18,19],[0,1,2,4,3,5,6,7,8,9,11,10,12,13,14,15,16,17,18,19],[0,1,2,4,3,5,6,7,8,9,11,10,12,14,13,15,16,17,18,19],[0,1,2,4,3,5,6,7,9,8,10,11,12,13,14,15,16,17,18,19],[0,1,2,4,5,3,6,7,9,8,10,11,12,13,14,15,16,17,18,19],[0,1,2,4,5,3,6,7,8,9,10,11,12,13,14,15,16,17,18,19],[0,1,2,4,5,3,6,7,8,9,10,11,12,14,13,15,16,17,18,19],[0,1,2,4,5,3,6,7,8,9,11,10,12,14,13,15,16,17,18,19],[0,1,2,4,3,5,6,7,9,8,11,10,12,14,13,15,16,17,18,19],[0,1,2,4,3,5,6,7,9,8,11,10,12,13,14,15,16,17,18,19],[0,1,2,4,3,5,6,7,8,9,10,11,12,13,14,15,16,17,18,19]],"obj":814.0,"max_tau_solutions":null,"centroid_x":[[0.0,1.0,1.0,1.0,1.0,1.0,1.0,1.0,1.0,1.0,1.0,1.0,1.0,1.0,1.0,1.0,1.0,1.0,1.0,1.0],[0.0,0.0,1.0,1.0,1.0,1.0,1.0,1.0,1.0,1.0,1.0,1.0,1.0,1.0,1.0,1.0,1.0,1.0,1.0,1.0],[0.0,0.0,0.0,1.0,1.0,1.0,1.0,1.0,1.0,1.0,1.0,1.0,1.0,1.0,1.0,1.0,1.0,1.0,1.0,1.0],[0.0,0.0,0.0,0.0,0.0,0.5188821028,1.0,1.0,1.0,1.0,1.0,1.0,1.0,1.0,1.0,1.0,1.0,1.0,1.0,1.0],[0.0,0.0,0.0,1.0,0.0,1.0,1.0,1.0,1.0,1.0,1.0,1.0,1.0,1.0,1.0,1.0,1.0,1.0,1.0,1.0],[0.0,0.0,0.0,0.4811178972,0.0,0.0,1.0,1.0,1.0,1.0,1.0,1.0,1.0,1.0,1.0,1.0,1.0,1.0,1.0,1.0],[0.0,0.0,0.0,0.0,0.0,0.0,0.0,1.0,1.0,1.0,1.0,1.0,1.0,1.0,1.0,1.0,1.0,1.0,1.0,1.0],[0.0,0.0,0.0,0.0,0.0,0.0,0.0,0.0,1.0,1.0,1.0,1.0,1.0,1.0,1.0,1.0,1.0,1.0,1.0,1.0],[0.0,0.0,0.0,0.0,0.0,0.0,0.0,0.0,0.0,0.493027239,1.0,1.0,1.0,1.0,1.0,1.0,1.0,1.0,1.0,1.0],[0.0,0.0,0.0,0.0,0.0,0.0,0.0,0.0,0.506972761,0.0,1.0,1.0,1.0,1.0,1.0,1.0,1.0,1.0,1.0,1.0],[0.0,0.0,0.0,0.0,0.0,0.0,0.0,0.0,0.0,0.0,0.0,0.5108870495,1.0,1.0,1.0,1.0,1.0,1.0,1.0,1.0],[0.0,0.0,0.0,0.0,0.0,0.0,0.0,0.0,0.0,0.0,0.4891129505,0.0,1.0,1.0,1.0,1.0,1.0,1.0,1.0,1.0],[0.0,0.0,0.0,0.0,0.0,0.0,0.0,0.0,0.0,0.0,0.0,0.0,0.0,1.0,1.0,1.0,1.0,1.0,1.0,1.0],[0.0,0.0,0.0,0.0,0.0,0.0,0.0,0.0,0.0,0.0,0.0,0.0,0.0,0.0,0.5109913433,1.0,1.0,1.0,1.0,1.0],[0.0,0.0,0.0,0.0,0.0,0.0,0.0,0.0,0.0,0.0,0.0,0.0,0.0,0.4890086567,0.0,1.0,1.0,1.0,1.0,1.0],[0.0,0.0,0.0,0.0,0.0,0.0,0.0,0.0,0.0,0.0,0.0,0.0,0.0,0.0,0.0,0.0,1.0,1.0,1.0,1.0],[0.0,0.0,0.0,0.0,0.0,0.0,0.0,0.0,0.0,0.0,0.0,0.0,0.0,0.0,0.0,0.0,0.0,1.0,1.0,1.0],[0.0,0.0,0.0,0.0,0.0,0.0,0.0,0.0,0.0,0.0,0.0,0.0,0.0,0.0,0.0,0.0,0.0,0.0,1.0,1.0],[0.0,0.0,0.0,0.0,0.0,0.0,0.0,0.0,0.0,0.0,0.0,0.0,0.0,0.0,0.0,0.0,0.0,0.0,0.0,1.0],[0.0,0.0,0.0,0.0,0.0,0.0,0.0,0.0,0.0,0.0,0.0,0.0,0.0,0.0,0.0,0.0,0.0,0.0,0.0,0.0]],"outlier_solution":[0,1,2,4,5,3,6,7,8,9,11,10,12,14,13,15,16,17,18,19],"dataset_id":389,"source_dataset_id":436,"options":null,"D":{"0":{"0":0,"1":0,"2":0,"3":0,"4":0,"5":0,"6":0,"7":0,"8":0,"9":0,"10":0,"11":0,"12":0,"13":0,"14":0,"15":0,"16":0,"17":0,"18":0,"19":0},"1":{"0":5,"1":0,"2":0,"3":0,"4":0,"5":0,"6":0,"7":0,"8":0,"9":0,"10":5,"11":0,"12":0,"13":0,"14":0,"15":0,"16":1,"17":0,"18":0,"19":5},"2":{"0":5,"1":5,"2":0,"3":0,"4":0,"5":2,"6":0,"7":0,"8":0,"9":0,"10":0,"11":2,"12":0,"13":0,"14":0,"15":0,"16":0,"17":0,"18":0,"19":0},"3":{"0":5,"1":5,"2":3,"3":0,"4":2,"5":0,"6":0,"7":0,"8":0,"9":0,"10":0,"11":0,"12":0,"13":0,"14":3,"15":0,"16":0,"17":0,"18":0,"19":0},"4":{"0":5,"1":5,"2":5,"3":0,"4":0,"5":0,"6":0,"7":0,"8":0,"9":0,"10":0,"11":0,"12":0,"13":0,"14":0,"15":0,"16":0,"17":0,"18":0,"19":0},"5":{"0":5,"1":5,"2":0,"3":0,"4":5,"5":0,"6":0,"7":0,"8":0,"9":0,"10":0,"11":0,"12":0,"13":0,"14":0,"15":0,"16":4,"17":0,"18":0,"19":0},"6":{"0":5,"1":5,"2":5,"3":5,"4":5,"5":5,"6":0,"7":0,"8":4,"9":0,"10":0,"11":4,"12":0,"13":0,"14":2,"15":0,"16":0,"17":0,"18":0,"19":0},"7":{"0":5,"1":5,"2":5,"3":5,"4":5,"5":5,"6":4,"7":0,"8":0,"9":0,"10":0,"11":0,"12":0,"13":1,"14":0,"15":0,"16":0,"17":0,"18":0,"19":0},"8":{"0":3,"1":5,"2":5,"3":5,"4":5,"5":5,"6":5,"7":5,"8":0,"9":0,"10":0,"11":0,"12":0,"13":0,"14":0,"15":0,"16":0,"17":0,"18":0,"19":0},"9":{"0":5,"1":5,"2":5,"3":5,"4":5,"5":5,"6":5,"7":5,"8":0,"9":0,"10":0,"11":0,"12":0,"13":0,"14":0,"15":0,"16":0,"17":0,"18":0,"19":0},"10":{"0":2,"1":2,"2":5,"3":5,"4":5,"5":0,"6":5,"7":5,"8":5,"9":5,"10":0,"11":0,"12":0,"13":0,"14":5,"15":0,"16":0,"17":0,"18":5,"19":0},"11":{"0":5,"1":5,"2":0,"3":5,"4":0,"5":5,"6":5,"7":5,"8":5,"9":5,"10":0,"11":0,"12":0,"13":0,"14":0,"15":0,"16":0,"17":0,"18":0,"19":0},"12":{"0":5,"1":5,"2":5,"3":5,"4":5,"5":5,"6":5,"7":5,"8":5,"9":5,"10":5,"11":5,"12":0,"13":0,"14":0,"15":0,"16":0,"17":0,"18":0,"19":0},"13":{"0":5,"1":5,"2":5,"3":0,"4":5,"5":0,"6":5,"7":5,"8":5,"9":5,"10":5,"11":5,"12":5,"13":0,"14":0,"15":0,"16":0,"17":0,"18":0,"19":0},"14":{"0":0,"1":1,"2":5,"3":5,"4":5,"5":5,"6":5,"7":5,"8":5,"9":5,"10":5,"11":5,"12":5,"13":0,"14":0,"15":2,"16":0,"17":0,"18":0,"19":0},"15":{"0":5,"1":5,"2":5,"3":5,"4":5,"5":5,"6":5,"7":5,"8":5,"9":0,"10":5,"11":5,"12":0,"13":5,"14":5,"15":0,"16":0,"17":0,"18":0,"19":0},"16":{"0":5,"1":5,"2":5,"3":4,"4":5,"5":5,"6":5,"7":5,"8":5,"9":5,"10":5,"11":5,"12":5,"13":5,"14":5,"15":5,"16":0,"17":0,"18":0,"19":0},"17":{"0":5,"1":0,"2":5,"3":5,"4":5,"5":2,"6":5,"7":5,"8":5,"9":5,"10":5,"11":0,"12":5,"13":5,"14":5,"15":5,"16":5,"17":0,"18":0,"19":0},"18":{"0":5,"1":5,"2":0,"3":5,"4":0,"5":5,"6":5,"7":5,"8":1,"9":5,"10":0,"11":5,"12":5,"13":5,"14":5,"15":5,"16":5,"17":5,"18":0,"19":0},"19":{"0":0,"1":5,"2":5,"3":5,"4":5,"5":5,"6":0,"7":5,"8":5,"9":5,"10":5,"11":5,"12":5,"13":5,"14":0,"15":0,"16":5,"17":5,"18":5,"19":0}},"method":"lop","closest_pair":[[0,1,2,4,5,3,6,7,9,8,11,10,12,14,13,15,16,17,18,19],[0,1,2,4,5,3,6,7,8,9,11,10,12,14,13,15,16,17,18,19]],"farthest_pair":[[0,1,2,4,5,3,6,7,9,8,11,10,12,14,13,15,16,17,18,19],[0,1,2,4,3,5,6,7,8,9,10,11,12,13,14,15,16,17,18,19]],"tau_farthest_pair":0.9578947368,"tau_closest_pair":0.9894736842,"beta":0.0000040792,"centroid_solution":[0,1,2,4,3,5,6,7,9,8,10,11,12,13,14,15,16,17,18,19]}