{"solutions":[[0,1,3,4,2,5,6,7,8,10,9,11,14,12,13,15,16,17,18,19],[0,1,3,4,5,6,7,2,8,10,9,11,14,12,13,15,16,17,18,19],[0,1,3,4,5,6,2,7,8,10,9,11,14,12,13,15,16,17,18,19],[0,1,3,4,5,6,7,2,8,9,10,11,14,12,13,15,16,17,18,19],[0,1,3,4,5,6,2,7,8,9,10,11,14,12,13,15,16,17,18,19],[0,1,3,4,5,2,6,7,8,9,10,11,14,12,13,15,16,17,18,19],[0,1,3,4,2,5,6,7,8,9,10,11,14,12,13,15,16,17,18,19],[0,1,3,4,5,2,6,7,8,10,9,11,14,12,13,15,16,17,18,19]],"obj":661.0,"max_tau_solutions":null,"centroid_x":[[0.0,1.0,1.0,1.0,1.0,1.0,1.0,1.0,1.0,1.0,1.0,1.0,1.0,1.0,1.0,1.0,1.0,1.0,1.0,1.0],[0.0,0.0,1.0,1.0,1.0,1.0,1.0,1.0,1.0,1.0,1.0,1.0,1.0,1.0,1.0,1.0,1.0,1.0,1.0,1.0],[0.0,0.0,0.0,0.0,0.0,0.3607969292,0.462797436,0.5813462902,1.0,1.0,1.0,1.0,1.0,1.0,1.0,1.0,1.0,1.0,1.0,1.0],[0.0,0.0,1.0,0.0,1.0,1.0,1.0,1.0,1.0,1.0,1.0,1.0,1.0,1.0,1.0,1.0,1.0,1.0,1.0,1.0],[0.0,0.0,1.0,0.0,0.0,1.0,1.0,1.0,1.0,1.0,1.0,1.0,1.0,1.0,1.0,1.0,1.0,1.0,1.0,1.0],[0.0,0.0,0.6392030708,0.0,0.0,0.0,1.0,1.0,1.0,1.0,1.0,1.0,1.0,1.0,1.0,1.0,1.0,1.0,1.0,1.0],[0.0,0.0,0.537202564,0.0,0.0,0.0,0.0,1.0,1.0,1.0,1.0,1.0,1.0,1.0,1.0,1.0,1.0,1.0,1.0,1.0],[0.0,0.0,0.4186537098,0.0,0.0,0.0,0.0,0.0,1.0,1.0,1.0,1.0,1.0,1.0,1.0,1.0,1.0,1.0,1.0,1.0],[0.0,0.0,0.0,0.0,0.0,0.0,0.0,0.0,0.0,1.0,1.0,1.0,1.0,1.0,1.0,1.0,1.0,1.0,1.0,1.0],[0.0,0.0,0.0,0.0,0.0,0.0,0.0,0.0,0.0,0.0,0.4952990565,1.0,1.0,1.0,1.0,1.0,1.0,1.0,1.0,1.0],[0.0,0.0,0.0,0.0,0.0,0.0,0.0,0.0,0.0,0.5047009435,0.0,1.0,1.0,1.0,1.0,1.0,1.0,1.0,1.0,1.0],[0.0,0.0,0.0,0.0,0.0,0.0,0.0,0.0,0.0,0.0,0.0,0.0,1.0,1.0,1.0,1.0,1.0,1.0,1.0,1.0],[0.0,0.0,0.0,0.0,0.0,0.0,0.0,0.0,0.0,0.0,0.0,0.0,0.0,1.0,0.0,1.0,1.0,1.0,1.0,1.0],[0.0,0.0,0.0,0.0,0.0,0.0,0.0,0.0,0.0,0.0,0.0,0.0,0.0,0.0,0.0,1.0,1.0,1.0,1.0,1.0],[0.0,0.0,0.0,0.0,0.0,0.0,0.0,0.0,0.0,0.0,0.0,0.0,1.0,1.0,0.0,1.0,1.0,1.0,1.0,1.0],[0.0,0.0,0.0,0.0,0.0,0.0,0.0,0.0,0.0,0.0,0.0,0.0,0.0,0.0,0.0,0.0,1.0,1.0,1.0,1.0],[0.0,0.0,0.0,0.0,0.0,0.0,0.0,0.0,0.0,0.0,0.0,0.0,0.0,0.0,0.0,0.0,0.0,1.0,1.0,1.0],[0.0,0.0,0.0,0.0,0.0,0.0,0.0,0.0,0.0,0.0,0.0,0.0,0.0,0.0,0.0,0.0,0.0,0.0,1.0,1.0],[0.0,0.0,0.0,0.0,0.0,0.0,0.0,0.0,0.0,0.0,0.0,0.0,0.0,0.0,0.0,0.0,0.0,0.0,0.0,1.0],[0.0,0.0,0.0,0.0,0.0,0.0,0.0,0.0,0.0,0.0,0.0,0.0,0.0,0.0,0.0,0.0,0.0,0.0,0.0,0.0]],"outlier_solution":[0,1,3,4,2,5,6,7,8,9,10,11,14,12,13,15,16,17,18,19],"dataset_id":404,"source_dataset_id":451,"options":null,"D":{"0":{"0":0,"1":4,"2":0,"3":0,"4":0,"5":0,"6":0,"7":0,"8":0,"9":0,"10":5,"11":2,"12":0,"13":0,"14":0,"15":2,"16":0,"17":0,"18":0,"19":1},"1":{"0":5,"1":0,"2":0,"3":1,"4":0,"5":4,"6":0,"7":0,"8":3,"9":0,"10":2,"11":3,"12":2,"13":0,"14":3,"15":0,"16":2,"17":1,"18":0,"19":0},"2":{"0":0,"1":5,"2":0,"3":4,"4":4,"5":0,"6":5,"7":0,"8":0,"9":0,"10":0,"11":0,"12":1,"13":0,"14":0,"15":3,"16":0,"17":0,"18":0,"19":2},"3":{"0":5,"1":5,"2":5,"3":0,"4":0,"5":0,"6":0,"7":0,"8":0,"9":0,"10":4,"11":0,"12":0,"13":0,"14":0,"15":0,"16":0,"17":0,"18":0,"19":0},"4":{"0":3,"1":1,"2":0,"3":2,"4":0,"5":0,"6":3,"7":0,"8":0,"9":0,"10":4,"11":0,"12":0,"13":2,"14":0,"15":0,"16":2,"17":0,"18":1,"19":3},"5":{"0":0,"1":2,"2":0,"3":5,"4":3,"5":0,"6":0,"7":4,"8":2,"9":0,"10":5,"11":0,"12":0,"13":0,"14":3,"15":0,"16":2,"17":0,"18":0,"19":5},"6":{"0":5,"1":5,"2":5,"3":5,"4":5,"5":5,"6":0,"7":2,"8":0,"9":0,"10":0,"11":0,"12":4,"13":3,"14":0,"15":0,"16":1,"17":1,"18":3,"19":0},"7":{"0":4,"1":1,"2":0,"3":3,"4":3,"5":5,"6":5,"7":0,"8":0,"9":5,"10":0,"11":0,"12":2,"13":0,"14":0,"15":0,"16":0,"17":1,"18":0,"19":0},"8":{"0":5,"1":3,"2":5,"3":0,"4":5,"5":0,"6":5,"7":2,"8":0,"9":0,"10":0,"11":0,"12":2,"13":0,"14":1,"15":0,"16":2,"17":0,"18":0,"19":0},"9":{"0":5,"1":3,"2":5,"3":4,"4":2,"5":5,"6":5,"7":4,"8":5,"9":0,"10":0,"11":0,"12":0,"13":0,"14":1,"15":5,"16":3,"17":4,"18":5,"19":1},"10":{"0":5,"1":5,"2":5,"3":5,"4":5,"5":5,"6":5,"7":0,"8":5,"9":0,"10":0,"11":2,"12":4,"13":0,"14":2,"15":0,"16":0,"17":5,"18":2,"19":0},"11":{"0":4,"1":0,"2":5,"3":5,"4":5,"5":5,"6":5,"7":1,"8":3,"9":5,"10":5,"11":0,"12":2,"13":0,"14":0,"15":0,"16":1,"17":0,"18":0,"19":3},"12":{"0":0,"1":0,"2":5,"3":5,"4":5,"5":5,"6":0,"7":5,"8":4,"9":5,"10":5,"11":5,"12":0,"13":0,"14":3,"15":3,"16":0,"17":5,"18":0,"19":0},"13":{"0":5,"1":5,"2":3,"3":5,"4":0,"5":5,"6":5,"7":5,"8":0,"9":4,"10":0,"11":5,"12":3,"13":0,"14":4,"15":0,"16":0,"17":0,"18":1,"19":0},"14":{"0":5,"1":3,"2":5,"3":5,"4":5,"5":4,"6":5,"7":5,"8":4,"9":5,"10":2,"11":5,"12":1,"13":2,"14":0,"15":0,"16":0,"17":0,"18":0,"19":0},"15":{"0":5,"1":0,"2":1,"3":2,"4":0,"5":2,"6":5,"7":0,"8":0,"9":5,"10":0,"11":5,"12":1,"13":5,"14":5,"15":0,"16":0,"17":0,"18":3,"19":0},"16":{"0":5,"1":5,"2":0,"3":5,"4":5,"5":1,"6":2,"7":5,"8":0,"9":0,"10":5,"11":4,"12":1,"13":1,"14":5,"15":5,"16":0,"17":0,"18":2,"19":0},"17":{"0":4,"1":0,"2":3,"3":0,"4":5,"5":5,"6":5,"7":5,"8":4,"9":5,"10":5,"11":0,"12":5,"13":5,"14":5,"15":1,"16":3,"17":0,"18":0,"19":2},"18":{"0":2,"1":5,"2":5,"3":1,"4":1,"5":5,"6":2,"7":5,"8":4,"9":5,"10":1,"11":5,"12":5,"13":5,"14":5,"15":0,"16":4,"17":2,"18":0,"19":0},"19":{"0":5,"1":5,"2":5,"3":1,"4":2,"5":1,"6":5,"7":1,"8":5,"9":0,"10":4,"11":5,"12":5,"13":5,"14":5,"15":0,"16":1,"17":4,"18":5,"19":0}},"method":"lop","closest_pair":[[0,1,3,4,2,5,6,7,8,9,10,11,14,12,13,15,16,17,18,19],[0,1,3,4,2,5,6,7,8,10,9,11,14,12,13,15,16,17,18,19]],"farthest_pair":[[0,1,3,4,2,5,6,7,8,10,9,11,14,12,13,15,16,17,18,19],[0,1,3,4,5,6,7,2,8,9,10,11,14,12,13,15,16,17,18,19]],"centroid_solution":[0,1,3,4,5,6,2,7,8,10,9,11,14,12,13,15,16,17,18,19]}