{"solutions":[[0,1,4,6,2,3,5,8,7,9,10,12,11,13,14,15,16,18,17,19],[0,1,4,6,2,3,5,8,7,9,10,12,11,13,14,15,16,18,19,17]],"obj":692.0,"max_tau_solutions":null,"centroid_x":[[0.0,1.0,1.0,1.0,1.0,1.0,1.0,1.0,1.0,1.0,1.0,1.0,1.0,1.0,1.0,1.0,1.0,1.0,1.0,1.0],[0.0,0.0,1.0,1.0,1.0,1.0,1.0,1.0,1.0,1.0,1.0,1.0,1.0,1.0,1.0,1.0,1.0,1.0,1.0,1.0],[0.0,0.0,0.0,1.0,0.0,1.0,0.0,1.0,1.0,1.0,1.0,1.0,1.0,1.0,1.0,1.0,1.0,1.0,1.0,1.0],[0.0,0.0,0.0,0.0,0.0,1.0,0.0,1.0,1.0,1.0,1.0,1.0,1.0,1.0,1.0,1.0,1.0,1.0,1.0,1.0],[0.0,0.0,1.0,1.0,0.0,1.0,1.0,1.0,1.0,1.0,1.0,1.0,1.0,1.0,1.0,1.0,1.0,1.0,1.0,1.0],[0.0,0.0,0.0,0.0,0.0,0.0,0.0,1.0,1.0,1.0,1.0,1.0,1.0,1.0,1.0,1.0,1.0,1.0,1.0,1.0],[0.0,0.0,1.0,1.0,0.0,1.0,0.0,1.0,1.0,1.0,1.0,1.0,1.0,1.0,1.0,1.0,1.0,1.0,1.0,1.0],[0.0,0.0,0.0,0.0,0.0,0.0,0.0,0.0,0.0,1.0,1.0,1.0,1.0,1.0,1.0,1.0,1.0,1.0,1.0,1.0],[0.0,0.0,0.0,0.0,0.0,0.0,0.0,1.0,0.0,1.0,1.0,1.0,1.0,1.0,1.0,1.0,1.0,1.0,1.0,1.0],[0.0,0.0,0.0,0.0,0.0,0.0,0.0,0.0,0.0,0.0,1.0,1.0,1.0,1.0,1.0,1.0,1.0,1.0,1.0,1.0],[0.0,0.0,0.0,0.0,0.0,0.0,0.0,0.0,0.0,0.0,0.0,1.0,1.0,1.0,1.0,1.0,1.0,1.0,1.0,1.0],[0.0,0.0,0.0,0.0,0.0,0.0,0.0,0.0,0.0,0.0,0.0,0.0,0.0,1.0,1.0,1.0,1.0,1.0,1.0,1.0],[0.0,0.0,0.0,0.0,0.0,0.0,0.0,0.0,0.0,0.0,0.0,1.0,0.0,1.0,1.0,1.0,1.0,1.0,1.0,1.0],[0.0,0.0,0.0,0.0,0.0,0.0,0.0,0.0,0.0,0.0,0.0,0.0,0.0,0.0,1.0,1.0,1.0,1.0,1.0,1.0],[0.0,0.0,0.0,0.0,0.0,0.0,0.0,0.0,0.0,0.0,0.0,0.0,0.0,0.0,0.0,1.0,1.0,1.0,1.0,1.0],[0.0,0.0,0.0,0.0,0.0,0.0,0.0,0.0,0.0,0.0,0.0,0.0,0.0,0.0,0.0,0.0,1.0,1.0,1.0,1.0],[0.0,0.0,0.0,0.0,0.0,0.0,0.0,0.0,0.0,0.0,0.0,0.0,0.0,0.0,0.0,0.0,0.0,1.0,1.0,1.0],[0.0,0.0,0.0,0.0,0.0,0.0,0.0,0.0,0.0,0.0,0.0,0.0,0.0,0.0,0.0,0.0,0.0,0.0,0.0,0.4986013186],[0.0,0.0,0.0,0.0,0.0,0.0,0.0,0.0,0.0,0.0,0.0,0.0,0.0,0.0,0.0,0.0,0.0,1.0,0.0,1.0],[0.0,0.0,0.0,0.0,0.0,0.0,0.0,0.0,0.0,0.0,0.0,0.0,0.0,0.0,0.0,0.0,0.0,0.5013986814,0.0,0.0]],"outlier_solution":[0,1,4,6,2,3,5,8,7,9,10,12,11,13,14,15,16,18,17,19],"dataset_id":405,"source_dataset_id":452,"options":null,"D":{"0":{"0":0,"1":0,"2":0,"3":0,"4":0,"5":2,"6":1,"7":0,"8":5,"9":0,"10":0,"11":0,"12":0,"13":4,"14":0,"15":0,"16":0,"17":1,"18":0,"19":0},"1":{"0":4,"1":0,"2":0,"3":0,"4":3,"5":0,"6":0,"7":0,"8":0,"9":5,"10":3,"11":0,"12":0,"13":3,"14":0,"15":4,"16":0,"17":3,"18":0,"19":0},"2":{"0":5,"1":5,"2":0,"3":0,"4":1,"5":0,"6":3,"7":0,"8":0,"9":3,"10":0,"11":0,"12":5,"13":1,"14":0,"15":0,"16":0,"17":0,"18":3,"19":0},"3":{"0":3,"1":3,"2":5,"3":0,"4":1,"5":0,"6":0,"7":1,"8":0,"9":5,"10":2,"11":0,"12":0,"13":0,"14":0,"15":0,"16":2,"17":0,"18":0,"19":1},"4":{"0":0,"1":5,"2":0,"3":4,"4":0,"5":0,"6":0,"7":0,"8":2,"9":0,"10":0,"11":0,"12":0,"13":0,"14":0,"15":0,"16":0,"17":5,"18":3,"19":0},"5":{"0":1,"1":4,"2":5,"3":5,"4":5,"5":0,"6":5,"7":0,"8":0,"9":1,"10":0,"11":3,"12":0,"13":4,"14":0,"15":0,"16":0,"17":0,"18":5,"19":0},"6":{"0":1,"1":5,"2":0,"3":0,"4":5,"5":0,"6":0,"7":0,"8":0,"9":0,"10":0,"11":0,"12":1,"13":0,"14":0,"15":3,"16":0,"17":0,"18":5,"19":4},"7":{"0":0,"1":5,"2":5,"3":0,"4":0,"5":5,"6":5,"7":0,"8":1,"9":1,"10":0,"11":1,"12":0,"13":5,"14":0,"15":1,"16":0,"17":0,"18":1,"19":0},"8":{"0":2,"1":5,"2":3,"3":5,"4":5,"5":5,"6":1,"7":0,"8":0,"9":0,"10":5,"11":1,"12":0,"13":0,"14":0,"15":0,"16":0,"17":5,"18":1,"19":0},"9":{"0":5,"1":1,"2":0,"3":5,"4":5,"5":2,"6":5,"7":5,"8":2,"9":0,"10":2,"11":0,"12":0,"13":0,"14":4,"15":0,"16":4,"17":0,"18":0,"19":0},"10":{"0":0,"1":5,"2":5,"3":1,"4":5,"5":2,"6":0,"7":4,"8":5,"9":5,"10":0,"11":3,"12":0,"13":0,"14":4,"15":4,"16":0,"17":0,"18":3,"19":0},"11":{"0":4,"1":5,"2":5,"3":0,"4":5,"5":5,"6":1,"7":1,"8":5,"9":4,"10":5,"11":0,"12":5,"13":0,"14":0,"15":4,"16":0,"17":2,"18":3,"19":0},"12":{"0":5,"1":5,"2":5,"3":0,"4":5,"5":5,"6":5,"7":0,"8":5,"9":5,"10":5,"11":1,"12":0,"13":0,"14":4,"15":5,"16":5,"17":1,"18":0,"19":0},"13":{"0":1,"1":5,"2":5,"3":0,"4":5,"5":0,"6":5,"7":5,"8":5,"9":5,"10":4,"11":5,"12":4,"13":0,"14":2,"15":0,"16":0,"17":0,"18":1,"19":0},"14":{"0":5,"1":1,"2":1,"3":5,"4":0,"5":2,"6":0,"7":5,"8":5,"9":5,"10":5,"11":2,"12":1,"13":5,"14":0,"15":0,"16":0,"17":0,"18":4,"19":0},"15":{"0":4,"1":5,"2":5,"3":2,"4":0,"5":5,"6":5,"7":0,"8":5,"9":2,"10":4,"11":4,"12":5,"13":5,"14":5,"15":0,"16":0,"17":0,"18":0,"19":2},"16":{"0":1,"1":4,"2":5,"3":5,"4":2,"5":4,"6":5,"7":5,"8":5,"9":5,"10":1,"11":5,"12":5,"13":5,"14":5,"15":4,"16":0,"17":1,"18":4,"19":2},"17":{"0":5,"1":2,"2":0,"3":5,"4":0,"5":5,"6":5,"7":5,"8":5,"9":5,"10":5,"11":0,"12":5,"13":2,"14":5,"15":3,"16":5,"17":0,"18":5,"19":0},"18":{"0":5,"1":5,"2":2,"3":5,"4":0,"5":5,"6":5,"7":5,"8":3,"9":0,"10":5,"11":3,"12":5,"13":5,"14":5,"15":5,"16":5,"17":2,"18":0,"19":0},"19":{"0":5,"1":5,"2":5,"3":2,"4":0,"5":5,"6":5,"7":5,"8":5,"9":5,"10":5,"11":3,"12":5,"13":5,"14":5,"15":2,"16":3,"17":0,"18":4,"19":0}},"method":"lop","closest_pair":[[0,1,4,6,2,3,5,8,7,9,10,12,11,13,14,15,16,18,17,19],[0,1,4,6,2,3,5,8,7,9,10,12,11,13,14,15,16,18,19,17]],"farthest_pair":[[0,1,4,6,2,3,5,8,7,9,10,12,11,13,14,15,16,18,17,19],[0,1,4,6,2,3,5,8,7,9,10,12,11,13,14,15,16,18,19,17]],"centroid_solution":[0,1,4,6,2,3,5,8,7,9,10,12,11,13,14,15,16,18,19,17]}