{"solutions":[[0,1,3,2,4,7,5,6,8,9,10,11,13,12,15,14,16,17,18,19],[0,1,3,2,4,7,5,6,8,9,11,10,13,12,15,14,16,17,18,19],[0,1,3,2,4,7,5,8,6,9,11,10,12,13,15,14,16,17,18,19],[0,1,3,2,4,7,5,6,8,9,11,10,12,13,15,14,16,17,18,19],[0,1,3,2,4,7,5,8,6,9,10,11,13,12,15,14,16,17,18,19],[0,1,3,2,4,7,5,8,6,9,10,11,12,13,15,14,16,17,18,19],[0,1,3,2,4,7,5,6,10,8,9,11,13,12,15,14,16,17,18,19],[0,1,3,2,4,5,6,7,8,9,10,11,13,12,15,14,16,17,18,19],[0,1,3,2,4,5,6,7,10,8,9,11,13,12,15,14,16,17,18,19],[0,1,3,2,4,5,6,7,8,9,11,10,12,13,15,14,16,17,18,19],[0,1,3,2,4,5,6,7,10,8,9,11,12,13,15,14,16,17,18,19],[0,1,3,2,4,5,6,7,8,9,11,10,13,12,15,14,16,17,18,19],[0,1,3,2,4,5,6,7,8,9,10,11,12,13,15,14,16,17,18,19],[0,1,3,2,4,7,5,8,6,9,11,10,13,12,15,14,16,17,18,19],[0,1,3,2,4,7,5,6,10,8,9,11,12,13,15,14,16,17,18,19],[0,1,3,2,4,7,5,6,8,9,10,11,12,13,15,14,16,17,18,19]],"obj":646.0,"max_tau_solutions":null,"centroid_x":[[0.0,1.0,1.0,1.0,1.0,1.0,1.0,1.0,1.0,1.0,1.0,1.0,1.0,1.0,1.0,1.0,1.0,1.0,1.0,1.0],[0.0,0.0,1.0,1.0,1.0,1.0,1.0,1.0,1.0,1.0,1.0,1.0,1.0,1.0,1.0,1.0,1.0,1.0,1.0,1.0],[0.0,0.0,0.0,0.0,1.0,1.0,1.0,1.0,1.0,1.0,1.0,1.0,1.0,1.0,1.0,1.0,1.0,1.0,1.0,1.0],[0.0,0.0,1.0,0.0,1.0,1.0,1.0,1.0,1.0,1.0,1.0,1.0,1.0,1.0,1.0,1.0,1.0,1.0,1.0,1.0],[0.0,0.0,0.0,0.0,0.0,1.0,1.0,1.0,1.0,1.0,1.0,1.0,1.0,1.0,1.0,1.0,1.0,1.0,1.0,1.0],[0.0,0.0,0.0,0.0,0.0,0.0,1.0,0.4199570112,1.0,1.0,1.0,1.0,1.0,1.0,1.0,1.0,1.0,1.0,1.0,1.0],[0.0,0.0,0.0,0.0,0.0,0.0,0.0,0.4199570112,0.5811662637,1.0,1.0,1.0,1.0,1.0,1.0,1.0,1.0,1.0,1.0,1.0],[0.0,0.0,0.0,0.0,0.0,0.5800429888,0.5800429888,0.0,1.0,1.0,1.0,1.0,1.0,1.0,1.0,1.0,1.0,1.0,1.0,1.0],[0.0,0.0,0.0,0.0,0.0,0.0,0.4188337363,0.0,0.0,1.0,0.5931667002,1.0,1.0,1.0,1.0,1.0,1.0,1.0,1.0,1.0],[0.0,0.0,0.0,0.0,0.0,0.0,0.0,0.0,0.0,0.0,0.5931667002,1.0,1.0,1.0,1.0,1.0,1.0,1.0,1.0,1.0],[0.0,0.0,0.0,0.0,0.0,0.0,0.0,0.0,0.4068332998,0.4068332998,0.0,0.5928358557,1.0,1.0,1.0,1.0,1.0,1.0,1.0,1.0],[0.0,0.0,0.0,0.0,0.0,0.0,0.0,0.0,0.0,0.0,0.4071641443,0.0,1.0,1.0,1.0,1.0,1.0,1.0,1.0,1.0],[0.0,0.0,0.0,0.0,0.0,0.0,0.0,0.0,0.0,0.0,0.0,0.0,0.0,0.5040490278,1.0,1.0,1.0,1.0,1.0,1.0],[0.0,0.0,0.0,0.0,0.0,0.0,0.0,0.0,0.0,0.0,0.0,0.0,0.4959509722,0.0,1.0,1.0,1.0,1.0,1.0,1.0],[0.0,0.0,0.0,0.0,0.0,0.0,0.0,0.0,0.0,0.0,0.0,0.0,0.0,0.0,0.0,0.0,1.0,1.0,1.0,1.0],[0.0,0.0,0.0,0.0,0.0,0.0,0.0,0.0,0.0,0.0,0.0,0.0,0.0,0.0,1.0,0.0,1.0,1.0,1.0,1.0],[0.0,0.0,0.0,0.0,0.0,0.0,0.0,0.0,0.0,0.0,0.0,0.0,0.0,0.0,0.0,0.0,0.0,1.0,1.0,1.0],[0.0,0.0,0.0,0.0,0.0,0.0,0.0,0.0,0.0,0.0,0.0,0.0,0.0,0.0,0.0,0.0,0.0,0.0,1.0,1.0],[0.0,0.0,0.0,0.0,0.0,0.0,0.0,0.0,0.0,0.0,0.0,0.0,0.0,0.0,0.0,0.0,0.0,0.0,0.0,1.0],[0.0,0.0,0.0,0.0,0.0,0.0,0.0,0.0,0.0,0.0,0.0,0.0,0.0,0.0,0.0,0.0,0.0,0.0,0.0,0.0]],"outlier_solution":[0,1,3,2,4,5,6,7,10,8,9,11,13,12,15,14,16,17,18,19],"dataset_id":416,"source_dataset_id":463,"options":null,"D":{"0":{"0":0,"1":0,"2":0,"3":0,"4":5,"5":2,"6":1,"7":0,"8":5,"9":0,"10":0,"11":2,"12":0,"13":0,"14":0,"15":2,"16":0,"17":3,"18":0,"19":1},"1":{"0":1,"1":0,"2":0,"3":0,"4":0,"5":3,"6":2,"7":0,"8":5,"9":0,"10":0,"11":0,"12":0,"13":3,"14":1,"15":0,"16":0,"17":3,"18":0,"19":1},"2":{"0":5,"1":5,"2":0,"3":5,"4":0,"5":0,"6":0,"7":1,"8":1,"9":0,"10":0,"11":2,"12":0,"13":0,"14":0,"15":0,"16":0,"17":0,"18":5,"19":5},"3":{"0":5,"1":5,"2":1,"3":0,"4":1,"5":0,"6":0,"7":0,"8":1,"9":0,"10":0,"11":3,"12":0,"13":0,"14":1,"15":0,"16":0,"17":0,"18":0,"19":0},"4":{"0":1,"1":4,"2":5,"3":5,"4":0,"5":3,"6":0,"7":0,"8":0,"9":5,"10":0,"11":0,"12":0,"13":0,"14":2,"15":0,"16":3,"17":4,"18":0,"19":0},"5":{"0":1,"1":5,"2":2,"3":4,"4":5,"5":0,"6":0,"7":5,"8":4,"9":0,"10":0,"11":0,"12":5,"13":2,"14":2,"15":0,"16":0,"17":2,"18":3,"19":5},"6":{"0":5,"1":5,"2":5,"3":2,"4":5,"5":5,"6":0,"7":0,"8":0,"9":1,"10":0,"11":5,"12":0,"13":4,"14":0,"15":0,"16":0,"17":0,"18":2,"19":0},"7":{"0":4,"1":0,"2":5,"3":5,"4":3,"5":1,"6":4,"7":0,"8":0,"9":4,"10":0,"11":0,"12":0,"13":0,"14":0,"15":0,"16":0,"17":0,"18":3,"19":0},"8":{"0":5,"1":5,"2":5,"3":5,"4":5,"5":5,"6":0,"7":5,"8":0,"9":0,"10":3,"11":0,"12":0,"13":0,"14":3,"15":0,"16":0,"17":0,"18":0,"19":0},"9":{"0":0,"1":0,"2":1,"3":4,"4":5,"5":5,"6":5,"7":2,"8":5,"9":0,"10":2,"11":1,"12":0,"13":2,"14":0,"15":0,"16":3,"17":0,"18":2,"19":4},"10":{"0":5,"1":5,"2":5,"3":5,"4":2,"5":5,"6":5,"7":5,"8":2,"9":3,"10":0,"11":0,"12":0,"13":3,"14":0,"15":0,"16":0,"17":3,"18":0,"19":0},"11":{"0":5,"1":5,"2":5,"3":0,"4":0,"5":3,"6":5,"7":2,"8":3,"9":3,"10":0,"11":0,"12":0,"13":0,"14":0,"15":0,"16":0,"17":0,"18":2,"19":1},"12":{"0":5,"1":0,"2":2,"3":1,"4":5,"5":0,"6":5,"7":5,"8":3,"9":4,"10":5,"11":5,"12":0,"13":0,"14":0,"15":3,"16":0,"17":0,"18":0,"19":0},"13":{"0":5,"1":5,"2":5,"3":5,"4":3,"5":0,"6":5,"7":5,"8":1,"9":5,"10":5,"11":1,"12":0,"13":0,"14":2,"15":0,"16":0,"17":0,"18":0,"19":0},"14":{"0":2,"1":5,"2":5,"3":5,"4":5,"5":0,"6":5,"7":3,"8":5,"9":5,"10":4,"11":5,"12":0,"13":5,"14":0,"15":4,"16":1,"17":0,"18":5,"19":0},"15":{"0":0,"1":1,"2":0,"3":4,"4":3,"5":1,"6":0,"7":5,"8":5,"9":0,"10":5,"11":5,"12":5,"13":5,"14":3,"15":0,"16":0,"17":0,"18":0,"19":0},"16":{"0":5,"1":5,"2":0,"3":5,"4":0,"5":0,"6":5,"7":1,"8":5,"9":0,"10":3,"11":0,"12":5,"13":5,"14":4,"15":5,"16":0,"17":3,"18":1,"19":0},"17":{"0":1,"1":5,"2":5,"3":3,"4":1,"5":5,"6":5,"7":5,"8":5,"9":5,"10":5,"11":2,"12":4,"13":5,"14":3,"15":0,"16":5,"17":0,"18":0,"19":0},"18":{"0":5,"1":3,"2":5,"3":0,"4":0,"5":0,"6":5,"7":0,"8":5,"9":5,"10":0,"11":4,"12":3,"13":5,"14":1,"15":4,"16":2,"17":5,"18":0,"19":1},"19":{"0":0,"1":0,"2":4,"3":4,"4":5,"5":5,"6":0,"7":0,"8":5,"9":3,"10":5,"11":3,"12":5,"13":5,"14":5,"15":0,"16":4,"17":1,"18":4,"19":0}},"method":"lop","closest_pair":[[0,1,3,2,4,7,5,6,8,9,11,10,13,12,15,14,16,17,18,19],[0,1,3,2,4,7,5,6,8,9,10,11,13,12,15,14,16,17,18,19]],"farthest_pair":[[0,1,3,2,4,5,6,7,10,8,9,11,13,12,15,14,16,17,18,19],[0,1,3,2,4,7,5,8,6,9,11,10,12,13,15,14,16,17,18,19]],"centroid_solution":[0,1,3,2,4,7,5,6,8,9,10,11,12,13,15,14,16,17,18,19]}