{"solutions":[[0,1,2,3,10,4,5,11,6,7,8,9,14,13,15,18,12,16,19,17],[2,0,1,3,10,4,5,7,11,6,8,9,14,13,15,18,12,16,19,17],[0,1,2,3,10,4,5,7,11,6,8,9,14,13,15,18,12,16,19,17],[1,2,0,3,10,4,5,7,11,6,8,9,14,13,15,18,12,16,19,17],[1,2,0,3,10,4,5,11,6,7,8,9,14,13,15,18,12,16,19,17],[2,0,1,3,10,4,5,11,6,7,8,9,14,13,15,18,12,16,19,17]],"obj":661.0,"max_tau_solutions":null,"centroid_x":[[0.0,0.6997204571,0.3520328138,1.0,1.0,1.0,1.0,1.0,1.0,1.0,1.0,1.0,1.0,1.0,1.0,1.0,1.0,1.0,1.0,1.0],[0.3002795429,0.0,0.6523123568,1.0,1.0,1.0,1.0,1.0,1.0,1.0,1.0,1.0,1.0,1.0,1.0,1.0,1.0,1.0,1.0,1.0],[0.6479671862,0.3476876432,0.0,1.0,1.0,1.0,1.0,1.0,1.0,1.0,1.0,1.0,1.0,1.0,1.0,1.0,1.0,1.0,1.0,1.0],[0.0,0.0,0.0,0.0,1.0,1.0,1.0,1.0,1.0,1.0,1.0,1.0,1.0,1.0,1.0,1.0,1.0,1.0,1.0,1.0],[0.0,0.0,0.0,0.0,0.0,1.0,1.0,1.0,1.0,1.0,0.0,1.0,1.0,1.0,1.0,1.0,1.0,1.0,1.0,1.0],[0.0,0.0,0.0,0.0,0.0,0.0,1.0,1.0,1.0,1.0,0.0,1.0,1.0,1.0,1.0,1.0,1.0,1.0,1.0,1.0],[0.0,0.0,0.0,0.0,0.0,0.0,0.0,0.5059123645,1.0,1.0,0.0,0.0,1.0,1.0,1.0,1.0,1.0,1.0,1.0,1.0],[0.0,0.0,0.0,0.0,0.0,0.0,0.4940876355,0.0,1.0,1.0,0.0,0.4940876363,1.0,1.0,1.0,1.0,1.0,1.0,1.0,1.0],[0.0,0.0,0.0,0.0,0.0,0.0,0.0,0.0,0.0,1.0,0.0,0.0,1.0,1.0,1.0,1.0,1.0,1.0,1.0,1.0],[0.0,0.0,0.0,0.0,0.0,0.0,0.0,0.0,0.0,0.0,0.0,0.0,1.0,1.0,1.0,1.0,1.0,1.0,1.0,1.0],[0.0,0.0,0.0,0.0,1.0,1.0,1.0,1.0,1.0,1.0,0.0,1.0,1.0,1.0,1.0,1.0,1.0,1.0,1.0,1.0],[0.0,0.0,0.0,0.0,0.0,0.0,1.0,0.5059123637,1.0,1.0,0.0,0.0,1.0,1.0,1.0,1.0,1.0,1.0,1.0,1.0],[0.0,0.0,0.0,0.0,0.0,0.0,0.0,0.0,0.0,0.0,0.0,0.0,0.0,0.0,0.0,0.0,1.0,1.0,0.0,1.0],[0.0,0.0,0.0,0.0,0.0,0.0,0.0,0.0,0.0,0.0,0.0,0.0,1.0,0.0,0.0,1.0,1.0,1.0,1.0,1.0],[0.0,0.0,0.0,0.0,0.0,0.0,0.0,0.0,0.0,0.0,0.0,0.0,1.0,1.0,0.0,1.0,1.0,1.0,1.0,1.0],[0.0,0.0,0.0,0.0,0.0,0.0,0.0,0.0,0.0,0.0,0.0,0.0,1.0,0.0,0.0,0.0,1.0,1.0,1.0,1.0],[0.0,0.0,0.0,0.0,0.0,0.0,0.0,0.0,0.0,0.0,0.0,0.0,0.0,0.0,0.0,0.0,0.0,1.0,0.0,1.0],[0.0,0.0,0.0,0.0,0.0,0.0,0.0,0.0,0.0,0.0,0.0,0.0,0.0,0.0,0.0,0.0,0.0,0.0,0.0,0.0],[0.0,0.0,0.0,0.0,0.0,0.0,0.0,0.0,0.0,0.0,0.0,0.0,1.0,0.0,0.0,0.0,1.0,1.0,0.0,1.0],[0.0,0.0,0.0,0.0,0.0,0.0,0.0,0.0,0.0,0.0,0.0,0.0,0.0,0.0,0.0,0.0,0.0,1.0,0.0,0.0]],"outlier_solution":[1,2,0,3,10,4,5,7,11,6,8,9,14,13,15,18,12,16,19,17],"dataset_id":419,"source_dataset_id":466,"options":null,"D":{"0":{"0":0,"1":1,"2":5,"3":0,"4":3,"5":1,"6":0,"7":0,"8":5,"9":4,"10":0,"11":1,"12":5,"13":0,"14":0,"15":0,"16":0,"17":3,"18":2,"19":0},"1":{"0":5,"1":0,"2":1,"3":0,"4":0,"5":0,"6":0,"7":0,"8":2,"9":0,"10":0,"11":0,"12":0,"13":0,"14":0,"15":0,"16":3,"17":0,"18":0,"19":2},"2":{"0":1,"1":5,"2":0,"3":0,"4":0,"5":0,"6":0,"7":0,"8":0,"9":0,"10":0,"11":0,"12":0,"13":3,"14":5,"15":0,"16":0,"17":0,"18":0,"19":0},"3":{"0":4,"1":3,"2":5,"3":0,"4":0,"5":0,"6":0,"7":0,"8":0,"9":0,"10":0,"11":3,"12":0,"13":4,"14":0,"15":0,"16":2,"17":3,"18":0,"19":0},"4":{"0":1,"1":5,"2":0,"3":4,"4":0,"5":0,"6":0,"7":0,"8":0,"9":0,"10":5,"11":0,"12":5,"13":0,"14":5,"15":0,"16":0,"17":0,"18":0,"19":0},"5":{"0":5,"1":5,"2":1,"3":0,"4":5,"5":0,"6":0,"7":3,"8":0,"9":0,"10":1,"11":2,"12":0,"13":0,"14":1,"15":3,"16":5,"17":0,"18":0,"19":0},"6":{"0":5,"1":5,"2":1,"3":3,"4":4,"5":5,"6":0,"7":4,"8":4,"9":0,"10":0,"11":5,"12":0,"13":0,"14":4,"15":0,"16":0,"17":2,"18":4,"19":0},"7":{"0":3,"1":3,"2":0,"3":3,"4":1,"5":5,"6":5,"7":0,"8":3,"9":0,"10":0,"11":0,"12":5,"13":0,"14":0,"15":5,"16":0,"17":2,"18":0,"19":0},"8":{"0":0,"1":2,"2":5,"3":5,"4":5,"5":2,"6":5,"7":5,"8":0,"9":0,"10":0,"11":0,"12":0,"13":1,"14":0,"15":2,"16":0,"17":4,"18":0,"19":0},"9":{"0":5,"1":5,"2":5,"3":5,"4":5,"5":0,"6":3,"7":5,"8":4,"9":0,"10":0,"11":4,"12":0,"13":0,"14":0,"15":0,"16":5,"17":1,"18":0,"19":5},"10":{"0":5,"1":5,"2":4,"3":4,"4":2,"5":1,"6":0,"7":0,"8":0,"9":1,"10":0,"11":0,"12":4,"13":2,"14":0,"15":0,"16":0,"17":0,"18":0,"19":0},"11":{"0":2,"1":5,"2":0,"3":5,"4":5,"5":5,"6":0,"7":1,"8":0,"9":5,"10":5,"11":0,"12":1,"13":4,"14":1,"15":0,"16":0,"17":0,"18":0,"19":0},"12":{"0":5,"1":5,"2":1,"3":0,"4":0,"5":1,"6":3,"7":5,"8":2,"9":5,"10":5,"11":5,"12":0,"13":3,"14":4,"15":2,"16":0,"17":0,"18":4,"19":2},"13":{"0":0,"1":5,"2":0,"3":4,"4":5,"5":0,"6":5,"7":5,"8":5,"9":0,"10":5,"11":0,"12":4,"13":0,"14":5,"15":0,"16":4,"17":0,"18":0,"19":0},"14":{"0":5,"1":5,"2":5,"3":5,"4":2,"5":5,"6":5,"7":5,"8":3,"9":5,"10":0,"11":3,"12":5,"13":0,"14":0,"15":0,"16":0,"17":0,"18":0,"19":1},"15":{"0":5,"1":2,"2":5,"3":4,"4":2,"5":5,"6":5,"7":5,"8":3,"9":5,"10":5,"11":5,"12":1,"13":5,"14":5,"15":0,"16":0,"17":0,"18":2,"19":0},"16":{"0":5,"1":3,"2":5,"3":0,"4":0,"5":5,"6":5,"7":1,"8":5,"9":5,"10":5,"11":1,"12":5,"13":0,"14":1,"15":5,"16":0,"17":0,"18":0,"19":0},"17":{"0":5,"1":5,"2":3,"3":5,"4":4,"5":5,"6":0,"7":0,"8":5,"9":5,"10":5,"11":0,"12":0,"13":4,"14":5,"15":5,"16":5,"17":0,"18":0,"19":3},"18":{"0":5,"1":5,"2":5,"3":5,"4":3,"5":5,"6":5,"7":1,"8":5,"9":0,"10":3,"11":5,"12":2,"13":5,"14":5,"15":5,"16":0,"17":1,"18":0,"19":0},"19":{"0":5,"1":5,"2":5,"3":3,"4":4,"5":5,"6":0,"7":0,"8":5,"9":3,"10":5,"11":3,"12":5,"13":0,"14":5,"15":5,"16":5,"17":2,"18":5,"19":0}},"method":"lop","closest_pair":[[2,0,1,3,10,4,5,11,6,7,8,9,14,13,15,18,12,16,19,17],[1,2,0,3,10,4,5,11,6,7,8,9,14,13,15,18,12,16,19,17]],"farthest_pair":[[2,0,1,3,10,4,5,7,11,6,8,9,14,13,15,18,12,16,19,17],[1,2,0,3,10,4,5,11,6,7,8,9,14,13,15,18,12,16,19,17]],"tau_farthest_pair":0.9578947368,"tau_closest_pair":0.9789473684,"beta":0.000026058,"centroid_solution":[0,1,2,3,10,4,5,11,6,7,8,9,14,13,15,18,12,16,19,17]}