{"solutions":[[0,1,2,4,3,5,6,7,8,9,10,11,12,13,14,16,15,17,18,19],[0,1,2,3,4,5,6,7,8,9,10,11,12,13,15,14,16,17,18,19],[0,1,2,4,5,3,6,7,8,9,10,11,12,13,15,14,16,17,18,19],[0,1,2,3,4,5,6,7,8,9,10,11,12,13,14,16,15,17,18,19],[0,1,2,4,3,5,6,7,8,9,10,11,12,13,15,14,16,17,18,19],[0,1,2,4,5,3,6,7,8,9,10,11,12,13,14,15,16,17,18,19],[0,1,3,2,4,5,6,7,8,9,10,11,12,13,14,16,15,17,18,19],[0,1,3,2,4,5,6,7,8,9,10,11,12,13,15,14,16,17,18,19],[0,1,2,4,5,3,6,7,8,9,10,11,12,13,14,16,15,17,18,19],[0,1,2,3,4,5,6,7,8,9,10,11,12,13,14,15,16,17,18,19],[0,1,3,2,4,5,6,7,8,9,10,11,12,13,14,15,16,17,18,19],[0,1,2,4,3,5,6,7,8,9,10,11,12,13,14,15,16,17,18,19]],"obj":779.0,"max_tau_solutions":null,"centroid_x":[[0.0,1.0,1.0,1.0,1.0,1.0,1.0,1.0,1.0,1.0,1.0,1.0,1.0,1.0,1.0,1.0,1.0,1.0,1.0,1.0],[0.0,0.0,1.0,1.0,1.0,1.0,1.0,1.0,1.0,1.0,1.0,1.0,1.0,1.0,1.0,1.0,1.0,1.0,1.0,1.0],[0.0,0.0,0.0,0.6103276121,1.0,1.0,1.0,1.0,1.0,1.0,1.0,1.0,1.0,1.0,1.0,1.0,1.0,1.0,1.0,1.0],[0.0,0.0,0.3896723879,0.0,0.5143700213,0.6209768634,1.0,1.0,1.0,1.0,1.0,1.0,1.0,1.0,1.0,1.0,1.0,1.0,1.0,1.0],[0.0,0.0,0.0,0.4856299787,0.0,1.0,1.0,1.0,1.0,1.0,1.0,1.0,1.0,1.0,1.0,1.0,1.0,1.0,1.0,1.0],[0.0,0.0,0.0,0.3790231366,0.0,0.0,1.0,1.0,1.0,1.0,1.0,1.0,1.0,1.0,1.0,1.0,1.0,1.0,1.0,1.0],[0.0,0.0,0.0,0.0,0.0,0.0,0.0,1.0,1.0,1.0,1.0,1.0,1.0,1.0,1.0,1.0,1.0,1.0,1.0,1.0],[0.0,0.0,0.0,0.0,0.0,0.0,0.0,0.0,1.0,1.0,1.0,1.0,1.0,1.0,1.0,1.0,1.0,1.0,1.0,1.0],[0.0,0.0,0.0,0.0,0.0,0.0,0.0,0.0,0.0,1.0,1.0,1.0,1.0,1.0,1.0,1.0,1.0,1.0,1.0,1.0],[0.0,0.0,0.0,0.0,0.0,0.0,0.0,0.0,0.0,0.0,1.0,1.0,1.0,1.0,1.0,1.0,1.0,1.0,1.0,1.0],[0.0,0.0,0.0,0.0,0.0,0.0,0.0,0.0,0.0,0.0,0.0,1.0,1.0,1.0,1.0,1.0,1.0,1.0,1.0,1.0],[0.0,0.0,0.0,0.0,0.0,0.0,0.0,0.0,0.0,0.0,0.0,0.0,1.0,1.0,1.0,1.0,1.0,1.0,1.0,1.0],[0.0,0.0,0.0,0.0,0.0,0.0,0.0,0.0,0.0,0.0,0.0,0.0,0.0,1.0,1.0,1.0,1.0,1.0,1.0,1.0],[0.0,0.0,0.0,0.0,0.0,0.0,0.0,0.0,0.0,0.0,0.0,0.0,0.0,0.0,1.0,1.0,1.0,1.0,1.0,1.0],[0.0,0.0,0.0,0.0,0.0,0.0,0.0,0.0,0.0,0.0,0.0,0.0,0.0,0.0,0.0,0.5718502733,1.0,1.0,1.0,1.0],[0.0,0.0,0.0,0.0,0.0,0.0,0.0,0.0,0.0,0.0,0.0,0.0,0.0,0.0,0.4281497267,0.0,0.5766735194,1.0,1.0,1.0],[0.0,0.0,0.0,0.0,0.0,0.0,0.0,0.0,0.0,0.0,0.0,0.0,0.0,0.0,0.0,0.4233264806,0.0,1.0,1.0,1.0],[0.0,0.0,0.0,0.0,0.0,0.0,0.0,0.0,0.0,0.0,0.0,0.0,0.0,0.0,0.0,0.0,0.0,0.0,1.0,1.0],[0.0,0.0,0.0,0.0,0.0,0.0,0.0,0.0,0.0,0.0,0.0,0.0,0.0,0.0,0.0,0.0,0.0,0.0,0.0,1.0],[0.0,0.0,0.0,0.0,0.0,0.0,0.0,0.0,0.0,0.0,0.0,0.0,0.0,0.0,0.0,0.0,0.0,0.0,0.0,0.0]],"outlier_solution":[0,1,2,4,5,3,6,7,8,9,10,11,12,13,14,16,15,17,18,19],"dataset_id":434,"source_dataset_id":481,"options":null,"D":{"0":{"0":0,"1":0,"2":2,"3":4,"4":0,"5":0,"6":0,"7":0,"8":4,"9":0,"10":0,"11":0,"12":0,"13":0,"14":0,"15":0,"16":0,"17":0,"18":0,"19":3},"1":{"0":5,"1":0,"2":0,"3":0,"4":0,"5":0,"6":0,"7":0,"8":0,"9":0,"10":0,"11":0,"12":0,"13":0,"14":0,"15":0,"16":0,"17":0,"18":0,"19":0},"2":{"0":3,"1":1,"2":0,"3":0,"4":0,"5":0,"6":0,"7":0,"8":0,"9":0,"10":0,"11":0,"12":0,"13":0,"14":0,"15":0,"16":0,"17":0,"18":0,"19":0},"3":{"0":5,"1":5,"2":0,"3":0,"4":0,"5":0,"6":0,"7":0,"8":0,"9":0,"10":0,"11":0,"12":0,"13":0,"14":0,"15":0,"16":0,"17":0,"18":0,"19":0},"4":{"0":5,"1":0,"2":5,"3":0,"4":0,"5":0,"6":0,"7":0,"8":0,"9":0,"10":0,"11":2,"12":0,"13":0,"14":0,"15":0,"16":0,"17":0,"18":0,"19":0},"5":{"0":5,"1":5,"2":5,"3":0,"4":5,"5":0,"6":0,"7":0,"8":0,"9":0,"10":0,"11":0,"12":5,"13":0,"14":0,"15":0,"16":0,"17":0,"18":0,"19":0},"6":{"0":0,"1":5,"2":0,"3":5,"4":1,"5":5,"6":0,"7":0,"8":1,"9":1,"10":0,"11":0,"12":0,"13":0,"14":0,"15":2,"16":0,"17":0,"18":2,"19":0},"7":{"0":5,"1":5,"2":1,"3":5,"4":0,"5":4,"6":5,"7":0,"8":0,"9":0,"10":4,"11":0,"12":0,"13":0,"14":0,"15":0,"16":4,"17":2,"18":0,"19":0},"8":{"0":5,"1":5,"2":5,"3":5,"4":5,"5":4,"6":5,"7":5,"8":0,"9":0,"10":0,"11":0,"12":0,"13":0,"14":0,"15":0,"16":0,"17":0,"18":0,"19":0},"9":{"0":5,"1":5,"2":0,"3":1,"4":5,"5":5,"6":5,"7":5,"8":5,"9":0,"10":0,"11":0,"12":0,"13":0,"14":0,"15":0,"16":0,"17":2,"18":0,"19":0},"10":{"0":5,"1":5,"2":5,"3":0,"4":5,"5":5,"6":5,"7":5,"8":5,"9":5,"10":0,"11":0,"12":3,"13":0,"14":0,"15":0,"16":0,"17":0,"18":0,"19":0},"11":{"0":5,"1":0,"2":2,"3":4,"4":5,"5":3,"6":5,"7":5,"8":5,"9":5,"10":5,"11":0,"12":0,"13":3,"14":4,"15":0,"16":0,"17":4,"18":0,"19":0},"12":{"0":5,"1":5,"2":5,"3":5,"4":5,"5":5,"6":5,"7":5,"8":3,"9":1,"10":3,"11":5,"12":0,"13":0,"14":0,"15":0,"16":0,"17":0,"18":0,"19":0},"13":{"0":3,"1":5,"2":5,"3":2,"4":5,"5":0,"6":5,"7":5,"8":5,"9":5,"10":5,"11":5,"12":5,"13":0,"14":0,"15":3,"16":0,"17":0,"18":0,"19":0},"14":{"0":5,"1":5,"2":5,"3":0,"4":4,"5":5,"6":5,"7":5,"8":5,"9":0,"10":0,"11":5,"12":0,"13":5,"14":0,"15":0,"16":0,"17":0,"18":0,"19":4},"15":{"0":5,"1":5,"2":3,"3":5,"4":5,"5":5,"6":5,"7":0,"8":5,"9":5,"10":5,"11":2,"12":5,"13":5,"14":0,"15":0,"16":5,"17":0,"18":0,"19":0},"16":{"0":0,"1":4,"2":5,"3":5,"4":5,"5":5,"6":5,"7":3,"8":0,"9":5,"10":4,"11":5,"12":5,"13":5,"14":5,"15":5,"16":0,"17":0,"18":0,"19":0},"17":{"0":5,"1":5,"2":5,"3":5,"4":5,"5":5,"6":5,"7":5,"8":5,"9":5,"10":5,"11":5,"12":5,"13":5,"14":5,"15":5,"16":5,"17":0,"18":0,"19":0},"18":{"0":5,"1":5,"2":5,"3":5,"4":5,"5":2,"6":5,"7":5,"8":5,"9":5,"10":5,"11":5,"12":5,"13":5,"14":5,"15":2,"16":5,"17":5,"18":0,"19":1},"19":{"0":5,"1":5,"2":5,"3":2,"4":4,"5":5,"6":5,"7":3,"8":5,"9":4,"10":0,"11":5,"12":0,"13":5,"14":5,"15":5,"16":1,"17":5,"18":5,"19":0}},"method":"lop","closest_pair":[[0,1,2,4,5,3,6,7,8,9,10,11,12,13,14,15,16,17,18,19],[0,1,2,4,5,3,6,7,8,9,10,11,12,13,15,14,16,17,18,19]],"farthest_pair":[[0,1,2,4,5,3,6,7,8,9,10,11,12,13,14,16,15,17,18,19],[0,1,3,2,4,5,6,7,8,9,10,11,12,13,15,14,16,17,18,19]],"centroid_solution":[0,1,2,3,4,5,6,7,8,9,10,11,12,13,14,15,16,17,18,19]}