{"solutions":[[0,1,2,5,3,4,6,7,9,8,10,11,12,13,14,15,16,17,18,19],[0,1,5,2,3,4,6,7,8,9,10,11,12,13,14,15,16,17,18,19],[0,1,2,3,5,4,6,7,9,8,10,11,12,13,14,15,16,17,18,19],[0,1,2,5,3,4,6,7,8,9,10,11,12,13,14,15,16,17,18,19],[0,1,2,3,4,5,6,7,9,8,10,11,12,13,14,15,16,17,18,19],[0,1,5,2,3,4,6,7,9,8,10,11,12,13,14,15,16,17,18,19],[0,1,2,3,5,4,6,7,8,9,10,11,12,13,14,15,16,17,18,19],[0,1,2,3,4,5,6,7,8,9,10,11,12,13,14,15,16,17,18,19]],"obj":742.0,"max_tau_solutions":null,"centroid_x":[[0.0,1.0,1.0,1.0,1.0,1.0,1.0,1.0,1.0,1.0,1.0,1.0,1.0,1.0,1.0,1.0,1.0,1.0,1.0,1.0],[0.0,0.0,1.0,1.0,1.0,1.0,1.0,1.0,1.0,1.0,1.0,1.0,1.0,1.0,1.0,1.0,1.0,1.0,1.0,1.0],[0.0,0.0,0.0,1.0,1.0,0.6047869651,1.0,1.0,1.0,1.0,1.0,1.0,1.0,1.0,1.0,1.0,1.0,1.0,1.0,1.0],[0.0,0.0,0.0,0.0,1.0,0.5012271831,1.0,1.0,1.0,1.0,1.0,1.0,1.0,1.0,1.0,1.0,1.0,1.0,1.0,1.0],[0.0,0.0,0.0,0.0,0.0,0.3952236478,1.0,1.0,1.0,1.0,1.0,1.0,1.0,1.0,1.0,1.0,1.0,1.0,1.0,1.0],[0.0,0.0,0.3952130349,0.4987728169,0.6047763522,0.0,1.0,1.0,1.0,1.0,1.0,1.0,1.0,1.0,1.0,1.0,1.0,1.0,1.0,1.0],[0.0,0.0,0.0,0.0,0.0,0.0,0.0,1.0,1.0,1.0,1.0,1.0,1.0,1.0,1.0,1.0,1.0,1.0,1.0,1.0],[0.0,0.0,0.0,0.0,0.0,0.0,0.0,0.0,1.0,1.0,1.0,1.0,1.0,1.0,1.0,1.0,1.0,1.0,1.0,1.0],[0.0,0.0,0.0,0.0,0.0,0.0,0.0,0.0,0.0,0.5017691147,1.0,1.0,1.0,1.0,1.0,1.0,1.0,1.0,1.0,1.0],[0.0,0.0,0.0,0.0,0.0,0.0,0.0,0.0,0.4982308853,0.0,1.0,1.0,1.0,1.0,1.0,1.0,1.0,1.0,1.0,1.0],[0.0,0.0,0.0,0.0,0.0,0.0,0.0,0.0,0.0,0.0,0.0,1.0,1.0,1.0,1.0,1.0,1.0,1.0,1.0,1.0],[0.0,0.0,0.0,0.0,0.0,0.0,0.0,0.0,0.0,0.0,0.0,0.0,1.0,1.0,1.0,1.0,1.0,1.0,1.0,1.0],[0.0,0.0,0.0,0.0,0.0,0.0,0.0,0.0,0.0,0.0,0.0,0.0,0.0,1.0,1.0,1.0,1.0,1.0,1.0,1.0],[0.0,0.0,0.0,0.0,0.0,0.0,0.0,0.0,0.0,0.0,0.0,0.0,0.0,0.0,1.0,1.0,1.0,1.0,1.0,1.0],[0.0,0.0,0.0,0.0,0.0,0.0,0.0,0.0,0.0,0.0,0.0,0.0,0.0,0.0,0.0,1.0,1.0,1.0,1.0,1.0],[0.0,0.0,0.0,0.0,0.0,0.0,0.0,0.0,0.0,0.0,0.0,0.0,0.0,0.0,0.0,0.0,1.0,1.0,1.0,1.0],[0.0,0.0,0.0,0.0,0.0,0.0,0.0,0.0,0.0,0.0,0.0,0.0,0.0,0.0,0.0,0.0,0.0,1.0,1.0,1.0],[0.0,0.0,0.0,0.0,0.0,0.0,0.0,0.0,0.0,0.0,0.0,0.0,0.0,0.0,0.0,0.0,0.0,0.0,1.0,1.0],[0.0,0.0,0.0,0.0,0.0,0.0,0.0,0.0,0.0,0.0,0.0,0.0,0.0,0.0,0.0,0.0,0.0,0.0,0.0,1.0],[0.0,0.0,0.0,0.0,0.0,0.0,0.0,0.0,0.0,0.0,0.0,0.0,0.0,0.0,0.0,0.0,0.0,0.0,0.0,0.0]],"outlier_solution":[0,1,5,2,3,4,6,7,9,8,10,11,12,13,14,15,16,17,18,19],"dataset_id":444,"source_dataset_id":491,"options":null,"D":{"0":{"0":0,"1":0,"2":0,"3":0,"4":0,"5":0,"6":0,"7":0,"8":0,"9":0,"10":0,"11":0,"12":0,"13":0,"14":0,"15":0,"16":0,"17":0,"18":4,"19":0},"1":{"0":5,"1":0,"2":0,"3":0,"4":0,"5":0,"6":0,"7":2,"8":0,"9":0,"10":2,"11":0,"12":0,"13":0,"14":0,"15":0,"16":0,"17":0,"18":0,"19":0},"2":{"0":5,"1":5,"2":0,"3":0,"4":0,"5":5,"6":0,"7":0,"8":0,"9":0,"10":0,"11":0,"12":0,"13":0,"14":0,"15":0,"16":0,"17":4,"18":0,"19":0},"3":{"0":5,"1":5,"2":5,"3":0,"4":0,"5":0,"6":0,"7":0,"8":0,"9":0,"10":0,"11":0,"12":0,"13":0,"14":0,"15":0,"16":0,"17":0,"18":0,"19":0},"4":{"0":2,"1":5,"2":4,"3":5,"4":0,"5":0,"6":0,"7":0,"8":1,"9":0,"10":0,"11":0,"12":0,"13":0,"14":0,"15":0,"16":0,"17":0,"18":0,"19":0},"5":{"0":5,"1":5,"2":5,"3":0,"4":0,"5":0,"6":0,"7":0,"8":0,"9":0,"10":0,"11":0,"12":0,"13":0,"14":0,"15":0,"16":0,"17":0,"18":0,"19":0},"6":{"0":3,"1":5,"2":5,"3":5,"4":3,"5":5,"6":0,"7":3,"8":1,"9":0,"10":0,"11":0,"12":3,"13":0,"14":0,"15":0,"16":0,"17":0,"18":1,"19":0},"7":{"0":5,"1":5,"2":5,"3":5,"4":3,"5":1,"6":5,"7":0,"8":0,"9":0,"10":0,"11":0,"12":0,"13":5,"14":0,"15":0,"16":0,"17":0,"18":0,"19":0},"8":{"0":5,"1":0,"2":5,"3":5,"4":5,"5":5,"6":5,"7":2,"8":0,"9":0,"10":3,"11":0,"12":0,"13":0,"14":1,"15":0,"16":0,"17":0,"18":0,"19":0},"9":{"0":5,"1":0,"2":5,"3":5,"4":0,"5":5,"6":5,"7":5,"8":0,"9":0,"10":0,"11":0,"12":0,"13":0,"14":0,"15":0,"16":0,"17":0,"18":0,"19":0},"10":{"0":5,"1":5,"2":5,"3":5,"4":5,"5":5,"6":2,"7":5,"8":5,"9":5,"10":0,"11":1,"12":0,"13":0,"14":0,"15":0,"16":0,"17":0,"18":0,"19":0},"11":{"0":5,"1":5,"2":5,"3":5,"4":5,"5":5,"6":5,"7":5,"8":5,"9":5,"10":5,"11":0,"12":0,"13":0,"14":5,"15":4,"16":1,"17":0,"18":0,"19":0},"12":{"0":5,"1":5,"2":5,"3":2,"4":0,"5":5,"6":5,"7":5,"8":5,"9":5,"10":5,"11":5,"12":0,"13":0,"14":0,"15":0,"16":0,"17":0,"18":0,"19":0},"13":{"0":0,"1":2,"2":5,"3":5,"4":0,"5":5,"6":5,"7":0,"8":5,"9":5,"10":5,"11":0,"12":5,"13":0,"14":0,"15":0,"16":0,"17":0,"18":0,"19":0},"14":{"0":5,"1":0,"2":5,"3":5,"4":5,"5":5,"6":1,"7":5,"8":5,"9":5,"10":5,"11":5,"12":5,"13":5,"14":0,"15":0,"16":0,"17":0,"18":0,"19":0},"15":{"0":5,"1":5,"2":5,"3":0,"4":0,"5":5,"6":5,"7":4,"8":5,"9":5,"10":2,"11":3,"12":5,"13":5,"14":5,"15":0,"16":0,"17":0,"18":0,"19":0},"16":{"0":0,"1":5,"2":0,"3":5,"4":5,"5":0,"6":5,"7":5,"8":5,"9":1,"10":5,"11":5,"12":5,"13":5,"14":5,"15":5,"16":0,"17":0,"18":0,"19":0},"17":{"0":0,"1":5,"2":5,"3":0,"4":0,"5":5,"6":5,"7":5,"8":5,"9":1,"10":1,"11":5,"12":5,"13":0,"14":0,"15":5,"16":3,"17":0,"18":2,"19":0},"18":{"0":1,"1":5,"2":5,"3":5,"4":5,"5":5,"6":0,"7":5,"8":0,"9":5,"10":5,"11":2,"12":5,"13":5,"14":4,"15":5,"16":3,"17":5,"18":0,"19":2},"19":{"0":5,"1":5,"2":5,"3":1,"4":5,"5":4,"6":0,"7":0,"8":0,"9":5,"10":5,"11":5,"12":5,"13":0,"14":5,"15":5,"16":2,"17":5,"18":5,"19":0}},"method":"lop","closest_pair":[[0,1,2,5,3,4,6,7,9,8,10,11,12,13,14,15,16,17,18,19],[0,1,2,3,5,4,6,7,9,8,10,11,12,13,14,15,16,17,18,19]],"farthest_pair":[[0,1,5,2,3,4,6,7,9,8,10,11,12,13,14,15,16,17,18,19],[0,1,2,3,4,5,6,7,8,9,10,11,12,13,14,15,16,17,18,19]],"centroid_solution":[0,1,2,3,5,4,6,7,8,9,10,11,12,13,14,15,16,17,18,19]}