{"solutions":[[0,1,2,3,4,5,6,8,9,7,10,11,12,13,14,15,16,17,18,19],[0,1,2,3,4,6,8,5,9,7,10,11,12,13,14,15,16,17,18,19]],"obj":770.0,"max_tau_solutions":null,"centroid_x":[[0.0,1.0,1.0,1.0,1.0,1.0,1.0,1.0,1.0,1.0,1.0,1.0,1.0,1.0,1.0,1.0,1.0,1.0,1.0,1.0],[0.0,0.0,1.0,1.0,1.0,1.0,1.0,1.0,1.0,1.0,1.0,1.0,1.0,1.0,1.0,1.0,1.0,1.0,1.0,1.0],[0.0,0.0,0.0,1.0,1.0,1.0,1.0,1.0,1.0,1.0,1.0,1.0,1.0,1.0,1.0,1.0,1.0,1.0,1.0,1.0],[0.0,0.0,0.0,0.0,1.0,1.0,1.0,1.0,1.0,1.0,1.0,1.0,1.0,1.0,1.0,1.0,1.0,1.0,1.0,1.0],[0.0,0.0,0.0,0.0,0.0,1.0,1.0,1.0,1.0,1.0,1.0,1.0,1.0,1.0,1.0,1.0,1.0,1.0,1.0,1.0],[0.0,0.0,0.0,0.0,0.0,0.0,0.4771540538,1.0,0.4771540334,1.0,1.0,1.0,1.0,1.0,1.0,1.0,1.0,1.0,1.0,1.0],[0.0,0.0,0.0,0.0,0.0,0.5228459462,0.0,1.0,1.0,1.0,1.0,1.0,1.0,1.0,1.0,1.0,1.0,1.0,1.0,1.0],[0.0,0.0,0.0,0.0,0.0,0.0,0.0,0.0,0.0,0.0,1.0,1.0,1.0,1.0,1.0,1.0,1.0,1.0,1.0,1.0],[0.0,0.0,0.0,0.0,0.0,0.5228459666,0.0,1.0,0.0,1.0,1.0,1.0,1.0,1.0,1.0,1.0,1.0,1.0,1.0,1.0],[0.0,0.0,0.0,0.0,0.0,0.0,0.0,1.0,0.0,0.0,1.0,1.0,1.0,1.0,1.0,1.0,1.0,1.0,1.0,1.0],[0.0,0.0,0.0,0.0,0.0,0.0,0.0,0.0,0.0,0.0,0.0,1.0,1.0,1.0,1.0,1.0,1.0,1.0,1.0,1.0],[0.0,0.0,0.0,0.0,0.0,0.0,0.0,0.0,0.0,0.0,0.0,0.0,1.0,1.0,1.0,1.0,1.0,1.0,1.0,1.0],[0.0,0.0,0.0,0.0,0.0,0.0,0.0,0.0,0.0,0.0,0.0,0.0,0.0,1.0,1.0,1.0,1.0,1.0,1.0,1.0],[0.0,0.0,0.0,0.0,0.0,0.0,0.0,0.0,0.0,0.0,0.0,0.0,0.0,0.0,1.0,1.0,1.0,1.0,1.0,1.0],[0.0,0.0,0.0,0.0,0.0,0.0,0.0,0.0,0.0,0.0,0.0,0.0,0.0,0.0,0.0,1.0,1.0,1.0,1.0,1.0],[0.0,0.0,0.0,0.0,0.0,0.0,0.0,0.0,0.0,0.0,0.0,0.0,0.0,0.0,0.0,0.0,1.0,1.0,1.0,1.0],[0.0,0.0,0.0,0.0,0.0,0.0,0.0,0.0,0.0,0.0,0.0,0.0,0.0,0.0,0.0,0.0,0.0,1.0,1.0,1.0],[0.0,0.0,0.0,0.0,0.0,0.0,0.0,0.0,0.0,0.0,0.0,0.0,0.0,0.0,0.0,0.0,0.0,0.0,1.0,1.0],[0.0,0.0,0.0,0.0,0.0,0.0,0.0,0.0,0.0,0.0,0.0,0.0,0.0,0.0,0.0,0.0,0.0,0.0,0.0,1.0],[0.0,0.0,0.0,0.0,0.0,0.0,0.0,0.0,0.0,0.0,0.0,0.0,0.0,0.0,0.0,0.0,0.0,0.0,0.0,0.0]],"outlier_solution":[0,1,2,3,4,5,6,8,9,7,10,11,12,13,14,15,16,17,18,19],"dataset_id":446,"source_dataset_id":493,"options":null,"D":{"0":{"0":0,"1":0,"2":0,"3":0,"4":0,"5":0,"6":0,"7":0,"8":0,"9":2,"10":1,"11":0,"12":0,"13":0,"14":3,"15":0,"16":0,"17":0,"18":0,"19":0},"1":{"0":5,"1":0,"2":0,"3":1,"4":0,"5":0,"6":0,"7":0,"8":3,"9":0,"10":4,"11":0,"12":0,"13":0,"14":0,"15":0,"16":0,"17":0,"18":0,"19":0},"2":{"0":0,"1":5,"2":0,"3":0,"4":0,"5":0,"6":0,"7":0,"8":0,"9":0,"10":0,"11":0,"12":0,"13":4,"14":0,"15":0,"16":0,"17":0,"18":3,"19":0},"3":{"0":5,"1":5,"2":5,"3":0,"4":2,"5":5,"6":2,"7":0,"8":0,"9":0,"10":1,"11":1,"12":0,"13":0,"14":0,"15":0,"16":5,"17":0,"18":0,"19":0},"4":{"0":5,"1":5,"2":5,"3":5,"4":0,"5":0,"6":0,"7":0,"8":0,"9":0,"10":0,"11":0,"12":0,"13":0,"14":4,"15":0,"16":0,"17":0,"18":0,"19":0},"5":{"0":5,"1":5,"2":5,"3":5,"4":3,"5":0,"6":0,"7":5,"8":4,"9":0,"10":0,"11":0,"12":0,"13":0,"14":0,"15":0,"16":0,"17":0,"18":2,"19":0},"6":{"0":5,"1":5,"2":0,"3":5,"4":5,"5":4,"6":0,"7":5,"8":0,"9":0,"10":0,"11":0,"12":0,"13":0,"14":0,"15":0,"16":3,"17":0,"18":0,"19":0},"7":{"0":5,"1":0,"2":5,"3":5,"4":5,"5":5,"6":5,"7":0,"8":0,"9":1,"10":0,"11":0,"12":0,"13":0,"14":0,"15":0,"16":0,"17":0,"18":2,"19":0},"8":{"0":5,"1":5,"2":5,"3":5,"4":0,"5":0,"6":5,"7":0,"8":0,"9":0,"10":0,"11":0,"12":0,"13":0,"14":0,"15":0,"16":0,"17":0,"18":0,"19":0},"9":{"0":5,"1":5,"2":5,"3":5,"4":5,"5":5,"6":5,"7":0,"8":5,"9":0,"10":0,"11":0,"12":0,"13":0,"14":0,"15":0,"16":0,"17":0,"18":0,"19":0},"10":{"0":5,"1":5,"2":2,"3":5,"4":5,"5":5,"6":0,"7":5,"8":5,"9":5,"10":0,"11":0,"12":0,"13":0,"14":3,"15":0,"16":0,"17":0,"18":0,"19":0},"11":{"0":2,"1":5,"2":2,"3":5,"4":0,"5":1,"6":5,"7":1,"8":5,"9":5,"10":5,"11":0,"12":0,"13":0,"14":4,"15":0,"16":0,"17":0,"18":0,"19":0},"12":{"0":2,"1":0,"2":5,"3":5,"4":5,"5":5,"6":5,"7":1,"8":5,"9":0,"10":5,"11":5,"12":0,"13":0,"14":0,"15":0,"16":0,"17":0,"18":0,"19":0},"13":{"0":5,"1":5,"2":5,"3":5,"4":5,"5":5,"6":5,"7":5,"8":5,"9":5,"10":5,"11":5,"12":5,"13":0,"14":0,"15":0,"16":0,"17":0,"18":0,"19":0},"14":{"0":5,"1":5,"2":5,"3":5,"4":5,"5":5,"6":5,"7":3,"8":0,"9":5,"10":5,"11":5,"12":5,"13":5,"14":0,"15":4,"16":0,"17":0,"18":0,"19":2},"15":{"0":4,"1":5,"2":5,"3":0,"4":5,"5":0,"6":5,"7":5,"8":5,"9":3,"10":5,"11":0,"12":5,"13":5,"14":5,"15":0,"16":0,"17":2,"18":0,"19":0},"16":{"0":5,"1":5,"2":0,"3":0,"4":1,"5":5,"6":5,"7":5,"8":5,"9":5,"10":5,"11":5,"12":0,"13":0,"14":5,"15":5,"16":0,"17":0,"18":0,"19":0},"17":{"0":5,"1":5,"2":5,"3":5,"4":5,"5":5,"6":5,"7":5,"8":5,"9":5,"10":5,"11":1,"12":0,"13":5,"14":5,"15":5,"16":5,"17":0,"18":0,"19":0},"18":{"0":5,"1":0,"2":5,"3":0,"4":5,"5":5,"6":5,"7":1,"8":5,"9":5,"10":5,"11":5,"12":5,"13":5,"14":3,"15":0,"16":5,"17":5,"18":0,"19":0},"19":{"0":5,"1":0,"2":5,"3":5,"4":5,"5":5,"6":0,"7":5,"8":5,"9":5,"10":5,"11":5,"12":5,"13":5,"14":5,"15":0,"16":0,"17":5,"18":5,"19":0}},"method":"lop","closest_pair":[[0,1,2,3,4,6,8,5,9,7,10,11,12,13,14,15,16,17,18,19],[0,1,2,3,4,5,6,8,9,7,10,11,12,13,14,15,16,17,18,19]],"farthest_pair":[[0,1,2,3,4,6,8,5,9,7,10,11,12,13,14,15,16,17,18,19],[0,1,2,3,4,5,6,8,9,7,10,11,12,13,14,15,16,17,18,19]],"tau_farthest_pair":0.9789473684,"tau_closest_pair":0.9789473684,"beta":0.0000040917,"centroid_solution":[0,1,2,3,4,6,8,5,9,7,10,11,12,13,14,15,16,17,18,19]}