{"solutions":[[0,1,2,6,3,4,5,7,8,9,10,11,12,13,14,15,16,17,18,19],[0,1,2,3,4,6,5,7,8,9,10,11,12,13,14,15,16,17,18,19],[0,1,2,6,3,5,4,7,8,9,10,11,12,13,14,15,16,17,18,19],[0,1,2,3,6,4,5,7,8,9,10,11,12,13,14,15,16,17,18,19],[0,1,2,3,6,5,4,7,8,9,10,11,12,13,14,15,16,17,18,19]],"obj":795.0,"max_tau_solutions":null,"centroid_x":[[0.0,1.0,1.0,1.0,1.0,1.0,1.0,1.0,1.0,1.0,1.0,1.0,1.0,1.0,1.0,1.0,1.0,1.0,1.0,1.0],[0.0,0.0,1.0,1.0,1.0,1.0,1.0,1.0,1.0,1.0,1.0,1.0,1.0,1.0,1.0,1.0,1.0,1.0,1.0,1.0],[0.0,0.0,0.0,1.0,1.0,1.0,1.0,1.0,1.0,1.0,1.0,1.0,1.0,1.0,1.0,1.0,1.0,1.0,1.0,1.0],[0.0,0.0,0.0,0.0,1.0,1.0,0.5583570528,1.0,1.0,1.0,1.0,1.0,1.0,1.0,1.0,1.0,1.0,1.0,1.0,1.0],[0.0,0.0,0.0,0.0,0.0,0.5545698202,0.4017851269,1.0,1.0,1.0,1.0,1.0,1.0,1.0,1.0,1.0,1.0,1.0,1.0,1.0],[0.0,0.0,0.0,0.0,0.4454301798,0.0,0.0,1.0,1.0,1.0,1.0,1.0,1.0,1.0,1.0,1.0,1.0,1.0,1.0,1.0],[0.0,0.0,0.0,0.4416429472,0.5982148731,1.0,0.0,1.0,1.0,1.0,1.0,1.0,1.0,1.0,1.0,1.0,1.0,1.0,1.0,1.0],[0.0,0.0,0.0,0.0,0.0,0.0,0.0,0.0,1.0,1.0,1.0,1.0,1.0,1.0,1.0,1.0,1.0,1.0,1.0,1.0],[0.0,0.0,0.0,0.0,0.0,0.0,0.0,0.0,0.0,1.0,1.0,1.0,1.0,1.0,1.0,1.0,1.0,1.0,1.0,1.0],[0.0,0.0,0.0,0.0,0.0,0.0,0.0,0.0,0.0,0.0,1.0,1.0,1.0,1.0,1.0,1.0,1.0,1.0,1.0,1.0],[0.0,0.0,0.0,0.0,0.0,0.0,0.0,0.0,0.0,0.0,0.0,1.0,1.0,1.0,1.0,1.0,1.0,1.0,1.0,1.0],[0.0,0.0,0.0,0.0,0.0,0.0,0.0,0.0,0.0,0.0,0.0,0.0,1.0,1.0,1.0,1.0,1.0,1.0,1.0,1.0],[0.0,0.0,0.0,0.0,0.0,0.0,0.0,0.0,0.0,0.0,0.0,0.0,0.0,1.0,1.0,1.0,1.0,1.0,1.0,1.0],[0.0,0.0,0.0,0.0,0.0,0.0,0.0,0.0,0.0,0.0,0.0,0.0,0.0,0.0,1.0,1.0,1.0,1.0,1.0,1.0],[0.0,0.0,0.0,0.0,0.0,0.0,0.0,0.0,0.0,0.0,0.0,0.0,0.0,0.0,0.0,1.0,1.0,1.0,1.0,1.0],[0.0,0.0,0.0,0.0,0.0,0.0,0.0,0.0,0.0,0.0,0.0,0.0,0.0,0.0,0.0,0.0,1.0,1.0,1.0,1.0],[0.0,0.0,0.0,0.0,0.0,0.0,0.0,0.0,0.0,0.0,0.0,0.0,0.0,0.0,0.0,0.0,0.0,1.0,1.0,1.0],[0.0,0.0,0.0,0.0,0.0,0.0,0.0,0.0,0.0,0.0,0.0,0.0,0.0,0.0,0.0,0.0,0.0,0.0,1.0,1.0],[0.0,0.0,0.0,0.0,0.0,0.0,0.0,0.0,0.0,0.0,0.0,0.0,0.0,0.0,0.0,0.0,0.0,0.0,0.0,1.0],[0.0,0.0,0.0,0.0,0.0,0.0,0.0,0.0,0.0,0.0,0.0,0.0,0.0,0.0,0.0,0.0,0.0,0.0,0.0,0.0]],"outlier_solution":[0,1,2,6,3,5,4,7,8,9,10,11,12,13,14,15,16,17,18,19],"dataset_id":453,"source_dataset_id":500,"options":null,"D":{"0":{"0":0,"1":0,"2":2,"3":0,"4":0,"5":0,"6":0,"7":0,"8":0,"9":0,"10":0,"11":0,"12":0,"13":0,"14":1,"15":2,"16":3,"17":0,"18":0,"19":0},"1":{"0":5,"1":0,"2":0,"3":0,"4":0,"5":0,"6":0,"7":0,"8":0,"9":0,"10":4,"11":0,"12":0,"13":0,"14":0,"15":0,"16":0,"17":0,"18":0,"19":1},"2":{"0":5,"1":5,"2":0,"3":0,"4":0,"5":0,"6":0,"7":0,"8":0,"9":0,"10":0,"11":0,"12":0,"13":0,"14":0,"15":0,"16":0,"17":0,"18":0,"19":5},"3":{"0":5,"1":5,"2":4,"3":0,"4":2,"5":0,"6":0,"7":0,"8":0,"9":0,"10":0,"11":0,"12":0,"13":0,"14":0,"15":0,"16":0,"17":0,"18":0,"19":0},"4":{"0":5,"1":5,"2":5,"3":5,"4":0,"5":0,"6":0,"7":3,"8":0,"9":0,"10":0,"11":0,"12":0,"13":0,"14":0,"15":0,"16":0,"17":0,"18":0,"19":0},"5":{"0":5,"1":5,"2":5,"3":5,"4":0,"5":0,"6":5,"7":0,"8":0,"9":0,"10":0,"11":0,"12":0,"13":0,"14":5,"15":1,"16":0,"17":0,"18":1,"19":0},"6":{"0":5,"1":5,"2":5,"3":0,"4":0,"5":1,"6":0,"7":0,"8":0,"9":4,"10":0,"11":0,"12":0,"13":0,"14":0,"15":0,"16":2,"17":0,"18":2,"19":0},"7":{"0":5,"1":5,"2":5,"3":0,"4":5,"5":5,"6":5,"7":0,"8":0,"9":0,"10":0,"11":0,"12":0,"13":0,"14":0,"15":0,"16":0,"17":0,"18":0,"19":0},"8":{"0":5,"1":5,"2":5,"3":5,"4":5,"5":5,"6":5,"7":5,"8":0,"9":0,"10":1,"11":0,"12":0,"13":0,"14":0,"15":0,"16":0,"17":0,"18":0,"19":0},"9":{"0":5,"1":5,"2":0,"3":5,"4":5,"5":5,"6":5,"7":3,"8":5,"9":0,"10":0,"11":0,"12":0,"13":0,"14":0,"15":0,"16":0,"17":0,"18":0,"19":0},"10":{"0":5,"1":5,"2":5,"3":5,"4":5,"5":5,"6":5,"7":5,"8":5,"9":5,"10":0,"11":0,"12":0,"13":0,"14":3,"15":0,"16":0,"17":0,"18":0,"19":0},"11":{"0":5,"1":5,"2":5,"3":0,"4":5,"5":5,"6":5,"7":2,"8":0,"9":4,"10":3,"11":0,"12":0,"13":0,"14":0,"15":0,"16":0,"17":0,"18":0,"19":0},"12":{"0":5,"1":5,"2":5,"3":5,"4":5,"5":0,"6":5,"7":5,"8":5,"9":2,"10":5,"11":5,"12":0,"13":0,"14":0,"15":0,"16":0,"17":0,"18":0,"19":0},"13":{"0":3,"1":5,"2":5,"3":5,"4":5,"5":5,"6":5,"7":2,"8":1,"9":0,"10":0,"11":2,"12":5,"13":0,"14":0,"15":1,"16":0,"17":0,"18":5,"19":1},"14":{"0":5,"1":5,"2":4,"3":3,"4":4,"5":5,"6":5,"7":5,"8":5,"9":5,"10":5,"11":5,"12":5,"13":5,"14":0,"15":0,"16":0,"17":0,"18":0,"19":0},"15":{"0":5,"1":5,"2":5,"3":5,"4":5,"5":3,"6":5,"7":5,"8":5,"9":5,"10":5,"11":5,"12":5,"13":5,"14":5,"15":0,"16":0,"17":0,"18":0,"19":0},"16":{"0":5,"1":5,"2":5,"3":0,"4":5,"5":5,"6":5,"7":5,"8":5,"9":5,"10":5,"11":5,"12":0,"13":5,"14":5,"15":5,"16":0,"17":0,"18":0,"19":0},"17":{"0":5,"1":5,"2":0,"3":2,"4":0,"5":5,"6":5,"7":5,"8":5,"9":4,"10":1,"11":5,"12":5,"13":5,"14":5,"15":5,"16":5,"17":0,"18":0,"19":5},"18":{"0":5,"1":5,"2":5,"3":0,"4":5,"5":5,"6":5,"7":5,"8":5,"9":5,"10":0,"11":0,"12":5,"13":5,"14":0,"15":5,"16":5,"17":5,"18":0,"19":0},"19":{"0":0,"1":0,"2":0,"3":5,"4":3,"5":5,"6":5,"7":5,"8":5,"9":0,"10":5,"11":5,"12":0,"13":5,"14":5,"15":5,"16":5,"17":5,"18":5,"19":0}},"method":"lop","closest_pair":[[0,1,2,6,3,5,4,7,8,9,10,11,12,13,14,15,16,17,18,19],[0,1,2,6,3,4,5,7,8,9,10,11,12,13,14,15,16,17,18,19]],"farthest_pair":[[0,1,2,3,4,6,5,7,8,9,10,11,12,13,14,15,16,17,18,19],[0,1,2,6,3,5,4,7,8,9,10,11,12,13,14,15,16,17,18,19]],"centroid_solution":[0,1,2,3,6,4,5,7,8,9,10,11,12,13,14,15,16,17,18,19]}