{"solutions":[[0,1,3,6,2,5,8,7,4,9,10,11,12,13,14,15,16,17,18,19],[0,1,6,2,3,5,8,7,4,9,10,11,12,13,14,15,16,17,18,19],[0,6,1,2,3,5,8,7,4,9,10,11,12,13,14,15,16,17,18,19]],"obj":638.0,"max_tau_solutions":null,"centroid_x":[[0.0,1.0,1.0,1.0,1.0,1.0,1.0,1.0,1.0,1.0,1.0,1.0,1.0,1.0,1.0,1.0,1.0,1.0,1.0,1.0],[0.0,0.0,1.0,1.0,1.0,1.0,0.56872809,1.0,1.0,1.0,1.0,1.0,1.0,1.0,1.0,1.0,1.0,1.0,1.0,1.0],[0.0,0.0,0.0,0.552556553,1.0,1.0,0.0,1.0,1.0,1.0,1.0,1.0,1.0,1.0,1.0,1.0,1.0,1.0,1.0,1.0],[0.0,0.0,0.447443447,0.0,1.0,1.0,0.447443447,1.0,1.0,1.0,1.0,1.0,1.0,1.0,1.0,1.0,1.0,1.0,1.0,1.0],[0.0,0.0,0.0,0.0,0.0,0.0,0.0,0.0,0.0,1.0,1.0,1.0,1.0,1.0,1.0,1.0,1.0,1.0,1.0,1.0],[0.0,0.0,0.0,0.0,1.0,0.0,0.0,1.0,1.0,1.0,1.0,1.0,1.0,1.0,1.0,1.0,1.0,1.0,1.0,1.0],[0.0,0.43127191,1.0,0.552556553,1.0,1.0,0.0,1.0,1.0,1.0,1.0,1.0,1.0,1.0,1.0,1.0,1.0,1.0,1.0,1.0],[0.0,0.0,0.0,0.0,1.0,0.0,0.0,0.0,0.0,1.0,1.0,1.0,1.0,1.0,1.0,1.0,1.0,1.0,1.0,1.0],[0.0,0.0,0.0,0.0,1.0,0.0,0.0,1.0,0.0,1.0,1.0,1.0,1.0,1.0,1.0,1.0,1.0,1.0,1.0,1.0],[0.0,0.0,0.0,0.0,0.0,0.0,0.0,0.0,0.0,0.0,1.0,1.0,1.0,1.0,1.0,1.0,1.0,1.0,1.0,1.0],[0.0,0.0,0.0,0.0,0.0,0.0,0.0,0.0,0.0,0.0,0.0,1.0,1.0,1.0,1.0,1.0,1.0,1.0,1.0,1.0],[0.0,0.0,0.0,0.0,0.0,0.0,0.0,0.0,0.0,0.0,0.0,0.0,1.0,1.0,1.0,1.0,1.0,1.0,1.0,1.0],[0.0,0.0,0.0,0.0,0.0,0.0,0.0,0.0,0.0,0.0,0.0,0.0,0.0,1.0,1.0,1.0,1.0,1.0,1.0,1.0],[0.0,0.0,0.0,0.0,0.0,0.0,0.0,0.0,0.0,0.0,0.0,0.0,0.0,0.0,1.0,1.0,1.0,1.0,1.0,1.0],[0.0,0.0,0.0,0.0,0.0,0.0,0.0,0.0,0.0,0.0,0.0,0.0,0.0,0.0,0.0,1.0,1.0,1.0,1.0,1.0],[0.0,0.0,0.0,0.0,0.0,0.0,0.0,0.0,0.0,0.0,0.0,0.0,0.0,0.0,0.0,0.0,1.0,1.0,1.0,1.0],[0.0,0.0,0.0,0.0,0.0,0.0,0.0,0.0,0.0,0.0,0.0,0.0,0.0,0.0,0.0,0.0,0.0,1.0,1.0,1.0],[0.0,0.0,0.0,0.0,0.0,0.0,0.0,0.0,0.0,0.0,0.0,0.0,0.0,0.0,0.0,0.0,0.0,0.0,1.0,1.0],[0.0,0.0,0.0,0.0,0.0,0.0,0.0,0.0,0.0,0.0,0.0,0.0,0.0,0.0,0.0,0.0,0.0,0.0,0.0,1.0],[0.0,0.0,0.0,0.0,0.0,0.0,0.0,0.0,0.0,0.0,0.0,0.0,0.0,0.0,0.0,0.0,0.0,0.0,0.0,0.0]],"outlier_solution":[0,1,3,6,2,5,8,7,4,9,10,11,12,13,14,15,16,17,18,19],"dataset_id":470,"source_dataset_id":517,"options":null,"D":{"0":{"0":0,"1":4,"2":0,"3":4,"4":0,"5":0,"6":0,"7":0,"8":1,"9":0,"10":0,"11":1,"12":5,"13":0,"14":0,"15":0,"16":1,"17":2,"18":0,"19":2},"1":{"0":5,"1":0,"2":0,"3":1,"4":4,"5":1,"6":0,"7":0,"8":0,"9":0,"10":0,"11":0,"12":2,"13":0,"14":0,"15":0,"16":0,"17":0,"18":4,"19":1},"2":{"0":5,"1":5,"2":0,"3":1,"4":0,"5":0,"6":5,"7":3,"8":4,"9":0,"10":2,"11":0,"12":3,"13":0,"14":4,"15":1,"16":0,"17":0,"18":0,"19":5},"3":{"0":5,"1":3,"2":3,"3":0,"4":1,"5":0,"6":3,"7":3,"8":1,"9":0,"10":3,"11":0,"12":3,"13":2,"14":0,"15":0,"16":0,"17":0,"18":0,"19":2},"4":{"0":0,"1":1,"2":0,"3":1,"4":0,"5":0,"6":0,"7":4,"8":0,"9":0,"10":2,"11":4,"12":1,"13":0,"14":1,"15":0,"16":2,"17":0,"18":0,"19":0},"5":{"0":0,"1":0,"2":5,"3":4,"4":0,"5":0,"6":4,"7":0,"8":3,"9":0,"10":0,"11":0,"12":4,"13":0,"14":0,"15":0,"16":4,"17":0,"18":0,"19":4},"6":{"0":5,"1":0,"2":0,"3":5,"4":0,"5":3,"6":0,"7":0,"8":0,"9":3,"10":3,"11":0,"12":0,"13":0,"14":3,"15":5,"16":0,"17":0,"18":5,"19":5},"7":{"0":1,"1":5,"2":0,"3":5,"4":0,"5":5,"6":2,"7":0,"8":5,"9":0,"10":0,"11":0,"12":0,"13":0,"14":4,"15":0,"16":0,"17":2,"18":0,"19":5},"8":{"0":5,"1":0,"2":5,"3":5,"4":0,"5":4,"6":5,"7":4,"8":0,"9":3,"10":0,"11":1,"12":0,"13":2,"14":2,"15":5,"16":1,"17":0,"18":0,"19":0},"9":{"0":5,"1":5,"2":3,"3":5,"4":5,"5":4,"6":5,"7":5,"8":5,"9":0,"10":0,"11":2,"12":0,"13":2,"14":2,"15":0,"16":0,"17":0,"18":0,"19":0},"10":{"0":5,"1":0,"2":5,"3":5,"4":5,"5":2,"6":0,"7":0,"8":5,"9":1,"10":0,"11":0,"12":0,"13":3,"14":0,"15":0,"16":0,"17":0,"18":0,"19":0},"11":{"0":3,"1":5,"2":4,"3":3,"4":5,"5":0,"6":3,"7":5,"8":5,"9":2,"10":5,"11":0,"12":0,"13":0,"14":0,"15":3,"16":0,"17":0,"18":5,"19":3},"12":{"0":0,"1":5,"2":5,"3":5,"4":4,"5":5,"6":5,"7":1,"8":5,"9":5,"10":0,"11":5,"12":0,"13":0,"14":0,"15":5,"16":0,"17":3,"18":0,"19":0},"13":{"0":1,"1":1,"2":5,"3":3,"4":5,"5":3,"6":5,"7":2,"8":5,"9":5,"10":5,"11":5,"12":5,"13":0,"14":0,"15":0,"16":0,"17":1,"18":3,"19":1},"14":{"0":4,"1":3,"2":2,"3":1,"4":3,"5":5,"6":1,"7":1,"8":5,"9":2,"10":5,"11":5,"12":5,"13":4,"14":0,"15":0,"16":5,"17":0,"18":2,"19":5},"15":{"0":5,"1":5,"2":2,"3":3,"4":5,"5":5,"6":1,"7":5,"8":5,"9":0,"10":5,"11":5,"12":3,"13":5,"14":5,"15":0,"16":0,"17":0,"18":0,"19":0},"16":{"0":3,"1":4,"2":5,"3":5,"4":0,"5":5,"6":5,"7":0,"8":4,"9":0,"10":4,"11":5,"12":5,"13":0,"14":5,"15":5,"16":0,"17":0,"18":0,"19":1},"17":{"0":4,"1":3,"2":5,"3":5,"4":1,"5":0,"6":0,"7":0,"8":3,"9":5,"10":4,"11":5,"12":5,"13":0,"14":4,"15":5,"16":5,"17":0,"18":0,"19":2},"18":{"0":1,"1":0,"2":5,"3":5,"4":5,"5":2,"6":5,"7":5,"8":0,"9":3,"10":1,"11":0,"12":5,"13":2,"14":5,"15":5,"16":5,"17":5,"18":0,"19":3},"19":{"0":5,"1":0,"2":0,"3":0,"4":0,"5":5,"6":5,"7":4,"8":5,"9":4,"10":5,"11":5,"12":0,"13":2,"14":0,"15":4,"16":1,"17":5,"18":5,"19":0}},"method":"lop","closest_pair":[[0,6,1,2,3,5,8,7,4,9,10,11,12,13,14,15,16,17,18,19],[0,1,6,2,3,5,8,7,4,9,10,11,12,13,14,15,16,17,18,19]],"farthest_pair":[[0,6,1,2,3,5,8,7,4,9,10,11,12,13,14,15,16,17,18,19],[0,1,3,6,2,5,8,7,4,9,10,11,12,13,14,15,16,17,18,19]],"centroid_solution":[0,1,6,2,3,5,8,7,4,9,10,11,12,13,14,15,16,17,18,19]}