{"solutions":[[0,2,3,5,6,1,4,7,8,9,12,10,14,15,19,13,11,16,17,18],[0,2,3,1,5,6,4,7,8,9,10,12,14,15,19,13,11,16,17,18],[0,2,1,3,5,6,4,7,8,9,10,12,14,15,19,13,11,16,17,18],[0,2,3,5,1,6,4,7,8,9,12,10,14,15,19,13,11,16,17,18],[0,2,1,3,5,6,4,7,8,9,12,10,14,15,19,13,11,16,17,18],[0,2,1,3,5,4,7,6,8,9,10,12,14,15,19,13,11,16,17,18],[0,2,3,5,1,6,4,7,8,9,10,12,14,15,19,13,11,16,17,18],[0,2,1,3,5,4,7,6,9,8,12,10,14,15,19,13,11,16,17,18],[0,2,3,1,5,6,4,7,9,8,12,10,14,15,19,13,11,16,17,18],[0,2,3,5,1,4,7,6,8,9,12,10,14,15,19,13,11,16,17,18],[0,2,3,5,1,4,7,6,8,9,10,12,14,15,19,13,11,16,17,18],[0,2,3,1,5,6,4,7,8,9,12,10,14,15,19,13,11,16,17,18],[0,2,3,5,6,1,4,7,9,8,12,10,14,15,19,13,11,16,17,18],[0,2,1,3,5,6,4,7,9,8,10,12,14,15,19,13,11,16,17,18],[0,2,3,1,5,4,7,6,9,8,10,12,14,15,19,13,11,16,17,18],[0,2,3,5,1,6,4,7,9,8,12,10,14,15,19,13,11,16,17,18],[0,2,3,1,5,6,4,7,9,8,10,12,14,15,19,13,11,16,17,18],[0,2,1,3,5,4,7,6,8,9,12,10,14,15,19,13,11,16,17,18],[0,2,3,5,6,1,4,7,8,9,10,12,14,15,19,13,11,16,17,18],[0,2,3,1,5,4,7,6,8,9,12,10,14,15,19,13,11,16,17,18],[0,2,3,1,5,4,7,6,8,9,10,12,14,15,19,13,11,16,17,18],[0,2,3,5,1,4,7,6,9,8,12,10,14,15,19,13,11,16,17,18],[0,2,3,5,6,1,4,7,9,8,10,12,14,15,19,13,11,16,17,18],[0,2,1,3,5,6,4,7,9,8,12,10,14,15,19,13,11,16,17,18],[0,2,1,3,5,4,7,6,9,8,10,12,14,15,19,13,11,16,17,18],[0,2,3,1,5,4,7,6,9,8,12,10,14,15,19,13,11,16,17,18],[0,2,3,5,1,4,7,6,9,8,10,12,14,15,19,13,11,16,17,18],[0,2,3,5,1,6,4,7,9,8,10,12,14,15,19,13,11,16,17,18]],"obj":625.0,"max_tau_solutions":null,"centroid_x":[[0.0,1.0,1.0,1.0,1.0,1.0,1.0,1.0,1.0,1.0,1.0,1.0,1.0,1.0,1.0,1.0,1.0,1.0,1.0,1.0],[0.0,0.0,0.0,0.4081497527,1.0,0.5091774083,0.6640190923,1.0,1.0,1.0,1.0,1.0,1.0,1.0,1.0,1.0,1.0,1.0,1.0,1.0],[0.0,1.0,0.0,1.0,1.0,1.0,1.0,1.0,1.0,1.0,1.0,1.0,1.0,1.0,1.0,1.0,1.0,1.0,1.0,1.0],[0.0,0.5918502473,0.0,0.0,1.0,1.0,1.0,1.0,1.0,1.0,1.0,1.0,1.0,1.0,1.0,1.0,1.0,1.0,1.0,1.0],[0.0,0.0,0.0,0.0,0.0,0.0,0.4642038569,1.0,1.0,1.0,1.0,1.0,1.0,1.0,1.0,1.0,1.0,1.0,1.0,1.0],[0.0,0.4908225917,0.0,0.0,1.0,0.0,1.0,1.0,1.0,1.0,1.0,1.0,1.0,1.0,1.0,1.0,1.0,1.0,1.0,1.0],[0.0,0.3359809077,0.0,0.0,0.5357961431,0.0,0.0,0.5357961431,1.0,1.0,1.0,1.0,1.0,1.0,1.0,1.0,1.0,1.0,1.0,1.0],[0.0,0.0,0.0,0.0,0.0,0.0,0.4642038569,0.0,1.0,1.0,1.0,1.0,1.0,1.0,1.0,1.0,1.0,1.0,1.0,1.0],[0.0,0.0,0.0,0.0,0.0,0.0,0.0,0.0,0.0,0.5200314899,1.0,1.0,1.0,1.0,1.0,1.0,1.0,1.0,1.0,1.0],[0.0,0.0,0.0,0.0,0.0,0.0,0.0,0.0,0.4799685101,0.0,1.0,1.0,1.0,1.0,1.0,1.0,1.0,1.0,1.0,1.0],[0.0,0.0,0.0,0.0,0.0,0.0,0.0,0.0,0.0,0.0,0.0,1.0,0.5032308654,1.0,1.0,1.0,1.0,1.0,1.0,1.0],[0.0,0.0,0.0,0.0,0.0,0.0,0.0,0.0,0.0,0.0,0.0,0.0,0.0,0.0,0.0,0.0,1.0,1.0,1.0,0.0],[0.0,0.0,0.0,0.0,0.0,0.0,0.0,0.0,0.0,0.0,0.4967691346,1.0,0.0,1.0,1.0,1.0,1.0,1.0,1.0,1.0],[0.0,0.0,0.0,0.0,0.0,0.0,0.0,0.0,0.0,0.0,0.0,1.0,0.0,0.0,0.0,0.0,1.0,1.0,1.0,0.0],[0.0,0.0,0.0,0.0,0.0,0.0,0.0,0.0,0.0,0.0,0.0,1.0,0.0,1.0,0.0,1.0,1.0,1.0,1.0,1.0],[0.0,0.0,0.0,0.0,0.0,0.0,0.0,0.0,0.0,0.0,0.0,1.0,0.0,1.0,0.0,0.0,1.0,1.0,1.0,1.0],[0.0,0.0,0.0,0.0,0.0,0.0,0.0,0.0,0.0,0.0,0.0,0.0,0.0,0.0,0.0,0.0,0.0,1.0,1.0,0.0],[0.0,0.0,0.0,0.0,0.0,0.0,0.0,0.0,0.0,0.0,0.0,0.0,0.0,0.0,0.0,0.0,0.0,0.0,1.0,0.0],[0.0,0.0,0.0,0.0,0.0,0.0,0.0,0.0,0.0,0.0,0.0,0.0,0.0,0.0,0.0,0.0,0.0,0.0,0.0,0.0],[0.0,0.0,0.0,0.0,0.0,0.0,0.0,0.0,0.0,0.0,0.0,1.0,0.0,1.0,0.0,0.0,1.0,1.0,1.0,0.0]],"outlier_solution":[0,2,3,5,6,1,4,7,9,8,12,10,14,15,19,13,11,16,17,18],"dataset_id":475,"source_dataset_id":522,"options":null,"D":{"0":{"0":0,"1":0,"2":4,"3":0,"4":3,"5":0,"6":0,"7":0,"8":3,"9":0,"10":1,"11":0,"12":4,"13":3,"14":4,"15":5,"16":0,"17":3,"18":0,"19":0},"1":{"0":5,"1":0,"2":5,"3":0,"4":0,"5":1,"6":0,"7":3,"8":2,"9":0,"10":0,"11":3,"12":0,"13":0,"14":3,"15":0,"16":2,"17":1,"18":0,"19":0},"2":{"0":5,"1":2,"2":0,"3":1,"4":0,"5":0,"6":0,"7":5,"8":0,"9":0,"10":0,"11":0,"12":0,"13":0,"14":2,"15":0,"16":0,"17":4,"18":1,"19":0},"3":{"0":5,"1":0,"2":5,"3":0,"4":1,"5":1,"6":0,"7":0,"8":0,"9":0,"10":0,"11":0,"12":3,"13":4,"14":0,"15":0,"16":1,"17":2,"18":4,"19":0},"4":{"0":5,"1":5,"2":0,"3":5,"4":0,"5":2,"6":3,"7":0,"8":0,"9":0,"10":0,"11":0,"12":4,"13":0,"14":0,"15":4,"16":0,"17":1,"18":0,"19":5},"5":{"0":5,"1":1,"2":2,"3":2,"4":1,"5":0,"6":0,"7":0,"8":3,"9":0,"10":0,"11":1,"12":0,"13":4,"14":3,"15":0,"16":5,"17":0,"18":0,"19":5},"6":{"0":5,"1":0,"2":4,"3":5,"4":0,"5":5,"6":0,"7":5,"8":0,"9":0,"10":4,"11":0,"12":3,"13":4,"14":0,"15":0,"16":3,"17":0,"18":5,"19":1},"7":{"0":5,"1":4,"2":4,"3":3,"4":5,"5":4,"6":2,"7":0,"8":0,"9":3,"10":0,"11":0,"12":0,"13":0,"14":0,"15":0,"16":0,"17":0,"18":3,"19":0},"8":{"0":0,"1":4,"2":0,"3":2,"4":5,"5":5,"6":5,"7":5,"8":0,"9":4,"10":0,"11":0,"12":0,"13":0,"14":0,"15":1,"16":1,"17":0,"18":0,"19":0},"9":{"0":0,"1":0,"2":4,"3":5,"4":5,"5":3,"6":5,"7":5,"8":4,"9":0,"10":0,"11":0,"12":0,"13":0,"14":0,"15":3,"16":0,"17":0,"18":0,"19":1},"10":{"0":5,"1":2,"2":5,"3":4,"4":1,"5":0,"6":5,"7":5,"8":5,"9":1,"10":0,"11":0,"12":5,"13":0,"14":0,"15":0,"16":0,"17":0,"18":0,"19":0},"11":{"0":2,"1":0,"2":4,"3":5,"4":0,"5":4,"6":2,"7":5,"8":0,"9":5,"10":5,"11":0,"12":0,"13":1,"14":0,"15":3,"16":3,"17":5,"18":3,"19":0},"12":{"0":5,"1":1,"2":5,"3":5,"4":0,"5":5,"6":0,"7":5,"8":5,"9":3,"10":5,"11":0,"12":0,"13":0,"14":0,"15":4,"16":0,"17":5,"18":0,"19":0},"13":{"0":5,"1":0,"2":0,"3":5,"4":3,"5":3,"6":4,"7":5,"8":1,"9":5,"10":1,"11":0,"12":0,"13":0,"14":0,"15":4,"16":0,"17":0,"18":0,"19":5},"14":{"0":5,"1":5,"2":0,"3":5,"4":4,"5":5,"6":0,"7":0,"8":5,"9":2,"10":5,"11":1,"12":5,"13":1,"14":0,"15":0,"16":0,"17":4,"18":1,"19":0},"15":{"0":5,"1":0,"2":5,"3":1,"4":3,"5":0,"6":5,"7":0,"8":5,"9":0,"10":5,"11":0,"12":5,"13":2,"14":3,"15":0,"16":1,"17":2,"18":5,"19":0},"16":{"0":4,"1":5,"2":5,"3":0,"4":1,"5":5,"6":3,"7":4,"8":5,"9":4,"10":1,"11":5,"12":5,"13":5,"14":4,"15":5,"16":0,"17":0,"18":0,"19":0},"17":{"0":0,"1":2,"2":5,"3":0,"4":4,"5":0,"6":4,"7":5,"8":5,"9":0,"10":5,"11":5,"12":5,"13":5,"14":5,"15":5,"16":5,"17":0,"18":0,"19":2},"18":{"0":5,"1":5,"2":2,"3":5,"4":5,"5":5,"6":5,"7":5,"8":2,"9":0,"10":2,"11":4,"12":5,"13":1,"14":0,"15":3,"16":5,"17":2,"18":0,"19":1},"19":{"0":5,"1":5,"2":5,"3":5,"4":0,"5":5,"6":5,"7":5,"8":4,"9":5,"10":0,"11":0,"12":5,"13":2,"14":5,"15":1,"16":0,"17":0,"18":5,"19":0}},"method":"lop","closest_pair":[[0,2,3,5,6,1,4,7,9,8,12,10,14,15,19,13,11,16,17,18],[0,2,3,5,6,1,4,7,8,9,12,10,14,15,19,13,11,16,17,18]],"farthest_pair":[[0,2,3,5,6,1,4,7,8,9,10,12,14,15,19,13,11,16,17,18],[0,2,1,3,5,4,7,6,9,8,12,10,14,15,19,13,11,16,17,18]],"centroid_solution":[0,2,3,1,5,6,4,7,8,9,10,12,14,15,19,13,11,16,17,18]}