{"solutions":[[2,3,0,1,5,6,7,4,10,8,9,11,13,12,15,16,14,17,18,19],[2,3,0,5,1,6,7,4,10,8,9,11,13,12,15,16,14,17,18,19]],"obj":645.0,"max_tau_solutions":null,"centroid_x":[[0.0,1.0,0.0,0.0,1.0,1.0,1.0,1.0,1.0,1.0,1.0,1.0,1.0,1.0,1.0,1.0,1.0,1.0,1.0,1.0],[0.0,0.0,0.0,0.0,1.0,0.4624934768,1.0,1.0,1.0,1.0,1.0,1.0,1.0,1.0,1.0,1.0,1.0,1.0,1.0,1.0],[1.0,1.0,0.0,1.0,1.0,1.0,1.0,1.0,1.0,1.0,1.0,1.0,1.0,1.0,1.0,1.0,1.0,1.0,1.0,1.0],[1.0,1.0,0.0,0.0,1.0,1.0,1.0,1.0,1.0,1.0,1.0,1.0,1.0,1.0,1.0,1.0,1.0,1.0,1.0,1.0],[0.0,0.0,0.0,0.0,0.0,0.0,0.0,0.0,1.0,1.0,1.0,1.0,1.0,1.0,1.0,1.0,1.0,1.0,1.0,1.0],[0.0,0.5375065232,0.0,0.0,1.0,0.0,1.0,1.0,1.0,1.0,1.0,1.0,1.0,1.0,1.0,1.0,1.0,1.0,1.0,1.0],[0.0,0.0,0.0,0.0,1.0,0.0,0.0,1.0,1.0,1.0,1.0,1.0,1.0,1.0,1.0,1.0,1.0,1.0,1.0,1.0],[0.0,0.0,0.0,0.0,1.0,0.0,0.0,0.0,1.0,1.0,1.0,1.0,1.0,1.0,1.0,1.0,1.0,1.0,1.0,1.0],[0.0,0.0,0.0,0.0,0.0,0.0,0.0,0.0,0.0,1.0,0.0,1.0,1.0,1.0,1.0,1.0,1.0,1.0,1.0,1.0],[0.0,0.0,0.0,0.0,0.0,0.0,0.0,0.0,0.0,0.0,0.0,1.0,1.0,1.0,1.0,1.0,1.0,1.0,1.0,1.0],[0.0,0.0,0.0,0.0,0.0,0.0,0.0,0.0,1.0,1.0,0.0,1.0,1.0,1.0,1.0,1.0,1.0,1.0,1.0,1.0],[0.0,0.0,0.0,0.0,0.0,0.0,0.0,0.0,0.0,0.0,0.0,0.0,1.0,1.0,1.0,1.0,1.0,1.0,1.0,1.0],[0.0,0.0,0.0,0.0,0.0,0.0,0.0,0.0,0.0,0.0,0.0,0.0,0.0,0.0,1.0,1.0,1.0,1.0,1.0,1.0],[0.0,0.0,0.0,0.0,0.0,0.0,0.0,0.0,0.0,0.0,0.0,0.0,1.0,0.0,1.0,1.0,1.0,1.0,1.0,1.0],[0.0,0.0,0.0,0.0,0.0,0.0,0.0,0.0,0.0,0.0,0.0,0.0,0.0,0.0,0.0,0.0,0.0,1.0,1.0,1.0],[0.0,0.0,0.0,0.0,0.0,0.0,0.0,0.0,0.0,0.0,0.0,0.0,0.0,0.0,1.0,0.0,1.0,1.0,1.0,1.0],[0.0,0.0,0.0,0.0,0.0,0.0,0.0,0.0,0.0,0.0,0.0,0.0,0.0,0.0,1.0,0.0,0.0,1.0,1.0,1.0],[0.0,0.0,0.0,0.0,0.0,0.0,0.0,0.0,0.0,0.0,0.0,0.0,0.0,0.0,0.0,0.0,0.0,0.0,1.0,1.0],[0.0,0.0,0.0,0.0,0.0,0.0,0.0,0.0,0.0,0.0,0.0,0.0,0.0,0.0,0.0,0.0,0.0,0.0,0.0,1.0],[0.0,0.0,0.0,0.0,0.0,0.0,0.0,0.0,0.0,0.0,0.0,0.0,0.0,0.0,0.0,0.0,0.0,0.0,0.0,0.0]],"outlier_solution":[2,3,0,1,5,6,7,4,10,8,9,11,13,12,15,16,14,17,18,19],"dataset_id":478,"source_dataset_id":525,"options":null,"D":{"0":{"0":0,"1":0,"2":2,"3":3,"4":0,"5":0,"6":0,"7":0,"8":0,"9":4,"10":0,"11":0,"12":4,"13":3,"14":0,"15":0,"16":0,"17":0,"18":4,"19":0},"1":{"0":1,"1":0,"2":5,"3":5,"4":0,"5":0,"6":0,"7":0,"8":3,"9":0,"10":0,"11":4,"12":0,"13":0,"14":1,"15":0,"16":3,"17":4,"18":0,"19":5},"2":{"0":0,"1":5,"2":0,"3":0,"4":0,"5":3,"6":2,"7":4,"8":0,"9":3,"10":0,"11":4,"12":5,"13":1,"14":3,"15":5,"16":2,"17":4,"18":3,"19":0},"3":{"0":0,"1":0,"2":3,"3":0,"4":0,"5":4,"6":0,"7":3,"8":0,"9":1,"10":5,"11":0,"12":0,"13":0,"14":2,"15":0,"16":0,"17":5,"18":0,"19":3},"4":{"0":5,"1":1,"2":5,"3":5,"4":0,"5":5,"6":4,"7":4,"8":0,"9":0,"10":0,"11":0,"12":0,"13":0,"14":1,"15":0,"16":1,"17":5,"18":0,"19":4},"5":{"0":5,"1":0,"2":5,"3":5,"4":4,"5":0,"6":3,"7":0,"8":1,"9":0,"10":5,"11":0,"12":4,"13":0,"14":0,"15":0,"16":0,"17":4,"18":3,"19":0},"6":{"0":5,"1":1,"2":4,"3":5,"4":5,"5":5,"6":0,"7":0,"8":0,"9":0,"10":0,"11":0,"12":0,"13":0,"14":0,"15":0,"16":0,"17":0,"18":0,"19":0},"7":{"0":5,"1":5,"2":0,"3":5,"4":2,"5":5,"6":2,"7":0,"8":1,"9":3,"10":0,"11":5,"12":1,"13":2,"14":5,"15":0,"16":2,"17":0,"18":3,"19":0},"8":{"0":4,"1":5,"2":5,"3":5,"4":0,"5":0,"6":5,"7":2,"8":0,"9":0,"10":5,"11":3,"12":0,"13":0,"14":0,"15":5,"16":3,"17":0,"18":0,"19":0},"9":{"0":5,"1":5,"2":0,"3":0,"4":5,"5":1,"6":1,"7":5,"8":3,"9":0,"10":0,"11":2,"12":0,"13":0,"14":0,"15":0,"16":5,"17":0,"18":0,"19":0},"10":{"0":3,"1":5,"2":5,"3":5,"4":1,"5":3,"6":5,"7":5,"8":0,"9":0,"10":0,"11":0,"12":0,"13":0,"14":3,"15":0,"16":0,"17":2,"18":0,"19":0},"11":{"0":5,"1":5,"2":1,"3":5,"4":5,"5":5,"6":5,"7":0,"8":5,"9":5,"10":5,"11":0,"12":0,"13":2,"14":2,"15":0,"16":0,"17":0,"18":1,"19":0},"12":{"0":3,"1":5,"2":5,"3":5,"4":5,"5":0,"6":0,"7":5,"8":3,"9":5,"10":5,"11":4,"12":0,"13":3,"14":1,"15":0,"16":1,"17":0,"18":0,"19":0},"13":{"0":1,"1":1,"2":3,"3":3,"4":2,"5":3,"6":5,"7":5,"8":1,"9":5,"10":5,"11":5,"12":0,"13":0,"14":2,"15":2,"16":2,"17":0,"18":0,"19":5},"14":{"0":3,"1":0,"2":0,"3":5,"4":2,"5":5,"6":5,"7":0,"8":3,"9":5,"10":5,"11":5,"12":3,"13":4,"14":0,"15":2,"16":2,"17":2,"18":0,"19":0},"15":{"0":5,"1":5,"2":5,"3":0,"4":4,"5":3,"6":3,"7":0,"8":3,"9":5,"10":5,"11":5,"12":2,"13":3,"14":3,"15":0,"16":0,"17":0,"18":1,"19":0},"16":{"0":5,"1":4,"2":1,"3":2,"4":0,"5":4,"6":5,"7":5,"8":5,"9":0,"10":5,"11":5,"12":0,"13":3,"14":0,"15":5,"16":0,"17":0,"18":4,"19":2},"17":{"0":1,"1":2,"2":2,"3":0,"4":5,"5":1,"6":5,"7":5,"8":5,"9":2,"10":4,"11":1,"12":5,"13":2,"14":5,"15":5,"16":3,"17":0,"18":0,"19":0},"18":{"0":4,"1":2,"2":5,"3":5,"4":5,"5":4,"6":0,"7":0,"8":5,"9":5,"10":2,"11":5,"12":5,"13":4,"14":5,"15":5,"16":5,"17":5,"18":0,"19":0},"19":{"0":5,"1":5,"2":1,"3":0,"4":5,"5":3,"6":5,"7":4,"8":0,"9":4,"10":0,"11":0,"12":0,"13":5,"14":5,"15":0,"16":5,"17":0,"18":2,"19":0}},"method":"lop","closest_pair":[[2,3,0,5,1,6,7,4,10,8,9,11,13,12,15,16,14,17,18,19],[2,3,0,1,5,6,7,4,10,8,9,11,13,12,15,16,14,17,18,19]],"farthest_pair":[[2,3,0,1,5,6,7,4,10,8,9,11,13,12,15,16,14,17,18,19],[2,3,0,5,1,6,7,4,10,8,9,11,13,12,15,16,14,17,18,19]],"centroid_solution":[2,3,0,5,1,6,7,4,10,8,9,11,13,12,15,16,14,17,18,19]}