{"solutions":[[0,2,3,1,4,5,6,8,7,9,10,11,12,13,15,14,16,17,18,19],[0,2,3,1,4,5,6,7,8,10,9,11,12,13,14,15,16,17,18,19],[0,2,3,1,4,5,6,7,8,10,9,11,12,13,14,16,15,17,18,19],[0,2,3,1,4,5,6,8,7,10,9,11,12,13,15,14,16,17,18,19],[0,2,3,1,4,5,6,7,10,8,9,11,12,13,14,16,15,17,18,19],[0,2,3,1,4,5,6,7,8,10,9,11,12,13,15,14,16,17,18,19],[0,2,3,1,4,5,6,8,7,9,10,11,12,13,14,15,16,17,18,19],[0,2,3,1,4,5,6,8,7,10,9,11,12,13,14,16,15,17,18,19],[0,2,3,1,4,5,6,7,8,9,10,11,12,13,14,15,16,17,18,19],[0,2,3,1,4,5,6,7,10,8,9,11,12,13,14,15,16,17,18,19],[0,2,3,1,4,5,6,7,8,9,10,11,12,13,15,14,16,17,18,19],[0,2,3,1,4,5,6,7,8,9,10,11,12,13,14,16,15,17,18,19],[0,2,3,1,4,5,6,8,7,10,9,11,12,13,14,15,16,17,18,19],[0,2,3,1,4,5,6,7,10,8,9,11,12,13,15,14,16,17,18,19],[0,2,3,1,4,5,6,8,7,9,10,11,12,13,14,16,15,17,18,19]],"obj":754.0,"max_tau_solutions":null,"centroid_x":[[0.0,1.0,1.0,1.0,1.0,1.0,1.0,1.0,1.0,1.0,1.0,1.0,1.0,1.0,1.0,1.0,1.0,1.0,1.0,1.0],[0.0,0.0,0.0,0.0,1.0,1.0,1.0,1.0,1.0,1.0,1.0,1.0,1.0,1.0,1.0,1.0,1.0,1.0,1.0,1.0],[0.0,1.0,0.0,1.0,1.0,1.0,1.0,1.0,1.0,1.0,1.0,1.0,1.0,1.0,1.0,1.0,1.0,1.0,1.0,1.0],[0.0,1.0,0.0,0.0,1.0,1.0,1.0,1.0,1.0,1.0,1.0,1.0,1.0,1.0,1.0,1.0,1.0,1.0,1.0,1.0],[0.0,0.0,0.0,0.0,0.0,1.0,1.0,1.0,1.0,1.0,1.0,1.0,1.0,1.0,1.0,1.0,1.0,1.0,1.0,1.0],[0.0,0.0,0.0,0.0,0.0,0.0,1.0,1.0,1.0,1.0,1.0,1.0,1.0,1.0,1.0,1.0,1.0,1.0,1.0,1.0],[0.0,0.0,0.0,0.0,0.0,0.0,0.0,1.0,1.0,1.0,1.0,1.0,1.0,1.0,1.0,1.0,1.0,1.0,1.0,1.0],[0.0,0.0,0.0,0.0,0.0,0.0,0.0,0.0,0.5998989981,1.0,1.0,1.0,1.0,1.0,1.0,1.0,1.0,1.0,1.0,1.0],[0.0,0.0,0.0,0.0,0.0,0.0,0.0,0.4001010019,0.0,1.0,0.5757386866,1.0,1.0,1.0,1.0,1.0,1.0,1.0,1.0,1.0],[0.0,0.0,0.0,0.0,0.0,0.0,0.0,0.0,0.0,0.0,0.4288006145,1.0,1.0,1.0,1.0,1.0,1.0,1.0,1.0,1.0],[0.0,0.0,0.0,0.0,0.0,0.0,0.0,0.0,0.4242613134,0.5711993855,0.0,1.0,1.0,1.0,1.0,1.0,1.0,1.0,1.0,1.0],[0.0,0.0,0.0,0.0,0.0,0.0,0.0,0.0,0.0,0.0,0.0,0.0,1.0,1.0,1.0,1.0,1.0,1.0,1.0,1.0],[0.0,0.0,0.0,0.0,0.0,0.0,0.0,0.0,0.0,0.0,0.0,0.0,0.0,1.0,1.0,1.0,1.0,1.0,1.0,1.0],[0.0,0.0,0.0,0.0,0.0,0.0,0.0,0.0,0.0,0.0,0.0,0.0,0.0,0.0,1.0,1.0,1.0,1.0,1.0,1.0],[0.0,0.0,0.0,0.0,0.0,0.0,0.0,0.0,0.0,0.0,0.0,0.0,0.0,0.0,0.0,0.5193336149,1.0,1.0,1.0,1.0],[0.0,0.0,0.0,0.0,0.0,0.0,0.0,0.0,0.0,0.0,0.0,0.0,0.0,0.0,0.4806663851,0.0,0.5899414182,1.0,1.0,1.0],[0.0,0.0,0.0,0.0,0.0,0.0,0.0,0.0,0.0,0.0,0.0,0.0,0.0,0.0,0.0,0.4100585818,0.0,1.0,1.0,1.0],[0.0,0.0,0.0,0.0,0.0,0.0,0.0,0.0,0.0,0.0,0.0,0.0,0.0,0.0,0.0,0.0,0.0,0.0,1.0,1.0],[0.0,0.0,0.0,0.0,0.0,0.0,0.0,0.0,0.0,0.0,0.0,0.0,0.0,0.0,0.0,0.0,0.0,0.0,0.0,1.0],[0.0,0.0,0.0,0.0,0.0,0.0,0.0,0.0,0.0,0.0,0.0,0.0,0.0,0.0,0.0,0.0,0.0,0.0,0.0,0.0]],"outlier_solution":[0,2,3,1,4,5,6,8,7,9,10,11,12,13,14,16,15,17,18,19],"dataset_id":498,"source_dataset_id":545,"options":null,"D":{"0":{"0":0,"1":0,"2":0,"3":0,"4":0,"5":0,"6":0,"7":0,"8":0,"9":4,"10":0,"11":0,"12":0,"13":0,"14":0,"15":1,"16":5,"17":0,"18":4,"19":0},"1":{"0":5,"1":0,"2":3,"3":5,"4":0,"5":0,"6":0,"7":0,"8":0,"9":0,"10":3,"11":0,"12":1,"13":1,"14":2,"15":0,"16":0,"17":0,"18":1,"19":0},"2":{"0":5,"1":0,"2":0,"3":1,"4":0,"5":0,"6":0,"7":5,"8":0,"9":2,"10":0,"11":0,"12":0,"13":0,"14":0,"15":0,"16":0,"17":0,"18":0,"19":0},"3":{"0":5,"1":1,"2":5,"3":0,"4":0,"5":0,"6":0,"7":0,"8":0,"9":0,"10":0,"11":0,"12":0,"13":0,"14":2,"15":0,"16":1,"17":0,"18":0,"19":2},"4":{"0":3,"1":5,"2":5,"3":5,"4":0,"5":1,"6":0,"7":0,"8":3,"9":0,"10":0,"11":5,"12":1,"13":0,"14":0,"15":0,"16":0,"17":0,"18":0,"19":0},"5":{"0":5,"1":5,"2":5,"3":0,"4":5,"5":0,"6":0,"7":0,"8":4,"9":0,"10":0,"11":0,"12":0,"13":5,"14":0,"15":0,"16":0,"17":4,"18":0,"19":0},"6":{"0":5,"1":5,"2":5,"3":5,"4":5,"5":5,"6":0,"7":0,"8":0,"9":0,"10":0,"11":0,"12":0,"13":0,"14":0,"15":0,"16":0,"17":3,"18":4,"19":0},"7":{"0":4,"1":4,"2":5,"3":5,"4":5,"5":5,"6":5,"7":0,"8":0,"9":0,"10":0,"11":0,"12":0,"13":0,"14":0,"15":0,"16":0,"17":0,"18":0,"19":0},"8":{"0":1,"1":5,"2":0,"3":5,"4":5,"5":1,"6":4,"7":0,"8":0,"9":0,"10":0,"11":0,"12":0,"13":0,"14":0,"15":0,"16":0,"17":0,"18":0,"19":0},"9":{"0":0,"1":5,"2":5,"3":5,"4":5,"5":3,"6":5,"7":1,"8":5,"9":0,"10":0,"11":4,"12":0,"13":5,"14":0,"15":0,"16":0,"17":0,"18":1,"19":0},"10":{"0":0,"1":5,"2":2,"3":5,"4":5,"5":5,"6":5,"7":5,"8":0,"9":0,"10":0,"11":0,"12":0,"13":0,"14":0,"15":1,"16":2,"17":5,"18":0,"19":3},"11":{"0":0,"1":5,"2":0,"3":5,"4":2,"5":5,"6":0,"7":0,"8":5,"9":5,"10":5,"11":0,"12":0,"13":0,"14":0,"15":5,"16":0,"17":0,"18":0,"19":0},"12":{"0":2,"1":5,"2":5,"3":3,"4":1,"5":5,"6":5,"7":5,"8":5,"9":5,"10":5,"11":5,"12":0,"13":0,"14":5,"15":0,"16":0,"17":0,"18":0,"19":0},"13":{"0":5,"1":5,"2":5,"3":5,"4":5,"5":5,"6":0,"7":5,"8":1,"9":5,"10":5,"11":2,"12":5,"13":0,"14":0,"15":0,"16":5,"17":5,"18":0,"19":0},"14":{"0":3,"1":5,"2":5,"3":0,"4":5,"5":5,"6":5,"7":5,"8":5,"9":5,"10":5,"11":5,"12":5,"13":4,"14":0,"15":0,"16":2,"17":5,"18":0,"19":1},"15":{"0":4,"1":5,"2":5,"3":5,"4":2,"5":5,"6":5,"7":5,"8":5,"9":5,"10":5,"11":5,"12":5,"13":5,"14":0,"15":0,"16":0,"17":0,"18":0,"19":3},"16":{"0":3,"1":4,"2":1,"3":5,"4":0,"5":5,"6":5,"7":5,"8":5,"9":5,"10":5,"11":4,"12":5,"13":5,"14":5,"15":0,"16":0,"17":4,"18":0,"19":0},"17":{"0":5,"1":0,"2":5,"3":5,"4":4,"5":5,"6":5,"7":5,"8":5,"9":0,"10":5,"11":0,"12":0,"13":5,"14":5,"15":5,"16":5,"17":0,"18":0,"19":3},"18":{"0":5,"1":2,"2":5,"3":5,"4":5,"5":5,"6":0,"7":5,"8":5,"9":5,"10":5,"11":5,"12":5,"13":0,"14":0,"15":0,"16":5,"17":3,"18":0,"19":0},"19":{"0":5,"1":5,"2":4,"3":5,"4":5,"5":5,"6":5,"7":5,"8":5,"9":5,"10":5,"11":5,"12":5,"13":5,"14":4,"15":0,"16":0,"17":5,"18":5,"19":0}},"method":"lop","closest_pair":[[0,2,3,1,4,5,6,8,7,9,10,11,12,13,15,14,16,17,18,19],[0,2,3,1,4,5,6,8,7,9,10,11,12,13,14,15,16,17,18,19]],"farthest_pair":[[0,2,3,1,4,5,6,8,7,9,10,11,12,13,14,16,15,17,18,19],[0,2,3,1,4,5,6,7,10,8,9,11,12,13,15,14,16,17,18,19]],"centroid_solution":[0,2,3,1,4,5,6,7,8,10,9,11,12,13,14,15,16,17,18,19]}