{"solutions":[[0,1,3,2,4,5,6,8,7,9,10,11,12,13,15,16,14,17,19,18],[0,1,3,2,4,5,6,7,8,9,10,11,12,13,15,16,14,17,19,18]],"obj":776.0,"max_tau_solutions":null,"centroid_x":[[0.0,1.0,1.0,1.0,1.0,1.0,1.0,1.0,1.0,1.0,1.0,1.0,1.0,1.0,1.0,1.0,1.0,1.0,1.0,1.0],[0.0,0.0,1.0,1.0,1.0,1.0,1.0,1.0,1.0,1.0,1.0,1.0,1.0,1.0,1.0,1.0,1.0,1.0,1.0,1.0],[0.0,0.0,0.0,0.0,1.0,1.0,1.0,1.0,1.0,1.0,1.0,1.0,1.0,1.0,1.0,1.0,1.0,1.0,1.0,1.0],[0.0,0.0,1.0,0.0,1.0,1.0,1.0,1.0,1.0,1.0,1.0,1.0,1.0,1.0,1.0,1.0,1.0,1.0,1.0,1.0],[0.0,0.0,0.0,0.0,0.0,1.0,1.0,1.0,1.0,1.0,1.0,1.0,1.0,1.0,1.0,1.0,1.0,1.0,1.0,1.0],[0.0,0.0,0.0,0.0,0.0,0.0,1.0,1.0,1.0,1.0,1.0,1.0,1.0,1.0,1.0,1.0,1.0,1.0,1.0,1.0],[0.0,0.0,0.0,0.0,0.0,0.0,0.0,1.0,1.0,1.0,1.0,1.0,1.0,1.0,1.0,1.0,1.0,1.0,1.0,1.0],[0.0,0.0,0.0,0.0,0.0,0.0,0.0,0.0,0.5343005027,1.0,1.0,1.0,1.0,1.0,1.0,1.0,1.0,1.0,1.0,1.0],[0.0,0.0,0.0,0.0,0.0,0.0,0.0,0.4656994973,0.0,1.0,1.0,1.0,1.0,1.0,1.0,1.0,1.0,1.0,1.0,1.0],[0.0,0.0,0.0,0.0,0.0,0.0,0.0,0.0,0.0,0.0,1.0,1.0,1.0,1.0,1.0,1.0,1.0,1.0,1.0,1.0],[0.0,0.0,0.0,0.0,0.0,0.0,0.0,0.0,0.0,0.0,0.0,1.0,1.0,1.0,1.0,1.0,1.0,1.0,1.0,1.0],[0.0,0.0,0.0,0.0,0.0,0.0,0.0,0.0,0.0,0.0,0.0,0.0,1.0,1.0,1.0,1.0,1.0,1.0,1.0,1.0],[0.0,0.0,0.0,0.0,0.0,0.0,0.0,0.0,0.0,0.0,0.0,0.0,0.0,1.0,1.0,1.0,1.0,1.0,1.0,1.0],[0.0,0.0,0.0,0.0,0.0,0.0,0.0,0.0,0.0,0.0,0.0,0.0,0.0,0.0,1.0,1.0,1.0,1.0,1.0,1.0],[0.0,0.0,0.0,0.0,0.0,0.0,0.0,0.0,0.0,0.0,0.0,0.0,0.0,0.0,0.0,0.0,0.0,1.0,1.0,1.0],[0.0,0.0,0.0,0.0,0.0,0.0,0.0,0.0,0.0,0.0,0.0,0.0,0.0,0.0,1.0,0.0,1.0,1.0,1.0,1.0],[0.0,0.0,0.0,0.0,0.0,0.0,0.0,0.0,0.0,0.0,0.0,0.0,0.0,0.0,1.0,0.0,0.0,1.0,1.0,1.0],[0.0,0.0,0.0,0.0,0.0,0.0,0.0,0.0,0.0,0.0,0.0,0.0,0.0,0.0,0.0,0.0,0.0,0.0,1.0,1.0],[0.0,0.0,0.0,0.0,0.0,0.0,0.0,0.0,0.0,0.0,0.0,0.0,0.0,0.0,0.0,0.0,0.0,0.0,0.0,0.0],[0.0,0.0,0.0,0.0,0.0,0.0,0.0,0.0,0.0,0.0,0.0,0.0,0.0,0.0,0.0,0.0,0.0,0.0,1.0,0.0]],"outlier_solution":[0,1,3,2,4,5,6,8,7,9,10,11,12,13,15,16,14,17,19,18],"dataset_id":499,"source_dataset_id":546,"options":null,"D":{"0":{"0":0,"1":0,"2":0,"3":0,"4":5,"5":0,"6":0,"7":0,"8":0,"9":0,"10":0,"11":5,"12":0,"13":0,"14":4,"15":3,"16":1,"17":0,"18":0,"19":0},"1":{"0":5,"1":0,"2":0,"3":0,"4":0,"5":0,"6":1,"7":5,"8":0,"9":0,"10":0,"11":3,"12":0,"13":0,"14":0,"15":0,"16":3,"17":1,"18":0,"19":0},"2":{"0":5,"1":4,"2":0,"3":2,"4":0,"5":0,"6":0,"7":0,"8":0,"9":0,"10":0,"11":0,"12":0,"13":0,"14":0,"15":0,"16":0,"17":0,"18":0,"19":4},"3":{"0":4,"1":5,"2":1,"3":0,"4":4,"5":0,"6":0,"7":0,"8":5,"9":0,"10":0,"11":1,"12":0,"13":4,"14":5,"15":0,"16":0,"17":0,"18":1,"19":0},"4":{"0":0,"1":3,"2":5,"3":5,"4":0,"5":0,"6":0,"7":0,"8":0,"9":0,"10":0,"11":0,"12":0,"13":0,"14":4,"15":0,"16":0,"17":0,"18":0,"19":0},"5":{"0":5,"1":5,"2":5,"3":5,"4":5,"5":0,"6":0,"7":0,"8":0,"9":0,"10":1,"11":0,"12":0,"13":0,"14":0,"15":0,"16":0,"17":0,"18":0,"19":0},"6":{"0":5,"1":5,"2":5,"3":0,"4":5,"5":3,"6":0,"7":2,"8":0,"9":5,"10":0,"11":2,"12":0,"13":0,"14":0,"15":0,"16":0,"17":0,"18":0,"19":0},"7":{"0":4,"1":5,"2":5,"3":5,"4":5,"5":5,"6":5,"7":0,"8":0,"9":0,"10":0,"11":0,"12":0,"13":0,"14":0,"15":0,"16":0,"17":0,"18":0,"19":0},"8":{"0":5,"1":0,"2":5,"3":1,"4":5,"5":0,"6":5,"7":0,"8":0,"9":0,"10":4,"11":0,"12":0,"13":1,"14":0,"15":0,"16":2,"17":0,"18":0,"19":0},"9":{"0":5,"1":5,"2":5,"3":5,"4":0,"5":5,"6":5,"7":5,"8":5,"9":0,"10":0,"11":0,"12":0,"13":4,"14":0,"15":1,"16":0,"17":0,"18":3,"19":0},"10":{"0":5,"1":5,"2":5,"3":5,"4":5,"5":5,"6":5,"7":5,"8":5,"9":5,"10":0,"11":3,"12":0,"13":0,"14":0,"15":0,"16":0,"17":0,"18":0,"19":0},"11":{"0":5,"1":5,"2":5,"3":5,"4":5,"5":5,"6":5,"7":4,"8":1,"9":0,"10":5,"11":0,"12":0,"13":5,"14":0,"15":0,"16":0,"17":0,"18":0,"19":0},"12":{"0":1,"1":5,"2":5,"3":5,"4":5,"5":5,"6":5,"7":5,"8":5,"9":5,"10":5,"11":5,"12":0,"13":0,"14":0,"15":0,"16":3,"17":0,"18":0,"19":0},"13":{"0":5,"1":5,"2":0,"3":5,"4":5,"5":5,"6":5,"7":5,"8":5,"9":5,"10":5,"11":5,"12":5,"13":0,"14":0,"15":1,"16":0,"17":0,"18":0,"19":0},"14":{"0":5,"1":3,"2":5,"3":5,"4":5,"5":5,"6":2,"7":5,"8":5,"9":3,"10":0,"11":5,"12":5,"13":0,"14":0,"15":4,"16":3,"17":0,"18":0,"19":0},"15":{"0":5,"1":5,"2":5,"3":5,"4":5,"5":1,"6":5,"7":5,"8":5,"9":4,"10":5,"11":4,"12":0,"13":5,"14":5,"15":0,"16":0,"17":0,"18":0,"19":0},"16":{"0":5,"1":5,"2":1,"3":2,"4":5,"5":5,"6":5,"7":0,"8":2,"9":5,"10":5,"11":5,"12":5,"13":1,"14":0,"15":5,"16":0,"17":0,"18":0,"19":0},"17":{"0":0,"1":0,"2":5,"3":1,"4":0,"5":0,"6":3,"7":5,"8":5,"9":0,"10":5,"11":5,"12":5,"13":2,"14":4,"15":5,"16":3,"17":0,"18":0,"19":0},"18":{"0":5,"1":5,"2":5,"3":4,"4":2,"5":5,"6":5,"7":5,"8":5,"9":5,"10":5,"11":5,"12":5,"13":5,"14":5,"15":5,"16":5,"17":5,"18":0,"19":4},"19":{"0":5,"1":5,"2":1,"3":5,"4":5,"5":5,"6":5,"7":5,"8":5,"9":5,"10":5,"11":0,"12":0,"13":5,"14":0,"15":5,"16":5,"17":5,"18":2,"19":0}},"method":"lop","closest_pair":[[0,1,3,2,4,5,6,8,7,9,10,11,12,13,15,16,14,17,19,18],[0,1,3,2,4,5,6,7,8,9,10,11,12,13,15,16,14,17,19,18]],"farthest_pair":[[0,1,3,2,4,5,6,7,8,9,10,11,12,13,15,16,14,17,19,18],[0,1,3,2,4,5,6,8,7,9,10,11,12,13,15,16,14,17,19,18]],"centroid_solution":[0,1,3,2,4,5,6,7,8,9,10,11,12,13,15,16,14,17,19,18]}