{"solutions":[[0,1,2,4,3,5,6,7,9,8,10,11,12,14,13,15,16,17,18,19],[0,2,1,4,3,5,6,7,9,8,10,11,12,14,13,15,16,17,18,19],[0,1,2,4,3,5,6,7,9,8,10,11,12,13,14,15,16,17,18,19],[0,2,1,4,3,5,6,7,9,8,10,11,12,13,14,15,16,17,18,19],[0,2,1,4,3,5,6,7,9,8,10,11,14,12,13,15,16,17,18,19],[0,1,2,4,3,5,6,7,9,8,10,11,14,12,13,15,16,17,18,19]],"obj":721.0,"max_tau_solutions":null,"centroid_x":[[0.0,1.0,1.0,1.0,1.0,1.0,1.0,1.0,1.0,1.0,1.0,1.0,1.0,1.0,1.0,1.0,1.0,1.0,1.0,1.0],[0.0,0.0,0.5003009053,1.0,1.0,1.0,1.0,1.0,1.0,1.0,1.0,1.0,1.0,1.0,1.0,1.0,1.0,1.0,1.0,1.0],[0.0,0.4996990947,0.0,1.0,1.0,1.0,1.0,1.0,1.0,1.0,1.0,1.0,1.0,1.0,1.0,1.0,1.0,1.0,1.0,1.0],[0.0,0.0,0.0,0.0,0.0,1.0,1.0,1.0,1.0,1.0,1.0,1.0,1.0,1.0,1.0,1.0,1.0,1.0,1.0,1.0],[0.0,0.0,0.0,1.0,0.0,1.0,1.0,1.0,1.0,1.0,1.0,1.0,1.0,1.0,1.0,1.0,1.0,1.0,1.0,1.0],[0.0,0.0,0.0,0.0,0.0,0.0,1.0,1.0,1.0,1.0,1.0,1.0,1.0,1.0,1.0,1.0,1.0,1.0,1.0,1.0],[0.0,0.0,0.0,0.0,0.0,0.0,0.0,1.0,1.0,1.0,1.0,1.0,1.0,1.0,1.0,1.0,1.0,1.0,1.0,1.0],[0.0,0.0,0.0,0.0,0.0,0.0,0.0,0.0,1.0,1.0,1.0,1.0,1.0,1.0,1.0,1.0,1.0,1.0,1.0,1.0],[0.0,0.0,0.0,0.0,0.0,0.0,0.0,0.0,0.0,0.0,1.0,1.0,1.0,1.0,1.0,1.0,1.0,1.0,1.0,1.0],[0.0,0.0,0.0,0.0,0.0,0.0,0.0,0.0,1.0,0.0,1.0,1.0,1.0,1.0,1.0,1.0,1.0,1.0,1.0,1.0],[0.0,0.0,0.0,0.0,0.0,0.0,0.0,0.0,0.0,0.0,0.0,1.0,1.0,1.0,1.0,1.0,1.0,1.0,1.0,1.0],[0.0,0.0,0.0,0.0,0.0,0.0,0.0,0.0,0.0,0.0,0.0,0.0,1.0,1.0,1.0,1.0,1.0,1.0,1.0,1.0],[0.0,0.0,0.0,0.0,0.0,0.0,0.0,0.0,0.0,0.0,0.0,0.0,0.0,1.0,0.550329717,1.0,1.0,1.0,1.0,1.0],[0.0,0.0,0.0,0.0,0.0,0.0,0.0,0.0,0.0,0.0,0.0,0.0,0.0,0.0,0.4319841923,1.0,1.0,1.0,1.0,1.0],[0.0,0.0,0.0,0.0,0.0,0.0,0.0,0.0,0.0,0.0,0.0,0.0,0.449670283,0.5680158077,0.0,1.0,1.0,1.0,1.0,1.0],[0.0,0.0,0.0,0.0,0.0,0.0,0.0,0.0,0.0,0.0,0.0,0.0,0.0,0.0,0.0,0.0,1.0,1.0,1.0,1.0],[0.0,0.0,0.0,0.0,0.0,0.0,0.0,0.0,0.0,0.0,0.0,0.0,0.0,0.0,0.0,0.0,0.0,1.0,1.0,1.0],[0.0,0.0,0.0,0.0,0.0,0.0,0.0,0.0,0.0,0.0,0.0,0.0,0.0,0.0,0.0,0.0,0.0,0.0,1.0,1.0],[0.0,0.0,0.0,0.0,0.0,0.0,0.0,0.0,0.0,0.0,0.0,0.0,0.0,0.0,0.0,0.0,0.0,0.0,0.0,1.0],[0.0,0.0,0.0,0.0,0.0,0.0,0.0,0.0,0.0,0.0,0.0,0.0,0.0,0.0,0.0,0.0,0.0,0.0,0.0,0.0]],"outlier_solution":[0,2,1,4,3,5,6,7,9,8,10,11,12,13,14,15,16,17,18,19],"dataset_id":502,"source_dataset_id":549,"options":null,"D":{"0":{"0":0,"1":0,"2":0,"3":0,"4":0,"5":0,"6":0,"7":0,"8":0,"9":0,"10":0,"11":0,"12":0,"13":0,"14":0,"15":0,"16":4,"17":0,"18":0,"19":0},"1":{"0":5,"1":0,"2":0,"3":0,"4":2,"5":3,"6":3,"7":0,"8":0,"9":2,"10":0,"11":0,"12":2,"13":0,"14":0,"15":0,"16":0,"17":0,"18":0,"19":5},"2":{"0":5,"1":0,"2":0,"3":0,"4":0,"5":3,"6":0,"7":0,"8":0,"9":0,"10":0,"11":0,"12":0,"13":0,"14":5,"15":0,"16":0,"17":0,"18":0,"19":0},"3":{"0":2,"1":5,"2":5,"3":0,"4":2,"5":0,"6":0,"7":0,"8":3,"9":0,"10":0,"11":0,"12":5,"13":0,"14":0,"15":0,"16":0,"17":0,"18":0,"19":0},"4":{"0":5,"1":3,"2":1,"3":0,"4":0,"5":0,"6":0,"7":0,"8":0,"9":1,"10":4,"11":1,"12":2,"13":0,"14":0,"15":0,"16":4,"17":0,"18":0,"19":0},"5":{"0":0,"1":5,"2":5,"3":5,"4":5,"5":0,"6":3,"7":0,"8":0,"9":0,"10":0,"11":2,"12":0,"13":0,"14":1,"15":0,"16":4,"17":0,"18":0,"19":0},"6":{"0":5,"1":5,"2":5,"3":0,"4":4,"5":5,"6":0,"7":0,"8":0,"9":0,"10":5,"11":0,"12":5,"13":0,"14":0,"15":0,"16":0,"17":0,"18":0,"19":0},"7":{"0":5,"1":4,"2":0,"3":5,"4":5,"5":5,"6":5,"7":0,"8":0,"9":0,"10":0,"11":0,"12":2,"13":0,"14":0,"15":0,"16":0,"17":0,"18":1,"19":1},"8":{"0":1,"1":5,"2":3,"3":5,"4":0,"5":5,"6":5,"7":4,"8":0,"9":5,"10":0,"11":0,"12":0,"13":0,"14":0,"15":0,"16":0,"17":0,"18":0,"19":0},"9":{"0":5,"1":4,"2":5,"3":5,"4":1,"5":2,"6":5,"7":5,"8":0,"9":0,"10":0,"11":0,"12":0,"13":0,"14":0,"15":1,"16":0,"17":5,"18":4,"19":4},"10":{"0":0,"1":4,"2":5,"3":0,"4":5,"5":5,"6":1,"7":5,"8":4,"9":0,"10":0,"11":0,"12":0,"13":0,"14":0,"15":0,"16":0,"17":0,"18":0,"19":0},"11":{"0":3,"1":5,"2":3,"3":5,"4":5,"5":0,"6":5,"7":0,"8":5,"9":5,"10":5,"11":0,"12":4,"13":0,"14":0,"15":0,"16":0,"17":0,"18":5,"19":0},"12":{"0":0,"1":0,"2":4,"3":5,"4":5,"5":5,"6":5,"7":0,"8":1,"9":5,"10":5,"11":5,"12":0,"13":2,"14":0,"15":0,"16":5,"17":0,"18":0,"19":0},"13":{"0":5,"1":5,"2":5,"3":2,"4":4,"5":0,"6":3,"7":5,"8":5,"9":5,"10":5,"11":5,"12":5,"13":0,"14":0,"15":1,"16":0,"17":0,"18":0,"19":0},"14":{"0":5,"1":0,"2":0,"3":1,"4":5,"5":2,"6":4,"7":5,"8":5,"9":5,"10":1,"11":5,"12":0,"13":0,"14":0,"15":0,"16":0,"17":0,"18":0,"19":0},"15":{"0":5,"1":5,"2":5,"3":5,"4":5,"5":5,"6":5,"7":5,"8":5,"9":5,"10":5,"11":5,"12":5,"13":5,"14":5,"15":0,"16":0,"17":0,"18":0,"19":0},"16":{"0":4,"1":5,"2":5,"3":5,"4":0,"5":5,"6":5,"7":5,"8":5,"9":5,"10":0,"11":5,"12":5,"13":5,"14":5,"15":5,"16":0,"17":0,"18":0,"19":0},"17":{"0":0,"1":0,"2":0,"3":2,"4":5,"5":5,"6":4,"7":5,"8":3,"9":0,"10":5,"11":5,"12":5,"13":5,"14":5,"15":0,"16":5,"17":0,"18":0,"19":2},"18":{"0":5,"1":5,"2":5,"3":5,"4":5,"5":5,"6":0,"7":5,"8":5,"9":5,"10":0,"11":5,"12":5,"13":5,"14":5,"15":5,"16":0,"17":2,"18":0,"19":0},"19":{"0":4,"1":5,"2":5,"3":2,"4":5,"5":5,"6":0,"7":4,"8":5,"9":5,"10":4,"11":4,"12":0,"13":5,"14":5,"15":5,"16":5,"17":5,"18":5,"19":0}},"method":"lop","closest_pair":[[0,2,1,4,3,5,6,7,9,8,10,11,14,12,13,15,16,17,18,19],[0,1,2,4,3,5,6,7,9,8,10,11,14,12,13,15,16,17,18,19]],"farthest_pair":[[0,1,2,4,3,5,6,7,9,8,10,11,12,13,14,15,16,17,18,19],[0,2,1,4,3,5,6,7,9,8,10,11,14,12,13,15,16,17,18,19]],"tau_farthest_pair":0.9684210526,"tau_closest_pair":0.9894736842,"beta":0.0000058149,"centroid_solution":[0,1,2,4,3,5,6,7,9,8,10,11,12,14,13,15,16,17,18,19]}