{"solutions":[[0,6,1,11,2,5,3,7,10,12,4,13,8,9,14,16,15,17,18,19],[0,6,1,11,2,5,12,3,7,4,13,8,9,10,14,15,16,17,18,19],[0,6,1,11,2,5,12,3,7,4,13,8,10,9,14,16,15,17,18,19],[0,6,1,11,2,5,12,3,7,10,4,13,8,9,14,16,15,17,18,19],[0,1,2,5,6,7,10,11,12,3,4,13,8,9,14,16,15,17,18,19],[0,6,1,11,2,5,12,3,7,4,13,8,10,9,14,15,16,17,18,19],[2,0,1,5,6,7,10,11,12,3,4,13,8,9,14,15,16,17,18,19],[0,6,1,11,2,5,12,3,7,4,13,8,9,10,14,16,15,17,18,19],[0,1,2,5,6,7,10,11,12,3,4,13,8,9,14,15,16,17,18,19],[2,0,1,5,6,7,10,11,12,3,4,13,8,9,14,16,15,17,18,19],[0,6,1,11,2,5,3,7,10,12,4,13,8,9,14,15,16,17,18,19],[0,6,1,11,2,5,12,3,7,10,4,13,8,9,14,15,16,17,18,19],[0,6,1,11,2,3,5,7,10,12,4,13,8,9,14,15,16,17,18,19],[0,6,1,11,2,3,5,7,10,12,4,13,8,9,14,16,15,17,18,19]],"obj":583.0,"max_tau_solutions":null,"centroid_x":[[0.0,1.0,0.8307012126,1.0,1.0,1.0,1.0,1.0,1.0,1.0,1.0,1.0,1.0,1.0,1.0,1.0,1.0,1.0,1.0,1.0],[0.0,0.0,0.8307012126,1.0,1.0,1.0,0.518310744,1.0,1.0,1.0,1.0,1.0,1.0,1.0,1.0,1.0,1.0,1.0,1.0,1.0],[0.1692987874,0.1692987874,0.0,0.772369965,0.772369965,0.7125272159,0.23083796,0.7125272159,1.0,1.0,1.0,0.23083796,0.7125272159,0.8474276739,1.0,1.0,1.0,1.0,1.0,1.0],[0.0,0.0,0.227630035,0.0,1.0,0.1198839574,0.0,0.4816892559,1.0,1.0,0.4816892559,0.0,0.1363993619,1.0,1.0,1.0,1.0,1.0,1.0,1.0],[0.0,0.0,0.227630035,0.0,0.0,0.0,0.0,0.0,1.0,1.0,0.3001291399,0.0,0.0,1.0,1.0,1.0,1.0,1.0,1.0,1.0],[0.0,0.0,0.2874727841,0.8801160426,1.0,0.0,0.518310744,1.0,1.0,1.0,1.0,0.518310744,1.0,1.0,1.0,1.0,1.0,1.0,1.0,1.0],[0.0,0.481689256,0.76916204,1.0,1.0,0.481689256,0.0,1.0,1.0,1.0,1.0,1.0,1.0,1.0,1.0,1.0,1.0,1.0,1.0,1.0],[0.0,0.0,0.2874727841,0.5183107441,1.0,0.0,0.0,0.0,1.0,1.0,1.0,0.518310744,0.6547101059,1.0,1.0,1.0,1.0,1.0,1.0,1.0],[0.0,0.0,0.0,0.0,0.0,0.0,0.0,0.0,0.0,1.0,0.3001291399,0.0,0.0,0.0,1.0,1.0,1.0,1.0,1.0,1.0],[0.0,0.0,0.0,0.0,0.0,0.0,0.0,0.0,0.0,0.0,0.2000447358,0.0,0.0,0.0,1.0,1.0,1.0,1.0,1.0,1.0],[0.0,0.0,0.0,0.5183107441,0.6998708601,0.0,0.0,0.0,0.6998708601,0.7999552642,0.0,0.23083796,0.654710106,0.6998708601,1.0,1.0,1.0,1.0,1.0,1.0],[0.0,0.0,0.76916204,1.0,1.0,0.481689256,0.0,0.481689256,1.0,1.0,0.76916204,0.0,1.0,1.0,1.0,1.0,1.0,1.0,1.0,1.0],[0.0,0.0,0.2874727841,0.8636006381,1.0,0.0,0.0,0.3452898941,1.0,1.0,0.345289894,0.0,0.0,1.0,1.0,1.0,1.0,1.0,1.0,1.0],[0.0,0.0,0.1525723261,0.0,0.0,0.0,0.0,0.0,1.0,1.0,0.3001291399,0.0,0.0,0.0,1.0,1.0,1.0,1.0,1.0,1.0],[0.0,0.0,0.0,0.0,0.0,0.0,0.0,0.0,0.0,0.0,0.0,0.0,0.0,0.0,0.0,1.0,1.0,1.0,1.0,1.0],[0.0,0.0,0.0,0.0,0.0,0.0,0.0,0.0,0.0,0.0,0.0,0.0,0.0,0.0,0.0,0.0,0.5117070797,1.0,1.0,1.0],[0.0,0.0,0.0,0.0,0.0,0.0,0.0,0.0,0.0,0.0,0.0,0.0,0.0,0.0,0.0,0.4882929203,0.0,1.0,1.0,1.0],[0.0,0.0,0.0,0.0,0.0,0.0,0.0,0.0,0.0,0.0,0.0,0.0,0.0,0.0,0.0,0.0,0.0,0.0,1.0,1.0],[0.0,0.0,0.0,0.0,0.0,0.0,0.0,0.0,0.0,0.0,0.0,0.0,0.0,0.0,0.0,0.0,0.0,0.0,0.0,1.0],[0.0,0.0,0.0,0.0,0.0,0.0,0.0,0.0,0.0,0.0,0.0,0.0,0.0,0.0,0.0,0.0,0.0,0.0,0.0,0.0]],"outlier_solution":[2,0,1,5,6,7,10,11,12,3,4,13,8,9,14,16,15,17,18,19],"dataset_id":520,"source_dataset_id":567,"options":null,"D":{"0":{"0":0,"1":1,"2":3,"3":0,"4":5,"5":0,"6":0,"7":0,"8":0,"9":0,"10":1,"11":1,"12":5,"13":0,"14":0,"15":5,"16":0,"17":0,"18":0,"19":0},"1":{"0":5,"1":0,"2":0,"3":0,"4":5,"5":0,"6":5,"7":1,"8":0,"9":0,"10":0,"11":1,"12":0,"13":0,"14":0,"15":0,"16":0,"17":0,"18":3,"19":1},"2":{"0":2,"1":1,"2":0,"3":0,"4":2,"5":0,"6":0,"7":1,"8":0,"9":0,"10":0,"11":5,"12":4,"13":3,"14":2,"15":2,"16":4,"17":1,"18":0,"19":3},"3":{"0":2,"1":5,"2":1,"3":0,"4":0,"5":0,"6":0,"7":0,"8":0,"9":0,"10":3,"11":4,"12":2,"13":4,"14":1,"15":0,"16":0,"17":4,"18":0,"19":0},"4":{"0":1,"1":5,"2":1,"3":5,"4":0,"5":2,"6":0,"7":1,"8":1,"9":1,"10":5,"11":4,"12":2,"13":0,"14":0,"15":3,"16":0,"17":0,"18":0,"19":0},"5":{"0":0,"1":5,"2":5,"3":0,"4":0,"5":0,"6":0,"7":0,"8":1,"9":0,"10":0,"11":2,"12":1,"13":0,"14":0,"15":5,"16":3,"17":0,"18":5,"19":0},"6":{"0":2,"1":2,"2":0,"3":0,"4":1,"5":5,"6":0,"7":0,"8":1,"9":0,"10":0,"11":0,"12":0,"13":0,"14":2,"15":0,"16":0,"17":0,"18":0,"19":0},"7":{"0":0,"1":3,"2":0,"3":5,"4":0,"5":5,"6":4,"7":0,"8":0,"9":0,"10":0,"11":0,"12":0,"13":0,"14":0,"15":0,"16":5,"17":4,"18":0,"19":0},"8":{"0":5,"1":5,"2":5,"3":2,"4":5,"5":5,"6":0,"7":5,"8":0,"9":0,"10":0,"11":5,"12":0,"13":5,"14":5,"15":0,"16":0,"17":1,"18":0,"19":0},"9":{"0":5,"1":5,"2":1,"3":3,"4":5,"5":5,"6":0,"7":3,"8":5,"9":0,"10":0,"11":0,"12":5,"13":0,"14":0,"15":3,"16":0,"17":0,"18":0,"19":0},"10":{"0":2,"1":0,"2":2,"3":0,"4":3,"5":5,"6":2,"7":5,"8":3,"9":0,"10":0,"11":0,"12":4,"13":2,"14":0,"15":0,"16":4,"17":0,"18":0,"19":0},"11":{"0":2,"1":5,"2":3,"3":0,"4":1,"5":0,"6":5,"7":2,"8":5,"9":1,"10":1,"11":0,"12":1,"13":2,"14":0,"15":0,"16":5,"17":0,"18":0,"19":4},"12":{"0":4,"1":5,"2":1,"3":1,"4":1,"5":5,"6":5,"7":0,"8":1,"9":5,"10":5,"11":5,"12":0,"13":0,"14":1,"15":0,"16":0,"17":0,"18":4,"19":4},"13":{"0":3,"1":4,"2":3,"3":5,"4":4,"5":5,"6":4,"7":5,"8":0,"9":0,"10":3,"11":5,"12":2,"13":0,"14":0,"15":1,"16":1,"17":0,"18":2,"19":5},"14":{"0":4,"1":0,"2":4,"3":5,"4":5,"5":0,"6":2,"7":1,"8":5,"9":1,"10":1,"11":5,"12":3,"13":0,"14":0,"15":0,"16":4,"17":0,"18":0,"19":0},"15":{"0":2,"1":5,"2":0,"3":1,"4":5,"5":5,"6":0,"7":5,"8":4,"9":5,"10":5,"11":3,"12":5,"13":3,"14":1,"15":0,"16":5,"17":0,"18":0,"19":0},"16":{"0":5,"1":5,"2":5,"3":5,"4":5,"5":1,"6":1,"7":5,"8":5,"9":5,"10":5,"11":2,"12":0,"13":4,"14":5,"15":5,"16":0,"17":0,"18":0,"19":0},"17":{"0":5,"1":5,"2":3,"3":4,"4":5,"5":1,"6":1,"7":5,"8":5,"9":0,"10":5,"11":1,"12":0,"13":5,"14":2,"15":4,"16":3,"17":0,"18":3,"19":0},"18":{"0":5,"1":2,"2":0,"3":2,"4":3,"5":1,"6":2,"7":5,"8":3,"9":3,"10":0,"11":5,"12":2,"13":1,"14":0,"15":0,"16":2,"17":4,"18":0,"19":3},"19":{"0":5,"1":5,"2":1,"3":5,"4":5,"5":3,"6":5,"7":5,"8":4,"9":5,"10":4,"11":5,"12":0,"13":5,"14":0,"15":5,"16":2,"17":4,"18":5,"19":0}},"method":"lop","closest_pair":[[0,6,1,11,2,5,12,3,7,4,13,8,10,9,14,15,16,17,18,19],[0,6,1,11,2,5,12,3,7,4,13,8,10,9,14,16,15,17,18,19]],"farthest_pair":[[0,6,1,11,2,5,12,3,7,4,13,8,9,10,14,16,15,17,18,19],[2,0,1,5,6,7,10,11,12,3,4,13,8,9,14,15,16,17,18,19]],"centroid_solution":[0,6,1,11,2,5,12,3,7,10,4,13,8,9,14,15,16,17,18,19]}