{"solutions":[[1,3,0,2,5,4,7,8,6,9,11,13,10,12,15,16,18,17,14,19],[1,3,0,2,5,4,7,8,6,9,11,13,10,12,15,16,17,18,14,19],[1,3,0,2,5,4,6,7,8,9,11,10,13,12,15,16,17,14,18,19],[1,3,0,2,5,4,6,7,8,9,11,13,10,12,15,16,18,17,14,19],[1,3,0,2,5,4,6,7,8,9,11,10,13,12,15,16,17,18,14,19],[1,3,0,2,5,4,7,8,6,9,11,10,13,12,15,16,18,17,14,19],[1,3,0,2,5,4,6,7,8,9,10,11,13,12,15,16,17,18,14,19],[1,3,0,2,5,4,6,7,8,9,11,10,13,12,15,16,18,17,14,19],[1,3,0,2,5,4,7,8,6,9,11,10,13,12,15,16,17,18,14,19],[1,3,0,2,5,4,7,8,6,9,10,11,13,12,15,16,17,14,18,19],[1,3,0,2,5,4,7,8,6,9,10,11,13,12,15,16,18,17,14,19],[1,3,0,2,5,4,7,8,6,9,11,10,13,12,15,16,17,14,18,19],[1,3,0,2,5,4,6,7,8,9,11,13,10,12,15,16,17,14,18,19],[1,3,0,2,5,4,6,7,8,9,10,11,13,12,15,16,17,14,18,19],[1,3,0,2,5,4,6,7,8,9,10,11,13,12,15,16,18,17,14,19],[1,3,0,2,5,4,6,7,8,9,11,13,10,12,15,16,17,18,14,19],[1,3,0,2,5,4,7,8,6,9,10,11,13,12,15,16,17,18,14,19],[1,3,0,2,5,4,7,8,6,9,11,13,10,12,15,16,17,14,18,19]],"obj":709.0,"max_tau_solutions":null,"centroid_x":[[0.0,0.0,1.0,0.0,1.0,1.0,1.0,1.0,1.0,1.0,1.0,1.0,1.0,1.0,1.0,1.0,1.0,1.0,1.0,1.0],[1.0,0.0,1.0,1.0,1.0,1.0,1.0,1.0,1.0,1.0,1.0,1.0,1.0,1.0,1.0,1.0,1.0,1.0,1.0,1.0],[0.0,0.0,0.0,0.0,1.0,1.0,1.0,1.0,1.0,1.0,1.0,1.0,1.0,1.0,1.0,1.0,1.0,1.0,1.0,1.0],[1.0,0.0,1.0,0.0,1.0,1.0,1.0,1.0,1.0,1.0,1.0,1.0,1.0,1.0,1.0,1.0,1.0,1.0,1.0,1.0],[0.0,0.0,0.0,0.0,0.0,0.0,1.0,1.0,1.0,1.0,1.0,1.0,1.0,1.0,1.0,1.0,1.0,1.0,1.0,1.0],[0.0,0.0,0.0,0.0,1.0,0.0,1.0,1.0,1.0,1.0,1.0,1.0,1.0,1.0,1.0,1.0,1.0,1.0,1.0,1.0],[0.0,0.0,0.0,0.0,0.0,0.0,0.0,0.4956560418,0.4956560417,1.0,1.0,1.0,1.0,1.0,1.0,1.0,1.0,1.0,1.0,1.0],[0.0,0.0,0.0,0.0,0.0,0.0,0.5043439582,0.0,1.0,1.0,1.0,1.0,1.0,1.0,1.0,1.0,1.0,1.0,1.0,1.0],[0.0,0.0,0.0,0.0,0.0,0.0,0.5043439583,0.0,0.0,1.0,1.0,1.0,1.0,1.0,1.0,1.0,1.0,1.0,1.0,1.0],[0.0,0.0,0.0,0.0,0.0,0.0,0.0,0.0,0.0,0.0,1.0,1.0,1.0,1.0,1.0,1.0,1.0,1.0,1.0,1.0],[0.0,0.0,0.0,0.0,0.0,0.0,0.0,0.0,0.0,0.0,0.0,0.4269469013,1.0,0.5667218662,1.0,1.0,1.0,1.0,1.0,1.0],[0.0,0.0,0.0,0.0,0.0,0.0,0.0,0.0,0.0,0.0,0.5730530987,0.0,1.0,1.0,1.0,1.0,1.0,1.0,1.0,1.0],[0.0,0.0,0.0,0.0,0.0,0.0,0.0,0.0,0.0,0.0,0.0,0.0,0.0,0.0,1.0,1.0,1.0,1.0,1.0,1.0],[0.0,0.0,0.0,0.0,0.0,0.0,0.0,0.0,0.0,0.0,0.4332781338,0.0,1.0,0.0,1.0,1.0,1.0,1.0,1.0,1.0],[0.0,0.0,0.0,0.0,0.0,0.0,0.0,0.0,0.0,0.0,0.0,0.0,0.0,0.0,0.0,0.0,0.0,0.0,0.4228746413,1.0],[0.0,0.0,0.0,0.0,0.0,0.0,0.0,0.0,0.0,0.0,0.0,0.0,0.0,0.0,1.0,0.0,1.0,1.0,1.0,1.0],[0.0,0.0,0.0,0.0,0.0,0.0,0.0,0.0,0.0,0.0,0.0,0.0,0.0,0.0,1.0,0.0,0.0,1.0,1.0,1.0],[0.0,0.0,0.0,0.0,0.0,0.0,0.0,0.0,0.0,0.0,0.0,0.0,0.0,0.0,1.0,0.0,0.0,0.0,0.5647730275,1.0],[0.0,0.0,0.0,0.0,0.0,0.0,0.0,0.0,0.0,0.0,0.0,0.0,0.0,0.0,0.5771253587,0.0,0.0,0.4352269725,0.0,1.0],[0.0,0.0,0.0,0.0,0.0,0.0,0.0,0.0,0.0,0.0,0.0,0.0,0.0,0.0,0.0,0.0,0.0,0.0,0.0,0.0]],"outlier_solution":[1,3,0,2,5,4,6,7,8,9,10,11,13,12,15,16,17,14,18,19],"dataset_id":552,"source_dataset_id":599,"options":null,"D":{"0":{"0":0,"1":3,"2":0,"3":5,"4":0,"5":0,"6":0,"7":4,"8":0,"9":0,"10":0,"11":0,"12":0,"13":0,"14":0,"15":3,"16":0,"17":0,"18":4,"19":0},"1":{"0":5,"1":0,"2":0,"3":1,"4":2,"5":4,"6":0,"7":0,"8":0,"9":0,"10":4,"11":1,"12":1,"13":1,"14":0,"15":0,"16":0,"17":0,"18":0,"19":0},"2":{"0":3,"1":5,"2":0,"3":5,"4":4,"5":0,"6":0,"7":0,"8":0,"9":0,"10":0,"11":0,"12":3,"13":0,"14":0,"15":0,"16":0,"17":0,"18":0,"19":5},"3":{"0":0,"1":5,"2":5,"3":0,"4":0,"5":0,"6":0,"7":0,"8":0,"9":0,"10":0,"11":0,"12":0,"13":0,"14":0,"15":0,"16":2,"17":0,"18":0,"19":0},"4":{"0":5,"1":0,"2":5,"3":5,"4":0,"5":2,"6":0,"7":0,"8":0,"9":0,"10":0,"11":0,"12":5,"13":0,"14":0,"15":0,"16":0,"17":0,"18":2,"19":0},"5":{"0":1,"1":5,"2":5,"3":5,"4":0,"5":0,"6":0,"7":0,"8":0,"9":0,"10":0,"11":0,"12":0,"13":0,"14":2,"15":1,"16":0,"17":0,"18":0,"19":0},"6":{"0":5,"1":0,"2":5,"3":5,"4":3,"5":5,"6":0,"7":0,"8":3,"9":2,"10":1,"11":0,"12":0,"13":3,"14":0,"15":0,"16":0,"17":2,"18":0,"19":0},"7":{"0":5,"1":3,"2":5,"3":0,"4":5,"5":5,"6":3,"7":0,"8":0,"9":0,"10":0,"11":0,"12":0,"13":0,"14":3,"15":0,"16":0,"17":0,"18":0,"19":0},"8":{"0":1,"1":5,"2":5,"3":2,"4":5,"5":5,"6":0,"7":5,"8":0,"9":4,"10":3,"11":2,"12":0,"13":3,"14":1,"15":4,"16":0,"17":0,"18":0,"19":4},"9":{"0":1,"1":5,"2":5,"3":5,"4":3,"5":5,"6":5,"7":5,"8":5,"9":0,"10":3,"11":1,"12":2,"13":1,"14":1,"15":4,"16":0,"17":0,"18":0,"19":4},"10":{"0":5,"1":5,"2":5,"3":5,"4":5,"5":5,"6":5,"7":5,"8":4,"9":5,"10":0,"11":0,"12":0,"13":0,"14":0,"15":0,"16":0,"17":0,"18":0,"19":0},"11":{"0":0,"1":4,"2":5,"3":5,"4":5,"5":5,"6":5,"7":5,"8":5,"9":5,"10":0,"11":0,"12":5,"13":2,"14":1,"15":0,"16":0,"17":0,"18":0,"19":0},"12":{"0":0,"1":5,"2":0,"3":5,"4":5,"5":1,"6":5,"7":5,"8":5,"9":0,"10":5,"11":5,"12":0,"13":2,"14":0,"15":0,"16":0,"17":4,"18":0,"19":0},"13":{"0":5,"1":5,"2":5,"3":0,"4":5,"5":5,"6":5,"7":0,"8":5,"9":5,"10":0,"11":5,"12":0,"13":0,"14":1,"15":0,"16":1,"17":0,"18":0,"19":0},"14":{"0":5,"1":1,"2":5,"3":5,"4":5,"5":0,"6":5,"7":5,"8":5,"9":4,"10":5,"11":5,"12":3,"13":5,"14":0,"15":0,"16":5,"17":4,"18":0,"19":0},"15":{"0":5,"1":4,"2":5,"3":5,"4":5,"5":5,"6":5,"7":0,"8":5,"9":1,"10":5,"11":5,"12":4,"13":5,"14":2,"15":0,"16":0,"17":0,"18":0,"19":0},"16":{"0":0,"1":3,"2":0,"3":2,"4":5,"5":2,"6":5,"7":5,"8":0,"9":0,"10":5,"11":5,"12":5,"13":5,"14":3,"15":5,"16":0,"17":0,"18":0,"19":0},"17":{"0":0,"1":1,"2":4,"3":5,"4":1,"5":0,"6":5,"7":5,"8":5,"9":0,"10":1,"11":1,"12":5,"13":5,"14":0,"15":5,"16":1,"17":0,"18":0,"19":0},"18":{"0":5,"1":5,"2":5,"3":5,"4":5,"5":0,"6":5,"7":2,"8":5,"9":4,"10":5,"11":2,"12":0,"13":5,"14":0,"15":2,"16":5,"17":0,"18":0,"19":2},"19":{"0":2,"1":5,"2":5,"3":5,"4":5,"5":5,"6":5,"7":5,"8":4,"9":5,"10":2,"11":0,"12":5,"13":2,"14":5,"15":1,"16":5,"17":5,"18":5,"19":0}},"method":"lop","closest_pair":[[1,3,0,2,5,4,7,8,6,9,11,13,10,12,15,16,18,17,14,19],[1,3,0,2,5,4,7,8,6,9,11,10,13,12,15,16,18,17,14,19]],"farthest_pair":[[1,3,0,2,5,4,7,8,6,9,10,11,13,12,15,16,17,14,18,19],[1,3,0,2,5,4,6,7,8,9,11,13,10,12,15,16,18,17,14,19]],"centroid_solution":[1,3,0,2,5,4,7,8,6,9,11,10,13,12,15,16,17,18,14,19]}