{"solutions":[[0,2,1,3,4,5,6,7,8,11,9,10,12,13,15,14,17,16,19,18],[0,2,1,3,4,5,6,7,8,11,9,10,12,13,15,16,14,17,18,19],[0,2,1,3,4,5,6,7,8,11,9,10,12,13,15,14,17,16,18,19],[0,2,1,3,4,5,6,7,8,11,9,10,12,13,15,16,14,17,19,18],[0,1,2,3,4,5,6,7,8,11,9,10,12,13,15,16,14,17,18,19],[0,1,2,3,4,5,6,7,8,11,9,10,12,13,15,16,14,17,19,18],[0,2,1,3,4,5,6,7,8,11,9,10,12,13,14,15,17,16,19,18],[0,2,1,3,4,5,6,7,8,11,9,10,12,13,15,14,16,17,19,18],[0,1,2,3,4,5,6,7,8,11,9,10,12,13,14,15,16,17,19,18],[0,2,1,3,4,5,6,7,8,11,9,10,12,13,15,14,16,17,18,19],[0,1,2,3,4,5,6,7,8,11,9,10,12,13,15,14,17,16,18,19],[0,2,1,3,4,5,6,7,8,11,9,10,12,13,14,15,17,16,18,19],[0,1,2,3,4,5,6,7,8,11,9,10,12,13,15,14,17,16,19,18],[0,2,1,3,4,5,6,7,8,11,9,10,12,13,14,15,16,17,19,18],[0,1,2,3,4,5,6,7,8,11,9,10,12,13,14,15,16,17,18,19],[0,2,1,3,4,5,6,7,8,11,9,10,12,13,14,15,16,17,18,19],[0,1,2,3,4,5,6,7,8,11,9,10,12,13,14,15,17,16,18,19],[0,1,2,3,4,5,6,7,8,11,9,10,12,13,15,14,16,17,19,18],[0,1,2,3,4,5,6,7,8,11,9,10,12,13,14,15,17,16,19,18],[0,1,2,3,4,5,6,7,8,11,9,10,12,13,15,14,16,17,18,19]],"obj":702.0,"max_tau_solutions":null,"centroid_x":[[0.0,1.0,1.0,1.0,1.0,1.0,1.0,1.0,1.0,1.0,1.0,1.0,1.0,1.0,1.0,1.0,1.0,1.0,1.0,1.0],[0.0,0.0,0.510849567,1.0,1.0,1.0,1.0,1.0,1.0,1.0,1.0,1.0,1.0,1.0,1.0,1.0,1.0,1.0,1.0,1.0],[0.0,0.489150433,0.0,1.0,1.0,1.0,1.0,1.0,1.0,1.0,1.0,1.0,1.0,1.0,1.0,1.0,1.0,1.0,1.0,1.0],[0.0,0.0,0.0,0.0,1.0,1.0,1.0,1.0,1.0,1.0,1.0,1.0,1.0,1.0,1.0,1.0,1.0,1.0,1.0,1.0],[0.0,0.0,0.0,0.0,0.0,1.0,1.0,1.0,1.0,1.0,1.0,1.0,1.0,1.0,1.0,1.0,1.0,1.0,1.0,1.0],[0.0,0.0,0.0,0.0,0.0,0.0,1.0,1.0,1.0,1.0,1.0,1.0,1.0,1.0,1.0,1.0,1.0,1.0,1.0,1.0],[0.0,0.0,0.0,0.0,0.0,0.0,0.0,1.0,1.0,1.0,1.0,1.0,1.0,1.0,1.0,1.0,1.0,1.0,1.0,1.0],[0.0,0.0,0.0,0.0,0.0,0.0,0.0,0.0,1.0,1.0,1.0,1.0,1.0,1.0,1.0,1.0,1.0,1.0,1.0,1.0],[0.0,0.0,0.0,0.0,0.0,0.0,0.0,0.0,0.0,1.0,1.0,1.0,1.0,1.0,1.0,1.0,1.0,1.0,1.0,1.0],[0.0,0.0,0.0,0.0,0.0,0.0,0.0,0.0,0.0,0.0,1.0,0.0,1.0,1.0,1.0,1.0,1.0,1.0,1.0,1.0],[0.0,0.0,0.0,0.0,0.0,0.0,0.0,0.0,0.0,0.0,0.0,0.0,1.0,1.0,1.0,1.0,1.0,1.0,1.0,1.0],[0.0,0.0,0.0,0.0,0.0,0.0,0.0,0.0,0.0,1.0,1.0,0.0,1.0,1.0,1.0,1.0,1.0,1.0,1.0,1.0],[0.0,0.0,0.0,0.0,0.0,0.0,0.0,0.0,0.0,0.0,0.0,0.0,0.0,1.0,1.0,1.0,1.0,1.0,1.0,1.0],[0.0,0.0,0.0,0.0,0.0,0.0,0.0,0.0,0.0,0.0,0.0,0.0,0.0,0.0,1.0,1.0,1.0,1.0,1.0,1.0],[0.0,0.0,0.0,0.0,0.0,0.0,0.0,0.0,0.0,0.0,0.0,0.0,0.0,0.0,0.0,0.4671727379,0.6188328382,1.0,1.0,1.0],[0.0,0.0,0.0,0.0,0.0,0.0,0.0,0.0,0.0,0.0,0.0,0.0,0.0,0.0,0.5328272621,0.0,1.0,1.0,1.0,1.0],[0.0,0.0,0.0,0.0,0.0,0.0,0.0,0.0,0.0,0.0,0.0,0.0,0.0,0.0,0.3811671618,0.0,0.0,0.5889919404,1.0,1.0],[0.0,0.0,0.0,0.0,0.0,0.0,0.0,0.0,0.0,0.0,0.0,0.0,0.0,0.0,0.0,0.0,0.4110080596,0.0,1.0,1.0],[0.0,0.0,0.0,0.0,0.0,0.0,0.0,0.0,0.0,0.0,0.0,0.0,0.0,0.0,0.0,0.0,0.0,0.0,0.0,0.4984752151],[0.0,0.0,0.0,0.0,0.0,0.0,0.0,0.0,0.0,0.0,0.0,0.0,0.0,0.0,0.0,0.0,0.0,0.0,0.5015247849,0.0]],"outlier_solution":[0,2,1,3,4,5,6,7,8,11,9,10,12,13,14,15,17,16,18,19],"dataset_id":567,"source_dataset_id":614,"options":null,"D":{"0":{"0":0,"1":1,"2":0,"3":0,"4":0,"5":3,"6":0,"7":0,"8":0,"9":0,"10":2,"11":0,"12":0,"13":0,"14":1,"15":0,"16":0,"17":0,"18":1,"19":0},"1":{"0":5,"1":0,"2":0,"3":0,"4":0,"5":0,"6":0,"7":2,"8":0,"9":5,"10":0,"11":0,"12":0,"13":0,"14":0,"15":0,"16":0,"17":4,"18":0,"19":0},"2":{"0":5,"1":0,"2":0,"3":0,"4":0,"5":0,"6":0,"7":0,"8":0,"9":0,"10":0,"11":4,"12":0,"13":0,"14":4,"15":0,"16":0,"17":4,"18":4,"19":3},"3":{"0":2,"1":4,"2":5,"3":0,"4":0,"5":0,"6":0,"7":0,"8":0,"9":3,"10":5,"11":0,"12":0,"13":3,"14":5,"15":0,"16":5,"17":0,"18":0,"19":0},"4":{"0":5,"1":5,"2":5,"3":5,"4":0,"5":1,"6":3,"7":0,"8":4,"9":0,"10":0,"11":0,"12":5,"13":2,"14":0,"15":0,"16":0,"17":2,"18":1,"19":0},"5":{"0":5,"1":5,"2":5,"3":4,"4":4,"5":0,"6":0,"7":0,"8":0,"9":0,"10":0,"11":0,"12":0,"13":3,"14":0,"15":4,"16":3,"17":1,"18":0,"19":5},"6":{"0":5,"1":5,"2":3,"3":1,"4":3,"5":1,"6":0,"7":0,"8":0,"9":3,"10":1,"11":0,"12":0,"13":0,"14":0,"15":0,"16":1,"17":3,"18":0,"19":0},"7":{"0":4,"1":0,"2":5,"3":5,"4":5,"5":5,"6":3,"7":0,"8":0,"9":0,"10":0,"11":2,"12":0,"13":2,"14":1,"15":0,"16":4,"17":0,"18":5,"19":4},"8":{"0":5,"1":5,"2":0,"3":1,"4":5,"5":5,"6":2,"7":5,"8":0,"9":0,"10":2,"11":0,"12":0,"13":0,"14":0,"15":0,"16":0,"17":0,"18":0,"19":0},"9":{"0":5,"1":0,"2":3,"3":5,"4":0,"5":5,"6":0,"7":5,"8":5,"9":0,"10":0,"11":5,"12":0,"13":4,"14":0,"15":0,"16":0,"17":0,"18":0,"19":0},"10":{"0":5,"1":5,"2":0,"3":5,"4":5,"5":5,"6":5,"7":5,"8":5,"9":3,"10":0,"11":4,"12":0,"13":0,"14":0,"15":0,"16":0,"17":5,"18":0,"19":2},"11":{"0":0,"1":2,"2":5,"3":5,"4":0,"5":5,"6":5,"7":5,"8":5,"9":2,"10":5,"11":0,"12":2,"13":0,"14":0,"15":5,"16":0,"17":2,"18":0,"19":0},"12":{"0":5,"1":5,"2":5,"3":5,"4":3,"5":1,"6":5,"7":0,"8":5,"9":0,"10":1,"11":5,"12":0,"13":1,"14":0,"15":0,"16":0,"17":5,"18":0,"19":0},"13":{"0":5,"1":4,"2":5,"3":5,"4":0,"5":5,"6":3,"7":5,"8":1,"9":3,"10":5,"11":5,"12":5,"13":0,"14":0,"15":0,"16":5,"17":0,"18":0,"19":0},"14":{"0":5,"1":2,"2":0,"3":5,"4":5,"5":5,"6":5,"7":5,"8":0,"9":1,"10":5,"11":4,"12":0,"13":5,"14":0,"15":0,"16":5,"17":1,"18":0,"19":0},"15":{"0":0,"1":1,"2":0,"3":0,"4":5,"5":5,"6":5,"7":0,"8":5,"9":5,"10":0,"11":0,"12":4,"13":5,"14":0,"15":0,"16":0,"17":2,"18":0,"19":0},"16":{"0":2,"1":0,"2":5,"3":5,"4":5,"5":5,"6":5,"7":5,"8":5,"9":5,"10":5,"11":5,"12":2,"13":5,"14":5,"15":5,"16":0,"17":0,"18":0,"19":0},"17":{"0":5,"1":5,"2":4,"3":1,"4":5,"5":0,"6":0,"7":5,"8":5,"9":5,"10":0,"11":5,"12":3,"13":5,"14":5,"15":5,"16":0,"17":0,"18":0,"19":0},"18":{"0":5,"1":5,"2":5,"3":5,"4":5,"5":5,"6":5,"7":5,"8":5,"9":5,"10":5,"11":0,"12":5,"13":5,"14":5,"15":5,"16":2,"17":4,"18":0,"19":0},"19":{"0":5,"1":5,"2":0,"3":5,"4":5,"5":5,"6":5,"7":4,"8":1,"9":5,"10":5,"11":2,"12":3,"13":2,"14":5,"15":5,"16":5,"17":5,"18":0,"19":0}},"method":"lop","closest_pair":[[0,2,1,3,4,5,6,7,8,11,9,10,12,13,15,16,14,17,19,18],[0,2,1,3,4,5,6,7,8,11,9,10,12,13,15,16,14,17,18,19]],"farthest_pair":[[0,2,1,3,4,5,6,7,8,11,9,10,12,13,14,15,17,16,19,18],[0,1,2,3,4,5,6,7,8,11,9,10,12,13,15,16,14,17,18,19]],"centroid_solution":[0,1,2,3,4,5,6,7,8,11,9,10,12,13,15,14,16,17,19,18]}