{"solutions":[[0,1,2,3,4,5,6,9,8,7,10,12,11,13,15,14,16,17,18,19],[0,1,2,3,4,5,6,8,9,7,10,12,11,13,14,15,16,17,18,19],[0,1,2,3,4,6,5,8,9,7,10,12,11,13,14,15,16,17,18,19],[0,1,2,3,4,6,5,9,7,8,10,11,12,13,14,15,16,17,18,19],[0,1,2,3,4,6,5,8,9,7,10,11,12,13,15,14,16,17,18,19],[0,1,2,3,4,5,6,8,9,7,10,12,11,13,15,14,16,17,18,19],[0,1,2,3,4,6,5,9,8,7,10,11,12,13,15,14,16,17,18,19],[0,1,2,3,4,6,5,9,7,8,10,12,11,13,15,14,16,17,18,19],[0,1,2,3,4,5,6,9,8,7,10,11,12,13,15,14,16,17,18,19],[0,1,2,3,4,5,6,9,7,8,10,12,11,13,14,15,16,17,18,19],[0,1,2,3,4,6,5,8,9,7,10,12,11,13,15,14,16,17,18,19],[0,1,2,3,4,6,5,9,8,7,10,11,12,13,14,15,16,17,18,19],[0,1,2,3,4,6,5,9,8,7,10,12,11,13,15,14,16,17,18,19],[0,1,2,3,4,6,5,8,9,7,10,11,12,13,14,15,16,17,18,19],[0,1,2,3,4,6,5,9,7,8,10,12,11,13,14,15,16,17,18,19],[0,1,2,3,4,5,6,8,9,7,10,11,12,13,15,14,16,17,18,19],[0,1,2,3,4,5,6,8,9,7,10,11,12,13,14,15,16,17,18,19],[0,1,2,3,4,5,6,9,7,8,10,11,12,13,15,14,16,17,18,19],[0,1,2,3,4,6,5,9,8,7,10,12,11,13,14,15,16,17,18,19],[0,1,2,3,4,5,6,9,8,7,10,11,12,13,14,15,16,17,18,19],[0,1,2,3,4,5,6,9,7,8,10,12,11,13,15,14,16,17,18,19],[0,1,2,3,4,5,6,9,8,7,10,12,11,13,14,15,16,17,18,19],[0,1,2,3,4,6,5,9,7,8,10,11,12,13,15,14,16,17,18,19],[0,1,2,3,4,5,6,9,7,8,10,11,12,13,14,15,16,17,18,19]],"obj":695.0,"max_tau_solutions":null,"centroid_x":[[0.0,1.0,1.0,1.0,1.0,1.0,1.0,1.0,1.0,1.0,1.0,1.0,1.0,1.0,1.0,1.0,1.0,1.0,1.0,1.0],[0.0,0.0,1.0,1.0,1.0,1.0,1.0,1.0,1.0,1.0,1.0,1.0,1.0,1.0,1.0,1.0,1.0,1.0,1.0,1.0],[0.0,0.0,0.0,1.0,1.0,1.0,1.0,1.0,1.0,1.0,1.0,1.0,1.0,1.0,1.0,1.0,1.0,1.0,1.0,1.0],[0.0,0.0,0.0,0.0,1.0,1.0,1.0,1.0,1.0,1.0,1.0,1.0,1.0,1.0,1.0,1.0,1.0,1.0,1.0,1.0],[0.0,0.0,0.0,0.0,0.0,1.0,1.0,1.0,1.0,1.0,1.0,1.0,1.0,1.0,1.0,1.0,1.0,1.0,1.0,1.0],[0.0,0.0,0.0,0.0,0.0,0.0,0.5021074642,1.0,1.0,1.0,1.0,1.0,1.0,1.0,1.0,1.0,1.0,1.0,1.0,1.0],[0.0,0.0,0.0,0.0,0.0,0.4978925358,0.0,1.0,1.0,1.0,1.0,1.0,1.0,1.0,1.0,1.0,1.0,1.0,1.0,1.0],[0.0,0.0,0.0,0.0,0.0,0.0,0.0,0.0,0.4343322015,0.0,1.0,1.0,1.0,1.0,1.0,1.0,1.0,1.0,1.0,1.0],[0.0,0.0,0.0,0.0,0.0,0.0,0.0,0.5656677985,0.0,0.4329741591,1.0,1.0,1.0,1.0,1.0,1.0,1.0,1.0,1.0,1.0],[0.0,0.0,0.0,0.0,0.0,0.0,0.0,1.0,0.5670258409,0.0,1.0,1.0,1.0,1.0,1.0,1.0,1.0,1.0,1.0,1.0],[0.0,0.0,0.0,0.0,0.0,0.0,0.0,0.0,0.0,0.0,0.0,1.0,1.0,1.0,1.0,1.0,1.0,1.0,1.0,1.0],[0.0,0.0,0.0,0.0,0.0,0.0,0.0,0.0,0.0,0.0,0.0,0.0,0.4887218308,1.0,1.0,1.0,1.0,1.0,1.0,1.0],[0.0,0.0,0.0,0.0,0.0,0.0,0.0,0.0,0.0,0.0,0.0,0.5112781692,0.0,1.0,1.0,1.0,1.0,1.0,1.0,1.0],[0.0,0.0,0.0,0.0,0.0,0.0,0.0,0.0,0.0,0.0,0.0,0.0,0.0,0.0,1.0,1.0,1.0,1.0,1.0,1.0],[0.0,0.0,0.0,0.0,0.0,0.0,0.0,0.0,0.0,0.0,0.0,0.0,0.0,0.0,0.0,0.5110422174,1.0,1.0,1.0,1.0],[0.0,0.0,0.0,0.0,0.0,0.0,0.0,0.0,0.0,0.0,0.0,0.0,0.0,0.0,0.4889577826,0.0,1.0,1.0,1.0,1.0],[0.0,0.0,0.0,0.0,0.0,0.0,0.0,0.0,0.0,0.0,0.0,0.0,0.0,0.0,0.0,0.0,0.0,1.0,1.0,1.0],[0.0,0.0,0.0,0.0,0.0,0.0,0.0,0.0,0.0,0.0,0.0,0.0,0.0,0.0,0.0,0.0,0.0,0.0,1.0,1.0],[0.0,0.0,0.0,0.0,0.0,0.0,0.0,0.0,0.0,0.0,0.0,0.0,0.0,0.0,0.0,0.0,0.0,0.0,0.0,1.0],[0.0,0.0,0.0,0.0,0.0,0.0,0.0,0.0,0.0,0.0,0.0,0.0,0.0,0.0,0.0,0.0,0.0,0.0,0.0,0.0]],"outlier_solution":[0,1,2,3,4,6,5,8,9,7,10,11,12,13,15,14,16,17,18,19],"dataset_id":574,"source_dataset_id":621,"options":null,"D":{"0":{"0":0,"1":0,"2":0,"3":0,"4":0,"5":0,"6":0,"7":0,"8":0,"9":0,"10":0,"11":0,"12":5,"13":0,"14":5,"15":0,"16":0,"17":0,"18":1,"19":0},"1":{"0":5,"1":0,"2":0,"3":0,"4":0,"5":3,"6":0,"7":0,"8":0,"9":0,"10":0,"11":0,"12":0,"13":1,"14":0,"15":0,"16":3,"17":0,"18":0,"19":0},"2":{"0":4,"1":5,"2":0,"3":0,"4":0,"5":0,"6":0,"7":0,"8":0,"9":1,"10":0,"11":0,"12":0,"13":0,"14":0,"15":0,"16":0,"17":0,"18":0,"19":0},"3":{"0":5,"1":5,"2":5,"3":0,"4":0,"5":0,"6":4,"7":0,"8":0,"9":0,"10":0,"11":0,"12":5,"13":3,"14":5,"15":0,"16":4,"17":0,"18":0,"19":0},"4":{"0":1,"1":5,"2":0,"3":5,"4":0,"5":1,"6":0,"7":0,"8":0,"9":0,"10":5,"11":5,"12":0,"13":1,"14":0,"15":5,"16":2,"17":0,"18":0,"19":0},"5":{"0":5,"1":5,"2":5,"3":0,"4":5,"5":0,"6":0,"7":0,"8":0,"9":0,"10":0,"11":0,"12":0,"13":0,"14":0,"15":0,"16":0,"17":0,"18":0,"19":0},"6":{"0":5,"1":0,"2":5,"3":5,"4":1,"5":0,"6":0,"7":0,"8":0,"9":2,"10":0,"11":3,"12":0,"13":0,"14":0,"15":0,"16":0,"17":0,"18":0,"19":3},"7":{"0":5,"1":5,"2":0,"3":5,"4":5,"5":1,"6":5,"7":0,"8":0,"9":4,"10":0,"11":0,"12":0,"13":0,"14":0,"15":4,"16":0,"17":0,"18":0,"19":0},"8":{"0":2,"1":2,"2":5,"3":5,"4":5,"5":5,"6":5,"7":0,"8":0,"9":0,"10":0,"11":0,"12":0,"13":5,"14":2,"15":1,"16":5,"17":0,"18":0,"19":0},"9":{"0":5,"1":5,"2":5,"3":5,"4":2,"5":5,"6":5,"7":0,"8":0,"9":0,"10":0,"11":4,"12":0,"13":0,"14":0,"15":3,"16":0,"17":0,"18":0,"19":0},"10":{"0":0,"1":2,"2":5,"3":5,"4":5,"5":0,"6":1,"7":5,"8":5,"9":5,"10":0,"11":2,"12":0,"13":0,"14":4,"15":0,"16":4,"17":0,"18":0,"19":1},"11":{"0":1,"1":5,"2":5,"3":5,"4":1,"5":5,"6":5,"7":5,"8":0,"9":5,"10":5,"11":0,"12":0,"13":0,"14":0,"15":0,"16":0,"17":0,"18":0,"19":0},"12":{"0":5,"1":5,"2":5,"3":3,"4":0,"5":5,"6":5,"7":5,"8":5,"9":5,"10":5,"11":0,"12":0,"13":0,"14":0,"15":0,"16":0,"17":0,"18":0,"19":0},"13":{"0":0,"1":5,"2":3,"3":1,"4":5,"5":4,"6":2,"7":5,"8":5,"9":5,"10":0,"11":5,"12":5,"13":0,"14":0,"15":0,"16":0,"17":3,"18":4,"19":5},"14":{"0":0,"1":5,"2":1,"3":5,"4":4,"5":5,"6":0,"7":5,"8":5,"9":4,"10":0,"11":0,"12":5,"13":5,"14":0,"15":0,"16":0,"17":1,"18":0,"19":0},"15":{"0":5,"1":5,"2":5,"3":4,"4":0,"5":5,"6":5,"7":0,"8":1,"9":5,"10":5,"11":5,"12":0,"13":5,"14":0,"15":0,"16":0,"17":5,"18":3,"19":0},"16":{"0":5,"1":4,"2":5,"3":5,"4":3,"5":0,"6":3,"7":5,"8":5,"9":5,"10":1,"11":0,"12":4,"13":5,"14":5,"15":5,"16":0,"17":0,"18":0,"19":0},"17":{"0":5,"1":1,"2":2,"3":3,"4":5,"5":5,"6":5,"7":5,"8":5,"9":5,"10":5,"11":5,"12":4,"13":0,"14":5,"15":5,"16":5,"17":0,"18":0,"19":0},"18":{"0":4,"1":5,"2":2,"3":5,"4":5,"5":5,"6":5,"7":5,"8":5,"9":5,"10":5,"11":5,"12":1,"13":0,"14":4,"15":2,"16":5,"17":5,"18":0,"19":2},"19":{"0":5,"1":5,"2":0,"3":0,"4":4,"5":4,"6":5,"7":0,"8":1,"9":5,"10":5,"11":5,"12":0,"13":5,"14":4,"15":5,"16":2,"17":5,"18":3,"19":0}},"method":"lop","closest_pair":[[0,1,2,3,4,6,5,9,8,7,10,12,11,13,15,14,16,17,18,19],[0,1,2,3,4,6,5,9,8,7,10,11,12,13,15,14,16,17,18,19]],"farthest_pair":[[0,1,2,3,4,6,5,9,7,8,10,11,12,13,14,15,16,17,18,19],[0,1,2,3,4,5,6,8,9,7,10,12,11,13,15,14,16,17,18,19]],"centroid_solution":[0,1,2,3,4,5,6,9,8,7,10,12,11,13,14,15,16,17,18,19]}