{"solutions":[[0,1,2,4,9,7,3,11,5,6,14,8,16,10,13,12,17,18,15,19],[0,1,2,4,9,7,3,5,10,11,6,14,8,18,16,13,12,17,15,19],[0,1,2,4,9,7,3,5,10,6,11,14,16,8,13,12,17,15,18,19],[0,1,2,4,9,6,7,11,3,5,14,8,16,10,13,12,17,15,18,19],[0,1,2,4,9,7,3,5,10,6,11,13,14,8,12,17,18,15,16,19],[0,1,2,4,9,6,7,11,3,5,14,16,8,10,13,12,17,15,18,19],[0,1,2,4,9,7,3,5,10,6,11,13,14,8,12,17,15,18,16,19],[0,1,2,4,9,6,7,3,11,5,14,8,16,10,13,12,17,15,18,19],[0,1,2,4,9,7,11,3,5,6,14,8,16,10,13,12,17,18,15,19],[0,1,2,4,9,7,11,3,5,6,14,16,8,10,13,12,17,18,15,19],[0,1,2,4,9,7,3,5,10,11,6,14,16,8,13,12,17,15,18,19],[0,1,2,4,9,7,3,5,10,6,11,14,16,8,13,12,17,18,15,19],[0,1,2,4,9,7,3,5,10,6,11,14,8,16,13,12,17,15,18,19],[0,1,2,4,9,7,3,11,5,6,14,16,8,10,13,12,17,15,18,19],[0,1,2,4,9,7,3,5,10,6,13,11,14,8,12,17,18,16,15,19],[0,1,2,4,9,7,3,5,10,6,13,11,14,8,12,17,15,18,16,19],[0,1,2,4,9,6,7,3,11,5,14,8,16,10,13,12,17,18,15,19],[0,1,2,4,9,7,3,5,10,6,11,13,14,8,12,17,18,16,15,19],[0,1,2,4,9,6,7,11,3,5,14,8,16,10,13,12,17,18,15,19],[0,1,2,4,9,6,7,3,11,5,14,16,8,10,13,12,17,15,18,19],[0,1,2,4,9,6,7,3,11,5,14,16,8,10,13,12,17,18,15,19],[0,1,2,4,9,7,3,5,10,6,11,14,8,18,16,13,12,17,15,19],[0,1,2,4,9,7,3,5,10,11,6,13,14,8,12,17,18,15,16,19],[0,1,2,4,9,7,3,5,10,11,6,13,14,8,12,17,15,18,16,19],[0,1,2,4,9,7,11,3,5,6,14,16,8,10,13,12,17,15,18,19],[0,1,2,4,9,7,3,5,10,11,6,14,16,8,13,12,17,18,15,19],[0,1,2,4,9,7,3,11,5,6,14,8,16,10,13,12,17,15,18,19],[0,1,2,4,9,7,3,5,10,6,11,14,8,16,13,12,17,18,15,19],[0,1,2,4,9,7,3,11,5,6,14,16,8,10,13,12,17,18,15,19],[0,1,2,4,9,7,3,5,10,6,13,11,14,8,12,17,18,15,16,19],[0,1,2,4,9,7,3,5,10,11,6,14,8,16,13,12,17,15,18,19],[0,1,2,4,9,6,7,11,3,5,14,16,8,10,13,12,17,18,15,19],[0,1,2,4,9,7,11,3,5,6,14,8,16,10,13,12,17,15,18,19],[0,1,2,4,9,7,3,5,10,11,6,14,8,16,13,12,17,18,15,19],[0,1,2,4,9,7,3,5,10,11,6,13,14,8,12,17,18,16,15,19]],"obj":643.0,"max_tau_solutions":null,"centroid_x":[[0.0,1.0,1.0,1.0,1.0,0.7204287053,1.0,1.0,1.0,1.0,1.0,1.0,1.0,1.0,1.0,1.0,1.0,1.0,1.0,1.0],[0.0,0.0,1.0,1.0,1.0,0.7204287053,1.0,1.0,1.0,1.0,1.0,1.0,1.0,1.0,1.0,1.0,1.0,1.0,1.0,1.0],[0.0,0.0,0.0,1.0,1.0,0.7204287053,1.0,1.0,1.0,1.0,1.0,1.0,1.0,1.0,1.0,1.0,1.0,1.0,1.0,1.0],[0.0,0.0,0.0,0.0,0.2649137151,0.5671760456,0.5428346716,0.0,1.0,0.0,1.0,0.5421951944,1.0,0.7796137744,0.5671760456,1.0,0.7773183822,1.0,1.0,1.0],[0.0,0.0,0.0,0.7350862849,0.0,0.7204287053,0.7350862849,0.7350862849,1.0,0.7350862849,1.0,0.7350862849,1.0,0.7350862849,1.0,1.0,1.0,1.0,1.0,1.0],[0.2795712947,0.2795712947,0.2795712947,0.4328239544,0.2795712947,0.0,0.8224059663,0.2795712947,1.0,0.4328239544,1.0,0.5262384371,1.0,1.0,1.0,1.0,1.0,1.0,1.0,1.0],[0.0,0.0,0.0,0.4571653284,0.2649137151,0.1775940337,0.0,0.4571653284,1.0,0.0,0.4737615629,0.5597179463,1.0,1.0,1.0,1.0,1.0,1.0,1.0,1.0],[0.0,0.0,0.0,1.0,0.2649137151,0.7204287053,0.5428346716,0.0,1.0,0.1532526597,1.0,1.0,1.0,0.8573816048,1.0,1.0,1.0,1.0,1.0,1.0],[0.0,0.0,0.0,0.0,0.0,0.0,0.0,0.0,0.0,0.0,0.4737615629,0.0,1.0,0.6513921702,0.0,1.0,0.6076761499,1.0,1.0,1.0],[0.0,0.0,0.0,1.0,0.2649137151,0.5671760456,1.0,0.8467473403,1.0,0.0,1.0,1.0,1.0,1.0,1.0,1.0,1.0,1.0,1.0,1.0],[0.0,0.0,0.0,0.0,0.0,0.0,0.5262384371,0.0,0.5262384371,0.0,0.0,0.5262384371,1.0,0.7350862849,0.5262384371,1.0,0.5262384371,1.0,1.0,1.0],[0.0,0.0,0.0,0.4578048056,0.2649137151,0.4737615629,0.4402820537,0.0,1.0,0.0,0.4737615629,0.0,1.0,0.7557701631,1.0,1.0,1.0,1.0,1.0,1.0],[0.0,0.0,0.0,0.0,0.0,0.0,0.0,0.0,0.0,0.0,0.0,0.0,0.0,0.0,0.0,1.0,0.3486078298,1.0,0.8312552368,1.0],[0.0,0.0,0.0,0.2203862256,0.2649137151,0.0,0.0,0.1426183952,0.3486078298,0.0,0.2649137151,0.2442298369,1.0,0.0,0.3486078298,1.0,0.3486078298,1.0,0.8312552368,1.0],[0.0,0.0,0.0,0.4328239544,0.0,0.0,0.0,0.0,1.0,0.0,0.4737615629,0.0,1.0,0.6513921702,0.0,1.0,1.0,1.0,1.0,1.0],[0.0,0.0,0.0,0.0,0.0,0.0,0.0,0.0,0.0,0.0,0.0,0.0,0.0,0.0,0.0,0.0,0.2396976056,0.0,0.4591555586,1.0],[0.0,0.0,0.0,0.2226816178,0.0,0.0,0.0,0.0,0.3923238501,0.0,0.4737615629,0.0,0.6513921702,0.6513921702,0.0,0.7603023944,0.0,0.6513921702,0.482647407,1.0],[0.0,0.0,0.0,0.0,0.0,0.0,0.0,0.0,0.0,0.0,0.0,0.0,0.0,0.0,0.0,1.0,0.3486078298,0.0,0.8312552368,1.0],[0.0,0.0,0.0,0.0,0.0,0.0,0.0,0.0,0.0,0.0,0.0,0.0,0.1687447632,0.1687447632,0.0,0.5408444414,0.517352593,0.1687447632,0.0,1.0],[0.0,0.0,0.0,0.0,0.0,0.0,0.0,0.0,0.0,0.0,0.0,0.0,0.0,0.0,0.0,0.0,0.0,0.0,0.0,0.0]],"outlier_solution":[0,1,2,4,9,7,3,5,10,6,13,11,14,8,12,17,15,18,16,19],"dataset_id":575,"source_dataset_id":622,"options":null,"D":{"0":{"0":0,"1":3,"2":4,"3":0,"4":0,"5":5,"6":5,"7":0,"8":4,"9":2,"10":0,"11":0,"12":5,"13":0,"14":3,"15":5,"16":3,"17":0,"18":0,"19":4},"1":{"0":5,"1":0,"2":0,"3":0,"4":0,"5":4,"6":0,"7":0,"8":0,"9":0,"10":1,"11":0,"12":4,"13":0,"14":3,"15":5,"16":0,"17":0,"18":1,"19":3},"2":{"0":5,"1":5,"2":0,"3":0,"4":0,"5":4,"6":1,"7":0,"8":1,"9":3,"10":5,"11":0,"12":0,"13":0,"14":0,"15":4,"16":0,"17":1,"18":0,"19":0},"3":{"0":5,"1":1,"2":5,"3":0,"4":0,"5":0,"6":4,"7":5,"8":0,"9":5,"10":0,"11":5,"12":0,"13":5,"14":1,"15":3,"16":0,"17":1,"18":0,"19":4},"4":{"0":5,"1":0,"2":5,"3":3,"4":0,"5":0,"6":3,"7":1,"8":0,"9":0,"10":2,"11":5,"12":5,"13":3,"14":2,"15":4,"16":0,"17":0,"18":0,"19":0},"5":{"0":4,"1":1,"2":2,"3":5,"4":4,"5":0,"6":0,"7":5,"8":0,"9":0,"10":0,"11":4,"12":4,"13":2,"14":1,"15":1,"16":0,"17":5,"18":5,"19":0},"6":{"0":2,"1":1,"2":3,"3":5,"4":4,"5":2,"6":0,"7":0,"8":0,"9":5,"10":4,"11":0,"12":5,"13":1,"14":0,"15":1,"16":0,"17":3,"18":0,"19":0},"7":{"0":5,"1":2,"2":4,"3":1,"4":5,"5":0,"6":3,"7":0,"8":0,"9":3,"10":2,"11":0,"12":0,"13":5,"14":0,"15":0,"16":0,"17":0,"18":0,"19":5},"8":{"0":5,"1":0,"2":5,"3":5,"4":3,"5":5,"6":5,"7":2,"8":0,"9":2,"10":0,"11":3,"12":0,"13":4,"14":5,"15":0,"16":0,"17":0,"18":0,"19":0},"9":{"0":5,"1":0,"2":5,"3":0,"4":5,"5":5,"6":1,"7":2,"8":4,"9":0,"10":3,"11":0,"12":0,"13":0,"14":1,"15":0,"16":3,"17":0,"18":3,"19":2},"10":{"0":5,"1":5,"2":3,"3":1,"4":5,"5":5,"6":1,"7":3,"8":5,"9":5,"10":0,"11":0,"12":1,"13":0,"14":4,"15":0,"16":2,"17":3,"18":0,"19":0},"11":{"0":0,"1":4,"2":2,"3":5,"4":0,"5":3,"6":0,"7":5,"8":0,"9":5,"10":5,"11":0,"12":0,"13":5,"14":0,"15":0,"16":0,"17":5,"18":5,"19":0},"12":{"0":0,"1":1,"2":0,"3":5,"4":5,"5":5,"6":5,"7":0,"8":4,"9":2,"10":5,"11":4,"12":0,"13":3,"14":0,"15":3,"16":5,"17":0,"18":2,"19":0},"13":{"0":0,"1":5,"2":5,"3":5,"4":0,"5":5,"6":5,"7":5,"8":5,"9":5,"10":1,"11":5,"12":0,"13":0,"14":0,"15":3,"16":5,"17":0,"18":0,"19":0},"14":{"0":5,"1":5,"2":5,"3":0,"4":5,"5":5,"6":5,"7":5,"8":0,"9":5,"10":3,"11":5,"12":0,"13":2,"14":0,"15":0,"16":0,"17":3,"18":2,"19":5},"15":{"0":5,"1":5,"2":5,"3":3,"4":5,"5":4,"6":0,"7":4,"8":5,"9":3,"10":0,"11":2,"12":5,"13":5,"14":5,"15":0,"16":0,"17":3,"18":0,"19":0},"16":{"0":5,"1":5,"2":2,"3":0,"4":5,"5":0,"6":4,"7":5,"8":0,"9":4,"10":1,"11":2,"12":5,"13":0,"14":4,"15":0,"16":0,"17":5,"18":3,"19":2},"17":{"0":5,"1":5,"2":5,"3":5,"4":1,"5":2,"6":1,"7":5,"8":5,"9":5,"10":5,"11":5,"12":4,"13":5,"14":5,"15":0,"16":4,"17":0,"18":0,"19":3},"18":{"0":0,"1":2,"2":4,"3":0,"4":5,"5":1,"6":5,"7":3,"8":4,"9":0,"10":2,"11":5,"12":2,"13":0,"14":2,"15":0,"16":0,"17":3,"18":0,"19":4},"19":{"0":5,"1":5,"2":5,"3":3,"4":4,"5":5,"6":5,"7":5,"8":3,"9":0,"10":2,"11":0,"12":3,"13":4,"14":5,"15":5,"16":5,"17":2,"18":5,"19":0}},"method":"lop","closest_pair":[[0,1,2,4,9,7,3,5,10,6,13,11,14,8,12,17,18,16,15,19],[0,1,2,4,9,7,3,5,10,6,11,13,14,8,12,17,18,16,15,19]],"farthest_pair":[[0,1,2,4,9,7,3,5,10,11,6,13,14,8,12,17,18,15,16,19],[0,1,2,4,9,6,7,11,3,5,14,16,8,10,13,12,17,15,18,19]],"centroid_solution":[0,1,2,4,9,7,3,5,10,6,11,14,8,16,13,12,17,18,15,19]}