{"solutions":[[3,0,2,1,7,8,9,5,10,12,15,13,16,18,19,4,17,11,6,14],[0,2,7,3,8,1,9,5,10,12,15,13,16,18,19,4,11,6,17,14],[3,0,2,7,8,1,9,5,10,12,15,13,16,18,19,4,11,6,17,14],[0,2,7,3,8,9,1,5,10,12,15,13,16,18,19,4,11,17,6,14],[3,0,2,7,8,1,9,5,10,12,15,13,16,18,19,4,11,17,6,14],[3,0,2,1,7,8,9,5,10,12,15,13,16,18,19,4,11,6,17,14],[0,2,1,5,7,3,18,8,9,10,12,17,15,13,16,19,4,11,6,14],[0,2,1,7,3,8,9,5,10,12,15,13,16,18,19,4,11,6,17,14],[3,0,2,7,8,9,1,5,10,12,15,13,16,18,19,4,11,6,17,14],[0,2,1,7,3,8,9,5,10,12,15,13,16,18,19,4,11,17,6,14],[0,2,7,3,8,1,9,5,10,12,15,13,16,18,19,4,11,17,6,14],[0,2,7,3,8,9,1,5,10,12,15,13,16,18,19,4,17,11,6,14],[0,2,1,7,3,8,9,5,10,12,15,13,16,18,19,4,17,11,6,14],[3,0,2,1,5,7,18,8,9,10,12,15,17,13,16,19,4,11,6,14],[3,0,2,7,8,9,1,5,10,12,15,13,16,18,19,4,11,17,6,14],[0,2,7,3,8,9,1,5,10,12,15,13,16,18,19,4,11,6,17,14],[3,0,2,1,7,8,9,5,10,12,15,13,16,18,19,4,11,17,6,14],[3,0,2,1,5,7,18,8,9,10,12,17,15,13,16,19,4,11,6,14],[0,2,7,3,8,1,9,5,10,12,15,13,16,18,19,4,17,11,6,14],[0,2,1,5,7,3,18,8,9,10,12,15,17,13,16,19,4,11,6,14],[3,0,2,7,8,1,9,5,10,12,15,13,16,18,19,4,17,11,6,14],[3,0,2,7,8,9,1,5,10,12,15,13,16,18,19,4,17,11,6,14]],"obj":587.0,"max_tau_solutions":null,"centroid_x":[[0.0,1.0,1.0,0.5387602759,1.0,1.0,1.0,1.0,1.0,1.0,1.0,1.0,1.0,1.0,1.0,1.0,1.0,1.0,1.0,1.0],[0.0,0.0,0.0,0.4162008297,1.0,1.0,1.0,0.6165153636,0.6165153636,0.7083202631,1.0,1.0,1.0,1.0,1.0,1.0,1.0,1.0,1.0,1.0],[0.0,1.0,0.0,0.5387602759,1.0,1.0,1.0,1.0,1.0,1.0,1.0,1.0,1.0,1.0,1.0,1.0,1.0,1.0,1.0,1.0],[0.4612397241,0.5837991703,0.4612397241,0.0,1.0,0.7212014769,1.0,0.4612397241,1.0,1.0,1.0,1.0,1.0,1.0,1.0,1.0,1.0,1.0,1.0,1.0],[0.0,0.0,0.0,0.0,0.0,0.4097214543,1.0,0.0,0.0,0.0,0.4097214543,1.0,0.4097214543,0.4097214543,1.0,0.4097214544,0.4097214543,0.8915573555,0.4097214543,0.4097214543],[0.0,0.0,0.0,0.2787985231,0.5902785457,0.0,1.0,0.518164099,0.518164099,0.5181640988,1.0,1.0,1.0,1.0,1.0,1.0,1.0,1.0,1.0,1.0],[0.0,0.0,0.0,0.0,0.0,0.0,0.0,0.0,0.0,0.0,0.0,0.0,0.1751671507,0.3021282496,1.0,0.3021282497,0.3021282496,0.4049574187,0.0,0.3021282496],[0.0,0.3834846364,0.0,0.5387602759,1.0,0.481835901,1.0,0.0,1.0,1.0,1.0,1.0,1.0,1.0,1.0,1.0,1.0,1.0,1.0,1.0],[0.0,0.3834846364,0.0,0.0,1.0,0.481835901,1.0,0.0,0.0,1.0,1.0,1.0,1.0,1.0,1.0,1.0,1.0,1.0,0.481835901,1.0],[0.0,0.2916797369,0.0,0.0,1.0,0.4818359012,1.0,0.0,0.0,0.0,1.0,1.0,1.0,1.0,1.0,1.0,1.0,1.0,0.4818359012,1.0],[0.0,0.0,0.0,0.0,0.5902785457,0.0,1.0,0.0,0.0,0.0,0.0,1.0,1.0,1.0,1.0,1.0,1.0,1.0,0.4818359013,1.0],[0.0,0.0,0.0,0.0,0.0,0.0,1.0,0.0,0.0,0.0,0.0,0.0,0.4097214545,0.4097214545,1.0,0.4097214545,0.4097214545,0.5804457517,0.0,0.4097214545],[0.0,0.0,0.0,0.0,0.5902785457,0.0,0.8248328493,0.0,0.0,0.0,0.0,0.5902785455,0.0,1.0,1.0,1.0,1.0,1.0,0.4818359013,1.0],[0.0,0.0,0.0,0.0,0.5902785457,0.0,0.6978717504,0.0,0.0,0.0,0.0,0.5902785455,0.0,0.0,1.0,0.0,1.0,0.4818359011,0.4818359011,1.0],[0.0,0.0,0.0,0.0,0.0,0.0,0.0,0.0,0.0,0.0,0.0,0.0,0.0,0.0,0.0,0.0,0.0,0.0,0.0,0.0],[0.0,0.0,0.0,0.0,0.5902785456,0.0,0.6978717503,0.0,0.0,0.0,0.0,0.5902785455,0.0,1.0,1.0,0.0,1.0,0.6820816393,0.4818359011,1.0],[0.0,0.0,0.0,0.0,0.5902785457,0.0,0.6978717504,0.0,0.0,0.0,0.0,0.5902785455,0.0,0.0,1.0,0.0,0.0,0.4818359011,0.4818359011,1.0],[0.0,0.0,0.0,0.0,0.1084426445,0.0,0.5950425813,0.0,0.0,0.0,0.0,0.4195542483,0.0,0.5181640989,1.0,0.3179183607,0.5181640989,0.0,0.0,0.5181640989],[0.0,0.0,0.0,0.0,0.5902785457,0.0,1.0,0.0,0.518164099,0.5181640988,0.5181640987,1.0,0.5181640987,0.5181640989,1.0,0.5181640989,0.5181640989,1.0,0.0,1.0],[0.0,0.0,0.0,0.0,0.5902785457,0.0,0.6978717504,0.0,0.0,0.0,0.0,0.5902785455,0.0,0.0,1.0,0.0,0.0,0.4818359011,0.0,0.0]],"outlier_solution":[0,2,1,5,7,3,18,8,9,10,12,17,15,13,16,19,4,11,6,14],"dataset_id":581,"source_dataset_id":628,"options":null,"D":{"0":{"0":0,"1":5,"2":1,"3":1,"4":5,"5":0,"6":0,"7":0,"8":5,"9":0,"10":2,"11":0,"12":0,"13":0,"14":0,"15":0,"16":0,"17":0,"18":0,"19":0},"1":{"0":2,"1":0,"2":4,"3":0,"4":0,"5":0,"6":3,"7":3,"8":5,"9":0,"10":0,"11":5,"12":5,"13":0,"14":5,"15":3,"16":0,"17":0,"18":0,"19":0},"2":{"0":5,"1":0,"2":0,"3":0,"4":4,"5":0,"6":3,"7":0,"8":0,"9":0,"10":5,"11":0,"12":0,"13":4,"14":5,"15":0,"16":0,"17":0,"18":3,"19":2},"3":{"0":0,"1":0,"2":0,"3":0,"4":0,"5":0,"6":1,"7":3,"8":0,"9":0,"10":5,"11":2,"12":3,"13":0,"14":0,"15":4,"16":2,"17":0,"18":2,"19":0},"4":{"0":5,"1":5,"2":0,"3":2,"4":0,"5":0,"6":2,"7":5,"8":2,"9":5,"10":0,"11":0,"12":3,"13":5,"14":0,"15":5,"16":4,"17":2,"18":4,"19":2},"5":{"0":4,"1":5,"2":0,"3":0,"4":5,"5":0,"6":5,"7":3,"8":0,"9":4,"10":1,"11":0,"12":0,"13":0,"14":1,"15":0,"16":0,"17":0,"18":1,"19":0},"6":{"0":5,"1":2,"2":5,"3":5,"4":1,"5":5,"6":0,"7":0,"8":3,"9":4,"10":4,"11":4,"12":0,"13":0,"14":2,"15":4,"16":0,"17":1,"18":3,"19":1},"7":{"0":5,"1":5,"2":5,"3":2,"4":1,"5":5,"6":5,"7":0,"8":0,"9":1,"10":2,"11":3,"12":4,"13":5,"14":0,"15":0,"16":2,"17":0,"18":0,"19":0},"8":{"0":5,"1":3,"2":5,"3":5,"4":0,"5":0,"6":2,"7":5,"8":0,"9":4,"10":0,"11":0,"12":0,"13":1,"14":5,"15":5,"16":5,"17":0,"18":5,"19":5},"9":{"0":5,"1":0,"2":1,"3":1,"4":1,"5":1,"6":5,"7":5,"8":5,"9":0,"10":0,"11":0,"12":0,"13":0,"14":0,"15":0,"16":0,"17":0,"18":1,"19":4},"10":{"0":4,"1":5,"2":3,"3":5,"4":5,"5":3,"6":2,"7":0,"8":5,"9":4,"10":0,"11":1,"12":0,"13":0,"14":1,"15":1,"16":0,"17":2,"18":5,"19":0},"11":{"0":5,"1":5,"2":3,"3":5,"4":4,"5":5,"6":0,"7":5,"8":0,"9":3,"10":5,"11":0,"12":3,"13":5,"14":0,"15":0,"16":0,"17":0,"18":5,"19":0},"12":{"0":5,"1":5,"2":5,"3":4,"4":0,"5":5,"6":0,"7":5,"8":3,"9":2,"10":5,"11":4,"12":0,"13":0,"14":0,"15":0,"16":0,"17":0,"18":0,"19":0},"13":{"0":2,"1":5,"2":0,"3":5,"4":1,"5":4,"6":0,"7":2,"8":4,"9":2,"10":5,"11":5,"12":5,"13":0,"14":0,"15":4,"16":0,"17":1,"18":0,"19":0},"14":{"0":0,"1":0,"2":4,"3":0,"4":0,"5":5,"6":5,"7":5,"8":5,"9":5,"10":5,"11":3,"12":0,"13":5,"14":0,"15":0,"16":3,"17":3,"18":0,"19":5},"15":{"0":5,"1":5,"2":5,"3":0,"4":5,"5":5,"6":5,"7":5,"8":5,"9":0,"10":3,"11":1,"12":4,"13":0,"14":1,"15":0,"16":0,"17":1,"18":3,"19":2},"16":{"0":0,"1":0,"2":5,"3":5,"4":0,"5":3,"6":0,"7":3,"8":5,"9":5,"10":5,"11":0,"12":5,"13":5,"14":2,"15":5,"16":0,"17":3,"18":0,"19":0},"17":{"0":2,"1":1,"2":5,"3":2,"4":4,"5":3,"6":1,"7":5,"8":3,"9":5,"10":5,"11":0,"12":3,"13":0,"14":0,"15":1,"16":2,"17":0,"18":3,"19":4},"18":{"0":1,"1":3,"2":5,"3":4,"4":3,"5":5,"6":1,"7":1,"8":0,"9":0,"10":4,"11":3,"12":5,"13":1,"14":2,"15":1,"16":3,"17":0,"18":0,"19":0},"19":{"0":1,"1":1,"2":5,"3":0,"4":0,"5":0,"6":0,"7":5,"8":4,"9":5,"10":0,"11":0,"12":0,"13":3,"14":2,"15":2,"16":5,"17":5,"18":1,"19":0}},"method":"lop","closest_pair":[[3,0,2,1,5,7,18,8,9,10,12,15,17,13,16,19,4,11,6,14],[3,0,2,1,5,7,18,8,9,10,12,17,15,13,16,19,4,11,6,14]],"farthest_pair":[[0,2,1,5,7,3,18,8,9,10,12,17,15,13,16,19,4,11,6,14],[3,0,2,7,8,9,1,5,10,12,15,13,16,18,19,4,11,6,17,14]],"tau_farthest_pair":0.7368421053,"tau_closest_pair":0.9894736842,"beta":0.0001738765,"centroid_solution":[0,2,1,7,3,8,9,5,10,12,15,13,16,18,19,4,11,17,6,14]}