{"solutions":[[1,0,2,7,3,4,5,8,6,9,10,12,19,11,13,15,14,17,16,18],[1,0,2,3,7,4,5,6,8,9,10,12,19,11,13,15,14,17,16,18],[1,0,2,3,7,4,8,5,6,9,10,12,19,11,13,15,14,17,16,18],[1,0,2,3,7,4,8,5,6,9,10,12,19,11,13,14,15,17,16,18],[1,0,2,7,3,4,8,5,6,9,10,12,19,11,13,14,15,17,16,18],[1,0,2,3,7,4,5,8,6,9,10,12,19,11,13,15,14,17,16,18],[1,0,2,7,3,4,8,5,6,9,10,12,19,11,13,15,14,17,16,18],[1,0,2,7,3,4,5,8,6,9,10,12,19,11,13,14,15,17,16,18],[1,0,2,3,7,4,5,6,8,9,10,12,19,11,13,14,15,17,16,18],[1,0,2,3,7,4,5,8,6,9,10,12,19,11,13,14,15,17,16,18],[1,0,2,7,3,4,5,6,8,9,10,12,19,11,13,15,14,17,16,18],[1,0,2,7,3,4,5,6,8,9,10,12,19,11,13,14,15,17,16,18]],"obj":621.0,"max_tau_solutions":null,"centroid_x":[[0.0,0.0,1.0,1.0,1.0,1.0,1.0,1.0,1.0,1.0,1.0,1.0,1.0,1.0,1.0,1.0,1.0,1.0,1.0,1.0],[1.0,0.0,1.0,1.0,1.0,1.0,1.0,1.0,1.0,1.0,1.0,1.0,1.0,1.0,1.0,1.0,1.0,1.0,1.0,1.0],[0.0,0.0,0.0,1.0,1.0,1.0,1.0,1.0,1.0,1.0,1.0,1.0,1.0,1.0,1.0,1.0,1.0,1.0,1.0,1.0],[0.0,0.0,0.0,0.0,1.0,1.0,1.0,0.5155410373,1.0,1.0,1.0,1.0,1.0,1.0,1.0,1.0,1.0,1.0,1.0,1.0],[0.0,0.0,0.0,0.0,0.0,1.0,1.0,0.0,1.0,1.0,1.0,1.0,1.0,1.0,1.0,1.0,1.0,1.0,1.0,1.0],[0.0,0.0,0.0,0.0,0.0,0.0,1.0,0.0,0.5515627658,1.0,1.0,1.0,1.0,1.0,1.0,1.0,1.0,1.0,1.0,1.0],[0.0,0.0,0.0,0.0,0.0,0.0,0.0,0.0,0.4272599817,1.0,1.0,1.0,1.0,1.0,1.0,1.0,1.0,1.0,1.0,1.0],[0.0,0.0,0.0,0.4844589627,1.0,1.0,1.0,0.0,1.0,1.0,1.0,1.0,1.0,1.0,1.0,1.0,1.0,1.0,1.0,1.0],[0.0,0.0,0.0,0.0,0.0,0.4484372342,0.5727400183,0.0,0.0,1.0,1.0,1.0,1.0,1.0,1.0,1.0,1.0,1.0,1.0,1.0],[0.0,0.0,0.0,0.0,0.0,0.0,0.0,0.0,0.0,0.0,1.0,1.0,1.0,1.0,1.0,1.0,1.0,1.0,1.0,1.0],[0.0,0.0,0.0,0.0,0.0,0.0,0.0,0.0,0.0,0.0,0.0,1.0,1.0,1.0,1.0,1.0,1.0,1.0,1.0,1.0],[0.0,0.0,0.0,0.0,0.0,0.0,0.0,0.0,0.0,0.0,0.0,0.0,0.0,1.0,1.0,1.0,1.0,1.0,1.0,0.0],[0.0,0.0,0.0,0.0,0.0,0.0,0.0,0.0,0.0,0.0,0.0,1.0,0.0,1.0,1.0,1.0,1.0,1.0,1.0,1.0],[0.0,0.0,0.0,0.0,0.0,0.0,0.0,0.0,0.0,0.0,0.0,0.0,0.0,0.0,1.0,1.0,1.0,1.0,1.0,0.0],[0.0,0.0,0.0,0.0,0.0,0.0,0.0,0.0,0.0,0.0,0.0,0.0,0.0,0.0,0.0,0.5006997439,1.0,1.0,1.0,0.0],[0.0,0.0,0.0,0.0,0.0,0.0,0.0,0.0,0.0,0.0,0.0,0.0,0.0,0.0,0.4993002561,0.0,1.0,1.0,1.0,0.0],[0.0,0.0,0.0,0.0,0.0,0.0,0.0,0.0,0.0,0.0,0.0,0.0,0.0,0.0,0.0,0.0,0.0,0.0,1.0,0.0],[0.0,0.0,0.0,0.0,0.0,0.0,0.0,0.0,0.0,0.0,0.0,0.0,0.0,0.0,0.0,0.0,1.0,0.0,1.0,0.0],[0.0,0.0,0.0,0.0,0.0,0.0,0.0,0.0,0.0,0.0,0.0,0.0,0.0,0.0,0.0,0.0,0.0,0.0,0.0,0.0],[0.0,0.0,0.0,0.0,0.0,0.0,0.0,0.0,0.0,0.0,0.0,1.0,0.0,1.0,1.0,1.0,1.0,1.0,1.0,0.0]],"outlier_solution":[1,0,2,7,3,4,5,6,8,9,10,12,19,11,13,15,14,17,16,18],"dataset_id":585,"source_dataset_id":632,"options":null,"D":{"0":{"0":0,"1":5,"2":0,"3":0,"4":2,"5":0,"6":1,"7":0,"8":0,"9":3,"10":0,"11":0,"12":0,"13":3,"14":1,"15":0,"16":4,"17":3,"18":1,"19":5},"1":{"0":2,"1":0,"2":0,"3":1,"4":0,"5":0,"6":0,"7":4,"8":0,"9":0,"10":0,"11":0,"12":0,"13":3,"14":0,"15":5,"16":1,"17":4,"18":0,"19":0},"2":{"0":5,"1":0,"2":0,"3":0,"4":5,"5":0,"6":1,"7":0,"8":0,"9":0,"10":0,"11":0,"12":0,"13":0,"14":0,"15":0,"16":2,"17":3,"18":2,"19":1},"3":{"0":5,"1":5,"2":2,"3":0,"4":0,"5":0,"6":4,"7":0,"8":1,"9":0,"10":2,"11":4,"12":3,"13":2,"14":0,"15":0,"16":1,"17":0,"18":0,"19":0},"4":{"0":5,"1":0,"2":5,"3":2,"4":0,"5":0,"6":5,"7":2,"8":0,"9":0,"10":0,"11":5,"12":0,"13":0,"14":0,"15":0,"16":0,"17":4,"18":0,"19":0},"5":{"0":0,"1":2,"2":5,"3":5,"4":5,"5":0,"6":1,"7":0,"8":0,"9":3,"10":4,"11":1,"12":0,"13":0,"14":3,"15":0,"16":0,"17":2,"18":4,"19":1},"6":{"0":5,"1":5,"2":3,"3":5,"4":5,"5":3,"6":0,"7":0,"8":0,"9":4,"10":0,"11":0,"12":0,"13":2,"14":0,"15":0,"16":0,"17":3,"18":0,"19":0},"7":{"0":5,"1":5,"2":1,"3":0,"4":0,"5":0,"6":0,"7":0,"8":0,"9":2,"10":0,"11":0,"12":0,"13":0,"14":0,"15":1,"16":1,"17":0,"18":1,"19":2},"8":{"0":5,"1":5,"2":1,"3":1,"4":2,"5":0,"6":0,"7":5,"8":0,"9":0,"10":0,"11":4,"12":0,"13":0,"14":0,"15":5,"16":5,"17":4,"18":3,"19":4},"9":{"0":5,"1":5,"2":1,"3":0,"4":0,"5":5,"6":5,"7":5,"8":5,"9":0,"10":0,"11":3,"12":0,"13":1,"14":3,"15":0,"16":0,"17":0,"18":0,"19":0},"10":{"0":0,"1":3,"2":5,"3":5,"4":0,"5":5,"6":5,"7":4,"8":5,"9":1,"10":0,"11":0,"12":0,"13":0,"14":4,"15":4,"16":0,"17":0,"18":5,"19":5},"11":{"0":3,"1":0,"2":5,"3":1,"4":5,"5":5,"6":4,"7":0,"8":5,"9":0,"10":3,"11":0,"12":5,"13":0,"14":0,"15":0,"16":0,"17":0,"18":1,"19":5},"12":{"0":5,"1":3,"2":5,"3":5,"4":3,"5":5,"6":0,"7":0,"8":2,"9":5,"10":4,"11":0,"12":0,"13":3,"14":0,"15":0,"16":5,"17":2,"18":0,"19":1},"13":{"0":1,"1":2,"2":5,"3":5,"4":3,"5":0,"6":5,"7":0,"8":3,"9":3,"10":5,"11":5,"12":5,"13":0,"14":0,"15":2,"16":1,"17":5,"18":0,"19":0},"14":{"0":5,"1":5,"2":5,"3":4,"4":5,"5":5,"6":5,"7":1,"8":2,"9":5,"10":5,"11":3,"12":3,"13":5,"14":0,"15":0,"16":0,"17":3,"18":0,"19":4},"15":{"0":0,"1":2,"2":5,"3":3,"4":4,"5":2,"6":5,"7":5,"8":5,"9":5,"10":5,"11":5,"12":0,"13":3,"14":0,"15":0,"16":0,"17":0,"18":0,"19":5},"16":{"0":3,"1":2,"2":3,"3":2,"4":5,"5":5,"6":0,"7":5,"8":1,"9":0,"10":5,"11":5,"12":0,"13":5,"14":3,"15":3,"16":0,"17":4,"18":0,"19":0},"17":{"0":5,"1":1,"2":5,"3":5,"4":5,"5":5,"6":4,"7":3,"8":5,"9":4,"10":3,"11":1,"12":3,"13":3,"14":5,"15":4,"16":3,"17":0,"18":0,"19":3},"18":{"0":0,"1":5,"2":0,"3":5,"4":2,"5":1,"6":0,"7":0,"8":3,"9":5,"10":1,"11":5,"12":5,"13":4,"14":3,"15":5,"16":2,"17":5,"18":0,"19":2},"19":{"0":5,"1":3,"2":4,"3":0,"4":4,"5":0,"6":5,"7":3,"8":5,"9":5,"10":5,"11":0,"12":5,"13":0,"14":5,"15":5,"16":1,"17":2,"18":1,"19":0}},"method":"lop","closest_pair":[[1,0,2,3,7,4,5,8,6,9,10,12,19,11,13,14,15,17,16,18],[1,0,2,3,7,4,8,5,6,9,10,12,19,11,13,14,15,17,16,18]],"farthest_pair":[[1,0,2,7,3,4,5,6,8,9,10,12,19,11,13,14,15,17,16,18],[1,0,2,3,7,4,8,5,6,9,10,12,19,11,13,15,14,17,16,18]],"tau_farthest_pair":0.9578947368,"tau_closest_pair":0.9894736842,"beta":0.0000061735,"centroid_solution":[1,0,2,3,7,4,5,8,6,9,10,12,19,11,13,14,15,17,16,18]}