{"solutions":[[1,0,3,2,4,6,7,5,11,8,10,15,17,9,12,14,13,16,18,19],[0,1,3,2,4,6,7,5,11,8,10,15,17,9,12,14,13,16,18,19],[0,1,3,2,4,6,7,5,11,8,10,15,17,9,12,13,14,16,18,19],[1,0,3,2,4,6,7,5,11,8,10,15,17,9,12,13,14,16,18,19],[1,3,0,2,4,6,7,5,11,8,10,15,17,9,12,14,13,16,18,19],[1,0,2,3,4,6,7,5,11,8,10,15,17,9,12,14,13,16,18,19],[0,1,2,3,4,6,7,5,11,8,10,15,17,9,12,14,13,16,18,19],[0,1,2,3,4,6,7,5,11,8,10,15,17,9,12,13,14,16,18,19],[1,3,0,2,4,6,7,5,11,8,10,15,17,9,12,13,14,16,18,19],[1,0,2,3,4,6,7,5,11,8,10,15,17,9,12,13,14,16,18,19]],"obj":638.0,"max_tau_solutions":null,"centroid_x":[[0.0,0.4309164372,1.0,0.6185698656,1.0,1.0,1.0,1.0,1.0,1.0,1.0,1.0,1.0,1.0,1.0,1.0,1.0,1.0,1.0,1.0],[0.5690835628,0.0,1.0,1.0,1.0,1.0,1.0,1.0,1.0,1.0,1.0,1.0,1.0,1.0,1.0,1.0,1.0,1.0,1.0,1.0],[0.0,0.0,0.0,0.4506511752,1.0,1.0,1.0,1.0,1.0,1.0,1.0,1.0,1.0,1.0,1.0,1.0,1.0,1.0,1.0,1.0],[0.3814301344,0.0,0.5493488248,0.0,1.0,1.0,1.0,1.0,1.0,1.0,1.0,1.0,1.0,1.0,1.0,1.0,1.0,1.0,1.0,1.0],[0.0,0.0,0.0,0.0,0.0,1.0,1.0,1.0,1.0,1.0,1.0,1.0,1.0,1.0,1.0,1.0,1.0,1.0,1.0,1.0],[0.0,0.0,0.0,0.0,0.0,0.0,0.0,0.0,1.0,1.0,1.0,1.0,1.0,1.0,1.0,1.0,1.0,1.0,1.0,1.0],[0.0,0.0,0.0,0.0,0.0,1.0,0.0,1.0,1.0,1.0,1.0,1.0,1.0,1.0,1.0,1.0,1.0,1.0,1.0,1.0],[0.0,0.0,0.0,0.0,0.0,1.0,0.0,0.0,1.0,1.0,1.0,1.0,1.0,1.0,1.0,1.0,1.0,1.0,1.0,1.0],[0.0,0.0,0.0,0.0,0.0,0.0,0.0,0.0,0.0,1.0,1.0,0.0,1.0,1.0,1.0,1.0,1.0,1.0,1.0,1.0],[0.0,0.0,0.0,0.0,0.0,0.0,0.0,0.0,0.0,0.0,0.0,0.0,1.0,1.0,1.0,0.0,1.0,0.0,1.0,1.0],[0.0,0.0,0.0,0.0,0.0,0.0,0.0,0.0,0.0,1.0,0.0,0.0,1.0,1.0,1.0,1.0,1.0,1.0,1.0,1.0],[0.0,0.0,0.0,0.0,0.0,0.0,0.0,0.0,1.0,1.0,1.0,0.0,1.0,1.0,1.0,1.0,1.0,1.0,1.0,1.0],[0.0,0.0,0.0,0.0,0.0,0.0,0.0,0.0,0.0,0.0,0.0,0.0,0.0,1.0,1.0,0.0,1.0,0.0,1.0,1.0],[0.0,0.0,0.0,0.0,0.0,0.0,0.0,0.0,0.0,0.0,0.0,0.0,0.0,0.0,0.5594376491,0.0,1.0,0.0,1.0,1.0],[0.0,0.0,0.0,0.0,0.0,0.0,0.0,0.0,0.0,0.0,0.0,0.0,0.0,0.4405623509,0.0,0.0,1.0,0.0,1.0,1.0],[0.0,0.0,0.0,0.0,0.0,0.0,0.0,0.0,0.0,1.0,0.0,0.0,1.0,1.0,1.0,0.0,1.0,1.0,1.0,1.0],[0.0,0.0,0.0,0.0,0.0,0.0,0.0,0.0,0.0,0.0,0.0,0.0,0.0,0.0,0.0,0.0,0.0,0.0,1.0,1.0],[0.0,0.0,0.0,0.0,0.0,0.0,0.0,0.0,0.0,1.0,0.0,0.0,1.0,1.0,1.0,0.0,1.0,0.0,1.0,1.0],[0.0,0.0,0.0,0.0,0.0,0.0,0.0,0.0,0.0,0.0,0.0,0.0,0.0,0.0,0.0,0.0,0.0,0.0,0.0,1.0],[0.0,0.0,0.0,0.0,0.0,0.0,0.0,0.0,0.0,0.0,0.0,0.0,0.0,0.0,0.0,0.0,0.0,0.0,0.0,0.0]],"outlier_solution":[1,3,0,2,4,6,7,5,11,8,10,15,17,9,12,14,13,16,18,19],"dataset_id":591,"source_dataset_id":638,"options":null,"D":{"0":{"0":0,"1":0,"2":2,"3":0,"4":0,"5":0,"6":1,"7":0,"8":0,"9":0,"10":1,"11":0,"12":0,"13":2,"14":5,"15":0,"16":1,"17":0,"18":1,"19":2},"1":{"0":0,"1":0,"2":2,"3":0,"4":4,"5":3,"6":5,"7":0,"8":3,"9":0,"10":1,"11":0,"12":0,"13":0,"14":2,"15":0,"16":0,"17":0,"18":1,"19":0},"2":{"0":3,"1":5,"2":0,"3":0,"4":0,"5":0,"6":0,"7":0,"8":4,"9":0,"10":1,"11":0,"12":1,"13":4,"14":2,"15":0,"16":0,"17":0,"18":1,"19":0},"3":{"0":0,"1":5,"2":0,"3":0,"4":0,"5":0,"6":0,"7":0,"8":2,"9":5,"10":0,"11":1,"12":0,"13":3,"14":0,"15":0,"16":0,"17":0,"18":0,"19":0},"4":{"0":3,"1":5,"2":5,"3":5,"4":0,"5":4,"6":0,"7":0,"8":0,"9":0,"10":0,"11":1,"12":0,"13":0,"14":3,"15":4,"16":0,"17":0,"18":0,"19":0},"5":{"0":2,"1":0,"2":3,"3":5,"4":3,"5":0,"6":5,"7":4,"8":0,"9":3,"10":4,"11":0,"12":0,"13":5,"14":0,"15":5,"16":3,"17":0,"18":1,"19":0},"6":{"0":5,"1":5,"2":5,"3":5,"4":5,"5":4,"6":0,"7":0,"8":0,"9":2,"10":0,"11":3,"12":0,"13":0,"14":4,"15":4,"16":0,"17":4,"18":0,"19":1},"7":{"0":5,"1":5,"2":0,"3":2,"4":5,"5":1,"6":5,"7":0,"8":2,"9":0,"10":0,"11":0,"12":0,"13":0,"14":3,"15":2,"16":1,"17":1,"18":0,"19":3},"8":{"0":4,"1":5,"2":5,"3":5,"4":5,"5":2,"6":5,"7":0,"8":0,"9":0,"10":4,"11":3,"12":1,"13":5,"14":3,"15":0,"16":3,"17":5,"18":0,"19":0},"9":{"0":0,"1":4,"2":0,"3":5,"4":2,"5":5,"6":0,"7":5,"8":0,"9":0,"10":1,"11":2,"12":4,"13":0,"14":3,"15":4,"16":0,"17":3,"18":2,"19":2},"10":{"0":1,"1":1,"2":4,"3":0,"4":5,"5":4,"6":5,"7":5,"8":5,"9":0,"10":0,"11":4,"12":1,"13":5,"14":1,"15":3,"16":0,"17":0,"18":0,"19":4},"11":{"0":0,"1":5,"2":5,"3":4,"4":5,"5":5,"6":0,"7":5,"8":1,"9":2,"10":0,"11":0,"12":2,"13":0,"14":0,"15":3,"16":1,"17":0,"18":5,"19":3},"12":{"0":3,"1":5,"2":4,"3":3,"4":4,"5":5,"6":5,"7":5,"8":5,"9":5,"10":5,"11":5,"12":0,"13":0,"14":0,"15":4,"16":0,"17":4,"18":2,"19":1},"13":{"0":0,"1":4,"2":0,"3":0,"4":2,"5":5,"6":5,"7":0,"8":3,"9":5,"10":5,"11":5,"12":5,"13":0,"14":5,"15":0,"16":1,"17":5,"18":0,"19":1},"14":{"0":3,"1":1,"2":5,"3":0,"4":5,"5":5,"6":5,"7":5,"8":5,"9":5,"10":5,"11":5,"12":5,"13":5,"14":0,"15":3,"16":0,"17":0,"18":1,"19":2},"15":{"0":3,"1":2,"2":0,"3":2,"4":3,"5":3,"6":3,"7":0,"8":5,"9":0,"10":5,"11":5,"12":0,"13":4,"14":2,"15":0,"16":0,"17":4,"18":0,"19":3},"16":{"0":0,"1":5,"2":5,"3":0,"4":5,"5":2,"6":5,"7":3,"8":5,"9":4,"10":0,"11":5,"12":5,"13":2,"14":5,"15":4,"16":0,"17":0,"18":0,"19":0},"17":{"0":1,"1":5,"2":4,"3":5,"4":4,"5":1,"6":5,"7":0,"8":4,"9":2,"10":1,"11":5,"12":1,"13":0,"14":3,"15":5,"16":0,"17":0,"18":1,"19":0},"18":{"0":0,"1":5,"2":4,"3":5,"4":0,"5":5,"6":2,"7":1,"8":1,"9":4,"10":5,"11":5,"12":5,"13":2,"14":5,"15":2,"16":5,"17":5,"18":0,"19":0},"19":{"0":0,"1":0,"2":5,"3":0,"4":5,"5":5,"6":0,"7":5,"8":1,"9":0,"10":5,"11":5,"12":5,"13":0,"14":2,"15":5,"16":4,"17":3,"18":5,"19":0}},"method":"lop","closest_pair":[[0,1,3,2,4,6,7,5,11,8,10,15,17,9,12,14,13,16,18,19],[1,0,3,2,4,6,7,5,11,8,10,15,17,9,12,14,13,16,18,19]],"farthest_pair":[[0,1,2,3,4,6,7,5,11,8,10,15,17,9,12,14,13,16,18,19],[1,3,0,2,4,6,7,5,11,8,10,15,17,9,12,13,14,16,18,19]],"centroid_solution":[1,0,3,2,4,6,7,5,11,8,10,15,17,9,12,13,14,16,18,19]}