{"solutions":[[2,4,0,3,1,9,5,6,7,11,8,10,13,12,16,15,14,17,18,19],[2,4,0,3,1,9,6,5,7,11,8,10,12,13,16,15,14,17,18,19],[2,4,0,3,1,9,5,6,7,11,8,10,13,16,12,15,14,17,18,19],[2,4,0,3,1,9,6,5,7,11,8,10,13,16,12,15,14,17,18,19],[2,4,0,3,1,6,9,5,7,11,8,10,12,13,16,15,14,17,18,19],[2,4,0,3,1,9,5,6,7,11,8,10,12,13,16,15,14,17,18,19],[2,4,0,3,1,6,9,5,7,11,8,10,13,12,16,15,14,17,18,19],[2,4,0,3,1,9,6,5,7,11,8,10,13,12,16,15,14,17,18,19],[2,4,0,3,1,6,9,5,7,11,8,10,13,16,12,15,14,17,18,19]],"obj":662.0,"max_tau_solutions":null,"centroid_x":[[0.0,1.0,0.0,1.0,0.0,1.0,1.0,1.0,1.0,1.0,1.0,1.0,1.0,1.0,1.0,1.0,1.0,1.0,1.0,1.0],[0.0,0.0,0.0,0.0,0.0,1.0,1.0,1.0,1.0,1.0,1.0,1.0,1.0,1.0,1.0,1.0,1.0,1.0,1.0,1.0],[1.0,1.0,0.0,1.0,1.0,1.0,1.0,1.0,1.0,1.0,1.0,1.0,1.0,1.0,1.0,1.0,1.0,1.0,1.0,1.0],[0.0,1.0,0.0,0.0,0.0,1.0,1.0,1.0,1.0,1.0,1.0,1.0,1.0,1.0,1.0,1.0,1.0,1.0,1.0,1.0],[1.0,1.0,0.0,1.0,0.0,1.0,1.0,1.0,1.0,1.0,1.0,1.0,1.0,1.0,1.0,1.0,1.0,1.0,1.0,1.0],[0.0,0.0,0.0,0.0,0.0,0.0,0.4256298659,1.0,1.0,0.0,1.0,1.0,1.0,1.0,1.0,1.0,1.0,1.0,1.0,1.0],[0.0,0.0,0.0,0.0,0.0,0.5743701341,0.0,1.0,1.0,0.4298143389,1.0,1.0,1.0,1.0,1.0,1.0,1.0,1.0,1.0,1.0],[0.0,0.0,0.0,0.0,0.0,0.0,0.0,0.0,1.0,0.0,1.0,1.0,1.0,1.0,1.0,1.0,1.0,1.0,1.0,1.0],[0.0,0.0,0.0,0.0,0.0,0.0,0.0,0.0,0.0,0.0,1.0,0.0,1.0,1.0,1.0,1.0,1.0,1.0,1.0,1.0],[0.0,0.0,0.0,0.0,0.0,1.0,0.5701856611,1.0,1.0,0.0,1.0,1.0,1.0,1.0,1.0,1.0,1.0,1.0,1.0,1.0],[0.0,0.0,0.0,0.0,0.0,0.0,0.0,0.0,0.0,0.0,0.0,0.0,1.0,1.0,1.0,1.0,1.0,1.0,1.0,1.0],[0.0,0.0,0.0,0.0,0.0,0.0,0.0,0.0,1.0,0.0,1.0,0.0,1.0,1.0,1.0,1.0,1.0,1.0,1.0,1.0],[0.0,0.0,0.0,0.0,0.0,0.0,0.0,0.0,0.0,0.0,0.0,0.0,0.0,0.4226009076,1.0,1.0,0.5620139235,1.0,1.0,1.0],[0.0,0.0,0.0,0.0,0.0,0.0,0.0,0.0,0.0,0.0,0.0,0.0,0.5773990924,0.0,1.0,1.0,1.0,1.0,1.0,1.0],[0.0,0.0,0.0,0.0,0.0,0.0,0.0,0.0,0.0,0.0,0.0,0.0,0.0,0.0,0.0,0.0,0.0,1.0,1.0,1.0],[0.0,0.0,0.0,0.0,0.0,0.0,0.0,0.0,0.0,0.0,0.0,0.0,0.0,0.0,1.0,0.0,0.0,1.0,1.0,1.0],[0.0,0.0,0.0,0.0,0.0,0.0,0.0,0.0,0.0,0.0,0.0,0.0,0.4379860765,0.0,1.0,1.0,0.0,1.0,1.0,1.0],[0.0,0.0,0.0,0.0,0.0,0.0,0.0,0.0,0.0,0.0,0.0,0.0,0.0,0.0,0.0,0.0,0.0,0.0,1.0,1.0],[0.0,0.0,0.0,0.0,0.0,0.0,0.0,0.0,0.0,0.0,0.0,0.0,0.0,0.0,0.0,0.0,0.0,0.0,0.0,1.0],[0.0,0.0,0.0,0.0,0.0,0.0,0.0,0.0,0.0,0.0,0.0,0.0,0.0,0.0,0.0,0.0,0.0,0.0,0.0,0.0]],"outlier_solution":[2,4,0,3,1,9,5,6,7,11,8,10,12,13,16,15,14,17,18,19],"dataset_id":595,"source_dataset_id":642,"options":null,"D":{"0":{"0":0,"1":0,"2":0,"3":0,"4":5,"5":1,"6":0,"7":0,"8":4,"9":0,"10":0,"11":4,"12":0,"13":0,"14":0,"15":0,"16":0,"17":4,"18":3,"19":5},"1":{"0":0,"1":0,"2":5,"3":2,"4":4,"5":2,"6":4,"7":2,"8":0,"9":0,"10":2,"11":2,"12":0,"13":0,"14":0,"15":0,"16":0,"17":0,"18":0,"19":0},"2":{"0":1,"1":2,"2":0,"3":0,"4":2,"5":0,"6":4,"7":2,"8":0,"9":0,"10":0,"11":5,"12":5,"13":0,"14":4,"15":0,"16":5,"17":0,"18":0,"19":0},"3":{"0":4,"1":0,"2":0,"3":0,"4":2,"5":5,"6":0,"7":4,"8":0,"9":1,"10":0,"11":4,"12":2,"13":2,"14":0,"15":0,"16":3,"17":0,"18":0,"19":0},"4":{"0":3,"1":0,"2":5,"3":0,"4":0,"5":0,"6":0,"7":4,"8":0,"9":2,"10":0,"11":3,"12":5,"13":2,"14":1,"15":1,"16":0,"17":0,"18":0,"19":0},"5":{"0":5,"1":2,"2":5,"3":3,"4":2,"5":0,"6":4,"7":0,"8":0,"9":3,"10":0,"11":1,"12":5,"13":0,"14":0,"15":4,"16":0,"17":5,"18":1,"19":5},"6":{"0":0,"1":5,"2":5,"3":4,"4":3,"5":4,"6":0,"7":2,"8":2,"9":5,"10":0,"11":0,"12":0,"13":1,"14":3,"15":0,"16":0,"17":0,"18":0,"19":0},"7":{"0":5,"1":4,"2":5,"3":5,"4":4,"5":5,"6":5,"7":0,"8":0,"9":5,"10":3,"11":4,"12":0,"13":0,"14":2,"15":0,"16":2,"17":4,"18":0,"19":4},"8":{"0":5,"1":1,"2":5,"3":0,"4":5,"5":0,"6":5,"7":4,"8":0,"9":5,"10":2,"11":3,"12":0,"13":4,"14":1,"15":0,"16":0,"17":2,"18":0,"19":4},"9":{"0":0,"1":4,"2":3,"3":5,"4":3,"5":0,"6":5,"7":5,"8":5,"9":0,"10":0,"11":0,"12":4,"13":1,"14":0,"15":0,"16":1,"17":0,"18":0,"19":2},"10":{"0":3,"1":1,"2":5,"3":1,"4":5,"5":5,"6":5,"7":2,"8":5,"9":5,"10":0,"11":4,"12":0,"13":0,"14":0,"15":0,"16":0,"17":0,"18":0,"19":0},"11":{"0":5,"1":5,"2":5,"3":1,"4":2,"5":5,"6":5,"7":5,"8":0,"9":1,"10":2,"11":0,"12":4,"13":5,"14":0,"15":1,"16":3,"17":4,"18":0,"19":1},"12":{"0":3,"1":4,"2":5,"3":5,"4":5,"5":5,"6":5,"7":5,"8":1,"9":3,"10":4,"11":0,"12":0,"13":1,"14":2,"15":4,"16":4,"17":0,"18":1,"19":0},"13":{"0":1,"1":2,"2":5,"3":2,"4":2,"5":0,"6":5,"7":5,"8":5,"9":5,"10":5,"11":5,"12":1,"13":0,"14":0,"15":0,"16":0,"17":0,"18":0,"19":0},"14":{"0":0,"1":2,"2":5,"3":2,"4":0,"5":5,"6":5,"7":0,"8":1,"9":0,"10":5,"11":4,"12":3,"13":2,"14":0,"15":4,"16":1,"17":2,"18":0,"19":5},"15":{"0":5,"1":2,"2":0,"3":5,"4":4,"5":5,"6":5,"7":5,"8":5,"9":5,"10":5,"11":2,"12":5,"13":5,"14":1,"15":0,"16":1,"17":2,"18":2,"19":0},"16":{"0":2,"1":2,"2":4,"3":0,"4":0,"5":0,"6":5,"7":0,"8":5,"9":5,"10":5,"11":5,"12":4,"13":1,"14":0,"15":0,"16":0,"17":2,"18":0,"19":0},"17":{"0":5,"1":5,"2":5,"3":5,"4":1,"5":5,"6":5,"7":4,"8":4,"9":1,"10":5,"11":0,"12":5,"13":2,"14":5,"15":3,"16":5,"17":0,"18":1,"19":5},"18":{"0":5,"1":5,"2":5,"3":3,"4":5,"5":0,"6":1,"7":5,"8":5,"9":5,"10":5,"11":1,"12":5,"13":4,"14":0,"15":4,"16":5,"17":5,"18":0,"19":0},"19":{"0":4,"1":0,"2":0,"3":0,"4":5,"5":0,"6":5,"7":3,"8":5,"9":5,"10":4,"11":5,"12":5,"13":5,"14":5,"15":5,"16":5,"17":5,"18":5,"19":0}},"method":"lop","closest_pair":[[2,4,0,3,1,9,5,6,7,11,8,10,13,16,12,15,14,17,18,19],[2,4,0,3,1,9,6,5,7,11,8,10,13,16,12,15,14,17,18,19]],"farthest_pair":[[2,4,0,3,1,9,5,6,7,11,8,10,13,16,12,15,14,17,18,19],[2,4,0,3,1,6,9,5,7,11,8,10,12,13,16,15,14,17,18,19]],"centroid_solution":[2,4,0,3,1,9,6,5,7,11,8,10,13,12,16,15,14,17,18,19]}