{"solutions":[[2,0,1,4,6,3,5,7,14,10,18,8,13,9,11,15,12,16,19,17],[2,0,1,3,4,5,6,7,14,10,18,8,9,13,11,12,15,16,19,17],[2,0,1,3,4,6,5,7,14,10,18,8,13,9,11,12,15,16,19,17],[2,0,1,3,4,6,5,7,14,10,18,8,9,13,11,12,15,16,19,17],[2,0,1,4,3,6,5,7,14,10,18,8,13,9,11,12,15,16,19,17],[2,0,1,4,3,6,5,7,14,10,18,8,9,13,11,12,15,16,19,17],[2,0,1,4,3,6,5,7,14,10,18,8,9,13,11,15,12,16,19,17],[2,0,1,4,6,14,10,18,3,8,5,7,9,13,11,15,12,16,19,17],[2,0,1,4,6,14,10,18,3,8,5,7,13,9,11,12,15,16,19,17],[2,0,1,4,6,3,5,7,14,10,18,8,9,13,11,12,15,16,19,17],[2,0,1,3,4,5,6,7,14,10,18,8,9,13,11,15,12,16,19,17],[2,0,1,4,3,5,6,7,14,10,18,8,9,13,11,15,12,16,19,17],[2,0,1,4,6,14,10,18,3,8,5,7,9,13,11,12,15,16,19,17],[2,0,1,3,4,5,6,7,14,10,18,8,13,9,11,15,12,16,19,17],[2,0,1,4,3,6,5,7,14,10,18,8,13,9,11,15,12,16,19,17],[2,0,1,4,3,5,6,7,14,10,18,8,13,9,11,15,12,16,19,17],[2,0,1,4,6,14,10,18,8,3,5,7,9,13,11,15,12,16,19,17],[2,0,1,4,3,5,6,7,14,10,18,8,9,13,11,12,15,16,19,17],[2,0,1,4,6,3,5,7,14,10,18,8,13,9,11,12,15,16,19,17],[2,0,1,4,6,14,10,18,8,3,5,7,9,13,11,12,15,16,19,17],[2,0,1,4,6,14,10,18,3,8,5,7,13,9,11,15,12,16,19,17],[2,0,1,3,4,6,5,7,14,10,18,8,9,13,11,15,12,16,19,17],[2,0,1,4,3,5,6,7,14,10,18,8,13,9,11,12,15,16,19,17],[2,0,1,4,6,3,5,7,14,10,18,8,9,13,11,15,12,16,19,17],[2,0,1,3,4,5,6,7,14,10,18,8,13,9,11,12,15,16,19,17],[2,0,1,3,4,6,5,7,14,10,18,8,13,9,11,15,12,16,19,17],[2,0,1,4,6,14,10,18,8,3,5,7,13,9,11,15,12,16,19,17],[2,0,1,4,6,14,10,18,8,3,5,7,13,9,11,12,15,16,19,17]],"obj":615.0,"max_tau_solutions":null,"centroid_x":[[0.0,1.0,0.0,1.0,1.0,1.0,1.0,1.0,1.0,1.0,1.0,1.0,1.0,1.0,1.0,1.0,1.0,1.0,1.0,1.0],[0.0,0.0,0.0,1.0,1.0,1.0,1.0,1.0,1.0,1.0,1.0,1.0,1.0,1.0,1.0,1.0,1.0,1.0,1.0,1.0],[1.0,1.0,0.0,1.0,1.0,1.0,1.0,1.0,1.0,1.0,1.0,1.0,1.0,1.0,1.0,1.0,1.0,1.0,1.0,1.0],[0.0,0.0,0.0,0.0,0.3466645428,1.0,0.4269239162,1.0,0.7463073069,1.0,0.5726401384,1.0,1.0,1.0,0.5726401437,1.0,1.0,1.0,0.5726401383,1.0],[0.0,0.0,0.0,0.6533354572,0.0,1.0,1.0,1.0,1.0,1.0,1.0,1.0,1.0,1.0,1.0,1.0,1.0,1.0,1.0,1.0],[0.0,0.0,0.0,0.0,0.0,0.0,0.3104150141,1.0,0.5726401386,1.0,0.5726401388,1.0,1.0,1.0,0.572640144,1.0,1.0,1.0,0.5726401387,1.0],[0.0,0.0,0.0,0.5730760838,0.0,0.6895849859,0.0,1.0,1.0,1.0,1.0,1.0,1.0,1.0,1.0,1.0,1.0,1.0,1.0,1.0],[0.0,0.0,0.0,0.0,0.0,0.0,0.0,0.0,0.5726401386,1.0,0.5726401386,1.0,1.0,1.0,0.5726401439,1.0,1.0,1.0,0.5726401385,1.0],[0.0,0.0,0.0,0.2536926931,0.0,0.4273598614,0.0,0.4273598614,0.0,1.0,0.0,1.0,1.0,1.0,0.0,1.0,1.0,1.0,0.0,1.0],[0.0,0.0,0.0,0.0,0.0,0.0,0.0,0.0,0.0,0.0,0.0,1.0,1.0,0.5208020911,0.0,1.0,1.0,1.0,0.0,1.0],[0.0,0.0,0.0,0.4273598616,0.0,0.4273598612,0.0,0.4273598614,1.0,1.0,0.0,1.0,1.0,1.0,0.0,1.0,1.0,1.0,1.0,1.0],[0.0,0.0,0.0,0.0,0.0,0.0,0.0,0.0,0.0,0.0,0.0,0.0,1.0,0.0,0.0,1.0,1.0,1.0,0.0,1.0],[0.0,0.0,0.0,0.0,0.0,0.0,0.0,0.0,0.0,0.0,0.0,0.0,0.0,0.0,0.0,0.5202621134,1.0,1.0,0.0,1.0],[0.0,0.0,0.0,0.0,0.0,0.0,0.0,0.0,0.0,0.4791979089,0.0,1.0,1.0,0.0,0.0,1.0,1.0,1.0,0.0,1.0],[0.0,0.0,0.0,0.4273598563,0.0,0.427359856,0.0,0.4273598561,1.0,1.0,1.0,1.0,1.0,1.0,0.0,1.0,1.0,1.0,1.0,1.0],[0.0,0.0,0.0,0.0,0.0,0.0,0.0,0.0,0.0,0.0,0.0,0.0,0.4797378866,0.0,0.0,0.0,1.0,1.0,0.0,1.0],[0.0,0.0,0.0,0.0,0.0,0.0,0.0,0.0,0.0,0.0,0.0,0.0,0.0,0.0,0.0,0.0,0.0,1.0,0.0,1.0],[0.0,0.0,0.0,0.0,0.0,0.0,0.0,0.0,0.0,0.0,0.0,0.0,0.0,0.0,0.0,0.0,0.0,0.0,0.0,0.0],[0.0,0.0,0.0,0.4273598617,0.0,0.4273598613,0.0,0.4273598615,1.0,1.0,0.0,1.0,1.0,1.0,0.0,1.0,1.0,1.0,0.0,1.0],[0.0,0.0,0.0,0.0,0.0,0.0,0.0,0.0,0.0,0.0,0.0,0.0,0.0,0.0,0.0,0.0,0.0,1.0,0.0,0.0]],"outlier_solution":[2,0,1,4,6,14,10,18,8,3,5,7,13,9,11,15,12,16,19,17],"dataset_id":600,"source_dataset_id":647,"options":null,"D":{"0":{"0":0,"1":0,"2":2,"3":4,"4":0,"5":4,"6":0,"7":0,"8":4,"9":3,"10":0,"11":3,"12":2,"13":0,"14":5,"15":0,"16":0,"17":0,"18":0,"19":1},"1":{"0":1,"1":0,"2":3,"3":0,"4":0,"5":1,"6":1,"7":0,"8":0,"9":2,"10":0,"11":4,"12":4,"13":3,"14":2,"15":0,"16":0,"17":4,"18":0,"19":4},"2":{"0":0,"1":0,"2":0,"3":0,"4":0,"5":3,"6":0,"7":5,"8":1,"9":5,"10":0,"11":0,"12":1,"13":0,"14":3,"15":0,"16":1,"17":3,"18":2,"19":4},"3":{"0":5,"1":1,"2":3,"3":0,"4":0,"5":0,"6":0,"7":0,"8":0,"9":0,"10":2,"11":0,"12":2,"13":3,"14":4,"15":0,"16":0,"17":5,"18":4,"19":5},"4":{"0":5,"1":3,"2":5,"3":0,"4":0,"5":2,"6":2,"7":5,"8":1,"9":0,"10":0,"11":4,"12":1,"13":3,"14":3,"15":0,"16":0,"17":0,"18":0,"19":0},"5":{"0":5,"1":5,"2":5,"3":5,"4":5,"5":0,"6":0,"7":0,"8":5,"9":0,"10":4,"11":0,"12":3,"13":0,"14":0,"15":0,"16":1,"17":0,"18":0,"19":4},"6":{"0":5,"1":1,"2":0,"3":0,"4":4,"5":0,"6":0,"7":0,"8":0,"9":0,"10":0,"11":3,"12":0,"13":0,"14":0,"15":2,"16":0,"17":5,"18":5,"19":0},"7":{"0":2,"1":4,"2":5,"3":5,"4":4,"5":5,"6":5,"7":0,"8":0,"9":0,"10":0,"11":0,"12":0,"13":4,"14":0,"15":5,"16":0,"17":1,"18":0,"19":3},"8":{"0":5,"1":5,"2":0,"3":0,"4":4,"5":4,"6":3,"7":0,"8":0,"9":0,"10":4,"11":0,"12":4,"13":0,"14":2,"15":0,"16":4,"17":0,"18":3,"19":3},"9":{"0":5,"1":0,"2":4,"3":5,"4":0,"5":1,"6":5,"7":5,"8":3,"9":0,"10":1,"11":0,"12":0,"13":5,"14":4,"15":2,"16":0,"17":2,"18":3,"19":0},"10":{"0":1,"1":5,"2":5,"3":0,"4":5,"5":5,"6":5,"7":1,"8":3,"9":0,"10":0,"11":0,"12":4,"13":0,"14":3,"15":0,"16":2,"17":0,"18":3,"19":1},"11":{"0":1,"1":5,"2":5,"3":5,"4":5,"5":2,"6":0,"7":0,"8":5,"9":3,"10":5,"11":0,"12":0,"13":4,"14":4,"15":0,"16":0,"17":5,"18":5,"19":0},"12":{"0":2,"1":5,"2":0,"3":0,"4":5,"5":5,"6":5,"7":4,"8":0,"9":5,"10":1,"11":5,"12":0,"13":5,"14":5,"15":5,"16":1,"17":2,"18":4,"19":0},"13":{"0":3,"1":3,"2":5,"3":1,"4":4,"5":3,"6":0,"7":5,"8":5,"9":5,"10":2,"11":0,"12":2,"13":0,"14":2,"15":0,"16":0,"17":0,"18":0,"19":0},"14":{"0":3,"1":5,"2":5,"3":3,"4":4,"5":0,"6":2,"7":4,"8":2,"9":0,"10":0,"11":5,"12":4,"13":3,"14":0,"15":0,"16":0,"17":5,"18":0,"19":0},"15":{"0":4,"1":5,"2":3,"3":5,"4":1,"5":0,"6":0,"7":4,"8":5,"9":0,"10":5,"11":5,"12":5,"13":5,"14":5,"15":0,"16":0,"17":3,"18":3,"19":0},"16":{"0":4,"1":5,"2":5,"3":5,"4":2,"5":0,"6":0,"7":0,"8":0,"9":5,"10":5,"11":1,"12":5,"13":5,"14":5,"15":5,"16":0,"17":0,"18":3,"19":1},"17":{"0":4,"1":5,"2":3,"3":5,"4":5,"5":5,"6":3,"7":5,"8":5,"9":2,"10":3,"11":3,"12":2,"13":0,"14":4,"15":0,"16":4,"17":0,"18":0,"19":2},"18":{"0":5,"1":0,"2":5,"3":0,"4":5,"5":2,"6":5,"7":0,"8":0,"9":0,"10":5,"11":0,"12":0,"13":1,"14":2,"15":0,"16":1,"17":1,"18":0,"19":0},"19":{"0":2,"1":5,"2":5,"3":5,"4":5,"5":3,"6":2,"7":5,"8":4,"9":3,"10":5,"11":3,"12":0,"13":3,"14":2,"15":3,"16":3,"17":0,"18":5,"19":0}},"method":"lop","closest_pair":[[2,0,1,4,6,14,10,18,8,3,5,7,13,9,11,12,15,16,19,17],[2,0,1,4,6,14,10,18,8,3,5,7,13,9,11,15,12,16,19,17]],"farthest_pair":[[2,0,1,3,4,5,6,7,14,10,18,8,9,13,11,12,15,16,19,17],[2,0,1,4,6,14,10,18,8,3,5,7,13,9,11,15,12,16,19,17]],"tau_farthest_pair":0.8210526316,"tau_closest_pair":0.9894736842,"beta":0.0000705458,"centroid_solution":[2,0,1,4,6,3,5,7,14,10,18,8,9,13,11,12,15,16,19,17]}