{"solutions":[[0,1,2,3,5,4,6,7,8,9,11,10,12,13,14,15,16,17,18,19],[0,1,2,3,4,5,6,7,8,9,11,10,12,13,14,15,16,17,18,19],[0,1,2,3,5,4,6,7,8,11,9,10,12,13,14,15,16,17,18,19],[0,1,2,3,5,6,4,7,8,11,9,10,12,13,14,15,16,17,18,19],[0,1,2,3,5,6,4,7,8,9,11,10,12,13,14,15,16,17,18,19],[0,1,2,3,4,5,6,7,8,11,9,10,12,13,14,15,16,17,18,19]],"obj":693.0,"max_tau_solutions":null,"centroid_x":[[0.0,1.0,1.0,1.0,1.0,1.0,1.0,1.0,1.0,1.0,1.0,1.0,1.0,1.0,1.0,1.0,1.0,1.0,1.0,1.0],[0.0,0.0,1.0,1.0,1.0,1.0,1.0,1.0,1.0,1.0,1.0,1.0,1.0,1.0,1.0,1.0,1.0,1.0,1.0,1.0],[0.0,0.0,0.0,1.0,1.0,1.0,1.0,1.0,1.0,1.0,1.0,1.0,1.0,1.0,1.0,1.0,1.0,1.0,1.0,1.0],[0.0,0.0,0.0,0.0,1.0,1.0,1.0,1.0,1.0,1.0,1.0,1.0,1.0,1.0,1.0,1.0,1.0,1.0,1.0,1.0],[0.0,0.0,0.0,0.0,0.0,0.4276811859,0.5684312713,1.0,1.0,1.0,1.0,1.0,1.0,1.0,1.0,1.0,1.0,1.0,1.0,1.0],[0.0,0.0,0.0,0.0,0.5723188141,0.0,1.0,1.0,1.0,1.0,1.0,1.0,1.0,1.0,1.0,1.0,1.0,1.0,1.0,1.0],[0.0,0.0,0.0,0.0,0.4315687287,0.0,0.0,1.0,1.0,1.0,1.0,1.0,1.0,1.0,1.0,1.0,1.0,1.0,1.0,1.0],[0.0,0.0,0.0,0.0,0.0,0.0,0.0,0.0,1.0,1.0,1.0,1.0,1.0,1.0,1.0,1.0,1.0,1.0,1.0,1.0],[0.0,0.0,0.0,0.0,0.0,0.0,0.0,0.0,0.0,1.0,1.0,1.0,1.0,1.0,1.0,1.0,1.0,1.0,1.0,1.0],[0.0,0.0,0.0,0.0,0.0,0.0,0.0,0.0,0.0,0.0,1.0,0.4945621824,1.0,1.0,1.0,1.0,1.0,1.0,1.0,1.0],[0.0,0.0,0.0,0.0,0.0,0.0,0.0,0.0,0.0,0.0,0.0,0.0,1.0,1.0,1.0,1.0,1.0,1.0,1.0,1.0],[0.0,0.0,0.0,0.0,0.0,0.0,0.0,0.0,0.0,0.5054378176,1.0,0.0,1.0,1.0,1.0,1.0,1.0,1.0,1.0,1.0],[0.0,0.0,0.0,0.0,0.0,0.0,0.0,0.0,0.0,0.0,0.0,0.0,0.0,1.0,1.0,1.0,1.0,1.0,1.0,1.0],[0.0,0.0,0.0,0.0,0.0,0.0,0.0,0.0,0.0,0.0,0.0,0.0,0.0,0.0,1.0,1.0,1.0,1.0,1.0,1.0],[0.0,0.0,0.0,0.0,0.0,0.0,0.0,0.0,0.0,0.0,0.0,0.0,0.0,0.0,0.0,1.0,1.0,1.0,1.0,1.0],[0.0,0.0,0.0,0.0,0.0,0.0,0.0,0.0,0.0,0.0,0.0,0.0,0.0,0.0,0.0,0.0,1.0,1.0,1.0,1.0],[0.0,0.0,0.0,0.0,0.0,0.0,0.0,0.0,0.0,0.0,0.0,0.0,0.0,0.0,0.0,0.0,0.0,1.0,1.0,1.0],[0.0,0.0,0.0,0.0,0.0,0.0,0.0,0.0,0.0,0.0,0.0,0.0,0.0,0.0,0.0,0.0,0.0,0.0,1.0,1.0],[0.0,0.0,0.0,0.0,0.0,0.0,0.0,0.0,0.0,0.0,0.0,0.0,0.0,0.0,0.0,0.0,0.0,0.0,0.0,1.0],[0.0,0.0,0.0,0.0,0.0,0.0,0.0,0.0,0.0,0.0,0.0,0.0,0.0,0.0,0.0,0.0,0.0,0.0,0.0,0.0]],"outlier_solution":[0,1,2,3,4,5,6,7,8,9,11,10,12,13,14,15,16,17,18,19],"dataset_id":608,"source_dataset_id":655,"options":null,"D":{"0":{"0":0,"1":0,"2":3,"3":0,"4":4,"5":0,"6":0,"7":0,"8":0,"9":0,"10":0,"11":1,"12":0,"13":0,"14":4,"15":0,"16":0,"17":0,"18":1,"19":3},"1":{"0":5,"1":0,"2":0,"3":4,"4":0,"5":0,"6":0,"7":0,"8":0,"9":0,"10":0,"11":2,"12":2,"13":0,"14":0,"15":4,"16":0,"17":0,"18":0,"19":5},"2":{"0":0,"1":5,"2":0,"3":0,"4":0,"5":0,"6":5,"7":0,"8":0,"9":0,"10":3,"11":0,"12":0,"13":4,"14":2,"15":4,"16":0,"17":5,"18":0,"19":0},"3":{"0":2,"1":3,"2":5,"3":0,"4":0,"5":1,"6":0,"7":0,"8":0,"9":0,"10":0,"11":4,"12":0,"13":4,"14":2,"15":1,"16":0,"17":5,"18":0,"19":3},"4":{"0":5,"1":4,"2":2,"3":1,"4":0,"5":2,"6":0,"7":0,"8":0,"9":0,"10":0,"11":1,"12":0,"13":2,"14":0,"15":4,"16":3,"17":0,"18":0,"19":0},"5":{"0":5,"1":5,"2":0,"3":5,"4":2,"5":0,"6":0,"7":1,"8":4,"9":2,"10":0,"11":0,"12":0,"13":0,"14":0,"15":0,"16":0,"17":0,"18":4,"19":5},"6":{"0":5,"1":5,"2":5,"3":5,"4":0,"5":4,"6":0,"7":0,"8":0,"9":5,"10":0,"11":0,"12":4,"13":0,"14":0,"15":0,"16":3,"17":0,"18":0,"19":0},"7":{"0":5,"1":5,"2":5,"3":5,"4":4,"5":2,"6":5,"7":0,"8":0,"9":5,"10":0,"11":0,"12":3,"13":3,"14":0,"15":1,"16":2,"17":0,"18":0,"19":0},"8":{"0":0,"1":5,"2":5,"3":0,"4":4,"5":5,"6":5,"7":5,"8":0,"9":3,"10":0,"11":0,"12":0,"13":0,"14":0,"15":0,"16":0,"17":3,"18":0,"19":4},"9":{"0":5,"1":5,"2":5,"3":5,"4":5,"5":5,"6":5,"7":5,"8":5,"9":0,"10":0,"11":0,"12":4,"13":0,"14":0,"15":0,"16":4,"17":0,"18":1,"19":0},"10":{"0":5,"1":2,"2":1,"3":0,"4":5,"5":0,"6":5,"7":5,"8":5,"9":5,"10":0,"11":2,"12":1,"13":0,"14":0,"15":0,"16":0,"17":1,"18":1,"19":0},"11":{"0":5,"1":5,"2":0,"3":5,"4":5,"5":5,"6":1,"7":0,"8":5,"9":0,"10":0,"11":0,"12":0,"13":2,"14":3,"15":1,"16":0,"17":1,"18":0,"19":3},"12":{"0":5,"1":5,"2":5,"3":5,"4":5,"5":4,"6":5,"7":0,"8":5,"9":5,"10":3,"11":5,"12":0,"13":4,"14":0,"15":2,"16":0,"17":2,"18":0,"19":3},"13":{"0":4,"1":5,"2":0,"3":5,"4":5,"5":5,"6":5,"7":5,"8":5,"9":4,"10":3,"11":1,"12":5,"13":0,"14":2,"15":0,"16":0,"17":1,"18":3,"19":0},"14":{"0":2,"1":5,"2":5,"3":3,"4":5,"5":5,"6":4,"7":5,"8":5,"9":5,"10":5,"11":2,"12":0,"13":5,"14":0,"15":0,"16":0,"17":2,"18":0,"19":0},"15":{"0":5,"1":5,"2":5,"3":1,"4":4,"5":5,"6":5,"7":5,"8":0,"9":5,"10":5,"11":2,"12":5,"13":5,"14":5,"15":0,"16":0,"17":0,"18":0,"19":0},"16":{"0":1,"1":2,"2":5,"3":3,"4":5,"5":3,"6":5,"7":0,"8":5,"9":0,"10":2,"11":5,"12":0,"13":5,"14":0,"15":5,"16":0,"17":0,"18":4,"19":0},"17":{"0":5,"1":5,"2":2,"3":2,"4":1,"5":5,"6":5,"7":5,"8":5,"9":5,"10":5,"11":3,"12":5,"13":3,"14":5,"15":0,"16":1,"17":0,"18":2,"19":0},"18":{"0":5,"1":5,"2":5,"3":5,"4":5,"5":0,"6":3,"7":5,"8":0,"9":3,"10":0,"11":3,"12":3,"13":2,"14":5,"15":1,"16":5,"17":5,"18":0,"19":0},"19":{"0":5,"1":5,"2":0,"3":5,"4":0,"5":0,"6":4,"7":5,"8":5,"9":0,"10":5,"11":2,"12":5,"13":5,"14":0,"15":4,"16":5,"17":2,"18":2,"19":0}},"method":"lop","closest_pair":[[0,1,2,3,5,6,4,7,8,9,11,10,12,13,14,15,16,17,18,19],[0,1,2,3,5,6,4,7,8,11,9,10,12,13,14,15,16,17,18,19]],"farthest_pair":[[0,1,2,3,5,6,4,7,8,9,11,10,12,13,14,15,16,17,18,19],[0,1,2,3,4,5,6,7,8,11,9,10,12,13,14,15,16,17,18,19]],"centroid_solution":[0,1,2,3,5,4,6,7,8,11,9,10,12,13,14,15,16,17,18,19]}