{"solutions":[[0,1,2,3,4,5,6,7,8,11,9,12,10,14,13,16,15,17,18,19],[0,1,2,3,4,5,6,7,8,11,9,12,14,10,13,16,15,17,18,19],[0,1,2,3,4,5,6,7,8,11,9,12,13,14,10,16,15,17,18,19],[0,1,2,3,4,5,6,7,8,11,9,12,13,10,16,14,15,17,18,19],[0,1,2,3,4,5,6,7,8,10,11,9,12,13,16,14,15,17,18,19],[0,1,2,3,4,5,6,7,8,11,9,12,10,13,14,16,15,17,18,19],[0,1,2,3,4,5,6,7,8,11,9,12,14,13,10,16,15,17,18,19],[0,1,2,3,4,5,6,7,8,11,9,12,13,14,16,10,15,17,18,19],[0,1,2,3,4,5,6,7,8,10,11,9,12,13,14,16,15,17,18,19],[0,1,2,3,4,5,6,7,8,11,9,10,12,13,16,14,15,17,18,19],[0,1,2,3,4,5,6,7,8,11,9,12,10,13,16,14,15,17,18,19],[0,1,2,3,4,5,6,7,8,11,9,12,13,10,14,16,15,17,18,19],[0,1,2,3,4,5,6,7,8,11,9,10,12,14,13,16,15,17,18,19],[0,1,2,3,4,5,6,7,8,11,9,10,12,13,14,16,15,17,18,19],[0,1,2,3,4,5,6,7,8,10,11,9,12,14,13,16,15,17,18,19],[0,1,2,3,4,5,6,7,8,11,9,12,13,16,14,10,15,17,18,19],[0,1,2,3,4,5,6,7,8,11,9,12,13,16,10,14,15,17,18,19],[0,1,2,3,4,5,6,7,8,11,9,12,14,13,16,10,15,17,18,19]],"obj":709.0,"max_tau_solutions":null,"centroid_x":[[0.0,1.0,1.0,1.0,1.0,1.0,1.0,1.0,1.0,1.0,1.0,1.0,1.0,1.0,1.0,1.0,1.0,1.0,1.0,1.0],[0.0,0.0,1.0,1.0,1.0,1.0,1.0,1.0,1.0,1.0,1.0,1.0,1.0,1.0,1.0,1.0,1.0,1.0,1.0,1.0],[0.0,0.0,0.0,1.0,1.0,1.0,1.0,1.0,1.0,1.0,1.0,1.0,1.0,1.0,1.0,1.0,1.0,1.0,1.0,1.0],[0.0,0.0,0.0,0.0,1.0,1.0,1.0,1.0,1.0,1.0,1.0,1.0,1.0,1.0,1.0,1.0,1.0,1.0,1.0,1.0],[0.0,0.0,0.0,0.0,0.0,1.0,1.0,1.0,1.0,1.0,1.0,1.0,1.0,1.0,1.0,1.0,1.0,1.0,1.0,1.0],[0.0,0.0,0.0,0.0,0.0,0.0,1.0,1.0,1.0,1.0,1.0,1.0,1.0,1.0,1.0,1.0,1.0,1.0,1.0,1.0],[0.0,0.0,0.0,0.0,0.0,0.0,0.0,1.0,1.0,1.0,1.0,1.0,1.0,1.0,1.0,1.0,1.0,1.0,1.0,1.0],[0.0,0.0,0.0,0.0,0.0,0.0,0.0,0.0,1.0,1.0,1.0,1.0,1.0,1.0,1.0,1.0,1.0,1.0,1.0,1.0],[0.0,0.0,0.0,0.0,0.0,0.0,0.0,0.0,0.0,1.0,1.0,1.0,1.0,1.0,1.0,1.0,1.0,1.0,1.0,1.0],[0.0,0.0,0.0,0.0,0.0,0.0,0.0,0.0,0.0,0.0,0.6541611808,0.0,1.0,1.0,1.0,1.0,1.0,1.0,1.0,1.0],[0.0,0.0,0.0,0.0,0.0,0.0,0.0,0.0,0.0,0.3458388192,0.0,0.3458388192,0.4705199077,0.584494184,0.6248273182,1.0,0.671881816,1.0,1.0,1.0],[0.0,0.0,0.0,0.0,0.0,0.0,0.0,0.0,0.0,1.0,0.6541611808,0.0,1.0,1.0,1.0,1.0,1.0,1.0,1.0,1.0],[0.0,0.0,0.0,0.0,0.0,0.0,0.0,0.0,0.0,0.0,0.5294800923,0.0,0.0,1.0,1.0,1.0,1.0,1.0,1.0,1.0],[0.0,0.0,0.0,0.0,0.0,0.0,0.0,0.0,0.0,0.0,0.415505816,0.0,0.0,0.0,0.5698146833,1.0,1.0,1.0,1.0,1.0],[0.0,0.0,0.0,0.0,0.0,0.0,0.0,0.0,0.0,0.0,0.3751726818,0.0,0.0,0.4301853167,0.0,1.0,0.5741768846,1.0,1.0,1.0],[0.0,0.0,0.0,0.0,0.0,0.0,0.0,0.0,0.0,0.0,0.0,0.0,0.0,0.0,0.0,0.0,0.0,1.0,1.0,1.0],[0.0,0.0,0.0,0.0,0.0,0.0,0.0,0.0,0.0,0.0,0.328118184,0.0,0.0,0.0,0.4258231154,1.0,0.0,1.0,1.0,1.0],[0.0,0.0,0.0,0.0,0.0,0.0,0.0,0.0,0.0,0.0,0.0,0.0,0.0,0.0,0.0,0.0,0.0,0.0,1.0,1.0],[0.0,0.0,0.0,0.0,0.0,0.0,0.0,0.0,0.0,0.0,0.0,0.0,0.0,0.0,0.0,0.0,0.0,0.0,0.0,1.0],[0.0,0.0,0.0,0.0,0.0,0.0,0.0,0.0,0.0,0.0,0.0,0.0,0.0,0.0,0.0,0.0,0.0,0.0,0.0,0.0]],"outlier_solution":[0,1,2,3,4,5,6,7,8,11,9,12,13,16,14,10,15,17,18,19],"dataset_id":610,"source_dataset_id":657,"options":null,"D":{"0":{"0":0,"1":2,"2":0,"3":4,"4":3,"5":1,"6":2,"7":0,"8":0,"9":0,"10":0,"11":0,"12":4,"13":3,"14":4,"15":4,"16":5,"17":0,"18":0,"19":0},"1":{"0":5,"1":0,"2":0,"3":2,"4":0,"5":5,"6":4,"7":0,"8":0,"9":5,"10":0,"11":0,"12":0,"13":0,"14":0,"15":1,"16":0,"17":2,"18":1,"19":0},"2":{"0":5,"1":5,"2":0,"3":0,"4":0,"5":0,"6":3,"7":4,"8":0,"9":4,"10":0,"11":0,"12":0,"13":0,"14":0,"15":0,"16":0,"17":0,"18":0,"19":4},"3":{"0":0,"1":5,"2":3,"3":0,"4":0,"5":0,"6":4,"7":0,"8":0,"9":4,"10":1,"11":3,"12":0,"13":2,"14":0,"15":0,"16":4,"17":1,"18":0,"19":0},"4":{"0":5,"1":5,"2":0,"3":2,"4":0,"5":0,"6":1,"7":0,"8":0,"9":2,"10":0,"11":2,"12":0,"13":1,"14":0,"15":0,"16":0,"17":0,"18":2,"19":0},"5":{"0":0,"1":5,"2":5,"3":5,"4":5,"5":0,"6":1,"7":0,"8":0,"9":2,"10":0,"11":0,"12":0,"13":4,"14":0,"15":0,"16":0,"17":0,"18":0,"19":0},"6":{"0":4,"1":5,"2":1,"3":4,"4":5,"5":5,"6":0,"7":0,"8":1,"9":0,"10":0,"11":0,"12":0,"13":1,"14":2,"15":0,"16":0,"17":3,"18":0,"19":4},"7":{"0":4,"1":5,"2":5,"3":5,"4":5,"5":5,"6":5,"7":0,"8":0,"9":0,"10":0,"11":0,"12":2,"13":0,"14":0,"15":0,"16":0,"17":0,"18":0,"19":0},"8":{"0":5,"1":3,"2":5,"3":0,"4":5,"5":5,"6":0,"7":5,"8":0,"9":3,"10":0,"11":0,"12":0,"13":0,"14":0,"15":0,"16":0,"17":3,"18":3,"19":3},"9":{"0":5,"1":5,"2":5,"3":4,"4":5,"5":5,"6":1,"7":5,"8":5,"9":0,"10":2,"11":5,"12":0,"13":0,"14":0,"15":0,"16":0,"17":0,"18":0,"19":4},"10":{"0":3,"1":0,"2":3,"3":5,"4":2,"5":5,"6":5,"7":0,"8":5,"9":5,"10":0,"11":2,"12":0,"13":1,"14":5,"15":0,"16":0,"17":0,"18":0,"19":0},"11":{"0":5,"1":5,"2":0,"3":5,"4":5,"5":5,"6":5,"7":0,"8":5,"9":0,"10":5,"11":0,"12":5,"13":3,"14":1,"15":0,"16":0,"17":4,"18":0,"19":5},"12":{"0":1,"1":5,"2":5,"3":5,"4":5,"5":0,"6":3,"7":5,"8":5,"9":5,"10":0,"11":5,"12":0,"13":0,"14":0,"15":0,"16":0,"17":3,"18":1,"19":2},"13":{"0":5,"1":0,"2":5,"3":1,"4":5,"5":0,"6":5,"7":5,"8":0,"9":5,"10":1,"11":4,"12":4,"13":0,"14":5,"15":0,"16":2,"17":5,"18":0,"19":0},"14":{"0":5,"1":5,"2":4,"3":5,"4":5,"5":5,"6":4,"7":1,"8":1,"9":5,"10":5,"11":5,"12":5,"13":5,"14":0,"15":0,"16":5,"17":0,"18":4,"19":2},"15":{"0":5,"1":3,"2":2,"3":5,"4":5,"5":5,"6":0,"7":5,"8":2,"9":5,"10":5,"11":5,"12":3,"13":5,"14":5,"15":0,"16":1,"17":0,"18":2,"19":0},"16":{"0":4,"1":0,"2":5,"3":0,"4":5,"5":3,"6":0,"7":5,"8":5,"9":4,"10":0,"11":5,"12":0,"13":5,"14":5,"15":0,"16":0,"17":0,"18":0,"19":1},"17":{"0":5,"1":4,"2":5,"3":5,"4":5,"5":5,"6":5,"7":5,"8":5,"9":5,"10":0,"11":5,"12":2,"13":0,"14":3,"15":5,"16":5,"17":0,"18":0,"19":0},"18":{"0":5,"1":0,"2":3,"3":3,"4":0,"5":5,"6":5,"7":5,"8":5,"9":5,"10":5,"11":5,"12":2,"13":5,"14":5,"15":0,"16":5,"17":5,"18":0,"19":0},"19":{"0":0,"1":0,"2":5,"3":4,"4":0,"5":5,"6":0,"7":0,"8":5,"9":5,"10":5,"11":3,"12":4,"13":5,"14":5,"15":5,"16":4,"17":5,"18":5,"19":0}},"method":"lop","closest_pair":[[0,1,2,3,4,5,6,7,8,11,9,10,12,13,14,16,15,17,18,19],[0,1,2,3,4,5,6,7,8,11,9,10,12,13,16,14,15,17,18,19]],"farthest_pair":[[0,1,2,3,4,5,6,7,8,11,9,12,14,13,16,10,15,17,18,19],[0,1,2,3,4,5,6,7,8,10,11,9,12,13,16,14,15,17,18,19]],"centroid_solution":[0,1,2,3,4,5,6,7,8,11,9,12,10,13,14,16,15,17,18,19]}