{"solutions":[[0,2,3,6,1,4,10,5,7,8,9,11,13,12,14,15,16,17,18,19],[0,2,3,6,1,4,10,5,7,8,9,11,13,12,14,15,17,16,18,19]],"obj":713.0,"max_tau_solutions":null,"centroid_x":[[0.0,1.0,1.0,1.0,1.0,1.0,1.0,1.0,1.0,1.0,1.0,1.0,1.0,1.0,1.0,1.0,1.0,1.0,1.0,1.0],[0.0,0.0,0.0,0.0,1.0,1.0,0.0,1.0,1.0,1.0,1.0,1.0,1.0,1.0,1.0,1.0,1.0,1.0,1.0,1.0],[0.0,1.0,0.0,1.0,1.0,1.0,1.0,1.0,1.0,1.0,1.0,1.0,1.0,1.0,1.0,1.0,1.0,1.0,1.0,1.0],[0.0,1.0,0.0,0.0,1.0,1.0,1.0,1.0,1.0,1.0,1.0,1.0,1.0,1.0,1.0,1.0,1.0,1.0,1.0,1.0],[0.0,0.0,0.0,0.0,0.0,1.0,0.0,1.0,1.0,1.0,1.0,1.0,1.0,1.0,1.0,1.0,1.0,1.0,1.0,1.0],[0.0,0.0,0.0,0.0,0.0,0.0,0.0,1.0,1.0,1.0,0.0,1.0,1.0,1.0,1.0,1.0,1.0,1.0,1.0,1.0],[0.0,1.0,0.0,0.0,1.0,1.0,0.0,1.0,1.0,1.0,1.0,1.0,1.0,1.0,1.0,1.0,1.0,1.0,1.0,1.0],[0.0,0.0,0.0,0.0,0.0,0.0,0.0,0.0,1.0,1.0,0.0,1.0,1.0,1.0,1.0,1.0,1.0,1.0,1.0,1.0],[0.0,0.0,0.0,0.0,0.0,0.0,0.0,0.0,0.0,1.0,0.0,1.0,1.0,1.0,1.0,1.0,1.0,1.0,1.0,1.0],[0.0,0.0,0.0,0.0,0.0,0.0,0.0,0.0,0.0,0.0,0.0,1.0,1.0,1.0,1.0,1.0,1.0,1.0,1.0,1.0],[0.0,0.0,0.0,0.0,0.0,1.0,0.0,1.0,1.0,1.0,0.0,1.0,1.0,1.0,1.0,1.0,1.0,1.0,1.0,1.0],[0.0,0.0,0.0,0.0,0.0,0.0,0.0,0.0,0.0,0.0,0.0,0.0,1.0,1.0,1.0,1.0,1.0,1.0,1.0,1.0],[0.0,0.0,0.0,0.0,0.0,0.0,0.0,0.0,0.0,0.0,0.0,0.0,0.0,0.0,1.0,1.0,1.0,1.0,1.0,1.0],[0.0,0.0,0.0,0.0,0.0,0.0,0.0,0.0,0.0,0.0,0.0,0.0,1.0,0.0,1.0,1.0,1.0,1.0,1.0,1.0],[0.0,0.0,0.0,0.0,0.0,0.0,0.0,0.0,0.0,0.0,0.0,0.0,0.0,0.0,0.0,1.0,1.0,1.0,1.0,1.0],[0.0,0.0,0.0,0.0,0.0,0.0,0.0,0.0,0.0,0.0,0.0,0.0,0.0,0.0,0.0,0.0,1.0,1.0,1.0,1.0],[0.0,0.0,0.0,0.0,0.0,0.0,0.0,0.0,0.0,0.0,0.0,0.0,0.0,0.0,0.0,0.0,0.0,0.5123162782,1.0,1.0],[0.0,0.0,0.0,0.0,0.0,0.0,0.0,0.0,0.0,0.0,0.0,0.0,0.0,0.0,0.0,0.0,0.4876837218,0.0,1.0,1.0],[0.0,0.0,0.0,0.0,0.0,0.0,0.0,0.0,0.0,0.0,0.0,0.0,0.0,0.0,0.0,0.0,0.0,0.0,0.0,1.0],[0.0,0.0,0.0,0.0,0.0,0.0,0.0,0.0,0.0,0.0,0.0,0.0,0.0,0.0,0.0,0.0,0.0,0.0,0.0,0.0]],"outlier_solution":[0,2,3,6,1,4,10,5,7,8,9,11,13,12,14,15,17,16,18,19],"dataset_id":612,"source_dataset_id":659,"options":null,"D":{"0":{"0":0,"1":1,"2":0,"3":1,"4":3,"5":5,"6":3,"7":0,"8":0,"9":5,"10":0,"11":2,"12":0,"13":0,"14":0,"15":1,"16":0,"17":0,"18":0,"19":0},"1":{"0":0,"1":0,"2":0,"3":5,"4":0,"5":0,"6":4,"7":0,"8":0,"9":0,"10":0,"11":3,"12":0,"13":0,"14":0,"15":0,"16":0,"17":4,"18":0,"19":0},"2":{"0":4,"1":2,"2":0,"3":0,"4":0,"5":0,"6":0,"7":0,"8":0,"9":0,"10":5,"11":0,"12":0,"13":0,"14":5,"15":0,"16":4,"17":0,"18":5,"19":1},"3":{"0":5,"1":0,"2":5,"3":0,"4":1,"5":0,"6":0,"7":2,"8":0,"9":1,"10":0,"11":2,"12":0,"13":0,"14":1,"15":4,"16":0,"17":0,"18":0,"19":0},"4":{"0":0,"1":5,"2":5,"3":5,"4":0,"5":0,"6":0,"7":0,"8":0,"9":0,"10":4,"11":4,"12":0,"13":0,"14":2,"15":0,"16":0,"17":1,"18":0,"19":0},"5":{"0":5,"1":0,"2":5,"3":5,"4":5,"5":0,"6":0,"7":0,"8":3,"9":1,"10":1,"11":2,"12":2,"13":0,"14":0,"15":0,"16":3,"17":2,"18":0,"19":0},"6":{"0":5,"1":0,"2":5,"3":5,"4":0,"5":0,"6":0,"7":0,"8":0,"9":3,"10":0,"11":0,"12":0,"13":4,"14":0,"15":4,"16":2,"17":0,"18":0,"19":0},"7":{"0":5,"1":5,"2":2,"3":1,"4":5,"5":5,"6":0,"7":0,"8":0,"9":5,"10":0,"11":0,"12":4,"13":2,"14":2,"15":3,"16":0,"17":0,"18":0,"19":0},"8":{"0":5,"1":5,"2":2,"3":5,"4":5,"5":5,"6":5,"7":5,"8":0,"9":0,"10":5,"11":0,"12":0,"13":0,"14":0,"15":0,"16":2,"17":0,"18":0,"19":0},"9":{"0":5,"1":5,"2":5,"3":5,"4":5,"5":5,"6":5,"7":5,"8":5,"9":0,"10":2,"11":0,"12":0,"13":0,"14":2,"15":0,"16":5,"17":0,"18":0,"19":3},"10":{"0":5,"1":5,"2":5,"3":5,"4":5,"5":0,"6":5,"7":0,"8":2,"9":5,"10":0,"11":3,"12":0,"13":0,"14":0,"15":0,"16":0,"17":0,"18":0,"19":0},"11":{"0":0,"1":1,"2":5,"3":5,"4":5,"5":0,"6":1,"7":4,"8":5,"9":4,"10":5,"11":0,"12":0,"13":0,"14":2,"15":2,"16":1,"17":0,"18":5,"19":0},"12":{"0":5,"1":5,"2":3,"3":1,"4":4,"5":2,"6":5,"7":5,"8":5,"9":0,"10":5,"11":5,"12":0,"13":5,"14":0,"15":0,"16":0,"17":0,"18":0,"19":4},"13":{"0":4,"1":5,"2":5,"3":5,"4":5,"5":0,"6":5,"7":5,"8":5,"9":5,"10":5,"11":5,"12":0,"13":0,"14":5,"15":0,"16":3,"17":0,"18":0,"19":0},"14":{"0":5,"1":5,"2":2,"3":5,"4":3,"5":5,"6":2,"7":5,"8":5,"9":0,"10":4,"11":4,"12":5,"13":5,"14":0,"15":0,"16":0,"17":0,"18":0,"19":0},"15":{"0":5,"1":5,"2":1,"3":3,"4":5,"5":5,"6":4,"7":5,"8":5,"9":5,"10":1,"11":5,"12":2,"13":0,"14":3,"15":0,"16":2,"17":0,"18":0,"19":0},"16":{"0":0,"1":4,"2":2,"3":2,"4":5,"5":5,"6":5,"7":5,"8":5,"9":4,"10":5,"11":1,"12":1,"13":5,"14":5,"15":3,"16":0,"17":0,"18":0,"19":0},"17":{"0":0,"1":0,"2":5,"3":5,"4":5,"5":5,"6":0,"7":5,"8":5,"9":0,"10":5,"11":1,"12":5,"13":5,"14":0,"15":5,"16":0,"17":0,"18":0,"19":0},"18":{"0":5,"1":5,"2":5,"3":5,"4":5,"5":5,"6":5,"7":1,"8":5,"9":4,"10":5,"11":1,"12":5,"13":5,"14":5,"15":5,"16":4,"17":5,"18":0,"19":0},"19":{"0":5,"1":0,"2":5,"3":5,"4":5,"5":5,"6":0,"7":0,"8":5,"9":0,"10":5,"11":0,"12":3,"13":5,"14":5,"15":5,"16":0,"17":5,"18":3,"19":0}},"method":"lop","closest_pair":[[0,2,3,6,1,4,10,5,7,8,9,11,13,12,14,15,16,17,18,19],[0,2,3,6,1,4,10,5,7,8,9,11,13,12,14,15,17,16,18,19]],"farthest_pair":[[0,2,3,6,1,4,10,5,7,8,9,11,13,12,14,15,16,17,18,19],[0,2,3,6,1,4,10,5,7,8,9,11,13,12,14,15,17,16,18,19]],"tau_farthest_pair":0.9894736842,"tau_closest_pair":0.9894736842,"beta":0.0000005242,"centroid_solution":[0,2,3,6,1,4,10,5,7,8,9,11,13,12,14,15,16,17,18,19]}