{"solutions":[[0,1,2,5,6,3,4,7,8,9,10,12,18,11,13,14,15,16,17,19],[0,1,5,2,6,3,4,7,8,9,10,11,12,13,14,18,15,16,17,19],[0,1,5,2,3,4,6,7,8,9,10,18,12,11,13,14,15,16,17,19],[0,1,5,2,3,4,6,7,8,9,10,12,18,11,13,14,15,16,17,19],[0,1,2,3,4,5,6,7,8,9,10,18,11,12,13,14,15,16,17,19],[0,1,2,5,6,3,4,7,8,9,10,11,12,13,14,18,15,16,17,19],[0,1,2,3,4,5,6,7,8,9,10,11,12,13,14,18,15,16,17,19],[0,1,2,5,6,3,4,7,8,9,10,18,12,11,13,14,15,16,17,19],[0,1,5,2,6,3,4,7,8,9,10,12,11,13,14,18,15,16,17,19],[0,1,2,3,5,4,6,7,8,9,10,18,12,11,13,14,15,16,17,19],[0,1,5,2,6,3,4,7,8,9,10,12,18,11,13,14,15,16,17,19],[0,1,2,3,5,4,6,7,8,9,10,12,11,13,14,18,15,16,17,19],[0,1,2,5,6,3,4,7,8,9,10,12,11,13,14,18,15,16,17,19],[0,1,2,3,5,4,6,7,8,9,10,18,11,12,13,14,15,16,17,19],[0,1,2,3,5,4,6,7,8,9,10,12,18,11,13,14,15,16,17,19],[0,1,2,3,4,5,6,7,8,9,10,12,18,11,13,14,15,16,17,19],[0,1,2,3,5,4,6,7,8,9,10,11,12,13,14,18,15,16,17,19],[0,1,2,5,3,4,6,7,8,9,10,11,12,13,14,18,15,16,17,19],[0,1,5,2,6,3,4,7,8,9,10,18,11,12,13,14,15,16,17,19],[0,1,5,2,3,4,6,7,8,9,10,18,11,12,13,14,15,16,17,19],[0,1,2,5,3,4,6,7,8,9,10,18,12,11,13,14,15,16,17,19],[0,1,5,2,3,4,6,7,8,9,10,11,12,13,14,18,15,16,17,19],[0,1,2,5,3,4,6,7,8,9,10,18,11,12,13,14,15,16,17,19],[0,1,2,5,6,3,4,7,8,9,10,18,11,12,13,14,15,16,17,19],[0,1,5,2,3,4,6,7,8,9,11,10,12,13,14,18,15,16,17,19],[0,1,2,5,3,4,6,7,8,9,10,12,18,11,13,14,15,16,17,19],[0,1,5,2,3,4,6,7,8,9,10,12,11,13,14,18,15,16,17,19],[0,1,2,5,3,4,6,7,8,9,10,12,11,13,14,18,15,16,17,19],[0,1,2,3,4,5,6,7,8,9,11,10,12,13,14,18,15,16,17,19],[0,1,2,3,4,5,6,7,8,9,10,12,11,13,14,18,15,16,17,19],[0,1,2,5,6,3,4,7,8,9,11,10,12,13,14,18,15,16,17,19],[0,1,2,5,3,4,6,7,8,9,11,10,12,13,14,18,15,16,17,19],[0,1,2,3,4,5,6,7,8,9,10,18,12,11,13,14,15,16,17,19],[0,1,2,3,5,4,6,7,8,9,11,10,12,13,14,18,15,16,17,19],[0,1,5,2,6,3,4,7,8,9,10,18,12,11,13,14,15,16,17,19],[0,1,5,2,6,3,4,7,8,9,11,10,12,13,14,18,15,16,17,19]],"obj":707.0,"max_tau_solutions":null,"centroid_x":[[0.0,1.0,1.0,1.0,1.0,1.0,1.0,1.0,1.0,1.0,1.0,1.0,1.0,1.0,1.0,1.0,1.0,1.0,1.0,1.0],[0.0,0.0,1.0,1.0,1.0,1.0,1.0,1.0,1.0,1.0,1.0,1.0,1.0,1.0,1.0,1.0,1.0,1.0,1.0,1.0],[0.0,0.0,0.0,1.0,1.0,0.5107265956,1.0,1.0,1.0,1.0,1.0,1.0,1.0,1.0,1.0,1.0,1.0,1.0,1.0,1.0],[0.0,0.0,0.0,0.0,1.0,0.2491961533,0.51129791,1.0,1.0,1.0,1.0,1.0,1.0,1.0,1.0,1.0,1.0,1.0,1.0,1.0],[0.0,0.0,0.0,0.0,0.0,0.2490710798,0.51129791,1.0,1.0,1.0,1.0,1.0,1.0,1.0,1.0,1.0,1.0,1.0,1.0,1.0],[0.0,0.0,0.4892734044,0.7508038467,0.7509289202,0.0,1.0,1.0,1.0,1.0,1.0,1.0,1.0,1.0,1.0,1.0,1.0,1.0,1.0,1.0],[0.0,0.0,0.0,0.48870209,0.48870209,0.0,0.0,1.0,1.0,1.0,1.0,1.0,1.0,1.0,1.0,1.0,1.0,1.0,1.0,1.0],[0.0,0.0,0.0,0.0,0.0,0.0,0.0,0.0,1.0,1.0,1.0,1.0,1.0,1.0,1.0,1.0,1.0,1.0,1.0,1.0],[0.0,0.0,0.0,0.0,0.0,0.0,0.0,0.0,0.0,1.0,1.0,1.0,1.0,1.0,1.0,1.0,1.0,1.0,1.0,1.0],[0.0,0.0,0.0,0.0,0.0,0.0,0.0,0.0,0.0,0.0,1.0,1.0,1.0,1.0,1.0,1.0,1.0,1.0,1.0,1.0],[0.0,0.0,0.0,0.0,0.0,0.0,0.0,0.0,0.0,0.0,0.0,0.6356669195,1.0,1.0,1.0,1.0,1.0,1.0,1.0,1.0],[0.0,0.0,0.0,0.0,0.0,0.0,0.0,0.0,0.0,0.0,0.3643330805,0.0,0.5444307895,1.0,1.0,1.0,1.0,1.0,0.4887951906,1.0],[0.0,0.0,0.0,0.0,0.0,0.0,0.0,0.0,0.0,0.0,0.0,0.4555692105,0.0,1.0,1.0,1.0,1.0,1.0,0.6460813333,1.0],[0.0,0.0,0.0,0.0,0.0,0.0,0.0,0.0,0.0,0.0,0.0,0.0,0.0,0.0,1.0,1.0,1.0,1.0,0.4887951904,1.0],[0.0,0.0,0.0,0.0,0.0,0.0,0.0,0.0,0.0,0.0,0.0,0.0,0.0,0.0,0.0,1.0,1.0,1.0,0.4887951906,1.0],[0.0,0.0,0.0,0.0,0.0,0.0,0.0,0.0,0.0,0.0,0.0,0.0,0.0,0.0,0.0,0.0,1.0,1.0,0.0,1.0],[0.0,0.0,0.0,0.0,0.0,0.0,0.0,0.0,0.0,0.0,0.0,0.0,0.0,0.0,0.0,0.0,0.0,1.0,0.0,1.0],[0.0,0.0,0.0,0.0,0.0,0.0,0.0,0.0,0.0,0.0,0.0,0.0,0.0,0.0,0.0,0.0,0.0,0.0,0.0,1.0],[0.0,0.0,0.0,0.0,0.0,0.0,0.0,0.0,0.0,0.0,0.0,0.5112048094,0.3539186667,0.5112048096,0.5112048094,1.0,1.0,1.0,0.0,1.0],[0.0,0.0,0.0,0.0,0.0,0.0,0.0,0.0,0.0,0.0,0.0,0.0,0.0,0.0,0.0,0.0,0.0,0.0,0.0,0.0]],"outlier_solution":[0,1,2,3,4,5,6,7,8,9,10,18,12,11,13,14,15,16,17,19],"dataset_id":628,"source_dataset_id":675,"options":null,"D":{"0":{"0":0,"1":0,"2":0,"3":5,"4":0,"5":0,"6":4,"7":0,"8":0,"9":0,"10":5,"11":4,"12":1,"13":3,"14":0,"15":0,"16":0,"17":0,"18":2,"19":0},"1":{"0":5,"1":0,"2":0,"3":0,"4":0,"5":0,"6":0,"7":0,"8":0,"9":0,"10":0,"11":0,"12":2,"13":0,"14":1,"15":4,"16":1,"17":0,"18":2,"19":0},"2":{"0":0,"1":5,"2":0,"3":0,"4":0,"5":0,"6":0,"7":0,"8":0,"9":0,"10":0,"11":0,"12":5,"13":0,"14":0,"15":0,"16":0,"17":2,"18":5,"19":1},"3":{"0":1,"1":0,"2":5,"3":0,"4":0,"5":0,"6":1,"7":0,"8":0,"9":3,"10":0,"11":0,"12":0,"13":0,"14":0,"15":2,"16":0,"17":0,"18":0,"19":0},"4":{"0":5,"1":5,"2":5,"3":5,"4":0,"5":5,"6":4,"7":3,"8":0,"9":4,"10":0,"11":0,"12":0,"13":0,"14":0,"15":4,"16":2,"17":5,"18":3,"19":1},"5":{"0":5,"1":5,"2":0,"3":0,"4":5,"5":0,"6":3,"7":0,"8":0,"9":0,"10":0,"11":0,"12":3,"13":0,"14":1,"15":0,"16":0,"17":4,"18":2,"19":0},"6":{"0":2,"1":5,"2":2,"3":0,"4":5,"5":5,"6":0,"7":0,"8":0,"9":0,"10":0,"11":0,"12":0,"13":4,"14":0,"15":0,"16":0,"17":0,"18":2,"19":0},"7":{"0":5,"1":1,"2":0,"3":5,"4":5,"5":5,"6":2,"7":0,"8":0,"9":0,"10":0,"11":0,"12":2,"13":4,"14":0,"15":0,"16":0,"17":0,"18":2,"19":0},"8":{"0":5,"1":5,"2":5,"3":5,"4":0,"5":5,"6":0,"7":5,"8":0,"9":0,"10":0,"11":0,"12":2,"13":0,"14":0,"15":0,"16":1,"17":0,"18":0,"19":0},"9":{"0":5,"1":0,"2":5,"3":5,"4":5,"5":0,"6":5,"7":4,"8":5,"9":0,"10":0,"11":0,"12":3,"13":0,"14":0,"15":0,"16":0,"17":0,"18":5,"19":0},"10":{"0":4,"1":3,"2":0,"3":5,"4":5,"5":5,"6":2,"7":1,"8":5,"9":5,"10":0,"11":0,"12":3,"13":0,"14":0,"15":0,"16":1,"17":0,"18":4,"19":0},"11":{"0":5,"1":5,"2":2,"3":5,"4":1,"5":5,"6":0,"7":5,"8":5,"9":5,"10":0,"11":0,"12":0,"13":0,"14":0,"15":3,"16":0,"17":0,"18":4,"19":0},"12":{"0":5,"1":2,"2":2,"3":5,"4":5,"5":5,"6":5,"7":5,"8":5,"9":5,"10":5,"11":0,"12":0,"13":0,"14":0,"15":0,"16":0,"17":0,"18":5,"19":0},"13":{"0":5,"1":5,"2":5,"3":5,"4":1,"5":4,"6":5,"7":5,"8":0,"9":0,"10":5,"11":4,"12":5,"13":0,"14":0,"15":0,"16":0,"17":4,"18":4,"19":0},"14":{"0":0,"1":0,"2":5,"3":5,"4":5,"5":3,"6":5,"7":5,"8":5,"9":0,"10":5,"11":5,"12":3,"13":5,"14":0,"15":0,"16":0,"17":0,"18":0,"19":0},"15":{"0":5,"1":5,"2":5,"3":0,"4":5,"5":4,"6":5,"7":2,"8":5,"9":5,"10":4,"11":5,"12":5,"13":5,"14":5,"15":0,"16":0,"17":0,"18":5,"19":3},"16":{"0":5,"1":4,"2":5,"3":2,"4":0,"5":3,"6":5,"7":0,"8":5,"9":0,"10":5,"11":1,"12":5,"13":5,"14":5,"15":4,"16":0,"17":0,"18":5,"19":2},"17":{"0":5,"1":4,"2":5,"3":5,"4":5,"5":1,"6":2,"7":5,"8":5,"9":0,"10":5,"11":5,"12":5,"13":5,"14":5,"15":5,"16":4,"17":0,"18":2,"19":0},"18":{"0":5,"1":5,"2":2,"3":5,"4":5,"5":0,"6":4,"7":0,"8":5,"9":5,"10":5,"11":3,"12":5,"13":0,"14":5,"15":0,"16":3,"17":5,"18":0,"19":0},"19":{"0":1,"1":5,"2":5,"3":0,"4":5,"5":5,"6":5,"7":5,"8":5,"9":5,"10":5,"11":5,"12":5,"13":5,"14":0,"15":4,"16":2,"17":5,"18":0,"19":0}},"method":"lop","closest_pair":[[0,1,5,2,6,3,4,7,8,9,10,18,11,12,13,14,15,16,17,19],[0,1,5,2,6,3,4,7,8,9,10,18,12,11,13,14,15,16,17,19]],"farthest_pair":[[0,1,5,2,6,3,4,7,8,9,10,18,12,11,13,14,15,16,17,19],[0,1,2,3,4,5,6,7,8,9,11,10,12,13,14,18,15,16,17,19]],"centroid_solution":[0,1,2,5,3,4,6,7,8,9,10,11,12,13,14,18,15,16,17,19]}