{"solutions":[[0,1,3,2,4,6,7,5,8,10,11,17,12,13,14,15,16,18,19,9],[0,1,2,3,4,6,7,8,10,5,11,17,12,13,14,15,16,18,19,9],[0,1,2,3,4,6,7,5,8,10,11,17,12,13,14,15,16,18,19,9],[0,1,2,3,4,6,5,7,8,10,11,17,12,13,14,15,16,18,19,9],[0,1,3,2,4,6,7,8,10,5,11,17,12,13,14,15,16,18,19,9],[0,1,3,2,4,6,5,7,8,10,11,17,12,13,14,15,16,18,19,9],[0,1,2,3,4,6,7,8,5,10,11,17,12,13,14,15,16,18,19,9],[0,1,3,2,4,6,7,8,5,10,11,17,12,13,14,15,16,18,19,9]],"obj":661.0,"max_tau_solutions":null,"centroid_x":[[0.0,1.0,1.0,1.0,1.0,1.0,1.0,1.0,1.0,1.0,1.0,1.0,1.0,1.0,1.0,1.0,1.0,1.0,1.0,1.0],[0.0,0.0,1.0,1.0,1.0,1.0,1.0,1.0,1.0,1.0,1.0,1.0,1.0,1.0,1.0,1.0,1.0,1.0,1.0,1.0],[0.0,0.0,0.0,0.4997844187,1.0,1.0,1.0,1.0,1.0,1.0,1.0,1.0,1.0,1.0,1.0,1.0,1.0,1.0,1.0,1.0],[0.0,0.0,0.5002155813,0.0,1.0,1.0,1.0,1.0,1.0,1.0,1.0,1.0,1.0,1.0,1.0,1.0,1.0,1.0,1.0,1.0],[0.0,0.0,0.0,0.0,0.0,1.0,1.0,1.0,1.0,1.0,1.0,1.0,1.0,1.0,1.0,1.0,1.0,1.0,1.0,1.0],[0.0,0.0,0.0,0.0,0.0,0.0,0.0,0.3721366233,0.4962270408,1.0,0.6131388548,1.0,1.0,1.0,1.0,1.0,1.0,1.0,1.0,1.0],[0.0,0.0,0.0,0.0,0.0,1.0,0.0,1.0,1.0,1.0,1.0,1.0,1.0,1.0,1.0,1.0,1.0,1.0,1.0,1.0],[0.0,0.0,0.0,0.0,0.0,0.6278633767,0.0,0.0,1.0,1.0,1.0,1.0,1.0,1.0,1.0,1.0,1.0,1.0,1.0,1.0],[0.0,0.0,0.0,0.0,0.0,0.5037729592,0.0,0.0,0.0,1.0,1.0,1.0,1.0,1.0,1.0,1.0,1.0,1.0,1.0,1.0],[0.0,0.0,0.0,0.0,0.0,0.0,0.0,0.0,0.0,0.0,0.0,0.0,0.0,0.0,0.0,0.0,0.0,0.0,0.0,0.0],[0.0,0.0,0.0,0.0,0.0,0.3868611452,0.0,0.0,0.0,1.0,0.0,1.0,1.0,1.0,1.0,1.0,1.0,1.0,1.0,1.0],[0.0,0.0,0.0,0.0,0.0,0.0,0.0,0.0,0.0,1.0,0.0,0.0,1.0,1.0,1.0,1.0,1.0,1.0,1.0,1.0],[0.0,0.0,0.0,0.0,0.0,0.0,0.0,0.0,0.0,1.0,0.0,0.0,0.0,1.0,1.0,1.0,1.0,0.0,1.0,1.0],[0.0,0.0,0.0,0.0,0.0,0.0,0.0,0.0,0.0,1.0,0.0,0.0,0.0,0.0,1.0,1.0,1.0,0.0,1.0,1.0],[0.0,0.0,0.0,0.0,0.0,0.0,0.0,0.0,0.0,1.0,0.0,0.0,0.0,0.0,0.0,1.0,1.0,0.0,1.0,1.0],[0.0,0.0,0.0,0.0,0.0,0.0,0.0,0.0,0.0,1.0,0.0,0.0,0.0,0.0,0.0,0.0,1.0,0.0,1.0,1.0],[0.0,0.0,0.0,0.0,0.0,0.0,0.0,0.0,0.0,1.0,0.0,0.0,0.0,0.0,0.0,0.0,0.0,0.0,1.0,1.0],[0.0,0.0,0.0,0.0,0.0,0.0,0.0,0.0,0.0,1.0,0.0,0.0,1.0,1.0,1.0,1.0,1.0,0.0,1.0,1.0],[0.0,0.0,0.0,0.0,0.0,0.0,0.0,0.0,0.0,1.0,0.0,0.0,0.0,0.0,0.0,0.0,0.0,0.0,0.0,1.0],[0.0,0.0,0.0,0.0,0.0,0.0,0.0,0.0,0.0,1.0,0.0,0.0,0.0,0.0,0.0,0.0,0.0,0.0,0.0,0.0]],"outlier_solution":[0,1,2,3,4,6,5,7,8,10,11,17,12,13,14,15,16,18,19,9],"dataset_id":629,"source_dataset_id":676,"options":null,"D":{"0":{"0":0,"1":0,"2":0,"3":0,"4":3,"5":0,"6":0,"7":5,"8":0,"9":0,"10":5,"11":4,"12":0,"13":2,"14":4,"15":0,"16":1,"17":4,"18":0,"19":3},"1":{"0":5,"1":0,"2":0,"3":2,"4":0,"5":0,"6":0,"7":0,"8":0,"9":0,"10":0,"11":4,"12":4,"13":2,"14":0,"15":0,"16":0,"17":5,"18":1,"19":0},"2":{"0":5,"1":5,"2":0,"3":5,"4":4,"5":0,"6":1,"7":0,"8":3,"9":0,"10":0,"11":0,"12":0,"13":0,"14":0,"15":0,"16":4,"17":0,"18":0,"19":0},"3":{"0":5,"1":5,"2":5,"3":0,"4":0,"5":0,"6":0,"7":0,"8":0,"9":0,"10":4,"11":1,"12":0,"13":0,"14":4,"15":0,"16":0,"17":0,"18":4,"19":0},"4":{"0":3,"1":5,"2":5,"3":5,"4":0,"5":0,"6":0,"7":0,"8":5,"9":0,"10":0,"11":0,"12":0,"13":3,"14":0,"15":0,"16":0,"17":0,"18":0,"19":3},"5":{"0":5,"1":0,"2":5,"3":5,"4":5,"5":0,"6":5,"7":0,"8":5,"9":0,"10":5,"11":0,"12":0,"13":4,"14":0,"15":0,"16":0,"17":0,"18":0,"19":0},"6":{"0":5,"1":5,"2":5,"3":2,"4":4,"5":0,"6":0,"7":1,"8":0,"9":0,"10":0,"11":3,"12":5,"13":0,"14":0,"15":0,"16":0,"17":4,"18":0,"19":0},"7":{"0":5,"1":5,"2":5,"3":1,"4":4,"5":0,"6":5,"7":0,"8":0,"9":0,"10":0,"11":4,"12":0,"13":0,"14":0,"15":2,"16":3,"17":0,"18":0,"19":0},"8":{"0":5,"1":0,"2":5,"3":4,"4":5,"5":5,"6":3,"7":5,"8":0,"9":1,"10":1,"11":0,"12":0,"13":0,"14":1,"15":0,"16":1,"17":2,"18":5,"19":0},"9":{"0":0,"1":5,"2":0,"3":0,"4":5,"5":5,"6":1,"7":0,"8":5,"9":0,"10":0,"11":0,"12":0,"13":2,"14":5,"15":5,"16":0,"17":0,"18":5,"19":4},"10":{"0":5,"1":4,"2":5,"3":5,"4":5,"5":5,"6":1,"7":5,"8":5,"9":0,"10":0,"11":3,"12":0,"13":0,"14":0,"15":0,"16":0,"17":0,"18":0,"19":0},"11":{"0":3,"1":0,"2":5,"3":1,"4":3,"5":5,"6":0,"7":0,"8":5,"9":0,"10":5,"11":0,"12":0,"13":0,"14":0,"15":0,"16":0,"17":0,"18":0,"19":3},"12":{"0":0,"1":5,"2":5,"3":5,"4":0,"5":4,"6":0,"7":0,"8":2,"9":5,"10":5,"11":4,"12":0,"13":0,"14":0,"15":0,"16":4,"17":5,"18":1,"19":5},"13":{"0":5,"1":3,"2":5,"3":5,"4":5,"5":5,"6":1,"7":5,"8":0,"9":2,"10":1,"11":5,"12":2,"13":0,"14":0,"15":0,"16":5,"17":0,"18":2,"19":4},"14":{"0":4,"1":5,"2":4,"3":5,"4":0,"5":5,"6":1,"7":5,"8":1,"9":2,"10":5,"11":5,"12":4,"13":5,"14":0,"15":0,"16":0,"17":5,"18":4,"19":3},"15":{"0":5,"1":0,"2":0,"3":5,"4":5,"5":0,"6":4,"7":5,"8":5,"9":3,"10":5,"11":5,"12":5,"13":4,"14":5,"15":0,"16":0,"17":0,"18":4,"19":0},"16":{"0":3,"1":5,"2":0,"3":0,"4":1,"5":1,"6":5,"7":0,"8":0,"9":1,"10":5,"11":5,"12":5,"13":5,"14":5,"15":5,"16":0,"17":0,"18":1,"19":0},"17":{"0":0,"1":5,"2":5,"3":5,"4":2,"5":5,"6":3,"7":5,"8":5,"9":0,"10":5,"11":5,"12":3,"13":1,"14":0,"15":5,"16":0,"17":0,"18":0,"19":0},"18":{"0":5,"1":3,"2":0,"3":0,"4":5,"5":5,"6":5,"7":5,"8":5,"9":5,"10":2,"11":5,"12":5,"13":5,"14":5,"15":5,"16":5,"17":2,"18":0,"19":0},"19":{"0":4,"1":0,"2":5,"3":5,"4":5,"5":0,"6":5,"7":5,"8":1,"9":2,"10":0,"11":5,"12":5,"13":5,"14":0,"15":0,"16":5,"17":5,"18":5,"19":0}},"method":"lop","closest_pair":[[0,1,3,2,4,6,7,5,8,10,11,17,12,13,14,15,16,18,19,9],[0,1,3,2,4,6,7,8,5,10,11,17,12,13,14,15,16,18,19,9]],"farthest_pair":[[0,1,2,3,4,6,7,8,10,5,11,17,12,13,14,15,16,18,19,9],[0,1,3,2,4,6,5,7,8,10,11,17,12,13,14,15,16,18,19,9]],"centroid_solution":[0,1,3,2,4,6,7,8,5,10,11,17,12,13,14,15,16,18,19,9]}