{"solutions":[[1,0,2,4,3,5,7,6,8,9,10,12,11,14,13,15,17,16,18,19],[1,0,2,4,3,5,7,6,8,9,10,12,11,14,13,15,17,16,19,18]],"obj":966.0,"max_tau_solutions":null,"centroid_x":[[0.0,0.0,1.0,1.0,1.0,1.0,1.0,1.0,1.0,1.0,1.0,1.0,1.0,1.0,1.0,1.0,1.0,1.0,1.0,1.0],[1.0,0.0,1.0,1.0,1.0,1.0,1.0,1.0,1.0,1.0,1.0,1.0,1.0,1.0,1.0,1.0,1.0,1.0,1.0,1.0],[0.0,0.0,0.0,1.0,1.0,1.0,1.0,1.0,1.0,1.0,1.0,1.0,1.0,1.0,1.0,1.0,1.0,1.0,1.0,1.0],[0.0,0.0,0.0,0.0,0.0,1.0,1.0,1.0,1.0,1.0,1.0,1.0,1.0,1.0,1.0,1.0,1.0,1.0,1.0,1.0],[0.0,0.0,0.0,1.0,0.0,1.0,1.0,1.0,1.0,1.0,1.0,1.0,1.0,1.0,1.0,1.0,1.0,1.0,1.0,1.0],[0.0,0.0,0.0,0.0,0.0,0.0,1.0,1.0,1.0,1.0,1.0,1.0,1.0,1.0,1.0,1.0,1.0,1.0,1.0,1.0],[0.0,0.0,0.0,0.0,0.0,0.0,0.0,0.0,1.0,1.0,1.0,1.0,1.0,1.0,1.0,1.0,1.0,1.0,1.0,1.0],[0.0,0.0,0.0,0.0,0.0,0.0,1.0,0.0,1.0,1.0,1.0,1.0,1.0,1.0,1.0,1.0,1.0,1.0,1.0,1.0],[0.0,0.0,0.0,0.0,0.0,0.0,0.0,0.0,0.0,1.0,1.0,1.0,1.0,1.0,1.0,1.0,1.0,1.0,1.0,1.0],[0.0,0.0,0.0,0.0,0.0,0.0,0.0,0.0,0.0,0.0,1.0,1.0,1.0,1.0,1.0,1.0,1.0,1.0,1.0,1.0],[0.0,0.0,0.0,0.0,0.0,0.0,0.0,0.0,0.0,0.0,0.0,1.0,1.0,1.0,1.0,1.0,1.0,1.0,1.0,1.0],[0.0,0.0,0.0,0.0,0.0,0.0,0.0,0.0,0.0,0.0,0.0,0.0,0.0,1.0,1.0,1.0,1.0,1.0,1.0,1.0],[0.0,0.0,0.0,0.0,0.0,0.0,0.0,0.0,0.0,0.0,0.0,1.0,0.0,1.0,1.0,1.0,1.0,1.0,1.0,1.0],[0.0,0.0,0.0,0.0,0.0,0.0,0.0,0.0,0.0,0.0,0.0,0.0,0.0,0.0,0.0,1.0,1.0,1.0,1.0,1.0],[0.0,0.0,0.0,0.0,0.0,0.0,0.0,0.0,0.0,0.0,0.0,0.0,0.0,1.0,0.0,1.0,1.0,1.0,1.0,1.0],[0.0,0.0,0.0,0.0,0.0,0.0,0.0,0.0,0.0,0.0,0.0,0.0,0.0,0.0,0.0,0.0,1.0,1.0,1.0,1.0],[0.0,0.0,0.0,0.0,0.0,0.0,0.0,0.0,0.0,0.0,0.0,0.0,0.0,0.0,0.0,0.0,0.0,0.0,1.0,1.0],[0.0,0.0,0.0,0.0,0.0,0.0,0.0,0.0,0.0,0.0,0.0,0.0,0.0,0.0,0.0,0.0,1.0,0.0,1.0,1.0],[0.0,0.0,0.0,0.0,0.0,0.0,0.0,0.0,0.0,0.0,0.0,0.0,0.0,0.0,0.0,0.0,0.0,0.0,0.0,0.4380193306],[0.0,0.0,0.0,0.0,0.0,0.0,0.0,0.0,0.0,0.0,0.0,0.0,0.0,0.0,0.0,0.0,0.0,0.0,0.5619806694,0.0]],"outlier_solution":[1,0,2,4,3,5,7,6,8,9,10,12,11,14,13,15,17,16,18,19],"dataset_id":640,"source_dataset_id":687,"options":null,"D":{"0":{"0":0,"1":4,"2":0,"3":0,"4":0,"5":0,"6":0,"7":0,"8":0,"9":0,"10":0,"11":0,"12":0,"13":0,"14":0,"15":0,"16":0,"17":0,"18":0,"19":0},"1":{"0":2,"1":0,"2":1,"3":0,"4":0,"5":0,"6":0,"7":0,"8":0,"9":0,"10":0,"11":0,"12":0,"13":0,"14":0,"15":0,"16":0,"17":0,"18":0,"19":0},"2":{"0":3,"1":5,"2":0,"3":1,"4":0,"5":0,"6":0,"7":0,"8":0,"9":0,"10":0,"11":0,"12":0,"13":0,"14":0,"15":0,"16":0,"17":0,"18":0,"19":0},"3":{"0":4,"1":2,"2":3,"3":0,"4":6,"5":0,"6":0,"7":0,"8":0,"9":0,"10":0,"11":0,"12":0,"13":0,"14":0,"15":0,"16":0,"17":0,"18":0,"19":0},"4":{"0":4,"1":6,"2":3,"3":2,"4":0,"5":3,"6":0,"7":0,"8":0,"9":0,"10":0,"11":0,"12":0,"13":0,"14":0,"15":0,"16":0,"17":0,"18":0,"19":0},"5":{"0":4,"1":6,"2":3,"3":5,"4":3,"5":0,"6":1,"7":0,"8":0,"9":0,"10":0,"11":0,"12":0,"13":0,"14":0,"15":0,"16":0,"17":0,"18":0,"19":0},"6":{"0":2,"1":6,"2":3,"3":9,"4":7,"5":1,"6":0,"7":3,"8":0,"9":0,"10":0,"11":0,"12":0,"13":0,"14":0,"15":0,"16":0,"17":0,"18":0,"19":0},"7":{"0":3,"1":4,"2":4,"3":8,"4":7,"5":6,"6":2,"7":0,"8":2,"9":0,"10":0,"11":0,"12":0,"13":0,"14":0,"15":0,"16":0,"17":0,"18":0,"19":0},"8":{"0":4,"1":2,"2":4,"3":1,"4":7,"5":9,"6":2,"7":5,"8":0,"9":2,"10":0,"11":0,"12":0,"13":0,"14":0,"15":0,"16":0,"17":0,"18":0,"19":0},"9":{"0":4,"1":4,"2":2,"3":6,"4":7,"5":3,"6":4,"7":3,"8":5,"9":0,"10":0,"11":0,"12":0,"13":0,"14":0,"15":0,"16":0,"17":0,"18":0,"19":0},"10":{"0":8,"1":7,"2":3,"3":5,"4":6,"5":4,"6":3,"7":6,"8":4,"9":1,"10":0,"11":3,"12":0,"13":0,"14":0,"15":0,"16":0,"17":0,"18":0,"19":0},"11":{"0":8,"1":4,"2":7,"3":5,"4":2,"5":9,"6":12,"7":5,"8":3,"9":4,"10":5,"11":0,"12":5,"13":0,"14":0,"15":0,"16":0,"17":0,"18":0,"19":0},"12":{"0":4,"1":9,"2":4,"3":7,"4":3,"5":8,"6":8,"7":6,"8":3,"9":3,"10":3,"11":1,"12":0,"13":1,"14":0,"15":0,"16":0,"17":0,"18":0,"19":0},"13":{"0":3,"1":4,"2":3,"3":3,"4":8,"5":3,"6":2,"7":9,"8":6,"9":5,"10":6,"11":9,"12":3,"13":0,"14":4,"15":0,"16":0,"17":0,"18":0,"19":0},"14":{"0":7,"1":3,"2":3,"3":5,"4":3,"5":9,"6":4,"7":7,"8":5,"9":6,"10":3,"11":6,"12":2,"13":1,"14":0,"15":3,"16":0,"17":0,"18":0,"19":0},"15":{"0":4,"1":5,"2":7,"3":6,"4":4,"5":5,"6":5,"7":3,"8":4,"9":7,"10":4,"11":5,"12":5,"13":3,"14":3,"15":0,"16":0,"17":0,"18":0,"19":0},"16":{"0":3,"1":6,"2":5,"3":13,"4":4,"5":8,"6":6,"7":7,"8":4,"9":5,"10":6,"11":5,"12":4,"13":5,"14":4,"15":3,"16":0,"17":7,"18":0,"19":0},"17":{"0":10,"1":5,"2":6,"3":8,"4":8,"5":7,"6":2,"7":10,"8":7,"9":5,"10":4,"11":6,"12":6,"13":2,"14":4,"15":6,"16":3,"17":0,"18":3,"19":0},"18":{"0":4,"1":5,"2":7,"3":5,"4":3,"5":5,"6":5,"7":5,"8":6,"9":5,"10":6,"11":6,"12":5,"13":6,"14":9,"15":2,"16":5,"17":2,"18":0,"19":3},"19":{"0":3,"1":3,"2":7,"3":6,"4":5,"5":6,"6":11,"7":3,"8":6,"9":9,"10":4,"11":3,"12":10,"13":2,"14":8,"15":11,"16":4,"17":9,"18":3,"19":0}},"method":"lop","closest_pair":[[1,0,2,4,3,5,7,6,8,9,10,12,11,14,13,15,17,16,18,19],[1,0,2,4,3,5,7,6,8,9,10,12,11,14,13,15,17,16,19,18]],"farthest_pair":[[1,0,2,4,3,5,7,6,8,9,10,12,11,14,13,15,17,16,19,18],[1,0,2,4,3,5,7,6,8,9,10,12,11,14,13,15,17,16,18,19]],"tau_farthest_pair":0.9894736842,"tau_closest_pair":0.9894736842,"beta":0.0000004703,"centroid_solution":[1,0,2,4,3,5,7,6,8,9,10,12,11,14,13,15,17,16,19,18]}