{"solutions":[[0,1,3,2,4,5,7,6,9,8,11,10,13,12,14,16,15,17,18,19],[0,1,3,2,5,4,7,6,8,10,9,11,13,12,15,14,17,16,18,19],[1,0,2,4,3,5,7,6,8,10,9,11,13,12,15,14,17,16,18,19],[1,0,3,2,4,5,7,6,9,8,11,10,13,12,15,14,17,16,18,19],[1,0,3,2,5,4,7,6,9,8,11,10,13,12,16,15,14,17,18,19],[0,1,2,4,3,5,7,6,8,10,9,11,13,12,14,16,15,17,18,19],[0,1,2,4,3,5,7,6,9,8,11,10,13,12,15,14,17,16,18,19],[1,0,3,2,5,4,7,6,9,8,11,10,13,12,15,14,17,16,18,19],[1,0,3,2,5,4,7,6,9,8,11,10,13,12,14,16,15,17,18,19],[0,1,3,2,5,4,7,6,8,10,9,11,13,12,16,15,14,17,18,19],[1,0,2,4,3,5,7,6,9,8,11,10,13,12,15,14,17,16,18,19],[1,0,2,4,3,5,7,6,9,8,11,10,13,12,16,15,14,17,18,19],[0,1,3,2,5,4,7,6,9,8,11,10,13,12,14,16,15,17,18,19],[0,1,3,2,5,4,7,6,9,8,11,10,13,12,15,14,17,16,18,19],[1,0,2,4,3,5,7,6,8,10,9,11,13,12,14,16,15,17,18,19],[0,1,3,2,4,5,7,6,9,8,11,10,13,12,15,14,17,16,18,19],[1,0,3,2,5,4,7,6,8,10,9,11,13,12,14,16,15,17,18,19],[0,1,2,4,3,5,7,6,9,8,11,10,13,12,16,15,14,17,18,19],[1,0,3,2,4,5,7,6,8,10,9,11,13,12,14,16,15,17,18,19],[0,1,3,2,4,5,7,6,8,10,9,11,13,12,16,15,14,17,18,19],[0,1,2,4,3,5,7,6,9,8,11,10,13,12,14,16,15,17,18,19],[1,0,3,2,4,5,7,6,9,8,11,10,13,12,14,16,15,17,18,19],[1,0,2,4,3,5,7,6,8,10,9,11,13,12,16,15,14,17,18,19],[0,1,2,4,3,5,7,6,8,10,9,11,13,12,15,14,17,16,18,19],[1,0,3,2,4,5,7,6,8,10,9,11,13,12,15,14,17,16,18,19],[0,1,3,2,5,4,7,6,9,8,11,10,13,12,16,15,14,17,18,19],[0,1,3,2,4,5,7,6,8,10,9,11,13,12,15,14,17,16,18,19],[0,1,3,2,4,5,7,6,9,8,11,10,13,12,16,15,14,17,18,19],[0,1,3,2,4,5,7,6,8,10,9,11,13,12,14,16,15,17,18,19],[0,1,3,2,5,4,7,6,8,10,9,11,13,12,14,16,15,17,18,19],[1,0,2,4,3,5,7,6,9,8,11,10,13,12,14,16,15,17,18,19],[1,0,3,2,4,5,7,6,8,10,9,11,13,12,16,15,14,17,18,19],[0,1,2,4,3,5,7,6,8,10,9,11,13,12,16,15,14,17,18,19],[1,0,3,2,4,5,7,6,9,8,11,10,13,12,16,15,14,17,18,19],[1,0,3,2,5,4,7,6,8,10,9,11,13,12,15,14,17,16,18,19],[1,0,3,2,5,4,7,6,8,10,9,11,13,12,16,15,14,17,18,19]],"obj":966.0,"max_tau_solutions":null,"centroid_x":[[0.0,0.5031870159,1.0,1.0,1.0,1.0,1.0,1.0,1.0,1.0,1.0,1.0,1.0,1.0,1.0,1.0,1.0,1.0,1.0,1.0],[0.4968129841,0.0,1.0,1.0,1.0,1.0,1.0,1.0,1.0,1.0,1.0,1.0,1.0,1.0,1.0,1.0,1.0,1.0,1.0,1.0],[0.0,0.0,0.0,0.4455374076,1.0,1.0,1.0,1.0,1.0,1.0,1.0,1.0,1.0,1.0,1.0,1.0,1.0,1.0,1.0,1.0],[0.0,0.0,0.5544625924,0.0,0.5544625926,1.0,1.0,1.0,1.0,1.0,1.0,1.0,1.0,1.0,1.0,1.0,1.0,1.0,1.0,1.0],[0.0,0.0,0.0,0.4455374074,0.0,0.5957334296,1.0,1.0,1.0,1.0,1.0,1.0,1.0,1.0,1.0,1.0,1.0,1.0,1.0,1.0],[0.0,0.0,0.0,0.0,0.4042665704,0.0,1.0,1.0,1.0,1.0,1.0,1.0,1.0,1.0,1.0,1.0,1.0,1.0,1.0,1.0],[0.0,0.0,0.0,0.0,0.0,0.0,0.0,0.0,1.0,1.0,1.0,1.0,1.0,1.0,1.0,1.0,1.0,1.0,1.0,1.0],[0.0,0.0,0.0,0.0,0.0,0.0,1.0,0.0,1.0,1.0,1.0,1.0,1.0,1.0,1.0,1.0,1.0,1.0,1.0,1.0],[0.0,0.0,0.0,0.0,0.0,0.0,0.0,0.0,0.0,0.5020246131,1.0,1.0,1.0,1.0,1.0,1.0,1.0,1.0,1.0,1.0],[0.0,0.0,0.0,0.0,0.0,0.0,0.0,0.0,0.4979753869,0.0,0.4979753877,1.0,1.0,1.0,1.0,1.0,1.0,1.0,1.0,1.0],[0.0,0.0,0.0,0.0,0.0,0.0,0.0,0.0,0.0,0.5020246123,0.0,0.5020246131,1.0,1.0,1.0,1.0,1.0,1.0,1.0,1.0],[0.0,0.0,0.0,0.0,0.0,0.0,0.0,0.0,0.0,0.0,0.4979753869,0.0,1.0,1.0,1.0,1.0,1.0,1.0,1.0,1.0],[0.0,0.0,0.0,0.0,0.0,0.0,0.0,0.0,0.0,0.0,0.0,0.0,0.0,0.0,1.0,1.0,1.0,1.0,1.0,1.0],[0.0,0.0,0.0,0.0,0.0,0.0,0.0,0.0,0.0,0.0,0.0,0.0,1.0,0.0,1.0,1.0,1.0,1.0,1.0,1.0],[0.0,0.0,0.0,0.0,0.0,0.0,0.0,0.0,0.0,0.0,0.0,0.0,0.0,0.0,0.0,0.3351474675,0.6866708588,1.0,1.0,1.0],[0.0,0.0,0.0,0.0,0.0,0.0,0.0,0.0,0.0,0.0,0.0,0.0,0.0,0.0,0.6648525325,0.0,0.3515233914,1.0,1.0,1.0],[0.0,0.0,0.0,0.0,0.0,0.0,0.0,0.0,0.0,0.0,0.0,0.0,0.0,0.0,0.3133291412,0.6484766086,0.0,0.6484766086,1.0,1.0],[0.0,0.0,0.0,0.0,0.0,0.0,0.0,0.0,0.0,0.0,0.0,0.0,0.0,0.0,0.0,0.0,0.3515233914,0.0,1.0,1.0],[0.0,0.0,0.0,0.0,0.0,0.0,0.0,0.0,0.0,0.0,0.0,0.0,0.0,0.0,0.0,0.0,0.0,0.0,0.0,1.0],[0.0,0.0,0.0,0.0,0.0,0.0,0.0,0.0,0.0,0.0,0.0,0.0,0.0,0.0,0.0,0.0,0.0,0.0,0.0,0.0]],"outlier_solution":[1,0,2,4,3,5,7,6,9,8,11,10,13,12,15,14,17,16,18,19],"dataset_id":642,"source_dataset_id":689,"options":null,"D":{"0":{"0":0,"1":0,"2":0,"3":0,"4":0,"5":0,"6":0,"7":0,"8":0,"9":0,"10":0,"11":0,"12":0,"13":0,"14":0,"15":0,"16":0,"17":0,"18":0,"19":0},"1":{"0":0,"1":0,"2":2,"3":0,"4":0,"5":0,"6":0,"7":0,"8":0,"9":0,"10":0,"11":0,"12":0,"13":0,"14":0,"15":0,"16":0,"17":0,"18":0,"19":0},"2":{"0":7,"1":6,"2":0,"3":4,"4":0,"5":0,"6":0,"7":0,"8":0,"9":0,"10":0,"11":0,"12":0,"13":0,"14":0,"15":0,"16":0,"17":0,"18":0,"19":0},"3":{"0":9,"1":9,"2":3,"3":0,"4":3,"5":0,"6":0,"7":0,"8":0,"9":0,"10":0,"11":0,"12":0,"13":0,"14":0,"15":0,"16":0,"17":0,"18":0,"19":0},"4":{"0":8,"1":4,"2":4,"3":2,"4":0,"5":1,"6":0,"7":0,"8":0,"9":0,"10":0,"11":0,"12":0,"13":0,"14":0,"15":0,"16":0,"17":0,"18":0,"19":0},"5":{"0":9,"1":3,"2":7,"3":5,"4":1,"5":0,"6":3,"7":0,"8":0,"9":0,"10":0,"11":0,"12":0,"13":0,"14":0,"15":0,"16":0,"17":0,"18":0,"19":0},"6":{"0":1,"1":5,"2":6,"3":4,"4":4,"5":4,"6":0,"7":2,"8":0,"9":0,"10":0,"11":0,"12":0,"13":0,"14":0,"15":0,"16":0,"17":0,"18":0,"19":0},"7":{"0":5,"1":7,"2":5,"3":4,"4":4,"5":2,"6":0,"7":0,"8":2,"9":0,"10":0,"11":0,"12":0,"13":0,"14":0,"15":0,"16":0,"17":0,"18":0,"19":0},"8":{"0":6,"1":10,"2":2,"3":3,"4":8,"5":4,"6":8,"7":3,"8":0,"9":3,"10":0,"11":0,"12":0,"13":0,"14":0,"15":0,"16":0,"17":0,"18":0,"19":0},"9":{"0":7,"1":10,"2":1,"3":5,"4":6,"5":6,"6":8,"7":8,"8":2,"9":0,"10":4,"11":0,"12":0,"13":0,"14":0,"15":0,"16":0,"17":0,"18":0,"19":0},"10":{"0":8,"1":6,"2":3,"3":2,"4":3,"5":5,"6":6,"7":3,"8":6,"9":2,"10":0,"11":1,"12":0,"13":0,"14":0,"15":0,"16":0,"17":0,"18":0,"19":0},"11":{"0":8,"1":7,"2":3,"3":6,"4":9,"5":3,"6":2,"7":7,"8":3,"9":6,"10":0,"11":0,"12":1,"13":0,"14":0,"15":0,"16":0,"17":0,"18":0,"19":0},"12":{"0":4,"1":2,"2":9,"3":9,"4":6,"5":6,"6":5,"7":4,"8":8,"9":7,"10":4,"11":1,"12":0,"13":4,"14":0,"15":0,"16":0,"17":0,"18":0,"19":0},"13":{"0":2,"1":7,"2":3,"3":6,"4":3,"5":5,"6":5,"7":2,"8":6,"9":6,"10":9,"11":5,"12":3,"13":0,"14":1,"15":0,"16":0,"17":0,"18":0,"19":0},"14":{"0":6,"1":6,"2":6,"3":4,"4":10,"5":8,"6":5,"7":5,"8":3,"9":5,"10":3,"11":6,"12":6,"13":4,"14":0,"15":2,"16":0,"17":0,"18":0,"19":0},"15":{"0":4,"1":10,"2":5,"3":4,"4":2,"5":5,"6":4,"7":5,"8":9,"9":4,"10":3,"11":4,"12":6,"13":4,"14":0,"15":0,"16":5,"17":0,"18":0,"19":0},"16":{"0":2,"1":9,"2":5,"3":5,"4":3,"5":6,"6":6,"7":13,"8":4,"9":5,"10":6,"11":6,"12":2,"13":5,"14":2,"15":2,"16":0,"17":2,"18":0,"19":0},"17":{"0":8,"1":5,"2":5,"3":7,"4":7,"5":7,"6":6,"7":5,"8":10,"9":5,"10":7,"11":7,"12":12,"13":6,"14":4,"15":6,"16":1,"17":0,"18":3,"19":0},"18":{"0":3,"1":5,"2":2,"3":9,"4":5,"5":8,"6":2,"7":3,"8":2,"9":3,"10":2,"11":3,"12":5,"13":5,"14":4,"15":8,"16":4,"17":6,"18":0,"19":0},"19":{"0":4,"1":5,"2":8,"3":6,"4":4,"5":4,"6":4,"7":5,"8":5,"9":4,"10":10,"11":3,"12":5,"13":6,"14":4,"15":6,"16":4,"17":3,"18":3,"19":0}},"method":"lop","closest_pair":[[0,1,3,2,5,4,7,6,8,10,9,11,13,12,16,15,14,17,18,19],[1,0,3,2,5,4,7,6,8,10,9,11,13,12,16,15,14,17,18,19]],"farthest_pair":[[1,0,2,4,3,5,7,6,8,10,9,11,13,12,14,16,15,17,18,19],[0,1,3,2,5,4,7,6,9,8,11,10,13,12,15,14,17,16,18,19]],"tau_farthest_pair":0.8947368421,"tau_closest_pair":0.9894736842,"beta":0.0000254629,"centroid_solution":[0,1,3,2,4,5,7,6,8,10,9,11,13,12,14,16,15,17,18,19]}