{"solutions":[[1,0,3,2,4,6,5,8,7,10,9,12,11,14,13,16,15,17,18,19],[1,0,2,3,4,6,5,8,7,10,9,12,11,14,13,16,15,17,18,19],[1,0,2,3,4,6,5,8,7,10,9,12,11,14,13,16,15,17,19,18],[1,0,3,2,4,6,5,8,7,10,9,12,11,14,13,16,15,17,19,18]],"obj":970.0,"max_tau_solutions":null,"centroid_x":[[0.0,0.0,1.0,1.0,1.0,1.0,1.0,1.0,1.0,1.0,1.0,1.0,1.0,1.0,1.0,1.0,1.0,1.0,1.0,1.0],[1.0,0.0,1.0,1.0,1.0,1.0,1.0,1.0,1.0,1.0,1.0,1.0,1.0,1.0,1.0,1.0,1.0,1.0,1.0,1.0],[0.0,0.0,0.0,0.5069204335,1.0,1.0,1.0,1.0,1.0,1.0,1.0,1.0,1.0,1.0,1.0,1.0,1.0,1.0,1.0,1.0],[0.0,0.0,0.4930795665,0.0,1.0,1.0,1.0,1.0,1.0,1.0,1.0,1.0,1.0,1.0,1.0,1.0,1.0,1.0,1.0,1.0],[0.0,0.0,0.0,0.0,0.0,1.0,1.0,1.0,1.0,1.0,1.0,1.0,1.0,1.0,1.0,1.0,1.0,1.0,1.0,1.0],[0.0,0.0,0.0,0.0,0.0,0.0,0.0,1.0,1.0,1.0,1.0,1.0,1.0,1.0,1.0,1.0,1.0,1.0,1.0,1.0],[0.0,0.0,0.0,0.0,0.0,1.0,0.0,1.0,1.0,1.0,1.0,1.0,1.0,1.0,1.0,1.0,1.0,1.0,1.0,1.0],[0.0,0.0,0.0,0.0,0.0,0.0,0.0,0.0,0.0,1.0,1.0,1.0,1.0,1.0,1.0,1.0,1.0,1.0,1.0,1.0],[0.0,0.0,0.0,0.0,0.0,0.0,0.0,1.0,0.0,1.0,1.0,1.0,1.0,1.0,1.0,1.0,1.0,1.0,1.0,1.0],[0.0,0.0,0.0,0.0,0.0,0.0,0.0,0.0,0.0,0.0,0.0,1.0,1.0,1.0,1.0,1.0,1.0,1.0,1.0,1.0],[0.0,0.0,0.0,0.0,0.0,0.0,0.0,0.0,0.0,1.0,0.0,1.0,1.0,1.0,1.0,1.0,1.0,1.0,1.0,1.0],[0.0,0.0,0.0,0.0,0.0,0.0,0.0,0.0,0.0,0.0,0.0,0.0,0.0,1.0,1.0,1.0,1.0,1.0,1.0,1.0],[0.0,0.0,0.0,0.0,0.0,0.0,0.0,0.0,0.0,0.0,0.0,1.0,0.0,1.0,1.0,1.0,1.0,1.0,1.0,1.0],[0.0,0.0,0.0,0.0,0.0,0.0,0.0,0.0,0.0,0.0,0.0,0.0,0.0,0.0,0.0,1.0,1.0,1.0,1.0,1.0],[0.0,0.0,0.0,0.0,0.0,0.0,0.0,0.0,0.0,0.0,0.0,0.0,0.0,1.0,0.0,1.0,1.0,1.0,1.0,1.0],[0.0,0.0,0.0,0.0,0.0,0.0,0.0,0.0,0.0,0.0,0.0,0.0,0.0,0.0,0.0,0.0,0.0,1.0,1.0,1.0],[0.0,0.0,0.0,0.0,0.0,0.0,0.0,0.0,0.0,0.0,0.0,0.0,0.0,0.0,0.0,1.0,0.0,1.0,1.0,1.0],[0.0,0.0,0.0,0.0,0.0,0.0,0.0,0.0,0.0,0.0,0.0,0.0,0.0,0.0,0.0,0.0,0.0,0.0,1.0,1.0],[0.0,0.0,0.0,0.0,0.0,0.0,0.0,0.0,0.0,0.0,0.0,0.0,0.0,0.0,0.0,0.0,0.0,0.0,0.0,0.5043905563],[0.0,0.0,0.0,0.0,0.0,0.0,0.0,0.0,0.0,0.0,0.0,0.0,0.0,0.0,0.0,0.0,0.0,0.0,0.4956094437,0.0]],"outlier_solution":[1,0,3,2,4,6,5,8,7,10,9,12,11,14,13,16,15,17,19,18],"dataset_id":647,"source_dataset_id":694,"options":null,"D":{"0":{"0":0,"1":1,"2":0,"3":0,"4":0,"5":0,"6":0,"7":0,"8":0,"9":0,"10":0,"11":0,"12":0,"13":0,"14":0,"15":0,"16":0,"17":0,"18":0,"19":0},"1":{"0":0,"1":0,"2":2,"3":0,"4":0,"5":0,"6":0,"7":0,"8":0,"9":0,"10":0,"11":0,"12":0,"13":0,"14":0,"15":0,"16":0,"17":0,"18":0,"19":0},"2":{"0":2,"1":2,"2":0,"3":3,"4":0,"5":0,"6":0,"7":0,"8":0,"9":0,"10":0,"11":0,"12":0,"13":0,"14":0,"15":0,"16":0,"17":0,"18":0,"19":0},"3":{"0":4,"1":3,"2":3,"3":0,"4":1,"5":0,"6":0,"7":0,"8":0,"9":0,"10":0,"11":0,"12":0,"13":0,"14":0,"15":0,"16":0,"17":0,"18":0,"19":0},"4":{"0":6,"1":6,"2":5,"3":4,"4":0,"5":1,"6":0,"7":0,"8":0,"9":0,"10":0,"11":0,"12":0,"13":0,"14":0,"15":0,"16":0,"17":0,"18":0,"19":0},"5":{"0":4,"1":5,"2":6,"3":7,"4":4,"5":0,"6":4,"7":0,"8":0,"9":0,"10":0,"11":0,"12":0,"13":0,"14":0,"15":0,"16":0,"17":0,"18":0,"19":0},"6":{"0":5,"1":3,"2":5,"3":5,"4":6,"5":0,"6":0,"7":0,"8":0,"9":0,"10":0,"11":0,"12":0,"13":0,"14":0,"15":0,"16":0,"17":0,"18":0,"19":0},"7":{"0":2,"1":6,"2":2,"3":2,"4":3,"5":4,"6":3,"7":0,"8":4,"9":0,"10":0,"11":0,"12":0,"13":0,"14":0,"15":0,"16":0,"17":0,"18":0,"19":0},"8":{"0":6,"1":3,"2":9,"3":5,"4":6,"5":7,"6":0,"7":2,"8":0,"9":3,"10":0,"11":0,"12":0,"13":0,"14":0,"15":0,"16":0,"17":0,"18":0,"19":0},"9":{"0":2,"1":10,"2":3,"3":10,"4":6,"5":4,"6":6,"7":7,"8":4,"9":0,"10":7,"11":0,"12":0,"13":0,"14":0,"15":0,"16":0,"17":0,"18":0,"19":0},"10":{"0":4,"1":3,"2":3,"3":7,"4":6,"5":9,"6":8,"7":5,"8":1,"9":2,"10":0,"11":3,"12":0,"13":0,"14":0,"15":0,"16":0,"17":0,"18":0,"19":0},"11":{"0":3,"1":6,"2":4,"3":4,"4":8,"5":5,"6":6,"7":5,"8":5,"9":7,"10":4,"11":0,"12":7,"13":0,"14":0,"15":0,"16":0,"17":0,"18":0,"19":0},"12":{"0":8,"1":4,"2":8,"3":7,"4":8,"5":6,"6":3,"7":3,"8":6,"9":9,"10":5,"11":3,"12":0,"13":3,"14":0,"15":0,"16":0,"17":0,"18":0,"19":0},"13":{"0":12,"1":3,"2":6,"3":5,"4":4,"5":5,"6":3,"7":6,"8":2,"9":5,"10":3,"11":3,"12":4,"13":0,"14":2,"15":0,"16":0,"17":0,"18":0,"19":0},"14":{"0":6,"1":5,"2":7,"3":2,"4":3,"5":2,"6":7,"7":6,"8":6,"9":7,"10":6,"11":7,"12":7,"13":0,"14":0,"15":1,"16":0,"17":0,"18":0,"19":0},"15":{"0":2,"1":4,"2":5,"3":7,"4":7,"5":6,"6":2,"7":3,"8":2,"9":6,"10":8,"11":9,"12":5,"13":5,"14":4,"15":0,"16":4,"17":0,"18":0,"19":0},"16":{"0":6,"1":7,"2":4,"3":3,"4":7,"5":4,"6":7,"7":7,"8":3,"9":4,"10":10,"11":8,"12":9,"13":4,"14":4,"15":2,"16":0,"17":2,"18":0,"19":0},"17":{"0":5,"1":5,"2":3,"3":7,"4":4,"5":3,"6":5,"7":5,"8":6,"9":5,"10":2,"11":9,"12":7,"13":2,"14":2,"15":4,"16":2,"17":0,"18":0,"19":0},"18":{"0":5,"1":7,"2":9,"3":4,"4":11,"5":4,"6":5,"7":4,"8":8,"9":11,"10":1,"11":4,"12":6,"13":3,"14":5,"15":12,"16":5,"17":1,"18":0,"19":2},"19":{"0":9,"1":6,"2":3,"3":7,"4":9,"5":7,"6":2,"7":6,"8":5,"9":6,"10":1,"11":8,"12":5,"13":3,"14":4,"15":5,"16":8,"17":5,"18":2,"19":0}},"method":"lop","closest_pair":[[1,0,3,2,4,6,5,8,7,10,9,12,11,14,13,16,15,17,18,19],[1,0,3,2,4,6,5,8,7,10,9,12,11,14,13,16,15,17,19,18]],"farthest_pair":[[1,0,3,2,4,6,5,8,7,10,9,12,11,14,13,16,15,17,19,18],[1,0,2,3,4,6,5,8,7,10,9,12,11,14,13,16,15,17,18,19]],"tau_farthest_pair":0.9789473684,"tau_closest_pair":0.9894736842,"beta":0.0000031436,"centroid_solution":[1,0,2,3,4,6,5,8,7,10,9,12,11,14,13,16,15,17,18,19]}