{"solutions":[[0,2,1,3,5,4,7,6,9,8,10,12,11,13,15,14,16,17,19,18],[0,2,1,3,5,4,7,6,9,8,10,12,11,14,13,16,15,17,19,18]],"obj":965.0,"max_tau_solutions":null,"centroid_x":[[0.0,1.0,1.0,1.0,1.0,1.0,1.0,1.0,1.0,1.0,1.0,1.0,1.0,1.0,1.0,1.0,1.0,1.0,1.0,1.0],[0.0,0.0,0.0,1.0,1.0,1.0,1.0,1.0,1.0,1.0,1.0,1.0,1.0,1.0,1.0,1.0,1.0,1.0,1.0,1.0],[0.0,1.0,0.0,1.0,1.0,1.0,1.0,1.0,1.0,1.0,1.0,1.0,1.0,1.0,1.0,1.0,1.0,1.0,1.0,1.0],[0.0,0.0,0.0,0.0,1.0,1.0,1.0,1.0,1.0,1.0,1.0,1.0,1.0,1.0,1.0,1.0,1.0,1.0,1.0,1.0],[0.0,0.0,0.0,0.0,0.0,0.0,1.0,1.0,1.0,1.0,1.0,1.0,1.0,1.0,1.0,1.0,1.0,1.0,1.0,1.0],[0.0,0.0,0.0,0.0,1.0,0.0,1.0,1.0,1.0,1.0,1.0,1.0,1.0,1.0,1.0,1.0,1.0,1.0,1.0,1.0],[0.0,0.0,0.0,0.0,0.0,0.0,0.0,0.0,1.0,1.0,1.0,1.0,1.0,1.0,1.0,1.0,1.0,1.0,1.0,1.0],[0.0,0.0,0.0,0.0,0.0,0.0,1.0,0.0,1.0,1.0,1.0,1.0,1.0,1.0,1.0,1.0,1.0,1.0,1.0,1.0],[0.0,0.0,0.0,0.0,0.0,0.0,0.0,0.0,0.0,0.0,1.0,1.0,1.0,1.0,1.0,1.0,1.0,1.0,1.0,1.0],[0.0,0.0,0.0,0.0,0.0,0.0,0.0,0.0,1.0,0.0,1.0,1.0,1.0,1.0,1.0,1.0,1.0,1.0,1.0,1.0],[0.0,0.0,0.0,0.0,0.0,0.0,0.0,0.0,0.0,0.0,0.0,1.0,1.0,1.0,1.0,1.0,1.0,1.0,1.0,1.0],[0.0,0.0,0.0,0.0,0.0,0.0,0.0,0.0,0.0,0.0,0.0,0.0,0.0,1.0,1.0,1.0,1.0,1.0,1.0,1.0],[0.0,0.0,0.0,0.0,0.0,0.0,0.0,0.0,0.0,0.0,0.0,1.0,0.0,1.0,1.0,1.0,1.0,1.0,1.0,1.0],[0.0,0.0,0.0,0.0,0.0,0.0,0.0,0.0,0.0,0.0,0.0,0.0,0.0,0.0,0.4931875132,1.0,1.0,1.0,1.0,1.0],[0.0,0.0,0.0,0.0,0.0,0.0,0.0,0.0,0.0,0.0,0.0,0.0,0.0,0.5068124868,0.0,0.5068124868,1.0,1.0,1.0,1.0],[0.0,0.0,0.0,0.0,0.0,0.0,0.0,0.0,0.0,0.0,0.0,0.0,0.0,0.0,0.4931875132,0.0,0.4931875132,1.0,1.0,1.0],[0.0,0.0,0.0,0.0,0.0,0.0,0.0,0.0,0.0,0.0,0.0,0.0,0.0,0.0,0.0,0.5068124868,0.0,1.0,1.0,1.0],[0.0,0.0,0.0,0.0,0.0,0.0,0.0,0.0,0.0,0.0,0.0,0.0,0.0,0.0,0.0,0.0,0.0,0.0,1.0,1.0],[0.0,0.0,0.0,0.0,0.0,0.0,0.0,0.0,0.0,0.0,0.0,0.0,0.0,0.0,0.0,0.0,0.0,0.0,0.0,0.0],[0.0,0.0,0.0,0.0,0.0,0.0,0.0,0.0,0.0,0.0,0.0,0.0,0.0,0.0,0.0,0.0,0.0,0.0,1.0,0.0]],"outlier_solution":[0,2,1,3,5,4,7,6,9,8,10,12,11,13,15,14,16,17,19,18],"dataset_id":649,"source_dataset_id":696,"options":null,"D":{"0":{"0":0,"1":3,"2":0,"3":0,"4":0,"5":0,"6":0,"7":0,"8":0,"9":0,"10":0,"11":0,"12":0,"13":0,"14":0,"15":0,"16":0,"17":0,"18":0,"19":0},"1":{"0":4,"1":0,"2":4,"3":0,"4":0,"5":0,"6":0,"7":0,"8":0,"9":0,"10":0,"11":0,"12":0,"13":0,"14":0,"15":0,"16":0,"17":0,"18":0,"19":0},"2":{"0":6,"1":3,"2":0,"3":2,"4":0,"5":0,"6":0,"7":0,"8":0,"9":0,"10":0,"11":0,"12":0,"13":0,"14":0,"15":0,"16":0,"17":0,"18":0,"19":0},"3":{"0":12,"1":5,"2":2,"3":0,"4":1,"5":0,"6":0,"7":0,"8":0,"9":0,"10":0,"11":0,"12":0,"13":0,"14":0,"15":0,"16":0,"17":0,"18":0,"19":0},"4":{"0":7,"1":4,"2":4,"3":1,"4":0,"5":4,"6":0,"7":0,"8":0,"9":0,"10":0,"11":0,"12":0,"13":0,"14":0,"15":0,"16":0,"17":0,"18":0,"19":0},"5":{"0":2,"1":8,"2":3,"3":4,"4":2,"5":0,"6":3,"7":0,"8":0,"9":0,"10":0,"11":0,"12":0,"13":0,"14":0,"15":0,"16":0,"17":0,"18":0,"19":0},"6":{"0":6,"1":7,"2":3,"3":8,"4":9,"5":3,"6":0,"7":4,"8":0,"9":0,"10":0,"11":0,"12":0,"13":0,"14":0,"15":0,"16":0,"17":0,"18":0,"19":0},"7":{"0":5,"1":11,"2":5,"3":12,"4":5,"5":2,"6":0,"7":0,"8":3,"9":0,"10":0,"11":0,"12":0,"13":0,"14":0,"15":0,"16":0,"17":0,"18":0,"19":0},"8":{"0":3,"1":5,"2":5,"3":6,"4":6,"5":7,"6":7,"7":3,"8":0,"9":2,"10":0,"11":0,"12":0,"13":0,"14":0,"15":0,"16":0,"17":0,"18":0,"19":0},"9":{"0":4,"1":8,"2":2,"3":4,"4":6,"5":4,"6":4,"7":5,"8":1,"9":0,"10":1,"11":0,"12":0,"13":0,"14":0,"15":0,"16":0,"17":0,"18":0,"19":0},"10":{"0":4,"1":7,"2":4,"3":3,"4":1,"5":4,"6":5,"7":3,"8":2,"9":2,"10":0,"11":2,"12":0,"13":0,"14":0,"15":0,"16":0,"17":0,"18":0,"19":0},"11":{"0":7,"1":4,"2":5,"3":6,"4":8,"5":4,"6":2,"7":3,"8":5,"9":3,"10":1,"11":0,"12":6,"13":0,"14":0,"15":0,"16":0,"17":0,"18":0,"19":0},"12":{"0":6,"1":5,"2":9,"3":5,"4":5,"5":8,"6":4,"7":6,"8":5,"9":8,"10":5,"11":2,"12":0,"13":2,"14":0,"15":0,"16":0,"17":0,"18":0,"19":0},"13":{"0":2,"1":7,"2":7,"3":6,"4":4,"5":7,"6":6,"7":5,"8":6,"9":10,"10":4,"11":5,"12":1,"13":0,"14":2,"15":0,"16":0,"17":0,"18":0,"19":0},"14":{"0":4,"1":4,"2":4,"3":2,"4":5,"5":7,"6":5,"7":3,"8":8,"9":3,"10":2,"11":7,"12":6,"13":1,"14":0,"15":5,"16":0,"17":0,"18":0,"19":0},"15":{"0":5,"1":5,"2":8,"3":2,"4":4,"5":3,"6":3,"7":3,"8":3,"9":8,"10":6,"11":3,"12":5,"13":2,"14":3,"15":0,"16":2,"17":0,"18":0,"19":0},"16":{"0":2,"1":5,"2":10,"3":5,"4":5,"5":7,"6":0,"7":6,"8":7,"9":5,"10":7,"11":8,"12":6,"13":8,"14":3,"15":1,"16":0,"17":1,"18":0,"19":0},"17":{"0":5,"1":5,"2":6,"3":6,"4":4,"5":6,"6":6,"7":2,"8":3,"9":4,"10":6,"11":4,"12":8,"13":5,"14":7,"15":4,"16":4,"17":0,"18":1,"19":0},"18":{"0":8,"1":0,"2":6,"3":5,"4":6,"5":10,"6":6,"7":7,"8":3,"9":7,"10":5,"11":7,"12":3,"13":8,"14":10,"15":9,"16":7,"17":1,"18":0,"19":4},"19":{"0":9,"1":4,"2":5,"3":6,"4":3,"5":5,"6":2,"7":3,"8":9,"9":9,"10":2,"11":4,"12":3,"13":12,"14":5,"15":12,"16":4,"17":4,"18":1,"19":0}},"method":"lop","closest_pair":[[0,2,1,3,5,4,7,6,9,8,10,12,11,14,13,16,15,17,19,18],[0,2,1,3,5,4,7,6,9,8,10,12,11,13,15,14,16,17,19,18]],"farthest_pair":[[0,2,1,3,5,4,7,6,9,8,10,12,11,13,15,14,16,17,19,18],[0,2,1,3,5,4,7,6,9,8,10,12,11,14,13,16,15,17,19,18]],"tau_farthest_pair":0.9684210526,"tau_closest_pair":0.9684210526,"beta":0.0000029796,"centroid_solution":[0,2,1,3,5,4,7,6,9,8,10,12,11,14,13,16,15,17,19,18]}