{"solutions":[[0,3,2,1,6,5,4,7,10,8,11,9,13,12,14,16,15,18,19,17],[0,3,2,1,6,5,4,7,10,8,9,11,13,12,16,14,15,18,19,17],[0,3,2,1,6,5,4,7,10,9,8,11,13,14,12,16,15,18,19,17],[0,3,2,1,6,5,4,7,10,8,11,9,13,12,16,14,15,18,19,17],[0,3,2,1,6,5,4,7,10,9,8,11,13,12,14,16,15,18,19,17],[0,3,2,1,6,5,4,7,10,9,8,11,13,12,16,14,15,18,19,17],[0,3,2,1,6,5,4,7,10,8,9,11,13,12,14,16,15,18,19,17],[0,3,2,1,6,5,4,7,10,8,9,11,13,14,12,16,15,18,19,17],[0,3,2,1,6,5,4,7,10,8,11,9,13,14,12,16,15,18,19,17],[0,3,2,1,6,5,4,7,8,12,10,9,11,13,16,14,15,18,19,17],[0,3,2,1,6,5,4,7,8,12,10,11,9,13,16,14,15,18,19,17],[0,3,2,1,6,5,4,7,8,12,10,11,9,13,14,16,15,18,19,17],[0,3,2,1,6,5,4,7,8,12,10,9,11,13,14,16,15,18,19,17]],"obj":914.0,"max_tau_solutions":null,"centroid_x":[[0.0,1.0,1.0,1.0,1.0,1.0,1.0,1.0,1.0,1.0,1.0,1.0,1.0,1.0,1.0,1.0,1.0,1.0,1.0,1.0],[0.0,0.0,0.0,0.0,1.0,1.0,1.0,1.0,1.0,1.0,1.0,1.0,1.0,1.0,1.0,1.0,1.0,1.0,1.0,1.0],[0.0,1.0,0.0,0.0,1.0,1.0,1.0,1.0,1.0,1.0,1.0,1.0,1.0,1.0,1.0,1.0,1.0,1.0,1.0,1.0],[0.0,1.0,1.0,0.0,1.0,1.0,1.0,1.0,1.0,1.0,1.0,1.0,1.0,1.0,1.0,1.0,1.0,1.0,1.0,1.0],[0.0,0.0,0.0,0.0,0.0,0.0,0.0,1.0,1.0,1.0,1.0,1.0,1.0,1.0,1.0,1.0,1.0,1.0,1.0,1.0],[0.0,0.0,0.0,0.0,1.0,0.0,0.0,1.0,1.0,1.0,1.0,1.0,1.0,1.0,1.0,1.0,1.0,1.0,1.0,1.0],[0.0,0.0,0.0,0.0,1.0,1.0,0.0,1.0,1.0,1.0,1.0,1.0,1.0,1.0,1.0,1.0,1.0,1.0,1.0,1.0],[0.0,0.0,0.0,0.0,0.0,0.0,0.0,0.0,1.0,1.0,1.0,1.0,1.0,1.0,1.0,1.0,1.0,1.0,1.0,1.0],[0.0,0.0,0.0,0.0,0.0,0.0,0.0,0.0,0.0,0.6342907544,0.4541386787,1.0,1.0,1.0,1.0,1.0,1.0,1.0,1.0,1.0],[0.0,0.0,0.0,0.0,0.0,0.0,0.0,0.0,0.3657092456,0.0,0.0,0.5321089409,0.5458613214,1.0,1.0,1.0,1.0,1.0,1.0,1.0],[0.0,0.0,0.0,0.0,0.0,0.0,0.0,0.0,0.5458613213,1.0,0.0,1.0,0.5458613213,1.0,1.0,1.0,1.0,1.0,1.0,1.0],[0.0,0.0,0.0,0.0,0.0,0.0,0.0,0.0,0.0,0.4678910591,0.0,0.0,0.5458613213,1.0,1.0,1.0,1.0,1.0,1.0,1.0],[0.0,0.0,0.0,0.0,0.0,0.0,0.0,0.0,0.0,0.4541386786,0.4541386787,0.4541386787,0.0,0.4541386787,0.6563185179,1.0,1.0,1.0,1.0,1.0],[0.0,0.0,0.0,0.0,0.0,0.0,0.0,0.0,0.0,0.0,0.0,0.0,0.5458613213,0.0,1.0,1.0,1.0,1.0,1.0,1.0],[0.0,0.0,0.0,0.0,0.0,0.0,0.0,0.0,0.0,0.0,0.0,0.0,0.3436814821,0.0,0.0,1.0,0.5310583342,1.0,1.0,1.0],[0.0,0.0,0.0,0.0,0.0,0.0,0.0,0.0,0.0,0.0,0.0,0.0,0.0,0.0,0.0,0.0,0.0,1.0,1.0,1.0],[0.0,0.0,0.0,0.0,0.0,0.0,0.0,0.0,0.0,0.0,0.0,0.0,0.0,0.0,0.4689416658,1.0,0.0,1.0,1.0,1.0],[0.0,0.0,0.0,0.0,0.0,0.0,0.0,0.0,0.0,0.0,0.0,0.0,0.0,0.0,0.0,0.0,0.0,0.0,0.0,0.0],[0.0,0.0,0.0,0.0,0.0,0.0,0.0,0.0,0.0,0.0,0.0,0.0,0.0,0.0,0.0,0.0,0.0,1.0,0.0,1.0],[0.0,0.0,0.0,0.0,0.0,0.0,0.0,0.0,0.0,0.0,0.0,0.0,0.0,0.0,0.0,0.0,0.0,1.0,0.0,0.0]],"outlier_solution":[0,3,2,1,6,5,4,7,8,12,10,11,9,13,16,14,15,18,19,17],"dataset_id":674,"source_dataset_id":721,"options":null,"D":{"0":{"0":0,"1":1,"2":3,"3":0,"4":0,"5":0,"6":0,"7":0,"8":0,"9":0,"10":0,"11":0,"12":0,"13":0,"14":0,"15":0,"16":0,"17":0,"18":0,"19":0},"1":{"0":5,"1":0,"2":3,"3":3,"4":0,"5":0,"6":0,"7":0,"8":0,"9":0,"10":0,"11":0,"12":0,"13":0,"14":0,"15":0,"16":0,"17":0,"18":0,"19":0},"2":{"0":4,"1":2,"2":0,"3":2,"4":3,"5":0,"6":0,"7":0,"8":0,"9":0,"10":0,"11":0,"12":0,"13":0,"14":0,"15":0,"16":0,"17":0,"18":0,"19":0},"3":{"0":4,"1":3,"2":1,"3":0,"4":3,"5":5,"6":0,"7":0,"8":0,"9":0,"10":0,"11":0,"12":0,"13":0,"14":0,"15":0,"16":0,"17":0,"18":0,"19":0},"4":{"0":7,"1":6,"2":5,"3":3,"4":0,"5":3,"6":5,"7":0,"8":0,"9":0,"10":0,"11":0,"12":0,"13":0,"14":0,"15":0,"16":0,"17":0,"18":0,"19":0},"5":{"0":5,"1":8,"2":8,"3":5,"4":1,"5":0,"6":2,"7":4,"8":0,"9":0,"10":0,"11":0,"12":0,"13":0,"14":0,"15":0,"16":0,"17":0,"18":0,"19":0},"6":{"0":3,"1":5,"2":8,"3":5,"4":4,"5":1,"6":0,"7":3,"8":1,"9":0,"10":0,"11":0,"12":0,"13":0,"14":0,"15":0,"16":0,"17":0,"18":0,"19":0},"7":{"0":4,"1":5,"2":7,"3":7,"4":3,"5":3,"6":3,"7":0,"8":1,"9":2,"10":0,"11":0,"12":0,"13":0,"14":0,"15":0,"16":0,"17":0,"18":0,"19":0},"8":{"0":3,"1":7,"2":4,"3":5,"4":10,"5":5,"6":1,"7":2,"8":0,"9":1,"10":5,"11":0,"12":0,"13":0,"14":0,"15":0,"16":0,"17":0,"18":0,"19":0},"9":{"0":1,"1":4,"2":4,"3":3,"4":8,"5":6,"6":5,"7":1,"8":1,"9":0,"10":6,"11":4,"12":0,"13":0,"14":0,"15":0,"16":0,"17":0,"18":0,"19":0},"10":{"0":9,"1":2,"2":4,"3":4,"4":5,"5":3,"6":9,"7":4,"8":4,"9":3,"10":0,"11":3,"12":4,"13":0,"14":0,"15":0,"16":0,"17":0,"18":0,"19":0},"11":{"0":3,"1":3,"2":5,"3":10,"4":8,"5":4,"6":4,"7":5,"8":2,"9":4,"10":4,"11":0,"12":2,"13":2,"14":0,"15":0,"16":0,"17":0,"18":0,"19":0},"12":{"0":10,"1":5,"2":4,"3":9,"4":4,"5":3,"6":8,"7":5,"8":3,"9":1,"10":1,"11":0,"12":0,"13":3,"14":4,"15":0,"16":0,"17":0,"18":0,"19":0},"13":{"0":8,"1":7,"2":4,"3":3,"4":2,"5":7,"6":5,"7":6,"8":5,"9":8,"10":3,"11":8,"12":0,"13":0,"14":4,"15":3,"16":0,"17":0,"18":0,"19":0},"14":{"0":3,"1":5,"2":12,"3":2,"4":2,"5":8,"6":5,"7":3,"8":6,"9":5,"10":4,"11":3,"12":4,"13":5,"14":0,"15":1,"16":2,"17":0,"18":0,"19":0},"15":{"0":4,"1":5,"2":6,"3":6,"4":6,"5":4,"6":6,"7":6,"8":3,"9":4,"10":1,"11":3,"12":6,"13":4,"14":4,"15":0,"16":4,"17":2,"18":0,"19":0},"16":{"0":3,"1":8,"2":3,"3":3,"4":6,"5":3,"6":8,"7":4,"8":6,"9":5,"10":7,"11":4,"12":8,"13":7,"14":2,"15":1,"16":0,"17":3,"18":1,"19":0},"17":{"0":3,"1":8,"2":4,"3":12,"4":3,"5":5,"6":3,"7":7,"8":4,"9":5,"10":4,"11":7,"12":5,"13":9,"14":5,"15":3,"16":3,"17":0,"18":2,"19":3},"18":{"0":2,"1":5,"2":5,"3":9,"4":4,"5":3,"6":5,"7":3,"8":3,"9":3,"10":3,"11":10,"12":6,"13":6,"14":8,"15":5,"16":3,"17":1,"18":0,"19":1},"19":{"0":8,"1":4,"2":4,"3":2,"4":5,"5":4,"6":8,"7":7,"8":7,"9":5,"10":5,"11":2,"12":9,"13":2,"14":6,"15":5,"16":8,"17":2,"18":3,"19":0}},"method":"lop","closest_pair":[[0,3,2,1,6,5,4,7,10,9,8,11,13,12,14,16,15,18,19,17],[0,3,2,1,6,5,4,7,10,9,8,11,13,12,16,14,15,18,19,17]],"farthest_pair":[[0,3,2,1,6,5,4,7,8,12,10,11,9,13,16,14,15,18,19,17],[0,3,2,1,6,5,4,7,10,9,8,11,13,14,12,16,15,18,19,17]],"tau_farthest_pair":0.9052631579,"tau_closest_pair":0.9894736842,"beta":0.0000185738,"centroid_solution":[0,3,2,1,6,5,4,7,10,8,9,11,13,12,14,16,15,18,19,17]}