{"solutions":[[1,0,2,4,5,3,6,9,8,7,12,11,10,15,14,13,17,16,19,18],[1,0,2,4,5,3,6,9,8,7,10,12,11,15,14,13,16,17,19,18],[1,0,2,4,5,3,6,9,8,7,12,11,10,15,14,13,16,17,19,18],[1,0,2,4,5,3,6,9,8,7,10,12,11,15,14,13,17,16,19,18]],"obj":929.0,"max_tau_solutions":null,"centroid_x":[[0.0,0.0,1.0,1.0,1.0,1.0,1.0,1.0,1.0,1.0,1.0,1.0,1.0,1.0,1.0,1.0,1.0,1.0,1.0,1.0],[1.0,0.0,1.0,1.0,1.0,1.0,1.0,1.0,1.0,1.0,1.0,1.0,1.0,1.0,1.0,1.0,1.0,1.0,1.0,1.0],[0.0,0.0,0.0,1.0,1.0,1.0,1.0,1.0,1.0,1.0,1.0,1.0,1.0,1.0,1.0,1.0,1.0,1.0,1.0,1.0],[0.0,0.0,0.0,0.0,0.0,0.0,1.0,1.0,1.0,1.0,1.0,1.0,1.0,1.0,1.0,1.0,1.0,1.0,1.0,1.0],[0.0,0.0,0.0,1.0,0.0,1.0,1.0,1.0,1.0,1.0,1.0,1.0,1.0,1.0,1.0,1.0,1.0,1.0,1.0,1.0],[0.0,0.0,0.0,1.0,0.0,0.0,1.0,1.0,1.0,1.0,1.0,1.0,1.0,1.0,1.0,1.0,1.0,1.0,1.0,1.0],[0.0,0.0,0.0,0.0,0.0,0.0,0.0,1.0,1.0,1.0,1.0,1.0,1.0,1.0,1.0,1.0,1.0,1.0,1.0,1.0],[0.0,0.0,0.0,0.0,0.0,0.0,0.0,0.0,0.0,0.0,1.0,1.0,1.0,1.0,1.0,1.0,1.0,1.0,1.0,1.0],[0.0,0.0,0.0,0.0,0.0,0.0,0.0,1.0,0.0,0.0,1.0,1.0,1.0,1.0,1.0,1.0,1.0,1.0,1.0,1.0],[0.0,0.0,0.0,0.0,0.0,0.0,0.0,1.0,1.0,0.0,1.0,1.0,1.0,1.0,1.0,1.0,1.0,1.0,1.0,1.0],[0.0,0.0,0.0,0.0,0.0,0.0,0.0,0.0,0.0,0.0,0.0,0.4325940578,0.4325940578,1.0,1.0,1.0,1.0,1.0,1.0,1.0],[0.0,0.0,0.0,0.0,0.0,0.0,0.0,0.0,0.0,0.0,0.5674059422,0.0,0.0,1.0,1.0,1.0,1.0,1.0,1.0,1.0],[0.0,0.0,0.0,0.0,0.0,0.0,0.0,0.0,0.0,0.0,0.5674059422,1.0,0.0,1.0,1.0,1.0,1.0,1.0,1.0,1.0],[0.0,0.0,0.0,0.0,0.0,0.0,0.0,0.0,0.0,0.0,0.0,0.0,0.0,0.0,0.0,0.0,1.0,1.0,1.0,1.0],[0.0,0.0,0.0,0.0,0.0,0.0,0.0,0.0,0.0,0.0,0.0,0.0,0.0,1.0,0.0,0.0,1.0,1.0,1.0,1.0],[0.0,0.0,0.0,0.0,0.0,0.0,0.0,0.0,0.0,0.0,0.0,0.0,0.0,1.0,1.0,0.0,1.0,1.0,1.0,1.0],[0.0,0.0,0.0,0.0,0.0,0.0,0.0,0.0,0.0,0.0,0.0,0.0,0.0,0.0,0.0,0.0,0.0,0.4555811281,1.0,1.0],[0.0,0.0,0.0,0.0,0.0,0.0,0.0,0.0,0.0,0.0,0.0,0.0,0.0,0.0,0.0,0.0,0.5444188719,0.0,1.0,1.0],[0.0,0.0,0.0,0.0,0.0,0.0,0.0,0.0,0.0,0.0,0.0,0.0,0.0,0.0,0.0,0.0,0.0,0.0,0.0,0.0],[0.0,0.0,0.0,0.0,0.0,0.0,0.0,0.0,0.0,0.0,0.0,0.0,0.0,0.0,0.0,0.0,0.0,0.0,1.0,0.0]],"outlier_solution":[1,0,2,4,5,3,6,9,8,7,10,12,11,15,14,13,16,17,19,18],"dataset_id":684,"source_dataset_id":731,"options":null,"D":{"0":{"0":0,"1":2,"2":2,"3":0,"4":0,"5":0,"6":0,"7":0,"8":0,"9":0,"10":0,"11":0,"12":0,"13":0,"14":0,"15":0,"16":0,"17":0,"18":0,"19":0},"1":{"0":0,"1":0,"2":3,"3":5,"4":0,"5":0,"6":0,"7":0,"8":0,"9":0,"10":0,"11":0,"12":0,"13":0,"14":0,"15":0,"16":0,"17":0,"18":0,"19":0},"2":{"0":5,"1":4,"2":0,"3":3,"4":2,"5":0,"6":0,"7":0,"8":0,"9":0,"10":0,"11":0,"12":0,"13":0,"14":0,"15":0,"16":0,"17":0,"18":0,"19":0},"3":{"0":9,"1":3,"2":2,"3":0,"4":4,"5":3,"6":0,"7":0,"8":0,"9":0,"10":0,"11":0,"12":0,"13":0,"14":0,"15":0,"16":0,"17":0,"18":0,"19":0},"4":{"0":5,"1":5,"2":4,"3":3,"4":0,"5":0,"6":3,"7":0,"8":0,"9":0,"10":0,"11":0,"12":0,"13":0,"14":0,"15":0,"16":0,"17":0,"18":0,"19":0},"5":{"0":4,"1":7,"2":3,"3":0,"4":2,"5":0,"6":1,"7":5,"8":0,"9":0,"10":0,"11":0,"12":0,"13":0,"14":0,"15":0,"16":0,"17":0,"18":0,"19":0},"6":{"0":8,"1":4,"2":11,"3":8,"4":4,"5":3,"6":0,"7":1,"8":1,"9":0,"10":0,"11":0,"12":0,"13":0,"14":0,"15":0,"16":0,"17":0,"18":0,"19":0},"7":{"0":6,"1":9,"2":7,"3":8,"4":3,"5":4,"6":4,"7":0,"8":4,"9":4,"10":0,"11":0,"12":0,"13":0,"14":0,"15":0,"16":0,"17":0,"18":0,"19":0},"8":{"0":7,"1":5,"2":8,"3":9,"4":4,"5":4,"6":4,"7":1,"8":0,"9":2,"10":1,"11":0,"12":0,"13":0,"14":0,"15":0,"16":0,"17":0,"18":0,"19":0},"9":{"0":6,"1":6,"2":4,"3":3,"4":4,"5":4,"6":4,"7":2,"8":1,"9":0,"10":1,"11":0,"12":0,"13":0,"14":0,"15":0,"16":0,"17":0,"18":0,"19":0},"10":{"0":9,"1":8,"2":1,"3":5,"4":5,"5":5,"6":5,"7":4,"8":2,"9":1,"10":0,"11":2,"12":2,"13":0,"14":0,"15":0,"16":0,"17":0,"18":0,"19":0},"11":{"0":7,"1":8,"2":9,"3":6,"4":4,"5":5,"6":6,"7":6,"8":5,"9":3,"10":1,"11":0,"12":6,"13":2,"14":0,"15":0,"16":0,"17":0,"18":0,"19":0},"12":{"0":3,"1":8,"2":5,"3":3,"4":4,"5":5,"6":6,"7":6,"8":5,"9":6,"10":3,"11":2,"12":0,"13":4,"14":0,"15":0,"16":0,"17":0,"18":0,"19":0},"13":{"0":6,"1":6,"2":4,"3":4,"4":3,"5":9,"6":3,"7":6,"8":10,"9":6,"10":6,"11":1,"12":3,"13":0,"14":5,"15":2,"16":0,"17":0,"18":0,"19":0},"14":{"0":1,"1":9,"2":6,"3":10,"4":2,"5":5,"6":5,"7":4,"8":4,"9":6,"10":4,"11":1,"12":0,"13":3,"14":0,"15":4,"16":3,"17":0,"18":0,"19":0},"15":{"0":1,"1":4,"2":8,"3":5,"4":5,"5":6,"6":3,"7":3,"8":7,"9":6,"10":2,"11":7,"12":8,"13":0,"14":3,"15":0,"16":4,"17":2,"18":0,"19":0},"16":{"0":7,"1":6,"2":7,"3":8,"4":3,"5":4,"6":6,"7":4,"8":7,"9":3,"10":8,"11":2,"12":4,"13":5,"14":2,"15":4,"16":0,"17":3,"18":1,"19":0},"17":{"0":7,"1":3,"2":6,"3":5,"4":6,"5":6,"6":10,"7":4,"8":3,"9":2,"10":6,"11":4,"12":6,"13":4,"14":4,"15":4,"16":3,"17":0,"18":1,"19":2},"18":{"0":4,"1":2,"2":3,"3":6,"4":3,"5":6,"6":7,"7":7,"8":4,"9":2,"10":6,"11":1,"12":7,"13":5,"14":5,"15":5,"16":0,"17":1,"18":0,"19":4},"19":{"0":1,"1":6,"2":4,"3":6,"4":0,"5":10,"6":3,"7":5,"8":9,"9":12,"10":8,"11":8,"12":6,"13":1,"14":6,"15":3,"16":7,"17":5,"18":2,"19":0}},"method":"lop","closest_pair":[[1,0,2,4,5,3,6,9,8,7,12,11,10,15,14,13,16,17,19,18],[1,0,2,4,5,3,6,9,8,7,12,11,10,15,14,13,17,16,19,18]],"farthest_pair":[[1,0,2,4,5,3,6,9,8,7,10,12,11,15,14,13,17,16,19,18],[1,0,2,4,5,3,6,9,8,7,12,11,10,15,14,13,16,17,19,18]],"tau_farthest_pair":0.9684210526,"tau_closest_pair":0.9894736842,"beta":0.0000027968,"centroid_solution":[1,0,2,4,5,3,6,9,8,7,12,11,10,15,14,13,17,16,19,18]}