{"solutions":[[1,0,3,4,2,5,7,6,10,8,11,9,14,12,13,15,16,19,17,18],[1,0,3,2,4,5,7,6,10,8,11,9,14,12,13,15,16,19,17,18],[1,0,3,4,2,5,7,6,10,8,9,13,11,14,12,15,16,19,17,18],[1,0,3,2,4,5,7,6,10,8,9,13,11,14,12,15,16,19,17,18],[1,0,3,2,4,5,7,6,10,9,8,13,11,14,12,15,16,19,17,18],[1,0,3,4,2,5,7,6,10,9,8,13,11,14,12,15,16,19,17,18]],"obj":937.0,"max_tau_solutions":null,"centroid_x":[[0.0,0.0,1.0,1.0,1.0,1.0,1.0,1.0,1.0,1.0,1.0,1.0,1.0,1.0,1.0,1.0,1.0,1.0,1.0,1.0],[1.0,0.0,1.0,1.0,1.0,1.0,1.0,1.0,1.0,1.0,1.0,1.0,1.0,1.0,1.0,1.0,1.0,1.0,1.0,1.0],[0.0,0.0,0.0,0.0,0.3987155299,1.0,1.0,1.0,1.0,1.0,1.0,1.0,1.0,1.0,1.0,1.0,1.0,1.0,1.0,1.0],[0.0,0.0,1.0,0.0,1.0,1.0,1.0,1.0,1.0,1.0,1.0,1.0,1.0,1.0,1.0,1.0,1.0,1.0,1.0,1.0],[0.0,0.0,0.6012844701,0.0,0.0,1.0,1.0,1.0,1.0,1.0,1.0,1.0,1.0,1.0,1.0,1.0,1.0,1.0,1.0,1.0],[0.0,0.0,0.0,0.0,0.0,0.0,1.0,1.0,1.0,1.0,1.0,1.0,1.0,1.0,1.0,1.0,1.0,1.0,1.0,1.0],[0.0,0.0,0.0,0.0,0.0,0.0,0.0,0.0,1.0,1.0,1.0,1.0,1.0,1.0,1.0,1.0,1.0,1.0,1.0,1.0],[0.0,0.0,0.0,0.0,0.0,0.0,1.0,0.0,1.0,1.0,1.0,1.0,1.0,1.0,1.0,1.0,1.0,1.0,1.0,1.0],[0.0,0.0,0.0,0.0,0.0,0.0,0.0,0.0,0.0,0.565574099,0.0,1.0,1.0,1.0,1.0,1.0,1.0,1.0,1.0,1.0],[0.0,0.0,0.0,0.0,0.0,0.0,0.0,0.0,0.434425901,0.0,0.0,0.549944674,1.0,1.0,1.0,1.0,1.0,1.0,1.0,1.0],[0.0,0.0,0.0,0.0,0.0,0.0,0.0,0.0,1.0,1.0,0.0,1.0,1.0,1.0,1.0,1.0,1.0,1.0,1.0,1.0],[0.0,0.0,0.0,0.0,0.0,0.0,0.0,0.0,0.0,0.450055326,0.0,0.0,1.0,0.450055326,1.0,1.0,1.0,1.0,1.0,1.0],[0.0,0.0,0.0,0.0,0.0,0.0,0.0,0.0,0.0,0.0,0.0,0.0,0.0,0.450055326,0.0,1.0,1.0,1.0,1.0,1.0],[0.0,0.0,0.0,0.0,0.0,0.0,0.0,0.0,0.0,0.0,0.0,0.549944674,0.549944674,0.0,0.549944674,1.0,1.0,1.0,1.0,1.0],[0.0,0.0,0.0,0.0,0.0,0.0,0.0,0.0,0.0,0.0,0.0,0.0,1.0,0.450055326,0.0,1.0,1.0,1.0,1.0,1.0],[0.0,0.0,0.0,0.0,0.0,0.0,0.0,0.0,0.0,0.0,0.0,0.0,0.0,0.0,0.0,0.0,1.0,1.0,1.0,1.0],[0.0,0.0,0.0,0.0,0.0,0.0,0.0,0.0,0.0,0.0,0.0,0.0,0.0,0.0,0.0,0.0,0.0,1.0,1.0,1.0],[0.0,0.0,0.0,0.0,0.0,0.0,0.0,0.0,0.0,0.0,0.0,0.0,0.0,0.0,0.0,0.0,0.0,0.0,1.0,0.0],[0.0,0.0,0.0,0.0,0.0,0.0,0.0,0.0,0.0,0.0,0.0,0.0,0.0,0.0,0.0,0.0,0.0,0.0,0.0,0.0],[0.0,0.0,0.0,0.0,0.0,0.0,0.0,0.0,0.0,0.0,0.0,0.0,0.0,0.0,0.0,0.0,0.0,1.0,1.0,0.0]],"outlier_solution":[1,0,3,2,4,5,7,6,10,8,11,9,14,12,13,15,16,19,17,18],"dataset_id":692,"source_dataset_id":739,"options":null,"D":{"0":{"0":0,"1":3,"2":3,"3":0,"4":0,"5":0,"6":0,"7":0,"8":0,"9":0,"10":0,"11":0,"12":0,"13":0,"14":0,"15":0,"16":0,"17":0,"18":0,"19":0},"1":{"0":1,"1":0,"2":2,"3":2,"4":0,"5":0,"6":0,"7":0,"8":0,"9":0,"10":0,"11":0,"12":0,"13":0,"14":0,"15":0,"16":0,"17":0,"18":0,"19":0},"2":{"0":4,"1":0,"2":0,"3":2,"4":1,"5":0,"6":0,"7":0,"8":0,"9":0,"10":0,"11":0,"12":0,"13":0,"14":0,"15":0,"16":0,"17":0,"18":0,"19":0},"3":{"0":4,"1":5,"2":0,"3":0,"4":5,"5":0,"6":0,"7":0,"8":0,"9":0,"10":0,"11":0,"12":0,"13":0,"14":0,"15":0,"16":0,"17":0,"18":0,"19":0},"4":{"0":5,"1":9,"2":1,"3":7,"4":0,"5":0,"6":1,"7":0,"8":0,"9":0,"10":0,"11":0,"12":0,"13":0,"14":0,"15":0,"16":0,"17":0,"18":0,"19":0},"5":{"0":5,"1":7,"2":5,"3":3,"4":2,"5":0,"6":0,"7":1,"8":0,"9":0,"10":0,"11":0,"12":0,"13":0,"14":0,"15":0,"16":0,"17":0,"18":0,"19":0},"6":{"0":5,"1":10,"2":5,"3":7,"4":2,"5":4,"6":0,"7":3,"8":2,"9":0,"10":0,"11":0,"12":0,"13":0,"14":0,"15":0,"16":0,"17":0,"18":0,"19":0},"7":{"0":3,"1":1,"2":11,"3":7,"4":3,"5":5,"6":2,"7":0,"8":0,"9":1,"10":0,"11":0,"12":0,"13":0,"14":0,"15":0,"16":0,"17":0,"18":0,"19":0},"8":{"0":6,"1":9,"2":4,"3":6,"4":3,"5":6,"6":2,"7":3,"8":0,"9":4,"10":4,"11":0,"12":0,"13":0,"14":0,"15":0,"16":0,"17":0,"18":0,"19":0},"9":{"0":5,"1":3,"2":9,"3":4,"4":10,"5":7,"6":4,"7":3,"8":4,"9":0,"10":5,"11":4,"12":0,"13":0,"14":0,"15":0,"16":0,"17":0,"18":0,"19":0},"10":{"0":3,"1":4,"2":2,"3":6,"4":4,"5":6,"6":7,"7":6,"8":2,"9":1,"10":0,"11":0,"12":1,"13":0,"14":0,"15":0,"16":0,"17":0,"18":0,"19":0},"11":{"0":7,"1":5,"2":2,"3":3,"4":6,"5":4,"6":7,"7":4,"8":2,"9":1,"10":2,"11":0,"12":1,"13":6,"14":0,"15":0,"16":0,"17":0,"18":0,"19":0},"12":{"0":5,"1":7,"2":4,"3":5,"4":2,"5":8,"6":6,"7":8,"8":8,"9":5,"10":3,"11":3,"12":0,"13":3,"14":5,"15":0,"16":0,"17":0,"18":0,"19":0},"13":{"0":2,"1":9,"2":7,"3":9,"4":11,"5":4,"6":5,"7":5,"8":2,"9":5,"10":7,"11":1,"12":4,"13":0,"14":2,"15":2,"16":0,"17":0,"18":0,"19":0},"14":{"0":10,"1":4,"2":7,"3":2,"4":3,"5":3,"6":10,"7":6,"8":6,"9":4,"10":6,"11":6,"12":2,"13":1,"14":0,"15":2,"16":0,"17":0,"18":0,"19":0},"15":{"0":3,"1":9,"2":2,"3":4,"4":2,"5":5,"6":3,"7":5,"8":4,"9":7,"10":5,"11":8,"12":4,"13":3,"14":1,"15":0,"16":3,"17":3,"18":0,"19":0},"16":{"0":5,"1":4,"2":4,"3":2,"4":8,"5":3,"6":6,"7":7,"8":5,"9":8,"10":2,"11":4,"12":4,"13":7,"14":3,"15":4,"16":0,"17":1,"18":4,"19":0},"17":{"0":6,"1":5,"2":4,"3":2,"4":6,"5":5,"6":4,"7":9,"8":13,"9":2,"10":3,"11":7,"12":4,"13":7,"14":6,"15":3,"16":5,"17":0,"18":2,"19":3},"18":{"0":7,"1":5,"2":5,"3":8,"4":3,"5":3,"6":7,"7":10,"8":2,"9":2,"10":7,"11":9,"12":8,"13":10,"14":5,"15":4,"16":2,"17":4,"18":0,"19":6},"19":{"0":3,"1":10,"2":1,"3":6,"4":6,"5":2,"6":4,"7":7,"8":5,"9":7,"10":0,"11":3,"12":6,"13":4,"14":7,"15":3,"16":3,"17":1,"18":2,"19":0}},"method":"lop","closest_pair":[[1,0,3,2,4,5,7,6,10,8,11,9,14,12,13,15,16,19,17,18],[1,0,3,4,2,5,7,6,10,8,11,9,14,12,13,15,16,19,17,18]],"farthest_pair":[[1,0,3,4,2,5,7,6,10,9,8,13,11,14,12,15,16,19,17,18],[1,0,3,2,4,5,7,6,10,8,11,9,14,12,13,15,16,19,17,18]],"tau_farthest_pair":0.9368421053,"tau_closest_pair":0.9894736842,"beta":0.0000086905,"centroid_solution":[1,0,3,4,2,5,7,6,10,8,9,13,11,14,12,15,16,19,17,18]}