{"solutions":[[2,0,4,3,1,6,7,5,10,8,12,11,9,13,14,15,19,17,18,16],[2,0,4,3,1,7,6,5,10,8,12,11,9,13,14,15,19,17,18,16]],"obj":881.0,"max_tau_solutions":null,"centroid_x":[[0.0,1.0,0.0,1.0,1.0,1.0,1.0,1.0,1.0,1.0,1.0,1.0,1.0,1.0,1.0,1.0,1.0,1.0,1.0,1.0],[0.0,0.0,0.0,0.0,0.0,1.0,1.0,1.0,1.0,1.0,1.0,1.0,1.0,1.0,1.0,1.0,1.0,1.0,1.0,1.0],[1.0,1.0,0.0,1.0,1.0,1.0,1.0,1.0,1.0,1.0,1.0,1.0,1.0,1.0,1.0,1.0,1.0,1.0,1.0,1.0],[0.0,1.0,0.0,0.0,0.0,1.0,1.0,1.0,1.0,1.0,1.0,1.0,1.0,1.0,1.0,1.0,1.0,1.0,1.0,1.0],[0.0,1.0,0.0,1.0,0.0,1.0,1.0,1.0,1.0,1.0,1.0,1.0,1.0,1.0,1.0,1.0,1.0,1.0,1.0,1.0],[0.0,0.0,0.0,0.0,0.0,0.0,0.0,0.0,1.0,1.0,1.0,1.0,1.0,1.0,1.0,1.0,1.0,1.0,1.0,1.0],[0.0,0.0,0.0,0.0,0.0,1.0,0.0,0.5256400282,1.0,1.0,1.0,1.0,1.0,1.0,1.0,1.0,1.0,1.0,1.0,1.0],[0.0,0.0,0.0,0.0,0.0,1.0,0.4743599718,0.0,1.0,1.0,1.0,1.0,1.0,1.0,1.0,1.0,1.0,1.0,1.0,1.0],[0.0,0.0,0.0,0.0,0.0,0.0,0.0,0.0,0.0,1.0,0.0,1.0,1.0,1.0,1.0,1.0,1.0,1.0,1.0,1.0],[0.0,0.0,0.0,0.0,0.0,0.0,0.0,0.0,0.0,0.0,0.0,0.0,0.0,1.0,1.0,1.0,1.0,1.0,1.0,1.0],[0.0,0.0,0.0,0.0,0.0,0.0,0.0,0.0,1.0,1.0,0.0,1.0,1.0,1.0,1.0,1.0,1.0,1.0,1.0,1.0],[0.0,0.0,0.0,0.0,0.0,0.0,0.0,0.0,0.0,1.0,0.0,0.0,0.0,1.0,1.0,1.0,1.0,1.0,1.0,1.0],[0.0,0.0,0.0,0.0,0.0,0.0,0.0,0.0,0.0,1.0,0.0,1.0,0.0,1.0,1.0,1.0,1.0,1.0,1.0,1.0],[0.0,0.0,0.0,0.0,0.0,0.0,0.0,0.0,0.0,0.0,0.0,0.0,0.0,0.0,1.0,1.0,1.0,1.0,1.0,1.0],[0.0,0.0,0.0,0.0,0.0,0.0,0.0,0.0,0.0,0.0,0.0,0.0,0.0,0.0,0.0,1.0,1.0,1.0,1.0,1.0],[0.0,0.0,0.0,0.0,0.0,0.0,0.0,0.0,0.0,0.0,0.0,0.0,0.0,0.0,0.0,0.0,1.0,1.0,1.0,1.0],[0.0,0.0,0.0,0.0,0.0,0.0,0.0,0.0,0.0,0.0,0.0,0.0,0.0,0.0,0.0,0.0,0.0,0.0,0.0,0.0],[0.0,0.0,0.0,0.0,0.0,0.0,0.0,0.0,0.0,0.0,0.0,0.0,0.0,0.0,0.0,0.0,1.0,0.0,1.0,0.0],[0.0,0.0,0.0,0.0,0.0,0.0,0.0,0.0,0.0,0.0,0.0,0.0,0.0,0.0,0.0,0.0,1.0,0.0,0.0,0.0],[0.0,0.0,0.0,0.0,0.0,0.0,0.0,0.0,0.0,0.0,0.0,0.0,0.0,0.0,0.0,0.0,1.0,1.0,1.0,0.0]],"outlier_solution":[2,0,4,3,1,7,6,5,10,8,12,11,9,13,14,15,19,17,18,16],"dataset_id":701,"source_dataset_id":748,"options":null,"D":{"0":{"0":0,"1":2,"2":6,"3":3,"4":0,"5":0,"6":0,"7":0,"8":0,"9":0,"10":0,"11":0,"12":0,"13":0,"14":0,"15":0,"16":0,"17":0,"18":0,"19":0},"1":{"0":2,"1":0,"2":2,"3":3,"4":3,"5":0,"6":0,"7":0,"8":0,"9":0,"10":0,"11":0,"12":0,"13":0,"14":0,"15":0,"16":0,"17":0,"18":0,"19":0},"2":{"0":2,"1":2,"2":0,"3":2,"4":3,"5":4,"6":0,"7":0,"8":0,"9":0,"10":0,"11":0,"12":0,"13":0,"14":0,"15":0,"16":0,"17":0,"18":0,"19":0},"3":{"0":2,"1":1,"2":2,"3":0,"4":4,"5":1,"6":2,"7":0,"8":0,"9":0,"10":0,"11":0,"12":0,"13":0,"14":0,"15":0,"16":0,"17":0,"18":0,"19":0},"4":{"0":5,"1":2,"2":3,"3":1,"4":0,"5":0,"6":1,"7":4,"8":0,"9":0,"10":0,"11":0,"12":0,"13":0,"14":0,"15":0,"16":0,"17":0,"18":0,"19":0},"5":{"0":7,"1":5,"2":3,"3":2,"4":1,"5":0,"6":4,"7":3,"8":1,"9":0,"10":0,"11":0,"12":0,"13":0,"14":0,"15":0,"16":0,"17":0,"18":0,"19":0},"6":{"0":5,"1":3,"2":5,"3":3,"4":7,"5":2,"6":0,"7":3,"8":2,"9":0,"10":0,"11":0,"12":0,"13":0,"14":0,"15":0,"16":0,"17":0,"18":0,"19":0},"7":{"0":7,"1":3,"2":4,"3":5,"4":2,"5":1,"6":3,"7":0,"8":5,"9":1,"10":2,"11":0,"12":0,"13":0,"14":0,"15":0,"16":0,"17":0,"18":0,"19":0},"8":{"0":6,"1":5,"2":5,"3":8,"4":3,"5":1,"6":1,"7":4,"8":0,"9":3,"10":3,"11":3,"12":0,"13":0,"14":0,"15":0,"16":0,"17":0,"18":0,"19":0},"9":{"0":3,"1":9,"2":5,"3":7,"4":6,"5":9,"6":1,"7":2,"8":2,"9":0,"10":5,"11":3,"12":5,"13":0,"14":0,"15":0,"16":0,"17":0,"18":0,"19":0},"10":{"0":5,"1":4,"2":5,"3":2,"4":6,"5":2,"6":1,"7":3,"8":0,"9":3,"10":0,"11":1,"12":5,"13":2,"14":0,"15":0,"16":0,"17":0,"18":0,"19":0},"11":{"0":7,"1":7,"2":10,"3":9,"4":6,"5":4,"6":9,"7":9,"8":5,"9":2,"10":0,"11":0,"12":4,"13":2,"14":3,"15":0,"16":0,"17":0,"18":0,"19":0},"12":{"0":3,"1":5,"2":3,"3":5,"4":5,"5":6,"6":4,"7":5,"8":3,"9":2,"10":6,"11":1,"12":0,"13":3,"14":2,"15":2,"16":0,"17":0,"18":0,"19":0},"13":{"0":7,"1":8,"2":8,"3":5,"4":6,"5":4,"6":9,"7":9,"8":6,"9":5,"10":2,"11":3,"12":1,"13":0,"14":4,"15":3,"16":1,"17":0,"18":0,"19":0},"14":{"0":4,"1":4,"2":5,"3":4,"4":3,"5":3,"6":4,"7":5,"8":4,"9":8,"10":5,"11":3,"12":4,"13":5,"14":0,"15":4,"16":2,"17":1,"18":0,"19":0},"15":{"0":7,"1":5,"2":2,"3":1,"4":2,"5":7,"6":5,"7":7,"8":4,"9":3,"10":7,"11":2,"12":2,"13":4,"14":7,"15":0,"16":1,"17":3,"18":5,"19":0},"16":{"0":6,"1":6,"2":9,"3":3,"4":8,"5":3,"6":7,"7":1,"8":10,"9":7,"10":7,"11":3,"12":4,"13":0,"14":4,"15":2,"16":0,"17":4,"18":5,"19":2},"17":{"0":2,"1":4,"2":3,"3":6,"4":8,"5":6,"6":9,"7":7,"8":7,"9":5,"10":2,"11":7,"12":4,"13":8,"14":0,"15":6,"16":3,"17":0,"18":5,"19":4},"18":{"0":5,"1":5,"2":4,"3":4,"4":3,"5":6,"6":7,"7":4,"8":4,"9":6,"10":7,"11":8,"12":5,"13":4,"14":4,"15":3,"16":3,"17":6,"18":0,"19":4},"19":{"0":3,"1":3,"2":4,"3":5,"4":4,"5":3,"6":2,"7":8,"8":3,"9":4,"10":6,"11":6,"12":5,"13":6,"14":7,"15":5,"16":2,"17":1,"18":0,"19":0}},"method":"lop","closest_pair":[[2,0,4,3,1,6,7,5,10,8,12,11,9,13,14,15,19,17,18,16],[2,0,4,3,1,7,6,5,10,8,12,11,9,13,14,15,19,17,18,16]],"farthest_pair":[[2,0,4,3,1,7,6,5,10,8,12,11,9,13,14,15,19,17,18,16],[2,0,4,3,1,6,7,5,10,8,12,11,9,13,14,15,19,17,18,16]],"tau_farthest_pair":0.9894736842,"tau_closest_pair":0.9894736842,"beta":0.0000014185,"centroid_solution":[2,0,4,3,1,6,7,5,10,8,12,11,9,13,14,15,19,17,18,16]}