{"solutions":[[3,0,4,1,2,7,8,6,5,11,10,9,15,13,12,17,14,18,19,16],[3,0,4,1,2,6,7,8,5,11,10,9,15,13,12,17,14,18,19,16],[3,0,4,1,2,6,7,8,5,11,10,9,15,13,12,17,14,19,18,16],[3,0,4,1,2,7,8,5,6,11,10,9,15,13,12,17,14,19,18,16],[3,0,4,1,2,7,8,6,5,11,10,9,15,13,12,17,14,19,18,16],[3,0,4,1,2,7,8,5,6,11,10,9,15,13,12,17,14,18,19,16]],"obj":886.0,"max_tau_solutions":null,"centroid_x":[[0.0,1.0,1.0,0.0,1.0,1.0,1.0,1.0,1.0,1.0,1.0,1.0,1.0,1.0,1.0,1.0,1.0,1.0,1.0,1.0],[0.0,0.0,1.0,0.0,0.0,1.0,1.0,1.0,1.0,1.0,1.0,1.0,1.0,1.0,1.0,1.0,1.0,1.0,1.0,1.0],[0.0,0.0,0.0,0.0,0.0,1.0,1.0,1.0,1.0,1.0,1.0,1.0,1.0,1.0,1.0,1.0,1.0,1.0,1.0,1.0],[1.0,1.0,1.0,0.0,1.0,1.0,1.0,1.0,1.0,1.0,1.0,1.0,1.0,1.0,1.0,1.0,1.0,1.0,1.0,1.0],[0.0,1.0,1.0,0.0,0.0,1.0,1.0,1.0,1.0,1.0,1.0,1.0,1.0,1.0,1.0,1.0,1.0,1.0,1.0,1.0],[0.0,0.0,0.0,0.0,0.0,0.0,0.3753673199,0.0,0.0,1.0,1.0,1.0,1.0,1.0,1.0,1.0,1.0,1.0,1.0,1.0],[0.0,0.0,0.0,0.0,0.0,0.6246326801,0.0,0.4427975758,0.4427975758,1.0,1.0,1.0,1.0,1.0,1.0,1.0,1.0,1.0,1.0,1.0],[0.0,0.0,0.0,0.0,0.0,1.0,0.5572024242,0.0,1.0,1.0,1.0,1.0,1.0,1.0,1.0,1.0,1.0,1.0,1.0,1.0],[0.0,0.0,0.0,0.0,0.0,1.0,0.5572024242,0.0,0.0,1.0,1.0,1.0,1.0,1.0,1.0,1.0,1.0,1.0,1.0,1.0],[0.0,0.0,0.0,0.0,0.0,0.0,0.0,0.0,0.0,0.0,0.0,0.0,1.0,1.0,1.0,1.0,1.0,1.0,1.0,1.0],[0.0,0.0,0.0,0.0,0.0,0.0,0.0,0.0,0.0,1.0,0.0,0.0,1.0,1.0,1.0,1.0,1.0,1.0,1.0,1.0],[0.0,0.0,0.0,0.0,0.0,0.0,0.0,0.0,0.0,1.0,1.0,0.0,1.0,1.0,1.0,1.0,1.0,1.0,1.0,1.0],[0.0,0.0,0.0,0.0,0.0,0.0,0.0,0.0,0.0,0.0,0.0,0.0,0.0,0.0,1.0,0.0,1.0,1.0,1.0,1.0],[0.0,0.0,0.0,0.0,0.0,0.0,0.0,0.0,0.0,0.0,0.0,0.0,1.0,0.0,1.0,0.0,1.0,1.0,1.0,1.0],[0.0,0.0,0.0,0.0,0.0,0.0,0.0,0.0,0.0,0.0,0.0,0.0,0.0,0.0,0.0,0.0,1.0,0.0,1.0,1.0],[0.0,0.0,0.0,0.0,0.0,0.0,0.0,0.0,0.0,0.0,0.0,0.0,1.0,1.0,1.0,0.0,1.0,1.0,1.0,1.0],[0.0,0.0,0.0,0.0,0.0,0.0,0.0,0.0,0.0,0.0,0.0,0.0,0.0,0.0,0.0,0.0,0.0,0.0,0.0,0.0],[0.0,0.0,0.0,0.0,0.0,0.0,0.0,0.0,0.0,0.0,0.0,0.0,0.0,0.0,1.0,0.0,1.0,0.0,1.0,1.0],[0.0,0.0,0.0,0.0,0.0,0.0,0.0,0.0,0.0,0.0,0.0,0.0,0.0,0.0,0.0,0.0,1.0,0.0,0.0,0.4961357929],[0.0,0.0,0.0,0.0,0.0,0.0,0.0,0.0,0.0,0.0,0.0,0.0,0.0,0.0,0.0,0.0,1.0,0.0,0.5038642071,0.0]],"outlier_solution":[3,0,4,1,2,7,8,5,6,11,10,9,15,13,12,17,14,18,19,16],"dataset_id":710,"source_dataset_id":757,"options":null,"D":{"0":{"0":0,"1":3,"2":1,"3":6,"4":0,"5":0,"6":0,"7":0,"8":0,"9":0,"10":0,"11":0,"12":0,"13":0,"14":0,"15":0,"16":0,"17":0,"18":0,"19":0},"1":{"0":5,"1":0,"2":0,"3":3,"4":5,"5":0,"6":0,"7":0,"8":0,"9":0,"10":0,"11":0,"12":0,"13":0,"14":0,"15":0,"16":0,"17":0,"18":0,"19":0},"2":{"0":2,"1":2,"2":0,"3":3,"4":3,"5":2,"6":0,"7":0,"8":0,"9":0,"10":0,"11":0,"12":0,"13":0,"14":0,"15":0,"16":0,"17":0,"18":0,"19":0},"3":{"0":1,"1":3,"2":3,"3":0,"4":1,"5":2,"6":3,"7":0,"8":0,"9":0,"10":0,"11":0,"12":0,"13":0,"14":0,"15":0,"16":0,"17":0,"18":0,"19":0},"4":{"0":6,"1":0,"2":2,"3":4,"4":0,"5":3,"6":3,"7":1,"8":0,"9":0,"10":0,"11":0,"12":0,"13":0,"14":0,"15":0,"16":0,"17":0,"18":0,"19":0},"5":{"0":4,"1":4,"2":1,"3":3,"4":2,"5":0,"6":3,"7":2,"8":7,"9":0,"10":0,"11":0,"12":0,"13":0,"14":0,"15":0,"16":0,"17":0,"18":0,"19":0},"6":{"0":7,"1":7,"2":6,"3":1,"4":4,"5":3,"6":0,"7":1,"8":3,"9":2,"10":0,"11":0,"12":0,"13":0,"14":0,"15":0,"16":0,"17":0,"18":0,"19":0},"7":{"0":4,"1":6,"2":2,"3":4,"4":1,"5":1,"6":3,"7":0,"8":3,"9":3,"10":2,"11":0,"12":0,"13":0,"14":0,"15":0,"16":0,"17":0,"18":0,"19":0},"8":{"0":5,"1":4,"2":3,"3":8,"4":4,"5":1,"6":1,"7":8,"8":0,"9":5,"10":1,"11":5,"12":0,"13":0,"14":0,"15":0,"16":0,"17":0,"18":0,"19":0},"9":{"0":9,"1":6,"2":4,"3":7,"4":3,"5":4,"6":0,"7":4,"8":3,"9":0,"10":4,"11":3,"12":2,"13":0,"14":0,"15":0,"16":0,"17":0,"18":0,"19":0},"10":{"0":7,"1":7,"2":7,"3":4,"4":6,"5":2,"6":5,"7":2,"8":4,"9":0,"10":0,"11":4,"12":2,"13":1,"14":0,"15":0,"16":0,"17":0,"18":0,"19":0},"11":{"0":7,"1":5,"2":3,"3":3,"4":6,"5":5,"6":3,"7":4,"8":5,"9":1,"10":2,"11":0,"12":2,"13":2,"14":3,"15":0,"16":0,"17":0,"18":0,"19":0},"12":{"0":5,"1":4,"2":1,"3":4,"4":3,"5":10,"6":10,"7":7,"8":2,"9":1,"10":2,"11":1,"12":0,"13":3,"14":0,"15":5,"16":0,"17":0,"18":0,"19":0},"13":{"0":5,"1":9,"2":6,"3":5,"4":3,"5":8,"6":3,"7":1,"8":6,"9":6,"10":1,"11":5,"12":2,"13":0,"14":2,"15":5,"16":2,"17":0,"18":0,"19":0},"14":{"0":3,"1":5,"2":5,"3":5,"4":5,"5":2,"6":2,"7":4,"8":3,"9":6,"10":7,"11":2,"12":1,"13":1,"14":0,"15":2,"16":2,"17":4,"18":0,"19":0},"15":{"0":6,"1":6,"2":4,"3":3,"4":10,"5":7,"6":6,"7":6,"8":4,"9":4,"10":5,"11":9,"12":3,"13":4,"14":4,"15":0,"16":2,"17":3,"18":2,"19":0},"16":{"0":6,"1":1,"2":4,"3":2,"4":5,"5":5,"6":9,"7":5,"8":4,"9":7,"10":8,"11":4,"12":7,"13":1,"14":3,"15":2,"16":0,"17":3,"18":3,"19":4},"17":{"0":6,"1":4,"2":4,"3":10,"4":2,"5":5,"6":7,"7":7,"8":5,"9":8,"10":9,"11":7,"12":6,"13":5,"14":0,"15":4,"16":2,"17":0,"18":2,"19":5},"18":{"0":5,"1":7,"2":6,"3":7,"4":2,"5":5,"6":6,"7":7,"8":8,"9":8,"10":5,"11":8,"12":3,"13":8,"14":3,"15":5,"16":0,"17":3,"18":0,"19":4},"19":{"0":4,"1":5,"2":7,"3":3,"4":10,"5":8,"6":6,"7":3,"8":8,"9":3,"10":6,"11":1,"12":6,"13":3,"14":4,"15":3,"16":2,"17":7,"18":4,"19":0}},"method":"lop","closest_pair":[[3,0,4,1,2,7,8,6,5,11,10,9,15,13,12,17,14,19,18,16],[3,0,4,1,2,7,8,6,5,11,10,9,15,13,12,17,14,18,19,16]],"farthest_pair":[[3,0,4,1,2,6,7,8,5,11,10,9,15,13,12,17,14,18,19,16],[3,0,4,1,2,7,8,5,6,11,10,9,15,13,12,17,14,19,18,16]],"tau_farthest_pair":0.9578947368,"tau_closest_pair":0.9894736842,"beta":0.0000084065,"centroid_solution":[3,0,4,1,2,7,8,6,5,11,10,9,15,13,12,17,14,19,18,16]}