{"solutions":[[0,3,4,1,2,8,5,6,7,12,11,9,13,10,17,15,14,18,19,16],[0,3,4,1,2,8,5,6,7,11,12,10,9,15,16,13,17,14,18,19],[0,3,4,2,1,8,5,6,9,7,11,13,12,10,17,15,16,14,18,19],[0,3,4,1,2,8,5,6,7,11,12,9,13,10,17,15,14,18,19,16],[0,3,4,2,1,8,5,6,9,7,11,13,12,10,17,15,14,18,19,16],[0,3,4,2,1,8,5,6,7,11,12,9,13,10,17,15,14,18,19,16],[0,3,4,2,1,8,5,6,7,12,11,9,13,10,17,15,14,18,19,16],[0,3,4,1,2,8,5,6,7,12,11,9,13,10,17,15,16,14,18,19],[0,3,4,1,2,8,5,6,9,7,11,13,12,10,17,15,14,18,19,16],[0,3,4,2,1,8,5,6,7,12,11,9,13,10,17,15,16,14,18,19],[0,3,4,2,1,8,5,6,7,11,12,10,9,15,16,13,17,14,18,19],[0,3,4,2,1,8,5,6,7,11,12,9,13,10,17,15,16,14,18,19],[0,3,4,1,2,8,5,6,9,7,11,13,12,10,17,15,16,14,18,19],[0,3,4,1,2,8,5,6,7,11,12,9,13,10,17,15,16,14,18,19],[0,3,4,1,2,8,5,6,7,12,11,10,9,15,16,13,17,14,18,19],[0,3,4,2,1,8,5,6,7,12,11,10,9,15,16,13,17,14,18,19]],"obj":878.0,"max_tau_solutions":null,"centroid_x":[[0.0,1.0,1.0,1.0,1.0,1.0,1.0,1.0,1.0,1.0,1.0,1.0,1.0,1.0,1.0,1.0,1.0,1.0,1.0,1.0],[0.0,0.0,0.4810000709,0.0,0.0,1.0,1.0,1.0,1.0,1.0,1.0,1.0,1.0,1.0,1.0,1.0,1.0,1.0,1.0,1.0],[0.0,0.5189999291,0.0,0.0,0.0,1.0,1.0,1.0,1.0,1.0,1.0,1.0,1.0,1.0,1.0,1.0,1.0,1.0,1.0,1.0],[0.0,1.0,1.0,0.0,1.0,1.0,1.0,1.0,1.0,1.0,1.0,1.0,1.0,1.0,1.0,1.0,1.0,1.0,1.0,1.0],[0.0,1.0,1.0,0.0,0.0,1.0,1.0,1.0,1.0,1.0,1.0,1.0,1.0,1.0,1.0,1.0,1.0,1.0,1.0,1.0],[0.0,0.0,0.0,0.0,0.0,0.0,1.0,1.0,0.0,1.0,1.0,1.0,1.0,1.0,1.0,1.0,1.0,1.0,1.0,1.0],[0.0,0.0,0.0,0.0,0.0,0.0,0.0,1.0,0.0,1.0,1.0,1.0,1.0,1.0,1.0,1.0,1.0,1.0,1.0,1.0],[0.0,0.0,0.0,0.0,0.0,0.0,0.0,0.0,0.0,0.5738208149,1.0,1.0,1.0,1.0,1.0,1.0,1.0,1.0,1.0,1.0],[0.0,0.0,0.0,0.0,0.0,1.0,1.0,1.0,0.0,1.0,1.0,1.0,1.0,1.0,1.0,1.0,1.0,1.0,1.0,1.0],[0.0,0.0,0.0,0.0,0.0,0.0,0.0,0.4261791851,0.0,0.0,0.5981371314,0.426179185,0.426179185,1.0,1.0,1.0,1.0,1.0,1.0,1.0],[0.0,0.0,0.0,0.0,0.0,0.0,0.0,0.0,0.0,0.4018628686,0.0,0.0,0.0,0.4018628686,1.0,1.0,1.0,1.0,1.0,1.0],[0.0,0.0,0.0,0.0,0.0,0.0,0.0,0.0,0.0,0.573820815,1.0,0.0,0.5650444193,1.0,1.0,1.0,1.0,1.0,1.0,1.0],[0.0,0.0,0.0,0.0,0.0,0.0,0.0,0.0,0.0,0.573820815,1.0,0.4349555807,0.0,0.573820815,1.0,1.0,1.0,1.0,1.0,1.0],[0.0,0.0,0.0,0.0,0.0,0.0,0.0,0.0,0.0,0.0,0.5981371314,0.0,0.426179185,0.0,1.0,0.5981371316,0.5981371311,1.0,1.0,1.0],[0.0,0.0,0.0,0.0,0.0,0.0,0.0,0.0,0.0,0.0,0.0,0.0,0.0,0.0,0.0,0.0,0.4351964487,0.0,1.0,1.0],[0.0,0.0,0.0,0.0,0.0,0.0,0.0,0.0,0.0,0.0,0.0,0.0,0.0,0.4018628684,1.0,0.0,1.0,0.4018628682,1.0,1.0],[0.0,0.0,0.0,0.0,0.0,0.0,0.0,0.0,0.0,0.0,0.0,0.0,0.0,0.4018628689,0.5648035513,0.0,0.0,0.4018628687,0.5648035513,0.5648035513],[0.0,0.0,0.0,0.0,0.0,0.0,0.0,0.0,0.0,0.0,0.0,0.0,0.0,0.0,1.0,0.5981371318,0.5981371313,0.0,1.0,1.0],[0.0,0.0,0.0,0.0,0.0,0.0,0.0,0.0,0.0,0.0,0.0,0.0,0.0,0.0,0.0,0.0,0.4351964487,0.0,0.0,1.0],[0.0,0.0,0.0,0.0,0.0,0.0,0.0,0.0,0.0,0.0,0.0,0.0,0.0,0.0,0.0,0.0,0.4351964487,0.0,0.0,0.0]],"outlier_solution":[0,3,4,1,2,8,5,6,7,12,11,10,9,15,16,13,17,14,18,19],"dataset_id":712,"source_dataset_id":759,"options":null,"D":{"0":{"0":0,"1":3,"2":3,"3":1,"4":0,"5":0,"6":0,"7":0,"8":0,"9":0,"10":0,"11":0,"12":0,"13":0,"14":0,"15":0,"16":0,"17":0,"18":0,"19":0},"1":{"0":2,"1":0,"2":3,"3":4,"4":4,"5":0,"6":0,"7":0,"8":0,"9":0,"10":0,"11":0,"12":0,"13":0,"14":0,"15":0,"16":0,"17":0,"18":0,"19":0},"2":{"0":1,"1":3,"2":0,"3":5,"4":3,"5":1,"6":0,"7":0,"8":0,"9":0,"10":0,"11":0,"12":0,"13":0,"14":0,"15":0,"16":0,"17":0,"18":0,"19":0},"3":{"0":3,"1":0,"2":1,"3":0,"4":2,"5":3,"6":6,"7":0,"8":0,"9":0,"10":0,"11":0,"12":0,"13":0,"14":0,"15":0,"16":0,"17":0,"18":0,"19":0},"4":{"0":3,"1":2,"2":1,"3":3,"4":0,"5":4,"6":1,"7":4,"8":0,"9":0,"10":0,"11":0,"12":0,"13":0,"14":0,"15":0,"16":0,"17":0,"18":0,"19":0},"5":{"0":4,"1":4,"2":1,"3":2,"4":1,"5":0,"6":4,"7":2,"8":3,"9":0,"10":0,"11":0,"12":0,"13":0,"14":0,"15":0,"16":0,"17":0,"18":0,"19":0},"6":{"0":2,"1":5,"2":7,"3":2,"4":5,"5":6,"6":0,"7":2,"8":4,"9":1,"10":0,"11":0,"12":0,"13":0,"14":0,"15":0,"16":0,"17":0,"18":0,"19":0},"7":{"0":5,"1":2,"2":10,"3":3,"4":5,"5":5,"6":3,"7":0,"8":3,"9":5,"10":1,"11":0,"12":0,"13":0,"14":0,"15":0,"16":0,"17":0,"18":0,"19":0},"8":{"0":4,"1":9,"2":4,"3":1,"4":7,"5":1,"6":2,"7":3,"8":0,"9":2,"10":2,"11":5,"12":0,"13":0,"14":0,"15":0,"16":0,"17":0,"18":0,"19":0},"9":{"0":5,"1":5,"2":11,"3":7,"4":2,"5":2,"6":5,"7":0,"8":5,"9":0,"10":3,"11":3,"12":6,"13":0,"14":0,"15":0,"16":0,"17":0,"18":0,"19":0},"10":{"0":4,"1":5,"2":7,"3":6,"4":1,"5":3,"6":5,"7":0,"8":3,"9":2,"10":0,"11":6,"12":5,"13":4,"14":0,"15":0,"16":0,"17":0,"18":0,"19":0},"11":{"0":3,"1":8,"2":1,"3":8,"4":5,"5":5,"6":6,"7":7,"8":6,"9":1,"10":2,"11":0,"12":3,"13":0,"14":3,"15":0,"16":0,"17":0,"18":0,"19":0},"12":{"0":6,"1":4,"2":9,"3":7,"4":8,"5":7,"6":2,"7":6,"8":8,"9":2,"10":2,"11":3,"12":0,"13":2,"14":1,"15":2,"16":0,"17":0,"18":0,"19":0},"13":{"0":1,"1":4,"2":9,"3":8,"4":4,"5":4,"6":7,"7":5,"8":7,"9":11,"10":1,"11":3,"12":1,"13":0,"14":0,"15":2,"16":5,"17":0,"18":0,"19":0},"14":{"0":2,"1":6,"2":6,"3":4,"4":1,"5":9,"6":3,"7":4,"8":6,"9":3,"10":6,"11":7,"12":3,"13":2,"14":0,"15":7,"16":3,"17":5,"18":0,"19":0},"15":{"0":4,"1":5,"2":5,"3":6,"4":7,"5":6,"6":8,"7":9,"8":5,"9":3,"10":3,"11":5,"12":2,"13":1,"14":1,"15":0,"16":0,"17":4,"18":4,"19":0},"16":{"0":5,"1":7,"2":9,"3":6,"4":9,"5":5,"6":3,"7":3,"8":6,"9":7,"10":4,"11":1,"12":5,"13":1,"14":2,"15":1,"16":0,"17":4,"18":0,"19":3},"17":{"0":3,"1":8,"2":4,"3":8,"4":7,"5":8,"6":3,"7":4,"8":3,"9":3,"10":3,"11":5,"12":4,"13":6,"14":2,"15":3,"16":2,"17":0,"18":3,"19":5},"18":{"0":6,"1":2,"2":3,"3":3,"4":5,"5":3,"6":4,"7":5,"8":5,"9":6,"10":6,"11":7,"12":3,"13":5,"14":9,"15":3,"16":0,"17":1,"18":0,"19":3},"19":{"0":7,"1":4,"2":4,"3":5,"4":1,"5":5,"6":3,"7":7,"8":8,"9":2,"10":6,"11":4,"12":5,"13":10,"14":6,"15":3,"16":2,"17":7,"18":5,"19":0}},"method":"lop","closest_pair":[[0,3,4,1,2,8,5,6,7,12,11,9,13,10,17,15,14,18,19,16],[0,3,4,2,1,8,5,6,7,12,11,9,13,10,17,15,14,18,19,16]],"farthest_pair":[[0,3,4,2,1,8,5,6,9,7,11,13,12,10,17,15,14,18,19,16],[0,3,4,1,2,8,5,6,7,12,11,10,9,15,16,13,17,14,18,19]],"tau_farthest_pair":0.8421052632,"tau_closest_pair":0.9894736842,"beta":0.0000218091,"centroid_solution":[0,3,4,2,1,8,5,6,7,11,12,9,13,10,17,15,16,14,18,19]}