{"solutions":[[2,0,4,1,6,3,8,7,5,9,13,10,14,11,12,17,18,15,19,16],[2,0,1,6,4,3,5,9,8,7,13,10,14,11,12,17,18,15,19,16],[2,0,1,6,4,3,8,7,5,9,13,10,14,11,12,17,18,15,19,16],[2,0,1,4,6,3,8,7,5,9,13,10,14,11,12,17,18,15,19,16],[2,0,4,1,6,3,5,9,8,7,13,10,14,11,12,17,18,15,19,16],[2,0,1,4,6,3,8,5,9,7,13,10,14,11,12,17,18,15,19,16],[2,0,1,6,3,4,8,5,9,7,13,10,14,11,12,17,18,15,19,16],[2,0,4,1,6,3,8,5,9,7,13,10,14,11,12,17,18,15,19,16],[2,0,1,6,4,3,8,5,9,7,13,10,14,11,12,17,18,15,19,16],[2,0,1,4,6,3,5,9,8,7,13,10,14,11,12,17,18,15,19,16],[2,0,1,6,3,4,8,7,5,9,13,10,14,11,12,17,18,15,19,16],[2,0,1,6,3,4,5,9,8,7,13,10,14,11,12,17,18,15,19,16]],"obj":884.0,"max_tau_solutions":null,"centroid_x":[[0.0,1.0,0.0,1.0,1.0,1.0,1.0,1.0,1.0,1.0,1.0,1.0,1.0,1.0,1.0,1.0,1.0,1.0,1.0,1.0],[0.0,0.0,0.0,1.0,0.6309836599,1.0,1.0,1.0,1.0,1.0,1.0,1.0,1.0,1.0,1.0,1.0,1.0,1.0,1.0,1.0],[1.0,1.0,0.0,1.0,1.0,1.0,1.0,1.0,1.0,1.0,1.0,1.0,1.0,1.0,1.0,1.0,1.0,1.0,1.0,1.0],[0.0,0.0,0.0,0.0,0.3924904769,1.0,0.0,1.0,1.0,1.0,1.0,1.0,1.0,1.0,1.0,1.0,1.0,1.0,1.0,1.0],[0.0,0.3690163401,0.0,0.6075095231,0.0,1.0,0.4909808395,1.0,1.0,1.0,1.0,1.0,1.0,1.0,1.0,1.0,1.0,1.0,1.0,1.0],[0.0,0.0,0.0,0.0,0.0,0.0,0.0,0.5665033751,0.4070397472,1.0,1.0,1.0,1.0,1.0,1.0,1.0,1.0,1.0,1.0,1.0],[0.0,0.0,0.0,1.0,0.5090191605,1.0,0.0,1.0,1.0,1.0,1.0,1.0,1.0,1.0,1.0,1.0,1.0,1.0,1.0,1.0],[0.0,0.0,0.0,0.0,0.0,0.4334966249,0.0,0.0,0.0,0.433496606,1.0,1.0,1.0,1.0,1.0,1.0,1.0,1.0,1.0,1.0],[0.0,0.0,0.0,0.0,0.0,0.5929602528,0.0,1.0,0.0,0.5929602365,1.0,1.0,1.0,1.0,1.0,1.0,1.0,1.0,1.0,1.0],[0.0,0.0,0.0,0.0,0.0,0.0,0.0,0.566503394,0.4070397635,0.0,1.0,1.0,1.0,1.0,1.0,1.0,1.0,1.0,1.0,1.0],[0.0,0.0,0.0,0.0,0.0,0.0,0.0,0.0,0.0,0.0,0.0,1.0,1.0,0.0,1.0,1.0,1.0,1.0,1.0,1.0],[0.0,0.0,0.0,0.0,0.0,0.0,0.0,0.0,0.0,0.0,0.0,0.0,1.0,0.0,0.0,1.0,1.0,1.0,1.0,1.0],[0.0,0.0,0.0,0.0,0.0,0.0,0.0,0.0,0.0,0.0,0.0,0.0,0.0,0.0,0.0,1.0,1.0,1.0,1.0,1.0],[0.0,0.0,0.0,0.0,0.0,0.0,0.0,0.0,0.0,0.0,1.0,1.0,1.0,0.0,1.0,1.0,1.0,1.0,1.0,1.0],[0.0,0.0,0.0,0.0,0.0,0.0,0.0,0.0,0.0,0.0,0.0,1.0,1.0,0.0,0.0,1.0,1.0,1.0,1.0,1.0],[0.0,0.0,0.0,0.0,0.0,0.0,0.0,0.0,0.0,0.0,0.0,0.0,0.0,0.0,0.0,0.0,1.0,0.0,0.0,1.0],[0.0,0.0,0.0,0.0,0.0,0.0,0.0,0.0,0.0,0.0,0.0,0.0,0.0,0.0,0.0,0.0,0.0,0.0,0.0,0.0],[0.0,0.0,0.0,0.0,0.0,0.0,0.0,0.0,0.0,0.0,0.0,0.0,0.0,0.0,0.0,1.0,1.0,0.0,1.0,1.0],[0.0,0.0,0.0,0.0,0.0,0.0,0.0,0.0,0.0,0.0,0.0,0.0,0.0,0.0,0.0,1.0,1.0,0.0,0.0,1.0],[0.0,0.0,0.0,0.0,0.0,0.0,0.0,0.0,0.0,0.0,0.0,0.0,0.0,0.0,0.0,0.0,1.0,0.0,0.0,0.0]],"outlier_solution":[2,0,4,1,6,3,5,9,8,7,13,10,14,11,12,17,18,15,19,16],"dataset_id":715,"source_dataset_id":762,"options":null,"D":{"0":{"0":0,"1":3,"2":5,"3":2,"4":0,"5":0,"6":0,"7":0,"8":0,"9":0,"10":0,"11":0,"12":0,"13":0,"14":0,"15":0,"16":0,"17":0,"18":0,"19":0},"1":{"0":6,"1":0,"2":4,"3":3,"4":1,"5":0,"6":0,"7":0,"8":0,"9":0,"10":0,"11":0,"12":0,"13":0,"14":0,"15":0,"16":0,"17":0,"18":0,"19":0},"2":{"0":3,"1":3,"2":0,"3":2,"4":2,"5":1,"6":0,"7":0,"8":0,"9":0,"10":0,"11":0,"12":0,"13":0,"14":0,"15":0,"16":0,"17":0,"18":0,"19":0},"3":{"0":4,"1":4,"2":0,"3":0,"4":2,"5":1,"6":4,"7":0,"8":0,"9":0,"10":0,"11":0,"12":0,"13":0,"14":0,"15":0,"16":0,"17":0,"18":0,"19":0},"4":{"0":4,"1":1,"2":1,"3":2,"4":0,"5":0,"6":5,"7":1,"8":0,"9":0,"10":0,"11":0,"12":0,"13":0,"14":0,"15":0,"16":0,"17":0,"18":0,"19":0},"5":{"0":9,"1":6,"2":2,"3":3,"4":2,"5":0,"6":4,"7":4,"8":3,"9":0,"10":0,"11":0,"12":0,"13":0,"14":0,"15":0,"16":0,"17":0,"18":0,"19":0},"6":{"0":8,"1":5,"2":5,"3":2,"4":5,"5":4,"6":0,"7":1,"8":1,"9":4,"10":0,"11":0,"12":0,"13":0,"14":0,"15":0,"16":0,"17":0,"18":0,"19":0},"7":{"0":6,"1":4,"2":7,"3":7,"4":2,"5":2,"6":3,"7":0,"8":3,"9":5,"10":2,"11":0,"12":0,"13":0,"14":0,"15":0,"16":0,"17":0,"18":0,"19":0},"8":{"0":7,"1":7,"2":3,"3":1,"4":7,"5":2,"6":3,"7":1,"8":0,"9":4,"10":3,"11":1,"12":0,"13":0,"14":0,"15":0,"16":0,"17":0,"18":0,"19":0},"9":{"0":4,"1":4,"2":6,"3":3,"4":2,"5":4,"6":3,"7":3,"8":3,"9":0,"10":1,"11":3,"12":2,"13":0,"14":0,"15":0,"16":0,"17":0,"18":0,"19":0},"10":{"0":6,"1":3,"2":9,"3":3,"4":8,"5":4,"6":3,"7":3,"8":1,"9":3,"10":0,"11":3,"12":1,"13":3,"14":0,"15":0,"16":0,"17":0,"18":0,"19":0},"11":{"0":6,"1":5,"2":4,"3":6,"4":8,"5":3,"6":7,"7":5,"8":2,"9":4,"10":4,"11":0,"12":3,"13":0,"14":3,"15":0,"16":0,"17":0,"18":0,"19":0},"12":{"0":4,"1":6,"2":9,"3":6,"4":4,"5":4,"6":4,"7":4,"8":9,"9":6,"10":3,"11":4,"12":0,"13":2,"14":6,"15":3,"16":0,"17":0,"18":0,"19":0},"13":{"0":8,"1":8,"2":10,"3":6,"4":4,"5":10,"6":5,"7":4,"8":7,"9":7,"10":1,"11":2,"12":1,"13":0,"14":3,"15":6,"16":1,"17":0,"18":0,"19":0},"14":{"0":6,"1":6,"2":7,"3":4,"4":4,"5":6,"6":7,"7":5,"8":5,"9":7,"10":6,"11":1,"12":4,"13":6,"14":0,"15":1,"16":0,"17":2,"18":0,"19":0},"15":{"0":1,"1":6,"2":5,"3":6,"4":2,"5":2,"6":4,"7":5,"8":6,"9":4,"10":1,"11":4,"12":4,"13":3,"14":0,"15":0,"16":2,"17":2,"18":5,"19":0},"16":{"0":5,"1":3,"2":2,"3":9,"4":4,"5":2,"6":5,"7":7,"8":2,"9":8,"10":2,"11":4,"12":8,"13":2,"14":4,"15":2,"16":0,"17":3,"18":4,"19":3},"17":{"0":2,"1":7,"2":6,"3":4,"4":8,"5":7,"6":3,"7":5,"8":7,"9":5,"10":4,"11":4,"12":6,"13":4,"14":2,"15":2,"16":3,"17":0,"18":2,"19":1},"18":{"0":5,"1":3,"2":5,"3":8,"4":6,"5":4,"6":5,"7":4,"8":3,"9":9,"10":3,"11":7,"12":7,"13":9,"14":6,"15":2,"16":0,"17":3,"18":0,"19":3},"19":{"0":7,"1":5,"2":10,"3":4,"4":3,"5":5,"6":4,"7":9,"8":4,"9":7,"10":4,"11":7,"12":4,"13":4,"14":5,"15":2,"16":2,"17":1,"18":4,"19":0}},"method":"lop","closest_pair":[[2,0,1,4,6,3,8,7,5,9,13,10,14,11,12,17,18,15,19,16],[2,0,4,1,6,3,8,7,5,9,13,10,14,11,12,17,18,15,19,16]],"farthest_pair":[[2,0,1,6,3,4,8,7,5,9,13,10,14,11,12,17,18,15,19,16],[2,0,4,1,6,3,5,9,8,7,13,10,14,11,12,17,18,15,19,16]],"tau_farthest_pair":0.9263157895,"tau_closest_pair":0.9894736842,"beta":0.0000152158,"centroid_solution":[2,0,1,6,4,3,8,5,9,7,13,10,14,11,12,17,18,15,19,16]}