{"solutions":[[0,2,4,1,6,3,7,5,8,12,11,10,9,14,13,17,18,15,19,16],[0,1,2,6,3,5,4,8,7,12,11,9,10,14,13,17,18,15,19,16],[0,1,2,6,3,5,4,8,7,12,11,10,9,14,13,17,18,15,19,16],[3,0,2,1,6,5,4,8,7,12,11,9,10,14,13,17,18,15,19,16],[0,2,4,1,6,3,7,5,8,12,11,9,10,14,13,17,18,15,19,16],[0,2,1,6,3,5,4,8,7,12,11,10,9,14,13,17,18,15,19,16],[3,0,2,1,6,5,4,8,7,12,11,10,9,14,13,17,18,15,19,16],[0,2,1,6,3,5,4,8,7,12,11,9,10,14,13,17,18,15,19,16],[3,0,1,2,6,5,4,8,7,12,11,9,10,14,13,17,18,15,19,16],[3,0,1,2,6,5,4,8,7,12,11,10,9,14,13,17,18,15,19,16]],"obj":885.0,"max_tau_solutions":null,"centroid_x":[[0.0,1.0,1.0,0.5579537641,1.0,1.0,1.0,1.0,1.0,1.0,1.0,1.0,1.0,1.0,1.0,1.0,1.0,1.0,1.0,1.0],[0.0,0.0,0.4113135697,0.5579537641,0.529427665,1.0,1.0,1.0,1.0,1.0,1.0,1.0,1.0,1.0,1.0,1.0,1.0,1.0,1.0,1.0],[0.0,0.5886864303,0.0,0.5579537641,1.0,1.0,1.0,1.0,1.0,1.0,1.0,1.0,1.0,1.0,1.0,1.0,1.0,1.0,1.0,1.0],[0.4420462359,0.4420462359,0.4420462359,0.0,0.529427665,1.0,0.4420462359,1.0,1.0,1.0,1.0,1.0,1.0,1.0,1.0,1.0,1.0,1.0,1.0,1.0],[0.0,0.470572335,0.0,0.470572335,0.0,0.470572335,0.470572335,1.0,1.0,1.0,1.0,1.0,1.0,1.0,1.0,1.0,1.0,1.0,1.0,1.0],[0.0,0.0,0.0,0.0,0.529427665,0.0,0.0,0.529427665,1.0,1.0,1.0,1.0,1.0,1.0,1.0,1.0,1.0,1.0,1.0,1.0],[0.0,0.0,0.0,0.5579537641,0.529427665,1.0,0.0,1.0,1.0,1.0,1.0,1.0,1.0,1.0,1.0,1.0,1.0,1.0,1.0,1.0],[0.0,0.0,0.0,0.0,0.0,0.470572335,0.0,0.0,0.4705723349,1.0,1.0,1.0,1.0,1.0,1.0,1.0,1.0,1.0,1.0,1.0],[0.0,0.0,0.0,0.0,0.0,0.0,0.0,0.5294276651,0.0,1.0,1.0,1.0,1.0,1.0,1.0,1.0,1.0,1.0,1.0,1.0],[0.0,0.0,0.0,0.0,0.0,0.0,0.0,0.0,0.0,0.0,0.4916160679,0.0,0.0,1.0,1.0,1.0,1.0,1.0,1.0,1.0],[0.0,0.0,0.0,0.0,0.0,0.0,0.0,0.0,0.0,0.5083839321,0.0,0.0,0.0,1.0,1.0,1.0,1.0,1.0,1.0,1.0],[0.0,0.0,0.0,0.0,0.0,0.0,0.0,0.0,0.0,1.0,1.0,0.0,0.0,1.0,1.0,1.0,1.0,1.0,1.0,1.0],[0.0,0.0,0.0,0.0,0.0,0.0,0.0,0.0,0.0,1.0,1.0,1.0,0.0,1.0,1.0,1.0,1.0,1.0,1.0,1.0],[0.0,0.0,0.0,0.0,0.0,0.0,0.0,0.0,0.0,0.0,0.0,0.0,0.0,0.0,0.0,1.0,1.0,1.0,1.0,1.0],[0.0,0.0,0.0,0.0,0.0,0.0,0.0,0.0,0.0,0.0,0.0,0.0,0.0,1.0,0.0,1.0,1.0,1.0,1.0,1.0],[0.0,0.0,0.0,0.0,0.0,0.0,0.0,0.0,0.0,0.0,0.0,0.0,0.0,0.0,0.0,0.0,1.0,0.0,0.0,1.0],[0.0,0.0,0.0,0.0,0.0,0.0,0.0,0.0,0.0,0.0,0.0,0.0,0.0,0.0,0.0,0.0,0.0,0.0,0.0,0.0],[0.0,0.0,0.0,0.0,0.0,0.0,0.0,0.0,0.0,0.0,0.0,0.0,0.0,0.0,0.0,1.0,1.0,0.0,1.0,1.0],[0.0,0.0,0.0,0.0,0.0,0.0,0.0,0.0,0.0,0.0,0.0,0.0,0.0,0.0,0.0,1.0,1.0,0.0,0.0,1.0],[0.0,0.0,0.0,0.0,0.0,0.0,0.0,0.0,0.0,0.0,0.0,0.0,0.0,0.0,0.0,0.0,1.0,0.0,0.0,0.0]],"outlier_solution":[3,0,1,2,6,5,4,8,7,12,11,9,10,14,13,17,18,15,19,16],"dataset_id":717,"source_dataset_id":764,"options":null,"D":{"0":{"0":0,"1":1,"2":0,"3":5,"4":0,"5":0,"6":0,"7":0,"8":0,"9":0,"10":0,"11":0,"12":0,"13":0,"14":0,"15":0,"16":0,"17":0,"18":0,"19":0},"1":{"0":4,"1":0,"2":2,"3":1,"4":5,"5":0,"6":0,"7":0,"8":0,"9":0,"10":0,"11":0,"12":0,"13":0,"14":0,"15":0,"16":0,"17":0,"18":0,"19":0},"2":{"0":1,"1":2,"2":0,"3":3,"4":2,"5":2,"6":0,"7":0,"8":0,"9":0,"10":0,"11":0,"12":0,"13":0,"14":0,"15":0,"16":0,"17":0,"18":0,"19":0},"3":{"0":1,"1":1,"2":3,"3":0,"4":3,"5":1,"6":7,"7":0,"8":0,"9":0,"10":0,"11":0,"12":0,"13":0,"14":0,"15":0,"16":0,"17":0,"18":0,"19":0},"4":{"0":6,"1":0,"2":5,"3":2,"4":0,"5":6,"6":4,"7":2,"8":0,"9":0,"10":0,"11":0,"12":0,"13":0,"14":0,"15":0,"16":0,"17":0,"18":0,"19":0},"5":{"0":7,"1":4,"2":5,"3":3,"4":2,"5":0,"6":3,"7":3,"8":1,"9":0,"10":0,"11":0,"12":0,"13":0,"14":0,"15":0,"16":0,"17":0,"18":0,"19":0},"6":{"0":5,"1":5,"2":7,"3":3,"4":1,"5":2,"6":0,"7":2,"8":2,"9":2,"10":0,"11":0,"12":0,"13":0,"14":0,"15":0,"16":0,"17":0,"18":0,"19":0},"7":{"0":4,"1":6,"2":8,"3":3,"4":4,"5":1,"6":4,"7":0,"8":3,"9":3,"10":4,"11":0,"12":0,"13":0,"14":0,"15":0,"16":0,"17":0,"18":0,"19":0},"8":{"0":10,"1":1,"2":11,"3":6,"4":4,"5":3,"6":2,"7":2,"8":0,"9":2,"10":3,"11":1,"12":0,"13":0,"14":0,"15":0,"16":0,"17":0,"18":0,"19":0},"9":{"0":8,"1":2,"2":4,"3":9,"4":8,"5":8,"6":1,"7":1,"8":4,"9":0,"10":2,"11":3,"12":2,"13":0,"14":0,"15":0,"16":0,"17":0,"18":0,"19":0},"10":{"0":7,"1":3,"2":7,"3":6,"4":11,"5":4,"6":4,"7":2,"8":2,"9":2,"10":0,"11":3,"12":6,"13":3,"14":0,"15":0,"16":0,"17":0,"18":0,"19":0},"11":{"0":8,"1":6,"2":5,"3":4,"4":3,"5":4,"6":7,"7":5,"8":5,"9":0,"10":1,"11":0,"12":5,"13":3,"14":1,"15":0,"16":0,"17":0,"18":0,"19":0},"12":{"0":3,"1":9,"2":6,"3":4,"4":3,"5":10,"6":3,"7":7,"8":2,"9":2,"10":3,"11":3,"12":0,"13":2,"14":0,"15":2,"16":0,"17":0,"18":0,"19":0},"13":{"0":4,"1":9,"2":4,"3":3,"4":8,"5":4,"6":3,"7":2,"8":5,"9":3,"10":2,"11":3,"12":2,"13":0,"14":2,"15":2,"16":4,"17":0,"18":0,"19":0},"14":{"0":7,"1":5,"2":5,"3":5,"4":9,"5":9,"6":5,"7":6,"8":7,"9":2,"10":7,"11":0,"12":3,"13":0,"14":0,"15":5,"16":2,"17":3,"18":0,"19":0},"15":{"0":6,"1":5,"2":6,"3":5,"4":4,"5":8,"6":7,"7":3,"8":4,"9":9,"10":4,"11":6,"12":4,"13":1,"14":6,"15":0,"16":1,"17":0,"18":4,"19":0},"16":{"0":3,"1":4,"2":4,"3":3,"4":5,"5":3,"6":7,"7":4,"8":5,"9":5,"10":3,"11":3,"12":10,"13":0,"14":2,"15":1,"16":0,"17":6,"18":2,"19":5},"17":{"0":7,"1":8,"2":3,"3":4,"4":6,"5":4,"6":3,"7":7,"8":6,"9":3,"10":2,"11":7,"12":6,"13":5,"14":4,"15":0,"16":4,"17":0,"18":2,"19":3},"18":{"0":8,"1":4,"2":11,"3":5,"4":4,"5":4,"6":5,"7":2,"8":8,"9":6,"10":5,"11":8,"12":8,"13":3,"14":3,"15":2,"16":2,"17":4,"18":0,"19":2},"19":{"0":4,"1":3,"2":8,"3":6,"4":2,"5":4,"6":5,"7":6,"8":4,"9":6,"10":5,"11":3,"12":4,"13":7,"14":5,"15":6,"16":1,"17":3,"18":3,"19":0}},"method":"lop","closest_pair":[[0,2,1,6,3,5,4,8,7,12,11,9,10,14,13,17,18,15,19,16],[0,2,1,6,3,5,4,8,7,12,11,10,9,14,13,17,18,15,19,16]],"farthest_pair":[[0,2,4,1,6,3,7,5,8,12,11,10,9,14,13,17,18,15,19,16],[3,0,1,2,6,5,4,8,7,12,11,9,10,14,13,17,18,15,19,16]],"tau_farthest_pair":0.8736842105,"tau_closest_pair":0.9894736842,"beta":0.0001079723,"centroid_solution":[0,2,1,6,3,5,4,8,7,12,11,10,9,14,13,17,18,15,19,16]}