{"solutions":[[2,0,1,4,5,3,7,6,9,10,8,11,15,13,14,12,18,19,17,16],[2,0,1,5,4,3,7,6,9,10,8,11,15,13,14,12,19,18,16,17],[2,0,1,5,4,3,7,6,9,10,8,11,15,13,14,12,19,18,17,16],[2,0,1,6,5,4,3,9,10,8,7,11,15,13,14,12,19,18,17,16],[2,0,1,4,5,3,6,9,10,8,7,11,15,13,14,12,18,17,19,16],[2,0,1,6,5,4,3,9,10,8,7,11,15,13,14,12,18,19,17,16],[2,0,1,6,5,4,3,9,10,8,7,11,15,13,14,12,19,18,16,17],[2,0,1,6,5,4,3,9,10,8,7,11,15,13,14,12,18,17,19,16],[2,0,1,5,4,3,6,9,10,8,7,11,15,13,14,12,18,19,17,16],[2,0,1,6,4,5,3,9,10,8,7,11,15,13,14,12,18,19,17,16],[2,0,1,5,4,3,7,6,9,10,8,11,15,13,14,12,18,19,17,16],[2,0,1,5,4,3,7,6,9,10,8,11,15,13,14,12,18,19,16,17],[2,0,1,4,5,3,6,9,10,8,7,11,15,13,14,12,18,19,17,16],[2,0,1,5,6,4,3,9,10,8,7,11,15,13,14,12,19,18,17,16],[2,0,1,4,5,3,7,6,9,10,8,11,15,13,14,12,18,19,16,17],[2,0,1,5,6,4,3,9,10,8,7,11,15,13,14,12,18,19,16,17],[2,0,1,5,4,3,6,9,10,8,7,11,15,13,14,12,19,18,17,16],[2,0,1,5,6,4,3,9,10,8,7,11,15,13,14,12,18,19,17,16],[2,0,1,5,4,3,6,9,10,8,7,11,15,13,14,12,18,19,16,17],[2,0,1,6,4,5,3,9,10,8,7,11,15,13,14,12,18,19,16,17],[2,0,1,4,5,3,6,9,10,8,7,11,15,13,14,12,19,18,17,16],[2,0,1,5,6,4,3,9,10,8,7,11,15,13,14,12,19,18,16,17],[2,0,1,6,5,4,3,9,10,8,7,11,15,13,14,12,18,19,16,17],[2,0,1,4,5,3,7,6,9,10,8,11,15,13,14,12,19,18,17,16],[2,0,1,6,4,5,3,9,10,8,7,11,15,13,14,12,19,18,17,16],[2,0,1,5,4,3,6,9,10,8,7,11,15,13,14,12,18,17,19,16],[2,0,1,4,5,3,7,6,9,10,8,11,15,13,14,12,19,18,16,17],[2,0,1,6,4,5,3,9,10,8,7,11,15,13,14,12,18,17,19,16],[2,0,1,4,5,3,7,6,9,10,8,11,15,13,14,12,18,17,19,16],[2,0,1,4,5,3,6,9,10,8,7,11,15,13,14,12,19,18,16,17],[2,0,1,5,4,3,7,6,9,10,8,11,15,13,14,12,18,17,19,16],[2,0,1,4,5,3,6,9,10,8,7,11,15,13,14,12,18,19,16,17],[2,0,1,5,4,3,6,9,10,8,7,11,15,13,14,12,19,18,16,17],[2,0,1,6,4,5,3,9,10,8,7,11,15,13,14,12,19,18,16,17],[2,0,1,5,6,4,3,9,10,8,7,11,15,13,14,12,18,17,19,16]],"obj":888.0,"max_tau_solutions":null,"centroid_x":[[0.0,1.0,0.0,1.0,1.0,1.0,1.0,1.0,1.0,1.0,1.0,1.0,1.0,1.0,1.0,1.0,1.0,1.0,1.0,1.0],[0.0,0.0,0.0,1.0,1.0,1.0,1.0,1.0,1.0,1.0,1.0,1.0,1.0,1.0,1.0,1.0,1.0,1.0,1.0,1.0],[1.0,1.0,0.0,1.0,1.0,1.0,1.0,1.0,1.0,1.0,1.0,1.0,1.0,1.0,1.0,1.0,1.0,1.0,1.0,1.0],[0.0,0.0,0.0,0.0,0.0,0.0,0.5790103668,1.0,1.0,1.0,1.0,1.0,1.0,1.0,1.0,1.0,1.0,1.0,1.0,1.0],[0.0,0.0,0.0,1.0,0.0,0.4826992136,0.5790103668,1.0,1.0,1.0,1.0,1.0,1.0,1.0,1.0,1.0,1.0,1.0,1.0,1.0],[0.0,0.0,0.0,1.0,0.5173007864,0.0,0.6520847892,1.0,1.0,1.0,1.0,1.0,1.0,1.0,1.0,1.0,1.0,1.0,1.0,1.0],[0.0,0.0,0.0,0.4209896332,0.4209896332,0.3479152108,0.0,0.5873310112,1.0,1.0,1.0,1.0,1.0,1.0,1.0,1.0,1.0,1.0,1.0,1.0],[0.0,0.0,0.0,0.0,0.0,0.0,0.4126689888,0.0,0.4126689888,0.4126689888,0.4126689888,1.0,1.0,1.0,1.0,1.0,1.0,1.0,1.0,1.0],[0.0,0.0,0.0,0.0,0.0,0.0,0.0,0.5873310112,0.0,0.0,0.0,1.0,1.0,1.0,1.0,1.0,1.0,1.0,1.0,1.0],[0.0,0.0,0.0,0.0,0.0,0.0,0.0,0.5873310112,1.0,0.0,1.0,1.0,1.0,1.0,1.0,1.0,1.0,1.0,1.0,1.0],[0.0,0.0,0.0,0.0,0.0,0.0,0.0,0.5873310112,1.0,0.0,0.0,1.0,1.0,1.0,1.0,1.0,1.0,1.0,1.0,1.0],[0.0,0.0,0.0,0.0,0.0,0.0,0.0,0.0,0.0,0.0,0.0,0.0,1.0,1.0,1.0,1.0,1.0,1.0,1.0,1.0],[0.0,0.0,0.0,0.0,0.0,0.0,0.0,0.0,0.0,0.0,0.0,0.0,0.0,0.0,0.0,0.0,1.0,1.0,1.0,1.0],[0.0,0.0,0.0,0.0,0.0,0.0,0.0,0.0,0.0,0.0,0.0,0.0,1.0,0.0,1.0,0.0,1.0,1.0,1.0,1.0],[0.0,0.0,0.0,0.0,0.0,0.0,0.0,0.0,0.0,0.0,0.0,0.0,1.0,0.0,0.0,0.0,1.0,1.0,1.0,1.0],[0.0,0.0,0.0,0.0,0.0,0.0,0.0,0.0,0.0,0.0,0.0,0.0,1.0,1.0,1.0,0.0,1.0,1.0,1.0,1.0],[0.0,0.0,0.0,0.0,0.0,0.0,0.0,0.0,0.0,0.0,0.0,0.0,0.0,0.0,0.0,0.0,0.0,0.4294035007,0.0,0.0],[0.0,0.0,0.0,0.0,0.0,0.0,0.0,0.0,0.0,0.0,0.0,0.0,0.0,0.0,0.0,0.0,0.5705964993,0.0,0.0,0.3690336409],[0.0,0.0,0.0,0.0,0.0,0.0,0.0,0.0,0.0,0.0,0.0,0.0,0.0,0.0,0.0,0.0,1.0,1.0,0.0,0.5440598548],[0.0,0.0,0.0,0.0,0.0,0.0,0.0,0.0,0.0,0.0,0.0,0.0,0.0,0.0,0.0,0.0,1.0,0.6309663591,0.4559401452,0.0]],"outlier_solution":[2,0,1,4,5,3,7,6,9,10,8,11,15,13,14,12,18,17,19,16],"dataset_id":721,"source_dataset_id":768,"options":null,"D":{"0":{"0":0,"1":0,"2":4,"3":3,"4":0,"5":0,"6":0,"7":0,"8":0,"9":0,"10":0,"11":0,"12":0,"13":0,"14":0,"15":0,"16":0,"17":0,"18":0,"19":0},"1":{"0":1,"1":0,"2":3,"3":3,"4":1,"5":0,"6":0,"7":0,"8":0,"9":0,"10":0,"11":0,"12":0,"13":0,"14":0,"15":0,"16":0,"17":0,"18":0,"19":0},"2":{"0":2,"1":2,"2":0,"3":0,"4":3,"5":0,"6":0,"7":0,"8":0,"9":0,"10":0,"11":0,"12":0,"13":0,"14":0,"15":0,"16":0,"17":0,"18":0,"19":0},"3":{"0":2,"1":3,"2":1,"3":0,"4":6,"5":3,"6":0,"7":0,"8":0,"9":0,"10":0,"11":0,"12":0,"13":0,"14":0,"15":0,"16":0,"17":0,"18":0,"19":0},"4":{"0":6,"1":4,"2":2,"3":4,"4":0,"5":3,"6":4,"7":1,"8":0,"9":0,"10":0,"11":0,"12":0,"13":0,"14":0,"15":0,"16":0,"17":0,"18":0,"19":0},"5":{"0":2,"1":6,"2":3,"3":1,"4":3,"5":0,"6":2,"7":3,"8":4,"9":0,"10":0,"11":0,"12":0,"13":0,"14":0,"15":0,"16":0,"17":0,"18":0,"19":0},"6":{"0":6,"1":1,"2":5,"3":1,"4":3,"5":2,"6":0,"7":3,"8":3,"9":1,"10":0,"11":0,"12":0,"13":0,"14":0,"15":0,"16":0,"17":0,"18":0,"19":0},"7":{"0":4,"1":9,"2":8,"3":8,"4":4,"5":3,"6":0,"7":0,"8":2,"9":5,"10":4,"11":0,"12":0,"13":0,"14":0,"15":0,"16":0,"17":0,"18":0,"19":0},"8":{"0":6,"1":9,"2":11,"3":12,"4":2,"5":4,"6":3,"7":1,"8":0,"9":2,"10":3,"11":2,"12":0,"13":0,"14":0,"15":0,"16":0,"17":0,"18":0,"19":0},"9":{"0":5,"1":5,"2":4,"3":5,"4":9,"5":10,"6":5,"7":3,"8":0,"9":0,"10":0,"11":3,"12":2,"13":0,"14":0,"15":0,"16":0,"17":0,"18":0,"19":0},"10":{"0":4,"1":6,"2":4,"3":6,"4":8,"5":6,"6":4,"7":4,"8":2,"9":1,"10":0,"11":1,"12":1,"13":3,"14":0,"15":0,"16":0,"17":0,"18":0,"19":0},"11":{"0":9,"1":8,"2":5,"3":7,"4":5,"5":9,"6":5,"7":3,"8":5,"9":2,"10":1,"11":0,"12":3,"13":4,"14":1,"15":0,"16":0,"17":0,"18":0,"19":0},"12":{"0":11,"1":6,"2":8,"3":2,"4":4,"5":1,"6":2,"7":8,"8":2,"9":2,"10":4,"11":3,"12":0,"13":1,"14":3,"15":6,"16":0,"17":0,"18":0,"19":0},"13":{"0":7,"1":3,"2":5,"3":3,"4":6,"5":3,"6":3,"7":4,"8":3,"9":4,"10":4,"11":3,"12":2,"13":0,"14":1,"15":4,"16":6,"17":0,"18":0,"19":0},"14":{"0":1,"1":4,"2":2,"3":12,"4":0,"5":6,"6":5,"7":6,"8":3,"9":4,"10":5,"11":6,"12":1,"13":5,"14":0,"15":4,"16":1,"17":3,"18":0,"19":0},"15":{"0":2,"1":5,"2":4,"3":1,"4":3,"5":10,"6":5,"7":4,"8":13,"9":6,"10":4,"11":5,"12":4,"13":2,"14":2,"15":0,"16":3,"17":2,"18":1,"19":0},"16":{"0":3,"1":4,"2":5,"3":3,"4":6,"5":6,"6":5,"7":6,"8":10,"9":3,"10":5,"11":6,"12":5,"13":3,"14":2,"15":3,"16":0,"17":2,"18":3,"19":4},"17":{"0":8,"1":8,"2":2,"3":3,"4":8,"5":7,"6":6,"7":6,"8":5,"9":5,"10":2,"11":6,"12":3,"13":3,"14":2,"15":6,"16":2,"17":0,"18":2,"19":1},"18":{"0":5,"1":8,"2":3,"3":3,"4":6,"5":6,"6":3,"7":4,"8":5,"9":3,"10":8,"11":3,"12":4,"13":12,"14":3,"15":2,"16":1,"17":1,"18":0,"19":6},"19":{"0":5,"1":5,"2":5,"3":10,"4":7,"5":3,"6":7,"7":4,"8":5,"9":5,"10":5,"11":5,"12":7,"13":2,"14":9,"15":6,"16":0,"17":1,"18":6,"19":0}},"method":"lop","closest_pair":[[2,0,1,6,5,4,3,9,10,8,7,11,15,13,14,12,19,18,17,16],[2,0,1,6,5,4,3,9,10,8,7,11,15,13,14,12,18,19,17,16]],"farthest_pair":[[2,0,1,4,5,3,7,6,9,10,8,11,15,13,14,12,19,18,16,17],[2,0,1,6,5,4,3,9,10,8,7,11,15,13,14,12,18,17,19,16]],"tau_farthest_pair":0.8842105263,"tau_closest_pair":0.9894736842,"beta":0.0000234946,"centroid_solution":[2,0,1,5,4,3,6,9,10,8,7,11,15,13,14,12,18,19,17,16]}