{"solutions":[[1,0,5,2,3,7,6,4,9,11,10,8,14,13,15,12,17,18,19,16],[1,0,5,2,3,7,6,4,11,9,10,8,14,13,15,12,17,18,19,16]],"obj":881.0,"max_tau_solutions":null,"centroid_x":[[0.0,0.0,1.0,1.0,1.0,1.0,1.0,1.0,1.0,1.0,1.0,1.0,1.0,1.0,1.0,1.0,1.0,1.0,1.0,1.0],[1.0,0.0,1.0,1.0,1.0,1.0,1.0,1.0,1.0,1.0,1.0,1.0,1.0,1.0,1.0,1.0,1.0,1.0,1.0,1.0],[0.0,0.0,0.0,1.0,1.0,0.0,1.0,1.0,1.0,1.0,1.0,1.0,1.0,1.0,1.0,1.0,1.0,1.0,1.0,1.0],[0.0,0.0,0.0,0.0,1.0,0.0,1.0,1.0,1.0,1.0,1.0,1.0,1.0,1.0,1.0,1.0,1.0,1.0,1.0,1.0],[0.0,0.0,0.0,0.0,0.0,0.0,0.0,0.0,1.0,1.0,1.0,1.0,1.0,1.0,1.0,1.0,1.0,1.0,1.0,1.0],[0.0,0.0,1.0,1.0,1.0,0.0,1.0,1.0,1.0,1.0,1.0,1.0,1.0,1.0,1.0,1.0,1.0,1.0,1.0,1.0],[0.0,0.0,0.0,0.0,1.0,0.0,0.0,0.0,1.0,1.0,1.0,1.0,1.0,1.0,1.0,1.0,1.0,1.0,1.0,1.0],[0.0,0.0,0.0,0.0,1.0,0.0,1.0,0.0,1.0,1.0,1.0,1.0,1.0,1.0,1.0,1.0,1.0,1.0,1.0,1.0],[0.0,0.0,0.0,0.0,0.0,0.0,0.0,0.0,0.0,0.0,0.0,0.0,1.0,1.0,1.0,1.0,1.0,1.0,1.0,1.0],[0.0,0.0,0.0,0.0,0.0,0.0,0.0,0.0,1.0,0.0,1.0,0.4730899637,1.0,1.0,1.0,1.0,1.0,1.0,1.0,1.0],[0.0,0.0,0.0,0.0,0.0,0.0,0.0,0.0,1.0,0.0,0.0,0.0,1.0,1.0,1.0,1.0,1.0,1.0,1.0,1.0],[0.0,0.0,0.0,0.0,0.0,0.0,0.0,0.0,1.0,0.5269100363,1.0,0.0,1.0,1.0,1.0,1.0,1.0,1.0,1.0,1.0],[0.0,0.0,0.0,0.0,0.0,0.0,0.0,0.0,0.0,0.0,0.0,0.0,0.0,0.0,0.0,0.0,1.0,1.0,1.0,1.0],[0.0,0.0,0.0,0.0,0.0,0.0,0.0,0.0,0.0,0.0,0.0,0.0,1.0,0.0,0.0,1.0,1.0,1.0,1.0,1.0],[0.0,0.0,0.0,0.0,0.0,0.0,0.0,0.0,0.0,0.0,0.0,0.0,1.0,1.0,0.0,1.0,1.0,1.0,1.0,1.0],[0.0,0.0,0.0,0.0,0.0,0.0,0.0,0.0,0.0,0.0,0.0,0.0,1.0,0.0,0.0,0.0,1.0,1.0,1.0,1.0],[0.0,0.0,0.0,0.0,0.0,0.0,0.0,0.0,0.0,0.0,0.0,0.0,0.0,0.0,0.0,0.0,0.0,0.0,0.0,0.0],[0.0,0.0,0.0,0.0,0.0,0.0,0.0,0.0,0.0,0.0,0.0,0.0,0.0,0.0,0.0,0.0,1.0,0.0,1.0,1.0],[0.0,0.0,0.0,0.0,0.0,0.0,0.0,0.0,0.0,0.0,0.0,0.0,0.0,0.0,0.0,0.0,1.0,0.0,0.0,1.0],[0.0,0.0,0.0,0.0,0.0,0.0,0.0,0.0,0.0,0.0,0.0,0.0,0.0,0.0,0.0,0.0,1.0,0.0,0.0,0.0]],"outlier_solution":[1,0,5,2,3,7,6,4,9,11,10,8,14,13,15,12,17,18,19,16],"dataset_id":726,"source_dataset_id":773,"options":null,"D":{"0":{"0":0,"1":6,"2":0,"3":4,"4":0,"5":0,"6":0,"7":0,"8":0,"9":0,"10":0,"11":0,"12":0,"13":0,"14":0,"15":0,"16":0,"17":0,"18":0,"19":0},"1":{"0":2,"1":0,"2":3,"3":2,"4":1,"5":0,"6":0,"7":0,"8":0,"9":0,"10":0,"11":0,"12":0,"13":0,"14":0,"15":0,"16":0,"17":0,"18":0,"19":0},"2":{"0":2,"1":5,"2":0,"3":2,"4":3,"5":4,"6":0,"7":0,"8":0,"9":0,"10":0,"11":0,"12":0,"13":0,"14":0,"15":0,"16":0,"17":0,"18":0,"19":0},"3":{"0":4,"1":2,"2":3,"3":0,"4":1,"5":3,"6":2,"7":0,"8":0,"9":0,"10":0,"11":0,"12":0,"13":0,"14":0,"15":0,"16":0,"17":0,"18":0,"19":0},"4":{"0":5,"1":4,"2":7,"3":4,"4":0,"5":4,"6":4,"7":3,"8":0,"9":0,"10":0,"11":0,"12":0,"13":0,"14":0,"15":0,"16":0,"17":0,"18":0,"19":0},"5":{"0":6,"1":7,"2":1,"3":1,"4":4,"5":0,"6":1,"7":1,"8":4,"9":0,"10":0,"11":0,"12":0,"13":0,"14":0,"15":0,"16":0,"17":0,"18":0,"19":0},"6":{"0":3,"1":4,"2":3,"3":5,"4":3,"5":4,"6":0,"7":6,"8":4,"9":2,"10":0,"11":0,"12":0,"13":0,"14":0,"15":0,"16":0,"17":0,"18":0,"19":0},"7":{"0":6,"1":8,"2":10,"3":4,"4":1,"5":1,"6":3,"7":0,"8":4,"9":2,"10":4,"11":0,"12":0,"13":0,"14":0,"15":0,"16":0,"17":0,"18":0,"19":0},"8":{"0":8,"1":7,"2":7,"3":5,"4":6,"5":2,"6":1,"7":2,"8":0,"9":2,"10":5,"11":4,"12":0,"13":0,"14":0,"15":0,"16":0,"17":0,"18":0,"19":0},"9":{"0":7,"1":5,"2":7,"3":7,"4":7,"5":4,"6":4,"7":1,"8":2,"9":0,"10":1,"11":2,"12":1,"13":0,"14":0,"15":0,"16":0,"17":0,"18":0,"19":0},"10":{"0":5,"1":4,"2":8,"3":1,"4":6,"5":8,"6":2,"7":2,"8":0,"9":4,"10":0,"11":5,"12":2,"13":1,"14":0,"15":0,"16":0,"17":0,"18":0,"19":0},"11":{"0":7,"1":8,"2":5,"3":3,"4":6,"5":3,"6":4,"7":4,"8":2,"9":2,"10":3,"11":0,"12":2,"13":2,"14":2,"15":0,"16":0,"17":0,"18":0,"19":0},"12":{"0":3,"1":11,"2":4,"3":5,"4":5,"5":5,"6":5,"7":4,"8":3,"9":1,"10":3,"11":2,"12":0,"13":3,"14":2,"15":3,"16":0,"17":0,"18":0,"19":0},"13":{"0":3,"1":5,"2":1,"3":2,"4":4,"5":7,"6":5,"7":5,"8":9,"9":7,"10":3,"11":2,"12":1,"13":0,"14":3,"15":5,"16":3,"17":0,"18":0,"19":0},"14":{"0":2,"1":5,"2":6,"3":4,"4":4,"5":3,"6":8,"7":4,"8":7,"9":4,"10":4,"11":5,"12":1,"13":2,"14":0,"15":1,"16":3,"17":1,"18":0,"19":0},"15":{"0":5,"1":5,"2":7,"3":5,"4":7,"5":3,"6":13,"7":5,"8":5,"9":5,"10":5,"11":3,"12":1,"13":6,"14":4,"15":0,"16":3,"17":3,"18":2,"19":0},"16":{"0":2,"1":7,"2":7,"3":2,"4":6,"5":6,"6":5,"7":5,"8":2,"9":8,"10":4,"11":7,"12":5,"13":2,"14":0,"15":4,"16":0,"17":4,"18":3,"19":7},"17":{"0":6,"1":2,"2":4,"3":9,"4":4,"5":6,"6":1,"7":5,"8":5,"9":6,"10":6,"11":7,"12":5,"13":5,"14":7,"15":2,"16":4,"17":0,"18":0,"19":3},"18":{"0":4,"1":6,"2":5,"3":5,"4":3,"5":4,"6":9,"7":3,"8":2,"9":3,"10":5,"11":10,"12":4,"13":5,"14":2,"15":2,"16":4,"17":2,"18":0,"19":4},"19":{"0":7,"1":4,"2":8,"3":3,"4":3,"5":4,"6":8,"7":2,"8":4,"9":3,"10":3,"11":4,"12":9,"13":4,"14":5,"15":4,"16":3,"17":6,"18":6,"19":0}},"method":"lop","closest_pair":[[1,0,5,2,3,7,6,4,9,11,10,8,14,13,15,12,17,18,19,16],[1,0,5,2,3,7,6,4,11,9,10,8,14,13,15,12,17,18,19,16]],"farthest_pair":[[1,0,5,2,3,7,6,4,9,11,10,8,14,13,15,12,17,18,19,16],[1,0,5,2,3,7,6,4,11,9,10,8,14,13,15,12,17,18,19,16]],"tau_farthest_pair":0.9894736842,"tau_closest_pair":0.9894736842,"beta":0.0000009675,"centroid_solution":[1,0,5,2,3,7,6,4,11,9,10,8,14,13,15,12,17,18,19,16]}