{"solutions":[[3,1,2,0,7,6,5,4,11,8,9,14,13,10,12,17,18,15,19,16],[0,4,3,1,2,7,6,5,11,10,8,9,14,13,12,17,18,15,19,16],[0,4,3,1,2,7,6,5,11,10,8,9,14,12,13,17,18,15,19,16],[0,4,3,1,2,5,9,7,6,11,10,8,14,13,12,17,18,15,19,16],[3,1,2,0,7,6,5,4,11,10,8,9,14,13,12,17,18,15,19,16],[0,4,3,1,2,5,9,7,6,11,10,8,14,12,13,17,18,15,19,16],[0,4,3,1,2,5,9,7,6,11,8,14,13,10,12,17,18,15,19,16],[0,4,3,1,2,7,6,5,11,8,9,14,13,10,12,17,18,15,19,16],[3,1,2,0,7,6,5,4,11,10,8,9,14,12,13,17,18,15,19,16]],"obj":886.0,"max_tau_solutions":null,"centroid_x":[[0.0,0.5278482059,0.5278482059,0.5278482059,1.0,1.0,1.0,1.0,1.0,1.0,1.0,1.0,1.0,1.0,1.0,1.0,1.0,1.0,1.0,1.0],[0.4721517941,0.0,1.0,0.0,0.4721517941,1.0,1.0,1.0,1.0,1.0,1.0,1.0,1.0,1.0,1.0,1.0,1.0,1.0,1.0,1.0],[0.4721517941,0.0,0.0,0.0,0.4721517941,1.0,1.0,1.0,1.0,1.0,1.0,1.0,1.0,1.0,1.0,1.0,1.0,1.0,1.0,1.0],[0.4721517941,1.0,1.0,0.0,0.4721517941,1.0,1.0,1.0,1.0,1.0,1.0,1.0,1.0,1.0,1.0,1.0,1.0,1.0,1.0,1.0],[0.0,0.5278482059,0.5278482059,0.5278482059,0.0,0.5278482059,0.5278482059,0.5278482059,1.0,1.0,1.0,1.0,1.0,1.0,1.0,1.0,1.0,1.0,1.0,1.0],[0.0,0.0,0.0,0.0,0.4721517941,0.0,0.4428531115,0.4428531115,1.0,1.0,1.0,1.0,1.0,1.0,1.0,1.0,1.0,1.0,1.0,1.0],[0.0,0.0,0.0,0.0,0.4721517941,0.5571468885,0.0,0.0,1.0,0.5571468885,1.0,1.0,1.0,1.0,1.0,1.0,1.0,1.0,1.0,1.0],[0.0,0.0,0.0,0.0,0.4721517941,0.5571468885,1.0,0.0,1.0,0.5571468885,1.0,1.0,1.0,1.0,1.0,1.0,1.0,1.0,1.0,1.0],[0.0,0.0,0.0,0.0,0.0,0.0,0.0,0.0,0.0,0.5571468885,0.5117515222,0.0,1.0,1.0,1.0,1.0,1.0,1.0,1.0,1.0],[0.0,0.0,0.0,0.0,0.0,0.0,0.4428531115,0.4428531115,0.4428531115,0.0,0.6573653196,0.4428531115,1.0,1.0,1.0,1.0,1.0,1.0,1.0,1.0],[0.0,0.0,0.0,0.0,0.0,0.0,0.0,0.0,0.4882484778,0.3426346804,0.0,0.0,1.0,0.4882484778,0.4882484778,1.0,1.0,1.0,1.0,1.0],[0.0,0.0,0.0,0.0,0.0,0.0,0.0,0.0,1.0,0.5571468885,1.0,0.0,1.0,1.0,1.0,1.0,1.0,1.0,1.0,1.0],[0.0,0.0,0.0,0.0,0.0,0.0,0.0,0.0,0.0,0.0,0.0,0.0,0.0,0.3830236772,0.0,1.0,1.0,1.0,1.0,1.0],[0.0,0.0,0.0,0.0,0.0,0.0,0.0,0.0,0.0,0.0,0.5117515222,0.0,0.6169763228,0.0,0.0,1.0,1.0,1.0,1.0,1.0],[0.0,0.0,0.0,0.0,0.0,0.0,0.0,0.0,0.0,0.0,0.5117515222,0.0,1.0,1.0,0.0,1.0,1.0,1.0,1.0,1.0],[0.0,0.0,0.0,0.0,0.0,0.0,0.0,0.0,0.0,0.0,0.0,0.0,0.0,0.0,0.0,0.0,1.0,0.0,0.0,1.0],[0.0,0.0,0.0,0.0,0.0,0.0,0.0,0.0,0.0,0.0,0.0,0.0,0.0,0.0,0.0,0.0,0.0,0.0,0.0,0.0],[0.0,0.0,0.0,0.0,0.0,0.0,0.0,0.0,0.0,0.0,0.0,0.0,0.0,0.0,0.0,1.0,1.0,0.0,1.0,1.0],[0.0,0.0,0.0,0.0,0.0,0.0,0.0,0.0,0.0,0.0,0.0,0.0,0.0,0.0,0.0,1.0,1.0,0.0,0.0,1.0],[0.0,0.0,0.0,0.0,0.0,0.0,0.0,0.0,0.0,0.0,0.0,0.0,0.0,0.0,0.0,0.0,1.0,0.0,0.0,0.0]],"outlier_solution":[3,1,2,0,7,6,5,4,11,10,8,9,14,12,13,17,18,15,19,16],"dataset_id":728,"source_dataset_id":775,"options":null,"D":{"0":{"0":0,"1":2,"2":4,"3":1,"4":0,"5":0,"6":0,"7":0,"8":0,"9":0,"10":0,"11":0,"12":0,"13":0,"14":0,"15":0,"16":0,"17":0,"18":0,"19":0},"1":{"0":2,"1":0,"2":1,"3":6,"4":3,"5":0,"6":0,"7":0,"8":0,"9":0,"10":0,"11":0,"12":0,"13":0,"14":0,"15":0,"16":0,"17":0,"18":0,"19":0},"2":{"0":2,"1":2,"2":0,"3":1,"4":4,"5":0,"6":0,"7":0,"8":0,"9":0,"10":0,"11":0,"12":0,"13":0,"14":0,"15":0,"16":0,"17":0,"18":0,"19":0},"3":{"0":1,"1":0,"2":1,"3":0,"4":3,"5":2,"6":1,"7":0,"8":0,"9":0,"10":0,"11":0,"12":0,"13":0,"14":0,"15":0,"16":0,"17":0,"18":0,"19":0},"4":{"0":3,"1":1,"2":2,"3":0,"4":0,"5":7,"6":2,"7":2,"8":0,"9":0,"10":0,"11":0,"12":0,"13":0,"14":0,"15":0,"16":0,"17":0,"18":0,"19":0},"5":{"0":6,"1":5,"2":4,"3":3,"4":3,"5":0,"6":2,"7":4,"8":1,"9":0,"10":0,"11":0,"12":0,"13":0,"14":0,"15":0,"16":0,"17":0,"18":0,"19":0},"6":{"0":4,"1":7,"2":7,"3":3,"4":0,"5":0,"6":0,"7":7,"8":3,"9":3,"10":0,"11":0,"12":0,"13":0,"14":0,"15":0,"16":0,"17":0,"18":0,"19":0},"7":{"0":4,"1":4,"2":6,"3":5,"4":3,"5":3,"6":3,"7":0,"8":1,"9":4,"10":3,"11":0,"12":0,"13":0,"14":0,"15":0,"16":0,"17":0,"18":0,"19":0},"8":{"0":9,"1":8,"2":7,"3":7,"4":3,"5":1,"6":3,"7":2,"8":0,"9":0,"10":4,"11":4,"12":0,"13":0,"14":0,"15":0,"16":0,"17":0,"18":0,"19":0},"9":{"0":5,"1":5,"2":4,"3":6,"4":6,"5":6,"6":1,"7":2,"8":2,"9":0,"10":3,"11":1,"12":3,"13":0,"14":0,"15":0,"16":0,"17":0,"18":0,"19":0},"10":{"0":5,"1":3,"2":1,"3":2,"4":4,"5":3,"6":1,"7":1,"8":1,"9":3,"10":0,"11":6,"12":1,"13":5,"14":0,"15":0,"16":0,"17":0,"18":0,"19":0},"11":{"0":3,"1":7,"2":5,"3":6,"4":10,"5":1,"6":10,"7":2,"8":2,"9":2,"10":2,"11":0,"12":0,"13":3,"14":2,"15":0,"16":0,"17":0,"18":0,"19":0},"12":{"0":7,"1":4,"2":10,"3":4,"4":3,"5":4,"6":6,"7":4,"8":7,"9":3,"10":2,"11":1,"12":0,"13":1,"14":3,"15":4,"16":0,"17":0,"18":0,"19":0},"13":{"0":4,"1":8,"2":5,"3":4,"4":3,"5":4,"6":5,"7":4,"8":3,"9":7,"10":1,"11":2,"12":1,"13":0,"14":8,"15":1,"16":5,"17":0,"18":0,"19":0},"14":{"0":4,"1":10,"2":2,"3":10,"4":4,"5":4,"6":6,"7":11,"8":5,"9":6,"10":1,"11":3,"12":1,"13":3,"14":0,"15":3,"16":4,"17":3,"18":0,"19":0},"15":{"0":2,"1":6,"2":7,"3":6,"4":6,"5":6,"6":3,"7":4,"8":7,"9":7,"10":7,"11":3,"12":3,"13":8,"14":5,"15":0,"16":4,"17":3,"18":8,"19":0},"16":{"0":6,"1":2,"2":5,"3":4,"4":4,"5":7,"6":6,"7":10,"8":3,"9":8,"10":7,"11":2,"12":7,"13":2,"14":4,"15":2,"16":0,"17":2,"18":5,"19":5},"17":{"0":3,"1":9,"2":7,"3":6,"4":4,"5":8,"6":3,"7":2,"8":5,"9":6,"10":5,"11":5,"12":3,"13":3,"14":3,"15":2,"16":2,"17":0,"18":1,"19":2},"18":{"0":8,"1":7,"2":5,"3":6,"4":4,"5":3,"6":5,"7":6,"8":7,"9":11,"10":5,"11":4,"12":13,"13":3,"14":2,"15":3,"16":2,"17":3,"18":0,"19":1},"19":{"0":7,"1":5,"2":5,"3":6,"4":4,"5":5,"6":4,"7":5,"8":5,"9":5,"10":6,"11":5,"12":10,"13":4,"14":7,"15":6,"16":1,"17":2,"18":3,"19":0}},"method":"lop","closest_pair":[[0,4,3,1,2,7,6,5,11,10,8,9,14,12,13,17,18,15,19,16],[0,4,3,1,2,7,6,5,11,10,8,9,14,13,12,17,18,15,19,16]],"farthest_pair":[[0,4,3,1,2,5,9,7,6,11,8,14,13,10,12,17,18,15,19,16],[3,1,2,0,7,6,5,4,11,10,8,9,14,12,13,17,18,15,19,16]],"tau_farthest_pair":0.7894736842,"tau_closest_pair":0.9894736842,"beta":0.0001487855,"centroid_solution":[0,4,3,1,2,7,6,5,11,8,9,14,13,10,12,17,18,15,19,16]}