{"solutions":[[0,5,1,2,7,6,4,3,12,8,9,14,10,13,11,19,17,15,16,18],[0,5,1,2,7,3,6,4,12,8,9,14,10,13,11,16,19,18,17,15],[5,1,2,3,0,7,6,4,12,8,9,14,10,13,11,16,19,18,17,15],[0,5,1,7,4,2,3,6,12,8,9,14,10,13,11,16,19,18,17,15],[5,1,2,3,0,7,6,4,12,8,9,14,10,13,11,19,17,15,16,18],[5,1,3,2,0,7,6,4,12,8,9,14,10,13,11,16,19,18,17,15],[0,5,1,2,7,6,4,3,12,8,9,10,14,13,11,16,19,18,17,15],[5,1,3,2,0,7,6,4,12,8,9,10,14,13,11,19,17,15,16,18],[0,5,1,2,7,4,3,6,12,8,9,14,10,13,11,16,19,18,17,15],[0,5,1,2,7,6,4,3,12,8,9,10,14,13,11,19,17,15,16,18],[0,5,1,7,4,2,3,6,12,8,9,10,14,13,11,16,19,18,17,15],[0,5,1,2,3,7,6,4,12,8,9,14,10,13,11,19,17,15,16,18],[5,1,2,3,0,7,6,4,12,8,9,10,14,13,11,16,19,18,17,15],[0,5,1,2,7,4,3,6,12,8,9,14,10,13,11,19,17,15,16,18],[0,5,1,7,4,3,2,6,12,8,9,10,14,13,11,19,17,15,16,18],[0,5,1,7,4,2,3,6,12,8,9,14,10,13,11,19,17,15,16,18],[0,5,1,3,2,7,6,4,12,8,9,14,10,13,11,16,19,18,17,15],[5,1,2,3,0,7,6,4,12,8,9,10,14,13,11,19,17,15,16,18],[0,5,1,7,4,2,3,6,12,8,9,10,14,13,11,19,17,15,16,18],[0,5,1,2,7,4,3,6,12,8,9,10,14,13,11,19,17,15,16,18],[0,5,1,2,7,3,6,4,12,8,9,14,10,13,11,19,17,15,16,18],[0,5,1,2,7,3,6,4,12,8,9,10,14,13,11,16,19,18,17,15],[0,5,1,2,7,6,4,3,12,8,9,14,10,13,11,16,19,18,17,15],[0,5,1,2,3,7,6,4,12,8,9,10,14,13,11,19,17,15,16,18],[5,1,3,2,0,7,6,4,12,8,9,14,10,13,11,19,17,15,16,18],[0,5,1,7,4,3,2,6,12,8,9,14,10,13,11,19,17,15,16,18],[0,5,1,2,3,7,6,4,12,8,9,14,10,13,11,16,19,18,17,15],[0,5,1,7,4,3,2,6,12,8,9,10,14,13,11,16,19,18,17,15],[0,5,1,3,2,7,6,4,12,8,9,10,14,13,11,19,17,15,16,18],[0,5,1,7,4,3,2,6,12,8,9,14,10,13,11,16,19,18,17,15],[0,5,1,2,7,4,3,6,12,8,9,10,14,13,11,16,19,18,17,15],[5,1,3,2,0,7,6,4,12,8,9,10,14,13,11,16,19,18,17,15],[0,5,1,3,2,7,6,4,12,8,9,14,10,13,11,19,17,15,16,18],[0,5,1,2,7,3,6,4,12,8,9,10,14,13,11,19,17,15,16,18],[0,5,1,2,3,7,6,4,12,8,9,10,14,13,11,16,19,18,17,15],[0,5,1,3,2,7,6,4,12,8,9,10,14,13,11,16,19,18,17,15]],"obj":858.0,"max_tau_solutions":null,"centroid_x":[[0.0,0.6408704534,0.6408704532,0.6408704538,1.0,0.6408704762,1.0,1.0,1.0,1.0,1.0,1.0,1.0,1.0,1.0,1.0,1.0,1.0,1.0,1.0],[0.3591295466,0.0,1.0,1.0,1.0,0.0,1.0,1.0,1.0,1.0,1.0,1.0,1.0,1.0,1.0,1.0,1.0,1.0,1.0,1.0],[0.3591295468,0.0,0.0,0.541954717,0.6409898214,0.0,1.0,0.6409898457,1.0,1.0,1.0,1.0,1.0,1.0,1.0,1.0,1.0,1.0,1.0,1.0],[0.3591295462,0.0,0.458045283,0.0,0.4237591332,0.0,0.813468636,0.39960187,1.0,1.0,1.0,1.0,1.0,1.0,1.0,1.0,1.0,1.0,1.0,1.0],[0.0,0.0,0.3590101786,0.5762408668,0.0,0.0,0.3897095029,0.0,1.0,1.0,1.0,1.0,1.0,1.0,1.0,1.0,1.0,1.0,1.0,1.0],[0.3591295238,1.0,1.0,1.0,1.0,0.0,1.0,1.0,1.0,1.0,1.0,1.0,1.0,1.0,1.0,1.0,1.0,1.0,1.0,1.0],[0.0,0.0,0.0,0.186531364,0.6102904971,0.0,0.0,0.0,1.0,1.0,1.0,1.0,1.0,1.0,1.0,1.0,1.0,1.0,1.0,1.0],[0.0,0.0,0.3590101543,0.60039813,1.0,0.0,1.0,0.0,1.0,1.0,1.0,1.0,1.0,1.0,1.0,1.0,1.0,1.0,1.0,1.0],[0.0,0.0,0.0,0.0,0.0,0.0,0.0,0.0,0.0,1.0,1.0,1.0,0.0,1.0,1.0,1.0,1.0,1.0,1.0,1.0],[0.0,0.0,0.0,0.0,0.0,0.0,0.0,0.0,0.0,0.0,1.0,1.0,0.0,1.0,1.0,1.0,1.0,1.0,1.0,1.0],[0.0,0.0,0.0,0.0,0.0,0.0,0.0,0.0,0.0,0.0,0.0,1.0,0.0,1.0,0.4830676523,1.0,1.0,1.0,1.0,1.0],[0.0,0.0,0.0,0.0,0.0,0.0,0.0,0.0,0.0,0.0,0.0,0.0,0.0,0.0,0.0,1.0,1.0,1.0,1.0,1.0],[0.0,0.0,0.0,0.0,0.0,0.0,0.0,0.0,1.0,1.0,1.0,1.0,0.0,1.0,1.0,1.0,1.0,1.0,1.0,1.0],[0.0,0.0,0.0,0.0,0.0,0.0,0.0,0.0,0.0,0.0,0.0,1.0,0.0,0.0,0.0,1.0,1.0,1.0,1.0,1.0],[0.0,0.0,0.0,0.0,0.0,0.0,0.0,0.0,0.0,0.0,0.5169323477,1.0,0.0,1.0,0.0,1.0,1.0,1.0,1.0,1.0],[0.0,0.0,0.0,0.0,0.0,0.0,0.0,0.0,0.0,0.0,0.0,0.0,0.0,0.0,0.0,0.0,0.4971975624,0.0,0.4971975615,0.0],[0.0,0.0,0.0,0.0,0.0,0.0,0.0,0.0,0.0,0.0,0.0,0.0,0.0,0.0,0.0,0.5028024376,0.0,0.5028024424,1.0,0.5028024435],[0.0,0.0,0.0,0.0,0.0,0.0,0.0,0.0,0.0,0.0,0.0,0.0,0.0,0.0,0.0,1.0,0.4971975576,0.0,0.4971975567,0.0],[0.0,0.0,0.0,0.0,0.0,0.0,0.0,0.0,0.0,0.0,0.0,0.0,0.0,0.0,0.0,0.5028024385,0.0,0.5028024433,0.0,0.0],[0.0,0.0,0.0,0.0,0.0,0.0,0.0,0.0,0.0,0.0,0.0,0.0,0.0,0.0,0.0,1.0,0.4971975565,1.0,1.0,0.0]],"outlier_solution":[5,1,3,2,0,7,6,4,12,8,9,10,14,13,11,19,17,15,16,18],"dataset_id":731,"source_dataset_id":778,"options":null,"D":{"0":{"0":0,"1":2,"2":3,"3":3,"4":0,"5":0,"6":0,"7":0,"8":0,"9":0,"10":0,"11":0,"12":0,"13":0,"14":0,"15":0,"16":0,"17":0,"18":0,"19":0},"1":{"0":2,"1":0,"2":1,"3":2,"4":0,"5":1,"6":0,"7":0,"8":0,"9":0,"10":0,"11":0,"12":0,"13":0,"14":0,"15":0,"16":0,"17":0,"18":0,"19":0},"2":{"0":1,"1":2,"2":0,"3":3,"4":2,"5":3,"6":2,"7":0,"8":0,"9":0,"10":0,"11":0,"12":0,"13":0,"14":0,"15":0,"16":0,"17":0,"18":0,"19":0},"3":{"0":2,"1":3,"2":3,"3":0,"4":3,"5":3,"6":2,"7":2,"8":0,"9":0,"10":0,"11":0,"12":0,"13":0,"14":0,"15":0,"16":0,"17":0,"18":0,"19":0},"4":{"0":2,"1":2,"2":0,"3":2,"4":0,"5":2,"6":4,"7":5,"8":0,"9":0,"10":0,"11":0,"12":0,"13":0,"14":0,"15":0,"16":0,"17":0,"18":0,"19":0},"5":{"0":3,"1":0,"2":0,"3":2,"4":3,"5":0,"6":2,"7":1,"8":1,"9":3,"10":0,"11":0,"12":0,"13":0,"14":0,"15":0,"16":0,"17":0,"18":0,"19":0},"6":{"0":7,"1":1,"2":4,"3":3,"4":3,"5":0,"6":0,"7":1,"8":4,"9":4,"10":3,"11":0,"12":0,"13":0,"14":0,"15":0,"16":0,"17":0,"18":0,"19":0},"7":{"0":9,"1":7,"2":2,"3":2,"4":2,"5":6,"6":0,"7":0,"8":2,"9":1,"10":4,"11":4,"12":0,"13":0,"14":0,"15":0,"16":0,"17":0,"18":0,"19":0},"8":{"0":6,"1":9,"2":4,"3":1,"4":3,"5":1,"6":6,"7":5,"8":0,"9":2,"10":2,"11":5,"12":5,"13":0,"14":0,"15":0,"16":0,"17":0,"18":0,"19":0},"9":{"0":1,"1":4,"2":2,"3":2,"4":7,"5":3,"6":3,"7":4,"8":3,"9":0,"10":0,"11":4,"12":5,"13":2,"14":0,"15":0,"16":0,"17":0,"18":0,"19":0},"10":{"0":5,"1":7,"2":12,"3":6,"4":2,"5":9,"6":1,"7":2,"8":3,"9":3,"10":0,"11":2,"12":1,"13":2,"14":3,"15":0,"16":0,"17":0,"18":0,"19":0},"11":{"0":6,"1":8,"2":9,"3":5,"4":6,"5":3,"6":4,"7":2,"8":2,"9":4,"10":2,"11":0,"12":3,"13":4,"14":2,"15":2,"16":0,"17":0,"18":0,"19":0},"12":{"0":4,"1":7,"2":3,"3":4,"4":7,"5":5,"6":5,"7":7,"8":2,"9":1,"10":1,"11":1,"12":0,"13":1,"14":3,"15":2,"16":1,"17":0,"18":0,"19":0},"13":{"0":5,"1":5,"2":4,"3":7,"4":4,"5":10,"6":8,"7":5,"8":3,"9":2,"10":5,"11":0,"12":0,"13":0,"14":4,"15":2,"16":4,"17":2,"18":0,"19":0},"14":{"0":5,"1":6,"2":5,"3":5,"4":8,"5":4,"6":3,"7":6,"8":7,"9":6,"10":3,"11":2,"12":1,"13":2,"14":0,"15":1,"16":1,"17":3,"18":4,"19":0},"15":{"0":6,"1":3,"2":6,"3":5,"4":5,"5":12,"6":3,"7":2,"8":6,"9":4,"10":2,"11":4,"12":1,"13":5,"14":3,"15":0,"16":1,"17":4,"18":4,"19":3},"16":{"0":8,"1":7,"2":6,"3":2,"4":7,"5":6,"6":4,"7":6,"8":6,"9":8,"10":5,"11":3,"12":4,"13":5,"14":5,"15":3,"16":0,"17":3,"18":1,"19":2},"17":{"0":5,"1":4,"2":5,"3":3,"4":3,"5":9,"6":5,"7":5,"8":6,"9":4,"10":8,"11":5,"12":7,"13":2,"14":6,"15":2,"16":3,"17":0,"18":2,"19":3},"18":{"0":12,"1":1,"2":9,"3":6,"4":5,"5":4,"6":6,"7":3,"8":6,"9":6,"10":5,"11":4,"12":7,"13":6,"14":2,"15":4,"16":4,"17":1,"18":0,"19":6},"19":{"0":4,"1":4,"2":7,"3":7,"4":9,"5":7,"6":5,"7":7,"8":4,"9":5,"10":5,"11":4,"12":5,"13":9,"14":5,"15":2,"16":3,"17":1,"18":2,"19":0}},"method":"lop","closest_pair":[[0,5,1,3,2,7,6,4,12,8,9,10,14,13,11,16,19,18,17,15],[0,5,1,3,2,7,6,4,12,8,9,14,10,13,11,16,19,18,17,15]],"farthest_pair":[[5,1,3,2,0,7,6,4,12,8,9,10,14,13,11,19,17,15,16,18],[0,5,1,7,4,2,3,6,12,8,9,14,10,13,11,16,19,18,17,15]],"tau_farthest_pair":0.8315789474,"tau_closest_pair":0.9894736842,"beta":0.0001061528,"centroid_solution":[0,5,1,2,7,3,6,4,12,8,9,14,10,13,11,16,19,18,17,15]}