{"solutions":[[1,0,2,3,8,6,5,4,9,7,12,14,10,15,11,13,19,18,17,16],[1,0,2,3,8,6,5,4,9,7,13,12,14,10,11,18,15,19,17,16],[1,0,2,3,8,6,5,4,9,7,10,13,12,11,14,15,19,17,18,16],[1,0,2,3,8,6,5,4,9,7,10,13,12,14,15,11,19,18,17,16],[1,0,2,3,8,6,5,4,9,10,7,13,12,14,11,15,19,17,18,16],[1,0,2,3,8,6,5,4,9,10,7,13,12,14,11,18,15,19,17,16],[1,0,2,3,8,6,5,4,9,7,10,13,12,11,14,15,19,18,17,16],[1,0,2,3,8,6,5,4,9,7,12,14,10,11,13,18,15,19,17,16],[1,0,2,3,8,6,5,4,9,7,10,13,12,14,11,15,19,18,17,16],[1,0,2,3,8,6,5,4,9,7,13,12,14,10,15,11,19,17,18,16],[1,0,2,3,8,6,5,4,9,7,12,14,10,11,13,15,19,17,18,16],[1,0,2,3,8,6,5,4,9,10,7,13,12,11,14,18,15,19,17,16],[1,0,2,3,8,6,5,4,9,7,13,12,14,10,11,15,19,18,17,16],[1,0,2,3,8,6,5,4,9,10,7,13,12,11,14,15,19,18,17,16],[1,0,2,3,8,6,5,4,9,10,7,13,12,14,11,15,19,18,17,16],[1,0,2,3,8,6,5,4,9,7,12,14,10,11,13,15,19,18,17,16],[1,0,2,3,8,6,5,4,9,7,10,13,12,11,14,18,15,19,17,16],[1,0,2,3,8,6,5,4,9,7,12,14,10,11,15,13,19,18,17,16],[1,0,2,3,8,6,5,4,9,7,10,13,12,14,15,11,19,17,18,16],[1,0,2,3,8,6,5,4,9,7,10,13,12,14,11,15,19,17,18,16],[1,0,2,3,8,6,5,4,9,7,12,14,10,11,15,13,19,17,18,16],[1,0,2,3,8,6,5,4,9,7,12,14,10,15,11,13,19,17,18,16],[1,0,2,3,8,6,5,4,9,10,7,13,12,14,15,11,19,17,18,16],[1,0,2,3,8,6,5,4,9,7,13,12,14,10,15,11,19,18,17,16],[1,0,2,3,8,6,5,4,9,10,7,13,12,11,14,15,19,17,18,16],[1,0,2,3,8,6,5,4,9,10,7,13,12,14,15,11,19,18,17,16],[1,0,2,3,8,6,5,4,9,7,10,13,12,14,11,18,15,19,17,16],[1,0,2,3,8,6,5,4,9,7,13,12,14,10,11,15,19,17,18,16]],"obj":841.0,"max_tau_solutions":null,"centroid_x":[[0.0,0.0,1.0,1.0,1.0,1.0,1.0,1.0,1.0,1.0,1.0,1.0,1.0,1.0,1.0,1.0,1.0,1.0,1.0,1.0],[1.0,0.0,1.0,1.0,1.0,1.0,1.0,1.0,1.0,1.0,1.0,1.0,1.0,1.0,1.0,1.0,1.0,1.0,1.0,1.0],[0.0,0.0,0.0,1.0,1.0,1.0,1.0,1.0,1.0,1.0,1.0,1.0,1.0,1.0,1.0,1.0,1.0,1.0,1.0,1.0],[0.0,0.0,0.0,0.0,1.0,1.0,1.0,1.0,1.0,1.0,1.0,1.0,1.0,1.0,1.0,1.0,1.0,1.0,1.0,1.0],[0.0,0.0,0.0,0.0,0.0,0.0,0.0,1.0,0.0,1.0,1.0,1.0,1.0,1.0,1.0,1.0,1.0,1.0,1.0,1.0],[0.0,0.0,0.0,0.0,1.0,0.0,0.0,1.0,0.0,1.0,1.0,1.0,1.0,1.0,1.0,1.0,1.0,1.0,1.0,1.0],[0.0,0.0,0.0,0.0,1.0,1.0,0.0,1.0,0.0,1.0,1.0,1.0,1.0,1.0,1.0,1.0,1.0,1.0,1.0,1.0],[0.0,0.0,0.0,0.0,0.0,0.0,0.0,0.0,0.0,0.0,0.7031568579,1.0,1.0,1.0,1.0,1.0,1.0,1.0,1.0,1.0],[0.0,0.0,0.0,0.0,1.0,1.0,1.0,1.0,0.0,1.0,1.0,1.0,1.0,1.0,1.0,1.0,1.0,1.0,1.0,1.0],[0.0,0.0,0.0,0.0,0.0,0.0,0.0,1.0,0.0,0.0,1.0,1.0,1.0,1.0,1.0,1.0,1.0,1.0,1.0,1.0],[0.0,0.0,0.0,0.0,0.0,0.0,0.0,0.2968431421,0.0,0.0,0.0,1.0,0.3930967336,0.7906065473,0.3930967336,1.0,1.0,1.0,1.0,1.0],[0.0,0.0,0.0,0.0,0.0,0.0,0.0,0.0,0.0,0.0,0.0,0.0,0.0,0.3975098139,0.2828041753,0.5604575565,1.0,1.0,1.0,1.0],[0.0,0.0,0.0,0.0,0.0,0.0,0.0,0.0,0.0,0.0,0.6069032664,1.0,0.0,0.3975098137,1.0,1.0,1.0,1.0,1.0,1.0],[0.0,0.0,0.0,0.0,0.0,0.0,0.0,0.0,0.0,0.0,0.2093934527,0.6024901861,0.6024901863,0.0,0.6024901863,0.7081364313,1.0,1.0,1.0,1.0],[0.0,0.0,0.0,0.0,0.0,0.0,0.0,0.0,0.0,0.0,0.6069032664,0.7171958247,0.0,0.3975098137,0.0,1.0,1.0,1.0,1.0,1.0],[0.0,0.0,0.0,0.0,0.0,0.0,0.0,0.0,0.0,0.0,0.0,0.4395424435,0.0,0.2918635687,0.0,0.0,1.0,1.0,0.5852179563,1.0],[0.0,0.0,0.0,0.0,0.0,0.0,0.0,0.0,0.0,0.0,0.0,0.0,0.0,0.0,0.0,0.0,0.0,0.0,0.0,0.0],[0.0,0.0,0.0,0.0,0.0,0.0,0.0,0.0,0.0,0.0,0.0,0.0,0.0,0.0,0.0,0.0,1.0,0.0,0.3930702021,0.0],[0.0,0.0,0.0,0.0,0.0,0.0,0.0,0.0,0.0,0.0,0.0,0.0,0.0,0.0,0.0,0.4147820437,1.0,0.6069297979,0.0,0.4147820437],[0.0,0.0,0.0,0.0,0.0,0.0,0.0,0.0,0.0,0.0,0.0,0.0,0.0,0.0,0.0,0.0,1.0,1.0,0.5852179563,0.0]],"outlier_solution":[1,0,2,3,8,6,5,4,9,10,7,13,12,11,14,18,15,19,17,16],"dataset_id":733,"source_dataset_id":780,"options":null,"D":{"0":{"0":0,"1":2,"2":0,"3":3,"4":3,"5":0,"6":0,"7":0,"8":0,"9":0,"10":0,"11":0,"12":0,"13":0,"14":0,"15":0,"16":0,"17":0,"18":0,"19":0},"1":{"0":1,"1":0,"2":2,"3":3,"4":5,"5":2,"6":0,"7":0,"8":0,"9":0,"10":0,"11":0,"12":0,"13":0,"14":0,"15":0,"16":0,"17":0,"18":0,"19":0},"2":{"0":3,"1":4,"2":0,"3":2,"4":4,"5":4,"6":2,"7":0,"8":0,"9":0,"10":0,"11":0,"12":0,"13":0,"14":0,"15":0,"16":0,"17":0,"18":0,"19":0},"3":{"0":2,"1":3,"2":5,"3":0,"4":3,"5":1,"6":2,"7":5,"8":0,"9":0,"10":0,"11":0,"12":0,"13":0,"14":0,"15":0,"16":0,"17":0,"18":0,"19":0},"4":{"0":6,"1":3,"2":2,"3":4,"4":0,"5":3,"6":5,"7":4,"8":3,"9":0,"10":0,"11":0,"12":0,"13":0,"14":0,"15":0,"16":0,"17":0,"18":0,"19":0},"5":{"0":1,"1":4,"2":4,"3":2,"4":2,"5":0,"6":2,"7":1,"8":3,"9":3,"10":0,"11":0,"12":0,"13":0,"14":0,"15":0,"16":0,"17":0,"18":0,"19":0},"6":{"0":6,"1":3,"2":1,"3":3,"4":0,"5":1,"6":0,"7":1,"8":6,"9":3,"10":0,"11":0,"12":0,"13":0,"14":0,"15":0,"16":0,"17":0,"18":0,"19":0},"7":{"0":6,"1":6,"2":1,"3":3,"4":3,"5":5,"6":1,"7":0,"8":2,"9":6,"10":3,"11":3,"12":0,"13":0,"14":0,"15":0,"16":0,"17":0,"18":0,"19":0},"8":{"0":8,"1":3,"2":4,"3":4,"4":1,"5":3,"6":1,"7":2,"8":0,"9":1,"10":4,"11":1,"12":3,"13":0,"14":0,"15":0,"16":0,"17":0,"18":0,"19":0},"9":{"0":4,"1":7,"2":5,"3":8,"4":7,"5":6,"6":3,"7":3,"8":1,"9":0,"10":1,"11":4,"12":0,"13":0,"14":0,"15":0,"16":0,"17":0,"18":0,"19":0},"10":{"0":1,"1":7,"2":3,"3":6,"4":1,"5":6,"6":6,"7":3,"8":4,"9":2,"10":0,"11":2,"12":3,"13":2,"14":5,"15":0,"16":0,"17":0,"18":0,"19":0},"11":{"0":3,"1":3,"2":4,"3":6,"4":11,"5":8,"6":8,"7":6,"8":4,"9":1,"10":5,"11":0,"12":3,"13":1,"14":3,"15":4,"16":0,"17":0,"18":0,"19":0},"12":{"0":5,"1":8,"2":6,"3":2,"4":8,"5":5,"6":4,"7":4,"8":2,"9":3,"10":3,"11":0,"12":0,"13":4,"14":1,"15":4,"16":4,"17":0,"18":0,"19":0},"13":{"0":9,"1":1,"2":3,"3":8,"4":3,"5":5,"6":8,"7":7,"8":7,"9":2,"10":4,"11":3,"12":1,"13":0,"14":1,"15":3,"16":4,"17":2,"18":0,"19":0},"14":{"0":7,"1":9,"2":6,"3":2,"4":3,"5":6,"6":9,"7":3,"8":1,"9":5,"10":3,"11":3,"12":4,"13":2,"14":0,"15":3,"16":1,"17":3,"18":2,"19":0},"15":{"0":5,"1":5,"2":7,"3":7,"4":8,"5":5,"6":3,"7":5,"8":3,"9":4,"10":5,"11":4,"12":6,"13":3,"14":5,"15":0,"16":1,"17":3,"18":2,"19":2},"16":{"0":4,"1":8,"2":3,"3":5,"4":3,"5":5,"6":3,"7":6,"8":5,"9":4,"10":7,"11":3,"12":2,"13":4,"14":4,"15":4,"16":0,"17":3,"18":6,"19":6},"17":{"0":5,"1":4,"2":7,"3":5,"4":3,"5":6,"6":6,"7":3,"8":4,"9":5,"10":5,"11":4,"12":9,"13":2,"14":2,"15":4,"16":0,"17":0,"18":4,"19":6},"18":{"0":3,"1":5,"2":4,"3":6,"4":7,"5":2,"6":7,"7":4,"8":5,"9":4,"10":3,"11":6,"12":7,"13":2,"14":5,"15":1,"16":2,"17":4,"18":0,"19":3},"19":{"0":3,"1":6,"2":5,"3":5,"4":4,"5":3,"6":5,"7":4,"8":5,"9":5,"10":1,"11":7,"12":8,"13":5,"14":4,"15":4,"16":2,"17":3,"18":2,"19":0}},"method":"lop","closest_pair":[[1,0,2,3,8,6,5,4,9,7,13,12,14,10,11,15,19,18,17,16],[1,0,2,3,8,6,5,4,9,7,13,12,14,10,11,15,19,17,18,16]],"farthest_pair":[[1,0,2,3,8,6,5,4,9,7,12,14,10,15,11,13,19,17,18,16],[1,0,2,3,8,6,5,4,9,10,7,13,12,11,14,18,15,19,17,16]],"tau_farthest_pair":0.8736842105,"tau_closest_pair":0.9894736842,"beta":0.0000202231,"centroid_solution":[1,0,2,3,8,6,5,4,9,7,10,13,12,14,11,15,19,18,17,16]}