{"solutions":[[0,4,5,1,6,3,2,9,10,11,7,8,13,14,12,16,18,17,15,19],[0,4,5,1,6,3,2,9,11,10,7,8,13,14,12,16,18,17,15,19],[0,5,1,6,3,4,2,9,11,10,7,8,13,14,12,16,18,17,15,19],[0,5,1,6,3,4,2,9,10,11,7,8,13,14,12,16,18,17,15,19],[0,5,1,6,4,3,2,9,10,11,7,8,13,14,12,16,18,17,15,19],[0,5,4,1,6,3,2,9,10,11,7,8,13,14,12,16,18,17,15,19],[0,5,1,6,4,3,2,9,11,10,7,8,13,14,12,16,18,17,15,19],[0,5,4,1,6,3,2,9,11,10,7,8,13,14,12,16,18,17,15,19]],"obj":852.0,"max_tau_solutions":null,"centroid_x":[[0.0,1.0,1.0,1.0,1.0,1.0,1.0,1.0,1.0,1.0,1.0,1.0,1.0,1.0,1.0,1.0,1.0,1.0,1.0,1.0],[0.0,0.0,1.0,1.0,0.5221000985,0.0,1.0,1.0,1.0,1.0,1.0,1.0,1.0,1.0,1.0,1.0,1.0,1.0,1.0,1.0],[0.0,0.0,0.0,0.0,0.0,0.0,0.0,1.0,1.0,1.0,1.0,1.0,1.0,1.0,1.0,1.0,1.0,1.0,1.0,1.0],[0.0,0.0,1.0,0.0,0.3620999048,0.0,0.0,1.0,1.0,1.0,1.0,1.0,1.0,1.0,1.0,1.0,1.0,1.0,1.0,1.0],[0.0,0.4778999015,1.0,0.6379000952,0.0,0.359596307,0.4778999015,1.0,1.0,1.0,1.0,1.0,1.0,1.0,1.0,1.0,1.0,1.0,1.0,1.0],[0.0,1.0,1.0,1.0,0.640403693,0.0,1.0,1.0,1.0,1.0,1.0,1.0,1.0,1.0,1.0,1.0,1.0,1.0,1.0,1.0],[0.0,0.0,1.0,1.0,0.5221000985,0.0,0.0,1.0,1.0,1.0,1.0,1.0,1.0,1.0,1.0,1.0,1.0,1.0,1.0,1.0],[0.0,0.0,0.0,0.0,0.0,0.0,0.0,0.0,1.0,0.0,0.0,0.0,1.0,1.0,1.0,1.0,1.0,1.0,1.0,1.0],[0.0,0.0,0.0,0.0,0.0,0.0,0.0,0.0,0.0,0.0,0.0,0.0,1.0,1.0,1.0,1.0,1.0,1.0,1.0,1.0],[0.0,0.0,0.0,0.0,0.0,0.0,0.0,1.0,1.0,0.0,1.0,1.0,1.0,1.0,1.0,1.0,1.0,1.0,1.0,1.0],[0.0,0.0,0.0,0.0,0.0,0.0,0.0,1.0,1.0,0.0,0.0,0.4746368347,1.0,1.0,1.0,1.0,1.0,1.0,1.0,1.0],[0.0,0.0,0.0,0.0,0.0,0.0,0.0,1.0,1.0,0.0,0.5253631653,0.0,1.0,1.0,1.0,1.0,1.0,1.0,1.0,1.0],[0.0,0.0,0.0,0.0,0.0,0.0,0.0,0.0,0.0,0.0,0.0,0.0,0.0,0.0,0.0,1.0,1.0,1.0,1.0,1.0],[0.0,0.0,0.0,0.0,0.0,0.0,0.0,0.0,0.0,0.0,0.0,0.0,1.0,0.0,1.0,1.0,1.0,1.0,1.0,1.0],[0.0,0.0,0.0,0.0,0.0,0.0,0.0,0.0,0.0,0.0,0.0,0.0,1.0,0.0,0.0,1.0,1.0,1.0,1.0,1.0],[0.0,0.0,0.0,0.0,0.0,0.0,0.0,0.0,0.0,0.0,0.0,0.0,0.0,0.0,0.0,0.0,0.0,0.0,0.0,1.0],[0.0,0.0,0.0,0.0,0.0,0.0,0.0,0.0,0.0,0.0,0.0,0.0,0.0,0.0,0.0,1.0,0.0,1.0,1.0,1.0],[0.0,0.0,0.0,0.0,0.0,0.0,0.0,0.0,0.0,0.0,0.0,0.0,0.0,0.0,0.0,1.0,0.0,0.0,0.0,1.0],[0.0,0.0,0.0,0.0,0.0,0.0,0.0,0.0,0.0,0.0,0.0,0.0,0.0,0.0,0.0,1.0,0.0,1.0,0.0,1.0],[0.0,0.0,0.0,0.0,0.0,0.0,0.0,0.0,0.0,0.0,0.0,0.0,0.0,0.0,0.0,0.0,0.0,0.0,0.0,0.0]],"outlier_solution":[0,4,5,1,6,3,2,9,10,11,7,8,13,14,12,16,18,17,15,19],"dataset_id":737,"source_dataset_id":784,"options":null,"D":{"0":{"0":0,"1":2,"2":4,"3":2,"4":3,"5":0,"6":0,"7":0,"8":0,"9":0,"10":0,"11":0,"12":0,"13":0,"14":0,"15":0,"16":0,"17":0,"18":0,"19":0},"1":{"0":2,"1":0,"2":2,"3":1,"4":4,"5":4,"6":0,"7":0,"8":0,"9":0,"10":0,"11":0,"12":0,"13":0,"14":0,"15":0,"16":0,"17":0,"18":0,"19":0},"2":{"0":5,"1":1,"2":0,"3":4,"4":4,"5":3,"6":2,"7":0,"8":0,"9":0,"10":0,"11":0,"12":0,"13":0,"14":0,"15":0,"16":0,"17":0,"18":0,"19":0},"3":{"0":2,"1":3,"2":2,"3":0,"4":3,"5":4,"6":3,"7":2,"8":0,"9":0,"10":0,"11":0,"12":0,"13":0,"14":0,"15":0,"16":0,"17":0,"18":0,"19":0},"4":{"0":5,"1":2,"2":2,"3":3,"4":0,"5":1,"6":3,"7":1,"8":3,"9":0,"10":0,"11":0,"12":0,"13":0,"14":0,"15":0,"16":0,"17":0,"18":0,"19":0},"5":{"0":7,"1":3,"2":2,"3":2,"4":1,"5":0,"6":1,"7":2,"8":3,"9":0,"10":0,"11":0,"12":0,"13":0,"14":0,"15":0,"16":0,"17":0,"18":0,"19":0},"6":{"0":4,"1":7,"2":1,"3":2,"4":1,"5":5,"6":0,"7":4,"8":5,"9":3,"10":1,"11":0,"12":0,"13":0,"14":0,"15":0,"16":0,"17":0,"18":0,"19":0},"7":{"0":6,"1":9,"2":8,"3":2,"4":1,"5":4,"6":3,"7":0,"8":1,"9":2,"10":3,"11":4,"12":0,"13":0,"14":0,"15":0,"16":0,"17":0,"18":0,"19":0},"8":{"0":3,"1":5,"2":4,"3":5,"4":3,"5":3,"6":2,"7":5,"8":0,"9":3,"10":8,"11":3,"12":3,"13":0,"14":0,"15":0,"16":0,"17":0,"18":0,"19":0},"9":{"0":2,"1":2,"2":4,"3":3,"4":2,"5":4,"6":4,"7":1,"8":2,"9":0,"10":3,"11":2,"12":4,"13":3,"14":0,"15":0,"16":0,"17":0,"18":0,"19":0},"10":{"0":8,"1":7,"2":2,"3":6,"4":8,"5":7,"6":1,"7":1,"8":6,"9":4,"10":0,"11":3,"12":4,"13":2,"14":1,"15":0,"16":0,"17":0,"18":0,"19":0},"11":{"0":7,"1":9,"2":5,"3":3,"4":1,"5":5,"6":3,"7":1,"8":2,"9":5,"10":3,"11":0,"12":2,"13":3,"14":1,"15":6,"16":0,"17":0,"18":0,"19":0},"12":{"0":3,"1":4,"2":1,"3":5,"4":5,"5":7,"6":4,"7":4,"8":1,"9":4,"10":2,"11":3,"12":0,"13":5,"14":4,"15":2,"16":3,"17":0,"18":0,"19":0},"13":{"0":9,"1":5,"2":6,"3":13,"4":5,"5":3,"6":5,"7":5,"8":5,"9":1,"10":4,"11":3,"12":0,"13":0,"14":0,"15":3,"16":2,"17":1,"18":0,"19":0},"14":{"0":3,"1":4,"2":7,"3":2,"4":5,"5":5,"6":10,"7":1,"8":4,"9":6,"10":2,"11":3,"12":1,"13":2,"14":0,"15":2,"16":3,"17":2,"18":2,"19":0},"15":{"0":5,"1":7,"2":4,"3":3,"4":7,"5":7,"6":6,"7":7,"8":7,"9":2,"10":4,"11":4,"12":3,"13":3,"14":2,"15":0,"16":4,"17":3,"18":2,"19":2},"16":{"0":6,"1":7,"2":5,"3":5,"4":6,"5":8,"6":5,"7":7,"8":4,"9":3,"10":6,"11":2,"12":4,"13":1,"14":6,"15":3,"16":0,"17":0,"18":1,"19":2},"17":{"0":5,"1":8,"2":7,"3":7,"4":8,"5":6,"6":4,"7":4,"8":9,"9":9,"10":6,"11":6,"12":10,"13":1,"14":3,"15":2,"16":4,"17":0,"18":4,"19":1},"18":{"0":5,"1":6,"2":7,"3":4,"4":7,"5":8,"6":3,"7":7,"8":3,"9":5,"10":6,"11":4,"12":4,"13":5,"14":3,"15":1,"16":2,"17":1,"18":0,"19":1},"19":{"0":3,"1":7,"2":5,"3":5,"4":3,"5":5,"6":0,"7":5,"8":7,"9":5,"10":3,"11":5,"12":5,"13":2,"14":8,"15":4,"16":3,"17":4,"18":3,"19":0}},"method":"lop","closest_pair":[[0,4,5,1,6,3,2,9,11,10,7,8,13,14,12,16,18,17,15,19],[0,5,4,1,6,3,2,9,11,10,7,8,13,14,12,16,18,17,15,19]],"farthest_pair":[[0,4,5,1,6,3,2,9,10,11,7,8,13,14,12,16,18,17,15,19],[0,5,1,6,3,4,2,9,11,10,7,8,13,14,12,16,18,17,15,19]],"tau_farthest_pair":0.9473684211,"tau_closest_pair":0.9894736842,"beta":0.000019222,"centroid_solution":[0,5,1,6,4,3,2,9,11,10,7,8,13,14,12,16,18,17,15,19]}