{"solutions":[[0,1,3,5,6,2,4,11,7,9,8,14,10,15,12,13,18,16,17,19],[0,1,3,5,6,2,4,11,7,9,8,14,10,16,15,12,13,17,18,19],[0,1,3,5,6,2,4,11,7,9,8,14,10,15,12,13,18,16,19,17]],"obj":837.0,"max_tau_solutions":null,"centroid_x":[[0.0,1.0,1.0,1.0,1.0,1.0,1.0,1.0,1.0,1.0,1.0,1.0,1.0,1.0,1.0,1.0,1.0,1.0,1.0,1.0],[0.0,0.0,0.5213861993,1.0,0.5213861519,0.5213861766,1.0,1.0,1.0,1.0,1.0,1.0,1.0,1.0,1.0,1.0,1.0,1.0,1.0,1.0],[0.0,0.4786138007,0.0,0.4786137956,1.0,0.0,0.4786138182,1.0,1.0,1.0,1.0,1.0,1.0,1.0,1.0,1.0,1.0,1.0,1.0,1.0],[0.0,0.0,0.5213862044,0.0,0.5213861546,0.5213861649,1.0,0.5213861018,1.0,1.0,0.8086061072,1.0,1.0,1.0,1.0,1.0,1.0,1.0,1.0,1.0],[0.0,0.4786138481,0.0,0.4786138454,0.0,0.0,0.4786138479,1.0,1.0,1.0,1.0,1.0,1.0,1.0,1.0,1.0,1.0,1.0,1.0,1.0],[0.0,0.4786138234,1.0,0.4786138351,1.0,0.0,1.0,1.0,1.0,1.0,1.0,1.0,1.0,1.0,1.0,1.0,1.0,1.0,1.0,1.0],[0.0,0.0,0.5213861818,0.0,0.5213861521,0.0,0.0,0.5213860778,0.8664449199,0.5213861793,0.5213861989,0.5213861973,1.0,1.0,0.8664449212,1.0,1.0,1.0,1.0,1.0],[0.0,0.0,0.0,0.4786138982,0.0,0.0,0.4786139222,0.0,1.0,1.0,0.7709530058,0.4786138991,1.0,1.0,1.0,1.0,1.0,1.0,1.0,1.0],[0.0,0.0,0.0,0.0,0.0,0.0,0.1335550801,0.0,0.0,0.0,0.6549412788,0.0,0.5213861057,1.0,1.0,1.0,1.0,1.0,1.0,1.0],[0.0,0.0,0.0,0.0,0.0,0.0,0.4786138207,0.0,1.0,0.0,0.6995834463,0.0,0.5213861021,1.0,1.0,1.0,1.0,1.0,1.0,1.0],[0.0,0.0,0.0,0.1913938928,0.0,0.0,0.4786138011,0.2290469942,0.3450587212,0.3004165537,0.0,0.244369051,0.6223875405,1.0,0.3450587233,1.0,1.0,1.0,1.0,1.0],[0.0,0.0,0.0,0.0,0.0,0.0,0.4786138027,0.5213861009,1.0,1.0,0.755630949,0.0,0.5213860999,1.0,1.0,1.0,1.0,1.0,1.0,1.0],[0.0,0.0,0.0,0.0,0.0,0.0,0.0,0.0,0.4786138943,0.4786138979,0.3776124595,0.4786139001,0.0,1.0,0.4786139096,0.4786138943,0.6029447375,1.0,1.0,1.0],[0.0,0.0,0.0,0.0,0.0,0.0,0.0,0.0,0.0,0.0,0.0,0.0,0.0,0.0,0.0,0.0,0.6029447576,1.0,1.0,1.0],[0.0,0.0,0.0,0.0,0.0,0.0,0.1335550788,0.0,0.0,0.0,0.6549412767,0.0,0.5213860904,1.0,0.0,1.0,1.0,1.0,1.0,1.0],[0.0,0.0,0.0,0.0,0.0,0.0,0.0,0.0,0.0,0.0,0.0,0.0,0.5213861057,1.0,0.0,0.0,0.6029447287,1.0,1.0,1.0],[0.0,0.0,0.0,0.0,0.0,0.0,0.0,0.0,0.0,0.0,0.0,0.0,0.3970552625,0.3970552424,0.0,0.3970552713,0.0,1.0,0.3970552608,1.0],[0.0,0.0,0.0,0.0,0.0,0.0,0.0,0.0,0.0,0.0,0.0,0.0,0.0,0.0,0.0,0.0,0.0,0.0,0.3970552794,0.5515807042],[0.0,0.0,0.0,0.0,0.0,0.0,0.0,0.0,0.0,0.0,0.0,0.0,0.0,0.0,0.0,0.0,0.6029447392,0.6029447206,0.0,1.0],[0.0,0.0,0.0,0.0,0.0,0.0,0.0,0.0,0.0,0.0,0.0,0.0,0.0,0.0,0.0,0.0,0.0,0.4484192958,0.0,0.0]],"outlier_solution":[0,1,3,5,6,2,4,11,7,9,8,14,10,16,15,12,13,17,18,19],"dataset_id":739,"source_dataset_id":786,"options":null,"D":{"0":{"0":0,"1":2,"2":1,"3":1,"4":5,"5":0,"6":0,"7":0,"8":0,"9":0,"10":0,"11":0,"12":0,"13":0,"14":0,"15":0,"16":0,"17":0,"18":0,"19":0},"1":{"0":5,"1":0,"2":3,"3":1,"4":4,"5":5,"6":0,"7":0,"8":0,"9":0,"10":0,"11":0,"12":0,"13":0,"14":0,"15":0,"16":0,"17":0,"18":0,"19":0},"2":{"0":3,"1":3,"2":0,"3":4,"4":3,"5":6,"6":3,"7":0,"8":0,"9":0,"10":0,"11":0,"12":0,"13":0,"14":0,"15":0,"16":0,"17":0,"18":0,"19":0},"3":{"0":2,"1":5,"2":2,"3":0,"4":3,"5":0,"6":2,"7":7,"8":0,"9":0,"10":0,"11":0,"12":0,"13":0,"14":0,"15":0,"16":0,"17":0,"18":0,"19":0},"4":{"0":2,"1":2,"2":5,"3":3,"4":0,"5":4,"6":4,"7":0,"8":4,"9":0,"10":0,"11":0,"12":0,"13":0,"14":0,"15":0,"16":0,"17":0,"18":0,"19":0},"5":{"0":4,"1":5,"2":2,"3":2,"4":1,"5":0,"6":1,"7":2,"8":3,"9":4,"10":0,"11":0,"12":0,"13":0,"14":0,"15":0,"16":0,"17":0,"18":0,"19":0},"6":{"0":2,"1":4,"2":1,"3":4,"4":0,"5":4,"6":0,"7":6,"8":2,"9":4,"10":5,"11":0,"12":0,"13":0,"14":0,"15":0,"16":0,"17":0,"18":0,"19":0},"7":{"0":4,"1":4,"2":2,"3":2,"4":3,"5":4,"6":3,"7":0,"8":1,"9":0,"10":3,"11":4,"12":0,"13":0,"14":0,"15":0,"16":0,"17":0,"18":0,"19":0},"8":{"0":6,"1":7,"2":4,"3":6,"4":2,"5":3,"6":3,"7":1,"8":0,"9":3,"10":4,"11":3,"12":2,"13":0,"14":0,"15":0,"16":0,"17":0,"18":0,"19":0},"9":{"0":5,"1":9,"2":5,"3":7,"4":2,"5":3,"6":2,"7":4,"8":0,"9":0,"10":0,"11":3,"12":3,"13":4,"14":0,"15":0,"16":0,"17":0,"18":0,"19":0},"10":{"0":4,"1":4,"2":9,"3":0,"4":5,"5":5,"6":0,"7":3,"8":4,"9":0,"10":0,"11":3,"12":2,"13":3,"14":6,"15":0,"16":0,"17":0,"18":0,"19":0},"11":{"0":5,"1":4,"2":2,"3":7,"4":4,"5":5,"6":1,"7":1,"8":2,"9":0,"10":3,"11":0,"12":2,"13":3,"14":3,"15":2,"16":0,"17":0,"18":0,"19":0},"12":{"0":2,"1":1,"2":5,"3":10,"4":8,"5":5,"6":5,"7":5,"8":2,"9":3,"10":2,"11":0,"12":0,"13":3,"14":3,"15":3,"16":4,"17":0,"18":0,"19":0},"13":{"0":7,"1":4,"2":3,"3":4,"4":7,"5":5,"6":7,"7":5,"8":7,"9":4,"10":4,"11":4,"12":5,"13":0,"14":1,"15":9,"16":1,"17":0,"18":0,"19":0},"14":{"0":5,"1":6,"2":6,"3":4,"4":8,"5":9,"6":3,"7":6,"8":6,"9":1,"10":2,"11":1,"12":3,"13":2,"14":0,"15":1,"16":2,"17":2,"18":2,"19":0},"15":{"0":3,"1":7,"2":4,"3":5,"4":6,"5":6,"6":4,"7":4,"8":5,"9":2,"10":4,"11":4,"12":2,"13":5,"14":4,"15":0,"16":3,"17":4,"18":2,"19":3},"16":{"0":4,"1":1,"2":4,"3":9,"4":11,"5":5,"6":8,"7":7,"8":11,"9":6,"10":9,"11":3,"12":2,"13":3,"14":4,"15":2,"16":0,"17":1,"18":4,"19":1},"17":{"0":9,"1":5,"2":1,"3":4,"4":4,"5":10,"6":5,"7":5,"8":7,"9":4,"10":6,"11":4,"12":4,"13":2,"14":1,"15":7,"16":4,"17":0,"18":2,"19":2},"18":{"0":6,"1":7,"2":2,"3":3,"4":5,"5":5,"6":7,"7":4,"8":7,"9":4,"10":9,"11":7,"12":4,"13":6,"14":3,"15":3,"16":1,"17":4,"18":0,"19":1},"19":{"0":5,"1":5,"2":6,"3":6,"4":6,"5":7,"6":3,"7":4,"8":6,"9":3,"10":3,"11":4,"12":3,"13":10,"14":4,"15":2,"16":3,"17":2,"18":2,"19":0}},"method":"lop","closest_pair":[[0,1,3,5,6,2,4,11,7,9,8,14,10,15,12,13,18,16,19,17],[0,1,3,5,6,2,4,11,7,9,8,14,10,15,12,13,18,16,17,19]],"farthest_pair":[[0,1,3,5,6,2,4,11,7,9,8,14,10,16,15,12,13,17,18,19],[0,1,3,5,6,2,4,11,7,9,8,14,10,15,12,13,18,16,19,17]],"tau_farthest_pair":0.9368421053,"tau_closest_pair":0.9894736842,"beta":0.0001700656,"centroid_solution":[0,1,3,5,6,2,4,11,7,9,8,14,10,15,12,13,18,16,17,19]}