{"solutions":[[0,1,6,2,5,3,7,4,9,10,8,13,11,16,12,19,15,17,18,14],[0,1,6,2,5,3,7,4,9,8,13,11,16,12,10,19,15,17,18,14],[0,1,6,2,5,3,7,4,9,10,8,13,11,16,12,19,17,15,18,14],[0,1,6,2,5,3,7,4,9,10,8,13,11,16,12,19,15,18,17,14],[0,1,6,2,5,3,7,4,9,8,13,11,16,12,10,19,17,15,18,14],[0,1,6,2,5,3,7,4,9,8,13,11,10,16,12,19,17,15,18,14],[0,1,6,2,5,3,7,4,9,8,13,11,10,16,12,19,15,17,18,14],[0,1,6,2,5,3,7,4,9,8,13,11,12,10,19,15,18,16,17,14],[0,1,6,2,5,3,7,4,8,13,11,12,9,10,19,15,18,16,17,14],[0,1,6,2,5,3,7,4,9,8,13,11,10,16,12,19,15,18,17,14],[0,1,6,2,5,3,7,4,9,8,13,11,16,12,10,19,15,18,17,14],[0,1,6,2,5,3,7,8,4,13,11,12,9,10,19,15,18,16,17,14]],"obj":854.0,"max_tau_solutions":null,"centroid_x":[[0.0,1.0,1.0,1.0,1.0,1.0,1.0,1.0,1.0,1.0,1.0,1.0,1.0,1.0,1.0,1.0,1.0,1.0,1.0,1.0],[0.0,0.0,1.0,1.0,1.0,1.0,1.0,1.0,1.0,1.0,1.0,1.0,1.0,1.0,1.0,1.0,1.0,1.0,1.0,1.0],[0.0,0.0,0.0,1.0,1.0,1.0,0.0,1.0,1.0,1.0,1.0,1.0,1.0,1.0,1.0,1.0,1.0,1.0,1.0,1.0],[0.0,0.0,0.0,0.0,1.0,0.0,0.0,1.0,1.0,1.0,1.0,1.0,1.0,1.0,1.0,1.0,1.0,1.0,1.0,1.0],[0.0,0.0,0.0,0.0,0.0,0.0,0.0,0.0,0.6628614908,1.0,1.0,1.0,1.0,1.0,1.0,1.0,1.0,1.0,1.0,1.0],[0.0,0.0,0.0,1.0,1.0,0.0,0.0,1.0,1.0,1.0,1.0,1.0,1.0,1.0,1.0,1.0,1.0,1.0,1.0,1.0],[0.0,0.0,1.0,1.0,1.0,1.0,0.0,1.0,1.0,1.0,1.0,1.0,1.0,1.0,1.0,1.0,1.0,1.0,1.0,1.0],[0.0,0.0,0.0,0.0,1.0,0.0,0.0,0.0,1.0,1.0,1.0,1.0,1.0,1.0,1.0,1.0,1.0,1.0,1.0,1.0],[0.0,0.0,0.0,0.0,0.3371385092,0.0,0.0,0.0,0.0,0.3918464137,0.6904047169,1.0,1.0,1.0,1.0,1.0,1.0,1.0,1.0,1.0],[0.0,0.0,0.0,0.0,0.0,0.0,0.0,0.0,0.6081535863,0.0,1.0,0.6081535863,0.6081535863,0.6081535863,1.0,1.0,1.0,1.0,1.0,1.0],[0.0,0.0,0.0,0.0,0.0,0.0,0.0,0.0,0.3095952831,0.0,0.0,0.3095952831,0.3825757446,0.3095952831,1.0,1.0,0.8095107439,1.0,1.0,1.0],[0.0,0.0,0.0,0.0,0.0,0.0,0.0,0.0,0.0,0.3918464137,0.6904047169,0.0,1.0,0.0,1.0,1.0,1.0,1.0,1.0,1.0],[0.0,0.0,0.0,0.0,0.0,0.0,0.0,0.0,0.0,0.3918464137,0.6174242554,0.0,0.0,0.0,1.0,1.0,0.4269349994,1.0,1.0,1.0],[0.0,0.0,0.0,0.0,0.0,0.0,0.0,0.0,0.0,0.3918464137,0.6904047169,1.0,1.0,0.0,1.0,1.0,1.0,1.0,1.0,1.0],[0.0,0.0,0.0,0.0,0.0,0.0,0.0,0.0,0.0,0.0,0.0,0.0,0.0,0.0,0.0,0.0,0.0,0.0,0.0,0.0],[0.0,0.0,0.0,0.0,0.0,0.0,0.0,0.0,0.0,0.0,0.0,0.0,0.0,0.0,1.0,0.0,0.4269349994,0.6615379125,1.0,0.0],[0.0,0.0,0.0,0.0,0.0,0.0,0.0,0.0,0.0,0.0,0.1904892561,0.0,0.5730650006,0.0,1.0,0.5730650006,0.0,1.0,0.5730650006,0.5730650006],[0.0,0.0,0.0,0.0,0.0,0.0,0.0,0.0,0.0,0.0,0.0,0.0,0.0,0.0,1.0,0.3384620875,0.0,0.0,0.4471648496,0.0],[0.0,0.0,0.0,0.0,0.0,0.0,0.0,0.0,0.0,0.0,0.0,0.0,0.0,0.0,1.0,0.0,0.4269349994,0.5528351504,0.0,0.0],[0.0,0.0,0.0,0.0,0.0,0.0,0.0,0.0,0.0,0.0,0.0,0.0,0.0,0.0,1.0,1.0,0.4269349994,1.0,1.0,0.0]],"outlier_solution":[0,1,6,2,5,3,7,4,9,10,8,13,11,16,12,19,17,15,18,14],"dataset_id":740,"source_dataset_id":787,"options":null,"D":{"0":{"0":0,"1":3,"2":4,"3":2,"4":6,"5":0,"6":0,"7":0,"8":0,"9":0,"10":0,"11":0,"12":0,"13":0,"14":0,"15":0,"16":0,"17":0,"18":0,"19":0},"1":{"0":8,"1":0,"2":2,"3":1,"4":1,"5":4,"6":0,"7":0,"8":0,"9":0,"10":0,"11":0,"12":0,"13":0,"14":0,"15":0,"16":0,"17":0,"18":0,"19":0},"2":{"0":1,"1":7,"2":0,"3":2,"4":2,"5":0,"6":2,"7":0,"8":0,"9":0,"10":0,"11":0,"12":0,"13":0,"14":0,"15":0,"16":0,"17":0,"18":0,"19":0},"3":{"0":4,"1":3,"2":0,"3":0,"4":1,"5":4,"6":3,"7":3,"8":0,"9":0,"10":0,"11":0,"12":0,"13":0,"14":0,"15":0,"16":0,"17":0,"18":0,"19":0},"4":{"0":4,"1":2,"2":3,"3":2,"4":0,"5":1,"6":2,"7":4,"8":2,"9":0,"10":0,"11":0,"12":0,"13":0,"14":0,"15":0,"16":0,"17":0,"18":0,"19":0},"5":{"0":3,"1":6,"2":4,"3":0,"4":1,"5":0,"6":4,"7":1,"8":2,"9":2,"10":0,"11":0,"12":0,"13":0,"14":0,"15":0,"16":0,"17":0,"18":0,"19":0},"6":{"0":9,"1":5,"2":1,"3":1,"4":2,"5":3,"6":0,"7":1,"8":2,"9":5,"10":4,"11":0,"12":0,"13":0,"14":0,"15":0,"16":0,"17":0,"18":0,"19":0},"7":{"0":7,"1":6,"2":3,"3":7,"4":3,"5":5,"6":1,"7":0,"8":2,"9":2,"10":2,"11":4,"12":0,"13":0,"14":0,"15":0,"16":0,"17":0,"18":0,"19":0},"8":{"0":3,"1":6,"2":6,"3":4,"4":2,"5":2,"6":2,"7":4,"8":0,"9":2,"10":3,"11":0,"12":1,"13":0,"14":0,"15":0,"16":0,"17":0,"18":0,"19":0},"9":{"0":5,"1":7,"2":5,"3":5,"4":4,"5":5,"6":5,"7":3,"8":1,"9":0,"10":1,"11":4,"12":4,"13":1,"14":0,"15":0,"16":0,"17":0,"18":0,"19":0},"10":{"0":2,"1":6,"2":4,"3":5,"4":6,"5":6,"6":3,"7":2,"8":0,"9":3,"10":0,"11":3,"12":2,"13":3,"14":2,"15":0,"16":0,"17":0,"18":0,"19":0},"11":{"0":8,"1":4,"2":6,"3":5,"4":3,"5":8,"6":5,"7":3,"8":3,"9":3,"10":2,"11":0,"12":0,"13":4,"14":3,"15":2,"16":0,"17":0,"18":0,"19":0},"12":{"0":7,"1":4,"2":8,"3":6,"4":8,"5":3,"6":2,"7":6,"8":0,"9":3,"10":0,"11":1,"12":0,"13":3,"14":4,"15":2,"16":7,"17":0,"18":0,"19":0},"13":{"0":5,"1":5,"2":5,"3":4,"4":7,"5":5,"6":4,"7":3,"8":5,"9":2,"10":1,"11":1,"12":1,"13":0,"14":2,"15":1,"16":2,"17":4,"18":0,"19":0},"14":{"0":6,"1":2,"2":4,"3":5,"4":6,"5":3,"6":8,"7":5,"8":3,"9":5,"10":5,"11":3,"12":6,"13":0,"14":0,"15":4,"16":5,"17":1,"18":3,"19":0},"15":{"0":4,"1":2,"2":6,"3":7,"4":7,"5":7,"6":7,"7":4,"8":5,"9":2,"10":9,"11":4,"12":5,"13":6,"14":4,"15":0,"16":1,"17":2,"18":0,"19":5},"16":{"0":7,"1":3,"2":8,"3":6,"4":9,"5":4,"6":4,"7":5,"8":3,"9":2,"10":2,"11":7,"12":4,"13":5,"14":0,"15":1,"16":0,"17":1,"18":2,"19":2},"17":{"0":4,"1":2,"2":5,"3":3,"4":11,"5":6,"6":5,"7":11,"8":12,"9":3,"10":6,"11":4,"12":4,"13":2,"14":0,"15":2,"16":4,"17":0,"18":4,"19":4},"18":{"0":7,"1":8,"2":3,"3":1,"4":5,"5":6,"6":7,"7":4,"8":6,"9":4,"10":12,"11":3,"12":6,"13":5,"14":2,"15":2,"16":0,"17":4,"18":0,"19":4},"19":{"0":8,"1":4,"2":2,"3":11,"4":4,"5":5,"6":5,"7":8,"8":2,"9":6,"10":5,"11":12,"12":5,"13":1,"14":0,"15":4,"16":3,"17":3,"18":2,"19":0}},"method":"lop","closest_pair":[[0,1,6,2,5,3,7,4,8,13,11,12,9,10,19,15,18,16,17,14],[0,1,6,2,5,3,7,8,4,13,11,12,9,10,19,15,18,16,17,14]],"farthest_pair":[[0,1,6,2,5,3,7,8,4,13,11,12,9,10,19,15,18,16,17,14],[0,1,6,2,5,3,7,4,9,10,8,13,11,16,12,19,17,15,18,14]],"tau_farthest_pair":0.8421052632,"tau_closest_pair":0.9894736842,"beta":0.00002664,"centroid_solution":[0,1,6,2,5,3,7,4,9,8,13,11,10,16,12,19,15,18,17,14]}