{"solutions":[[0,3,1,6,4,2,7,11,9,8,5,14,13,12,10,18,19,16,17,15],[0,3,1,6,2,7,11,8,4,9,5,14,13,10,12,18,19,16,17,15],[0,3,1,6,2,7,11,8,4,9,5,14,13,12,10,18,19,15,16,17],[0,3,1,6,4,2,7,11,9,8,5,14,13,12,10,18,19,15,16,17],[0,3,1,6,2,8,7,4,9,5,14,13,12,11,10,18,19,16,17,15],[0,3,1,6,2,7,11,8,4,9,5,14,13,10,12,18,19,15,16,17],[0,3,1,6,4,2,7,11,9,8,5,14,13,10,12,18,19,15,16,17],[0,3,1,6,2,8,7,4,5,13,12,11,10,9,14,18,19,16,17,15],[0,3,1,6,4,2,7,11,8,9,5,14,13,12,10,18,19,15,16,17],[0,3,1,6,2,7,8,4,5,13,12,11,10,9,14,18,19,15,16,17],[0,3,1,6,4,2,7,11,9,8,5,14,13,10,12,18,19,16,17,15],[0,3,1,6,4,2,7,11,8,9,5,14,13,12,10,18,19,16,17,15],[0,3,1,6,2,7,11,8,4,9,5,14,13,12,10,18,19,16,17,15],[0,3,1,6,2,7,8,4,5,13,12,11,10,9,14,18,19,16,17,15],[0,3,1,6,2,7,8,4,9,5,14,13,12,11,10,18,19,16,17,15],[0,3,1,6,2,8,7,4,5,13,12,11,10,9,14,18,19,15,16,17],[0,3,1,6,4,2,7,11,8,9,5,14,13,10,12,18,19,16,17,15],[0,3,1,6,2,8,7,4,9,5,14,13,12,11,10,18,19,15,16,17],[0,3,1,6,4,2,7,11,8,9,5,14,13,10,12,18,19,15,16,17],[0,3,1,6,2,7,8,4,9,5,14,13,12,11,10,18,19,15,16,17]],"obj":861.0,"max_tau_solutions":null,"centroid_x":[[0.0,1.0,1.0,1.0,1.0,1.0,1.0,1.0,1.0,1.0,1.0,1.0,1.0,1.0,1.0,1.0,1.0,1.0,1.0,1.0],[0.0,0.0,1.0,0.0,1.0,1.0,1.0,1.0,1.0,1.0,1.0,1.0,1.0,1.0,1.0,1.0,1.0,1.0,1.0,1.0],[0.0,0.0,0.0,0.0,0.6694548139,1.0,0.0,1.0,1.0,1.0,1.0,1.0,1.0,1.0,1.0,1.0,1.0,1.0,1.0,1.0],[0.0,1.0,1.0,0.0,1.0,1.0,1.0,1.0,1.0,1.0,1.0,1.0,1.0,1.0,1.0,1.0,1.0,1.0,1.0,1.0],[0.0,0.0,0.3305451861,0.0,0.0,1.0,0.0,0.3305451796,0.3305451836,1.0,1.0,0.8728912622,1.0,1.0,1.0,1.0,1.0,1.0,1.0,1.0],[0.0,0.0,0.0,0.0,0.0,0.0,0.0,0.0,0.0,0.3435670647,1.0,0.5423460858,1.0,1.0,1.0,1.0,1.0,1.0,1.0,1.0],[0.0,0.0,1.0,0.0,1.0,1.0,0.0,1.0,1.0,1.0,1.0,1.0,1.0,1.0,1.0,1.0,1.0,1.0,1.0,1.0],[0.0,0.0,0.0,0.0,0.6694548204,1.0,0.0,0.0,0.5810940229,1.0,1.0,1.0,1.0,1.0,1.0,1.0,1.0,1.0,1.0,1.0],[0.0,0.0,0.0,0.0,0.6694548164,1.0,0.0,0.4189059771,0.0,0.7321227569,1.0,0.5423460792,1.0,1.0,1.0,1.0,1.0,1.0,1.0,1.0],[0.0,0.0,0.0,0.0,0.0,0.6564329353,0.0,0.0,0.2678772431,0.0,0.6564329379,0.1987790228,0.6564329383,0.6564329448,1.0,1.0,1.0,1.0,1.0,1.0],[0.0,0.0,0.0,0.0,0.0,0.0,0.0,0.0,0.0,0.3435670621,0.0,0.0,0.3755049205,0.0,0.3435670659,1.0,1.0,1.0,1.0,1.0],[0.0,0.0,0.0,0.0,0.1271087378,0.4576539142,0.0,0.0,0.4576539208,0.8012209772,1.0,0.0,0.4576539167,0.4576539221,0.8012209767,1.0,1.0,1.0,1.0,1.0],[0.0,0.0,0.0,0.0,0.0,0.0,0.0,0.0,0.0,0.3435670617,0.6244950795,0.5423460833,0.0,0.0,0.3435670601,1.0,1.0,1.0,1.0,1.0],[0.0,0.0,0.0,0.0,0.0,0.0,0.0,0.0,0.0,0.3435670552,1.0,0.5423460779,1.0,0.0,0.3435670552,1.0,1.0,1.0,1.0,1.0],[0.0,0.0,0.0,0.0,0.0,0.0,0.0,0.0,0.0,0.0,0.6564329341,0.1987790233,0.6564329399,0.6564329448,0.0,1.0,1.0,1.0,1.0,1.0],[0.0,0.0,0.0,0.0,0.0,0.0,0.0,0.0,0.0,0.0,0.0,0.0,0.0,0.0,0.0,0.0,0.4967470611,0.4967470576,0.0,0.0],[0.0,0.0,0.0,0.0,0.0,0.0,0.0,0.0,0.0,0.0,0.0,0.0,0.0,0.0,0.0,0.5032529389,0.0,1.0,0.0,0.0],[0.0,0.0,0.0,0.0,0.0,0.0,0.0,0.0,0.0,0.0,0.0,0.0,0.0,0.0,0.0,0.5032529424,0.0,0.0,0.0,0.0],[0.0,0.0,0.0,0.0,0.0,0.0,0.0,0.0,0.0,0.0,0.0,0.0,0.0,0.0,0.0,1.0,1.0,1.0,0.0,1.0],[0.0,0.0,0.0,0.0,0.0,0.0,0.0,0.0,0.0,0.0,0.0,0.0,0.0,0.0,0.0,1.0,1.0,1.0,0.0,0.0]],"outlier_solution":[0,3,1,6,2,8,7,4,5,13,12,11,10,9,14,18,19,15,16,17],"dataset_id":742,"source_dataset_id":789,"options":null,"D":{"0":{"0":0,"1":3,"2":1,"3":3,"4":1,"5":0,"6":0,"7":0,"8":0,"9":0,"10":0,"11":0,"12":0,"13":0,"14":0,"15":0,"16":0,"17":0,"18":0,"19":0},"1":{"0":4,"1":0,"2":1,"3":3,"4":1,"5":1,"6":0,"7":0,"8":0,"9":0,"10":0,"11":0,"12":0,"13":0,"14":0,"15":0,"16":0,"17":0,"18":0,"19":0},"2":{"0":4,"1":1,"2":0,"3":5,"4":5,"5":1,"6":4,"7":0,"8":0,"9":0,"10":0,"11":0,"12":0,"13":0,"14":0,"15":0,"16":0,"17":0,"18":0,"19":0},"3":{"0":6,"1":1,"2":2,"3":0,"4":3,"5":2,"6":2,"7":2,"8":0,"9":0,"10":0,"11":0,"12":0,"13":0,"14":0,"15":0,"16":0,"17":0,"18":0,"19":0},"4":{"0":1,"1":3,"2":1,"3":6,"4":0,"5":4,"6":1,"7":4,"8":5,"9":0,"10":0,"11":0,"12":0,"13":0,"14":0,"15":0,"16":0,"17":0,"18":0,"19":0},"5":{"0":5,"1":4,"2":2,"3":4,"4":5,"5":0,"6":4,"7":6,"8":6,"9":2,"10":0,"11":0,"12":0,"13":0,"14":0,"15":0,"16":0,"17":0,"18":0,"19":0},"6":{"0":5,"1":10,"2":1,"3":1,"4":0,"5":6,"6":0,"7":2,"8":1,"9":1,"10":3,"11":0,"12":0,"13":0,"14":0,"15":0,"16":0,"17":0,"18":0,"19":0},"7":{"0":2,"1":3,"2":7,"3":0,"4":2,"5":1,"6":4,"7":0,"8":2,"9":0,"10":3,"11":3,"12":0,"13":0,"14":0,"15":0,"16":0,"17":0,"18":0,"19":0},"8":{"0":3,"1":2,"2":4,"3":6,"4":1,"5":4,"6":4,"7":2,"8":0,"9":2,"10":2,"11":6,"12":1,"13":0,"14":0,"15":0,"16":0,"17":0,"18":0,"19":0},"9":{"0":4,"1":9,"2":9,"3":5,"4":6,"5":0,"6":2,"7":3,"8":2,"9":0,"10":3,"11":2,"12":3,"13":1,"14":0,"15":0,"16":0,"17":0,"18":0,"19":0},"10":{"0":7,"1":5,"2":3,"3":7,"4":6,"5":5,"6":2,"7":3,"8":2,"9":2,"10":0,"11":5,"12":4,"13":3,"14":3,"15":0,"16":0,"17":0,"18":0,"19":0},"11":{"0":6,"1":6,"2":7,"3":5,"4":2,"5":2,"6":10,"7":4,"8":1,"9":0,"10":1,"11":0,"12":6,"13":3,"14":2,"15":1,"16":0,"17":0,"18":0,"19":0},"12":{"0":5,"1":9,"2":9,"3":4,"4":5,"5":6,"6":7,"7":7,"8":3,"9":0,"10":4,"11":3,"12":0,"13":5,"14":4,"15":2,"16":1,"17":0,"18":0,"19":0},"13":{"0":6,"1":2,"2":3,"3":3,"4":4,"5":2,"6":7,"7":5,"8":4,"9":2,"10":0,"11":1,"12":2,"13":0,"14":4,"15":2,"16":2,"17":2,"18":0,"19":0},"14":{"0":7,"1":2,"2":2,"3":4,"4":8,"5":3,"6":3,"7":8,"8":4,"9":9,"10":5,"11":4,"12":1,"13":0,"14":0,"15":2,"16":3,"17":1,"18":1,"19":0},"15":{"0":3,"1":8,"2":9,"3":5,"4":10,"5":5,"6":8,"7":3,"8":7,"9":10,"10":3,"11":2,"12":1,"13":7,"14":5,"15":0,"16":1,"17":4,"18":4,"19":3},"16":{"0":1,"1":2,"2":5,"3":8,"4":3,"5":3,"6":7,"7":8,"8":6,"9":2,"10":3,"11":2,"12":1,"13":2,"14":6,"15":2,"16":0,"17":2,"18":4,"19":3},"17":{"0":5,"1":6,"2":5,"3":3,"4":5,"5":4,"6":4,"7":8,"8":5,"9":5,"10":7,"11":5,"12":6,"13":2,"14":4,"15":3,"16":6,"17":0,"18":1,"19":5},"18":{"0":7,"1":2,"2":4,"3":5,"4":9,"5":2,"6":8,"7":6,"8":2,"9":5,"10":4,"11":9,"12":4,"13":2,"14":3,"15":3,"16":0,"17":2,"18":0,"19":2},"19":{"0":6,"1":11,"2":8,"3":1,"4":12,"5":5,"6":5,"7":6,"8":3,"9":2,"10":5,"11":6,"12":7,"13":5,"14":8,"15":0,"16":2,"17":2,"18":3,"19":0}},"method":"lop","closest_pair":[[0,3,1,6,4,2,7,11,9,8,5,14,13,12,10,18,19,16,17,15],[0,3,1,6,4,2,7,11,8,9,5,14,13,12,10,18,19,16,17,15]],"farthest_pair":[[0,3,1,6,4,2,7,11,9,8,5,14,13,10,12,18,19,15,16,17],[0,3,1,6,2,8,7,4,5,13,12,11,10,9,14,18,19,16,17,15]],"tau_farthest_pair":0.8,"tau_closest_pair":0.9894736842,"beta":0.0000590787,"centroid_solution":[0,3,1,6,2,7,11,8,4,9,5,14,13,12,10,18,19,16,17,15]}