{"solutions":[[1,0,2,7,6,3,8,4,9,5,12,14,11,13,10,17,16,18,19,15],[0,1,2,7,6,3,8,4,9,5,12,14,11,13,10,15,17,16,18,19],[0,1,2,7,6,3,8,5,4,9,12,14,11,10,15,17,16,13,18,19],[0,1,2,7,6,3,8,4,9,5,12,11,13,10,17,14,16,18,19,15],[1,0,2,7,6,3,8,4,5,9,12,11,13,10,17,14,16,18,19,15],[0,1,2,7,6,3,8,5,4,9,12,14,11,13,10,15,17,16,18,19],[0,1,2,7,6,3,8,5,4,9,12,14,11,13,10,17,16,18,19,15],[0,1,2,7,6,3,8,4,5,9,12,14,11,13,10,15,17,16,18,19],[0,1,2,7,6,3,8,5,4,9,12,11,13,10,15,17,14,16,18,19],[0,1,2,7,6,3,8,4,9,5,12,11,10,15,17,14,16,13,18,19],[0,1,2,7,6,3,8,4,5,9,12,11,10,15,17,14,16,13,18,19],[1,0,2,7,6,3,8,4,9,5,12,11,13,10,17,14,16,18,19,15],[1,0,2,7,6,3,8,5,4,9,12,11,10,15,17,14,16,13,18,19],[1,0,2,7,6,3,8,5,4,9,12,14,11,10,15,17,16,13,18,19],[0,1,2,7,6,3,8,4,5,9,12,14,11,10,15,17,16,13,18,19],[0,1,2,7,6,3,8,4,5,9,12,11,13,10,17,14,16,18,19,15],[1,0,2,7,6,3,8,5,4,9,12,11,13,10,15,17,14,16,18,19],[1,0,2,7,6,3,8,5,4,9,12,14,11,13,10,15,17,16,18,19],[0,1,2,7,6,3,8,5,4,9,12,11,10,15,17,14,16,13,18,19],[1,0,2,7,6,3,8,4,9,5,12,11,10,15,17,14,16,13,18,19],[1,0,2,7,6,3,8,4,9,5,12,14,11,10,15,17,16,13,18,19],[1,0,2,7,6,3,8,4,9,5,12,11,13,10,15,17,14,16,18,19],[0,1,2,7,6,3,8,4,9,5,12,14,11,13,10,17,16,18,19,15],[1,0,2,7,6,3,8,5,4,9,12,14,11,13,10,17,16,18,19,15],[1,0,2,7,6,3,8,4,5,9,12,11,10,15,17,14,16,13,18,19],[1,0,2,7,6,3,8,4,5,9,12,14,11,10,15,17,16,13,18,19],[0,1,2,7,6,3,8,4,5,9,12,11,13,10,15,17,14,16,18,19],[1,0,2,7,6,3,8,5,4,9,12,11,13,10,17,14,16,18,19,15],[1,0,2,7,6,3,8,4,9,5,12,14,11,13,10,15,17,16,18,19],[0,1,2,7,6,3,8,4,9,5,12,14,11,10,15,17,16,13,18,19],[0,1,2,7,6,3,8,4,5,9,12,14,11,13,10,17,16,18,19,15],[0,1,2,7,6,3,8,4,9,5,12,11,13,10,15,17,14,16,18,19],[1,0,2,7,6,3,8,4,5,9,12,11,13,10,15,17,14,16,18,19],[1,0,2,7,6,3,8,4,5,9,12,14,11,13,10,17,16,18,19,15],[1,0,2,7,6,3,8,4,5,9,12,14,11,13,10,15,17,16,18,19],[0,1,2,7,6,3,8,5,4,9,12,11,13,10,17,14,16,18,19,15]],"obj":855.0,"max_tau_solutions":null,"centroid_x":[[0.0,0.5377283883,1.0,1.0,1.0,1.0,1.0,1.0,1.0,1.0,1.0,1.0,1.0,1.0,1.0,1.0,1.0,1.0,1.0,1.0],[0.4622716117,0.0,1.0,1.0,1.0,1.0,1.0,1.0,1.0,1.0,1.0,1.0,1.0,1.0,1.0,1.0,1.0,1.0,1.0,1.0],[0.0,0.0,0.0,1.0,1.0,1.0,1.0,1.0,1.0,1.0,1.0,1.0,1.0,1.0,1.0,1.0,1.0,1.0,1.0,1.0],[0.0,0.0,0.0,0.0,1.0,1.0,0.0,0.0,1.0,1.0,1.0,1.0,1.0,1.0,1.0,1.0,1.0,1.0,1.0,1.0],[0.0,0.0,0.0,0.0,0.0,0.5230720934,0.0,0.0,0.0,1.0,1.0,1.0,1.0,1.0,1.0,1.0,1.0,1.0,1.0,1.0],[0.0,0.0,0.0,0.0,0.4769279066,0.0,0.0,0.0,0.0,0.5953757266,1.0,1.0,1.0,1.0,1.0,1.0,1.0,1.0,1.0,1.0],[0.0,0.0,0.0,1.0,1.0,1.0,0.0,0.0,1.0,1.0,1.0,1.0,1.0,1.0,1.0,1.0,1.0,1.0,1.0,1.0],[0.0,0.0,0.0,1.0,1.0,1.0,1.0,0.0,1.0,1.0,1.0,1.0,1.0,1.0,1.0,1.0,1.0,1.0,1.0,1.0],[0.0,0.0,0.0,0.0,1.0,1.0,0.0,0.0,0.0,1.0,1.0,1.0,1.0,1.0,1.0,1.0,1.0,1.0,1.0,1.0],[0.0,0.0,0.0,0.0,0.0,0.4046242734,0.0,0.0,0.0,0.0,1.0,1.0,1.0,1.0,1.0,1.0,1.0,1.0,1.0,1.0],[0.0,0.0,0.0,0.0,0.0,0.0,0.0,0.0,0.0,0.0,0.0,0.0,0.0,0.454741033,0.5467074284,1.0,1.0,1.0,1.0,1.0],[0.0,0.0,0.0,0.0,0.0,0.0,0.0,0.0,0.0,0.0,1.0,0.0,0.0,1.0,0.5467074237,1.0,1.0,1.0,1.0,1.0],[0.0,0.0,0.0,0.0,0.0,0.0,0.0,0.0,0.0,0.0,1.0,1.0,0.0,1.0,1.0,1.0,1.0,1.0,1.0,1.0],[0.0,0.0,0.0,0.0,0.0,0.0,0.0,0.0,0.0,0.0,0.545258967,0.0,0.0,0.0,0.404529571,0.5452589675,0.5452589661,0.5452589725,1.0,1.0],[0.0,0.0,0.0,0.0,0.0,0.0,0.0,0.0,0.0,0.0,0.4532925716,0.4532925763,0.0,0.595470429,0.0,0.646284083,1.0,0.4532925762,1.0,1.0],[0.0,0.0,0.0,0.0,0.0,0.0,0.0,0.0,0.0,0.0,0.0,0.0,0.0,0.4547410325,0.353715917,0.0,0.5671817317,0.5671817356,0.5671817305,0.5671817289],[0.0,0.0,0.0,0.0,0.0,0.0,0.0,0.0,0.0,0.0,0.0,0.0,0.0,0.4547410339,0.0,0.4328182683,0.0,0.0,1.0,1.0],[0.0,0.0,0.0,0.0,0.0,0.0,0.0,0.0,0.0,0.0,0.0,0.0,0.0,0.4547410275,0.5467074238,0.4328182644,1.0,0.0,1.0,1.0],[0.0,0.0,0.0,0.0,0.0,0.0,0.0,0.0,0.0,0.0,0.0,0.0,0.0,0.0,0.0,0.4328182695,0.0,0.0,0.0,1.0],[0.0,0.0,0.0,0.0,0.0,0.0,0.0,0.0,0.0,0.0,0.0,0.0,0.0,0.0,0.0,0.4328182711,0.0,0.0,0.0,0.0]],"outlier_solution":[1,0,2,7,6,3,8,4,9,5,12,14,11,13,10,17,16,18,19,15],"dataset_id":759,"source_dataset_id":806,"options":null,"D":{"0":{"0":0,"1":3,"2":4,"3":3,"4":4,"5":0,"6":0,"7":0,"8":0,"9":0,"10":0,"11":0,"12":0,"13":0,"14":0,"15":0,"16":0,"17":0,"18":0,"19":0},"1":{"0":3,"1":0,"2":2,"3":1,"4":1,"5":3,"6":0,"7":0,"8":0,"9":0,"10":0,"11":0,"12":0,"13":0,"14":0,"15":0,"16":0,"17":0,"18":0,"19":0},"2":{"0":5,"1":5,"2":0,"3":6,"4":4,"5":2,"6":1,"7":0,"8":0,"9":0,"10":0,"11":0,"12":0,"13":0,"14":0,"15":0,"16":0,"17":0,"18":0,"19":0},"3":{"0":2,"1":0,"2":7,"3":0,"4":0,"5":5,"6":5,"7":3,"8":0,"9":0,"10":0,"11":0,"12":0,"13":0,"14":0,"15":0,"16":0,"17":0,"18":0,"19":0},"4":{"0":1,"1":7,"2":5,"3":2,"4":0,"5":3,"6":5,"7":2,"8":6,"9":0,"10":0,"11":0,"12":0,"13":0,"14":0,"15":0,"16":0,"17":0,"18":0,"19":0},"5":{"0":5,"1":3,"2":8,"3":6,"4":3,"5":0,"6":4,"7":5,"8":5,"9":2,"10":0,"11":0,"12":0,"13":0,"14":0,"15":0,"16":0,"17":0,"18":0,"19":0},"6":{"0":3,"1":10,"2":4,"3":1,"4":1,"5":7,"6":0,"7":4,"8":3,"9":1,"10":0,"11":0,"12":0,"13":0,"14":0,"15":0,"16":0,"17":0,"18":0,"19":0},"7":{"0":5,"1":4,"2":6,"3":2,"4":2,"5":2,"6":3,"7":0,"8":3,"9":0,"10":1,"11":2,"12":0,"13":0,"14":0,"15":0,"16":0,"17":0,"18":0,"19":0},"8":{"0":5,"1":4,"2":1,"3":6,"4":2,"5":1,"6":5,"7":4,"8":0,"9":1,"10":1,"11":2,"12":1,"13":0,"14":0,"15":0,"16":0,"17":0,"18":0,"19":0},"9":{"0":4,"1":2,"2":7,"3":6,"4":2,"5":2,"6":3,"7":0,"8":1,"9":0,"10":3,"11":1,"12":2,"13":1,"14":0,"15":0,"16":0,"17":0,"18":0,"19":0},"10":{"0":9,"1":3,"2":5,"3":3,"4":4,"5":4,"6":4,"7":1,"8":2,"9":3,"10":0,"11":4,"12":1,"13":6,"14":1,"15":0,"16":0,"17":0,"18":0,"19":0},"11":{"0":3,"1":9,"2":3,"3":3,"4":3,"5":8,"6":2,"7":1,"8":3,"9":2,"10":0,"11":0,"12":5,"13":0,"14":3,"15":4,"16":0,"17":0,"18":0,"19":0},"12":{"0":5,"1":3,"2":6,"3":7,"4":6,"5":6,"6":2,"7":4,"8":2,"9":5,"10":0,"11":3,"12":0,"13":2,"14":1,"15":1,"16":2,"17":0,"18":0,"19":0},"13":{"0":4,"1":5,"2":5,"3":5,"4":5,"5":4,"6":2,"7":5,"8":7,"9":2,"10":3,"11":3,"12":4,"13":0,"14":3,"15":2,"16":4,"17":2,"18":0,"19":0},"14":{"0":7,"1":7,"2":7,"3":10,"4":8,"5":8,"6":5,"7":5,"8":7,"9":4,"10":2,"11":1,"12":2,"13":3,"14":0,"15":3,"16":1,"17":3,"18":2,"19":0},"15":{"0":5,"1":4,"2":1,"3":7,"4":7,"5":3,"6":6,"7":4,"8":8,"9":5,"10":7,"11":4,"12":4,"13":1,"14":3,"15":0,"16":3,"17":5,"18":1,"19":4},"16":{"0":7,"1":2,"2":7,"3":7,"4":3,"5":6,"6":7,"7":12,"8":6,"9":6,"10":6,"11":7,"12":3,"13":2,"14":2,"15":5,"16":0,"17":5,"18":0,"19":0},"17":{"0":6,"1":6,"2":4,"3":8,"4":5,"5":6,"6":3,"7":3,"8":3,"9":6,"10":5,"11":6,"12":2,"13":2,"14":2,"15":6,"16":3,"17":0,"18":0,"19":1},"18":{"0":2,"1":6,"2":0,"3":5,"4":4,"5":4,"6":7,"7":4,"8":14,"9":5,"10":6,"11":2,"12":8,"13":5,"14":3,"15":1,"16":2,"17":2,"18":0,"19":2},"19":{"0":8,"1":3,"2":6,"3":4,"4":6,"5":5,"6":4,"7":7,"8":4,"9":6,"10":4,"11":4,"12":9,"13":5,"14":7,"15":1,"16":3,"17":1,"18":3,"19":0}},"method":"lop","closest_pair":[[1,0,2,7,6,3,8,5,4,9,12,14,11,13,10,17,16,18,19,15],[0,1,2,7,6,3,8,5,4,9,12,14,11,13,10,17,16,18,19,15]],"farthest_pair":[[1,0,2,7,6,3,8,5,4,9,12,14,11,13,10,17,16,18,19,15],[0,1,2,7,6,3,8,4,9,5,12,11,10,15,17,14,16,13,18,19]],"tau_farthest_pair":0.8421052632,"tau_closest_pair":0.9894736842,"beta":0.0000325881,"centroid_solution":[0,1,2,7,6,3,8,4,5,9,12,14,11,13,10,15,17,16,18,19]}