{"solutions":[[2,0,3,6,1,4,7,5,12,9,10,8,15,16,11,17,14,13,18,19],[2,0,3,6,4,1,7,5,12,10,8,9,15,16,11,17,14,13,18,19],[4,2,0,1,7,8,3,5,9,6,15,12,10,16,11,17,14,13,18,19],[2,0,3,6,4,1,7,5,12,9,10,8,15,16,11,17,14,13,18,19],[2,0,3,6,1,7,4,5,12,10,8,9,15,16,11,17,14,13,18,19],[2,0,3,6,1,4,7,5,12,10,8,9,15,16,11,17,14,13,18,19],[2,0,3,6,1,7,4,5,12,9,10,8,15,16,11,17,14,13,18,19],[4,2,0,1,7,3,8,5,9,6,15,12,10,16,11,17,14,13,18,19]],"obj":809.0,"max_tau_solutions":null,"centroid_x":[[0.0,1.0,0.0,0.7509300751,0.5028853154,1.0,1.0,1.0,1.0,1.0,1.0,1.0,1.0,1.0,1.0,1.0,1.0,1.0,1.0,1.0],[0.0,0.0,0.0,0.4971146846,0.4291201211,1.0,0.4971146846,1.0,1.0,1.0,1.0,1.0,1.0,1.0,1.0,1.0,1.0,1.0,1.0,1.0],[1.0,1.0,0.0,0.7509300751,0.5028853154,1.0,1.0,1.0,1.0,1.0,1.0,1.0,1.0,1.0,1.0,1.0,1.0,1.0,1.0,1.0],[0.2490699249,0.5028853154,0.2490699249,0.0,0.7519552403,1.0,1.0,0.5028853154,0.7793025599,1.0,1.0,1.0,1.0,1.0,1.0,1.0,1.0,1.0,1.0,1.0],[0.4971146846,0.5708798789,0.4971146846,0.2480447597,0.0,1.0,0.4971146846,0.6491447734,1.0,1.0,1.0,1.0,1.0,1.0,1.0,1.0,1.0,1.0,1.0,1.0],[0.0,0.0,0.0,0.0,0.0,0.0,0.4971146846,0.0,0.5028853154,1.0,1.0,1.0,1.0,1.0,1.0,1.0,1.0,1.0,1.0,1.0],[0.0,0.5028853154,0.0,0.0,0.5028853154,0.5028853154,0.0,0.5028853154,0.5028853154,0.5028853154,1.0,1.0,1.0,1.0,1.0,1.0,1.0,1.0,1.0,1.0],[0.0,0.0,0.0,0.4971146846,0.3508552266,1.0,0.4971146846,0.0,1.0,1.0,1.0,1.0,1.0,1.0,1.0,1.0,1.0,1.0,1.0,1.0],[0.0,0.0,0.0,0.2206974401,0.0,0.4971146846,0.4971146846,0.0,0.0,0.7341179507,0.4971146846,1.0,0.4971146846,1.0,1.0,1.0,1.0,1.0,1.0,1.0],[0.0,0.0,0.0,0.0,0.0,0.0,0.4971146846,0.0,0.2658820493,0.0,0.7629967339,1.0,0.4971146846,1.0,1.0,1.0,1.0,1.0,1.0,1.0],[0.0,0.0,0.0,0.0,0.0,0.0,0.0,0.0,0.5028853154,0.2370032661,0.0,1.0,0.0,1.0,1.0,0.5028853154,1.0,1.0,1.0,1.0],[0.0,0.0,0.0,0.0,0.0,0.0,0.0,0.0,0.0,0.0,0.0,0.0,0.0,1.0,1.0,0.0,0.0,1.0,1.0,1.0],[0.0,0.0,0.0,0.0,0.0,0.0,0.0,0.0,0.5028853154,0.5028853154,1.0,1.0,0.0,1.0,1.0,0.5028853154,1.0,1.0,1.0,1.0],[0.0,0.0,0.0,0.0,0.0,0.0,0.0,0.0,0.0,0.0,0.0,0.0,0.0,0.0,0.0,0.0,0.0,0.0,1.0,1.0],[0.0,0.0,0.0,0.0,0.0,0.0,0.0,0.0,0.0,0.0,0.0,0.0,0.0,1.0,0.0,0.0,0.0,0.0,1.0,1.0],[0.0,0.0,0.0,0.0,0.0,0.0,0.0,0.0,0.0,0.0,0.4971146846,1.0,0.4971146846,1.0,1.0,0.0,1.0,1.0,1.0,1.0],[0.0,0.0,0.0,0.0,0.0,0.0,0.0,0.0,0.0,0.0,0.0,1.0,0.0,1.0,1.0,0.0,0.0,1.0,1.0,1.0],[0.0,0.0,0.0,0.0,0.0,0.0,0.0,0.0,0.0,0.0,0.0,0.0,0.0,1.0,1.0,0.0,0.0,0.0,1.0,1.0],[0.0,0.0,0.0,0.0,0.0,0.0,0.0,0.0,0.0,0.0,0.0,0.0,0.0,0.0,0.0,0.0,0.0,0.0,0.0,1.0],[0.0,0.0,0.0,0.0,0.0,0.0,0.0,0.0,0.0,0.0,0.0,0.0,0.0,0.0,0.0,0.0,0.0,0.0,0.0,0.0]],"outlier_solution":[4,2,0,1,7,8,3,5,9,6,15,12,10,16,11,17,14,13,18,19],"dataset_id":764,"source_dataset_id":811,"options":null,"D":{"0":{"0":0,"1":3,"2":8,"3":3,"4":1,"5":6,"6":0,"7":0,"8":0,"9":0,"10":0,"11":0,"12":0,"13":0,"14":0,"15":0,"16":0,"17":0,"18":0,"19":0},"1":{"0":4,"1":0,"2":4,"3":4,"4":1,"5":2,"6":4,"7":0,"8":0,"9":0,"10":0,"11":0,"12":0,"13":0,"14":0,"15":0,"16":0,"17":0,"18":0,"19":0},"2":{"0":4,"1":2,"2":0,"3":2,"4":4,"5":1,"6":0,"7":2,"8":0,"9":0,"10":0,"11":0,"12":0,"13":0,"14":0,"15":0,"16":0,"17":0,"18":0,"19":0},"3":{"0":4,"1":2,"2":2,"3":0,"4":5,"5":2,"6":1,"7":3,"8":2,"9":0,"10":0,"11":0,"12":0,"13":0,"14":0,"15":0,"16":0,"17":0,"18":0,"19":0},"4":{"0":0,"1":1,"2":1,"3":6,"4":0,"5":3,"6":5,"7":3,"8":4,"9":0,"10":0,"11":0,"12":0,"13":0,"14":0,"15":0,"16":0,"17":0,"18":0,"19":0},"5":{"0":3,"1":6,"2":2,"3":3,"4":5,"5":0,"6":2,"7":4,"8":3,"9":1,"10":4,"11":0,"12":0,"13":0,"14":0,"15":0,"16":0,"17":0,"18":0,"19":0},"6":{"0":4,"1":0,"2":4,"3":4,"4":1,"5":4,"6":0,"7":3,"8":4,"9":5,"10":2,"11":4,"12":0,"13":0,"14":0,"15":0,"16":0,"17":0,"18":0,"19":0},"7":{"0":6,"1":5,"2":5,"3":0,"4":3,"5":1,"6":3,"7":0,"8":2,"9":2,"10":2,"11":1,"12":2,"13":0,"14":0,"15":0,"16":0,"17":0,"18":0,"19":0},"8":{"0":5,"1":5,"2":4,"3":2,"4":6,"5":1,"6":2,"7":3,"8":0,"9":4,"10":5,"11":3,"12":4,"13":3,"14":0,"15":0,"16":0,"17":0,"18":0,"19":0},"9":{"0":2,"1":2,"2":3,"3":10,"4":2,"5":2,"6":3,"7":4,"8":5,"9":0,"10":2,"11":0,"12":4,"13":4,"14":4,"15":0,"16":0,"17":0,"18":0,"19":0},"10":{"0":7,"1":2,"2":5,"3":6,"4":0,"5":3,"6":5,"7":2,"8":2,"9":3,"10":0,"11":2,"12":4,"13":2,"14":4,"15":4,"16":0,"17":0,"18":0,"19":0},"11":{"0":8,"1":4,"2":7,"3":4,"4":6,"5":2,"6":6,"7":3,"8":4,"9":2,"10":4,"11":0,"12":6,"13":2,"14":2,"15":4,"16":5,"17":0,"18":0,"19":0},"12":{"0":7,"1":5,"2":3,"3":3,"4":3,"5":6,"6":7,"7":6,"8":1,"9":2,"10":0,"11":4,"12":0,"13":1,"14":1,"15":4,"16":2,"17":3,"18":0,"19":0},"13":{"0":7,"1":3,"2":2,"3":8,"4":7,"5":8,"6":1,"7":3,"8":4,"9":5,"10":1,"11":4,"12":1,"13":0,"14":2,"15":2,"16":3,"17":4,"18":0,"19":0},"14":{"0":3,"1":5,"2":3,"3":3,"4":7,"5":6,"6":4,"7":5,"8":7,"9":4,"10":5,"11":1,"12":3,"13":1,"14":0,"15":2,"16":3,"17":5,"18":0,"19":1},"15":{"0":4,"1":4,"2":3,"3":7,"4":1,"5":5,"6":5,"7":5,"8":5,"9":5,"10":3,"11":2,"12":2,"13":2,"14":3,"15":0,"16":2,"17":1,"18":2,"19":4},"16":{"0":2,"1":7,"2":6,"3":7,"4":6,"5":5,"6":2,"7":5,"8":3,"9":8,"10":3,"11":0,"12":4,"13":3,"14":2,"15":4,"16":0,"17":1,"18":2,"19":1},"17":{"0":5,"1":7,"2":5,"3":5,"4":7,"5":5,"6":5,"7":9,"8":4,"9":6,"10":5,"11":14,"12":2,"13":1,"14":2,"15":1,"16":3,"17":0,"18":3,"19":3},"18":{"0":7,"1":8,"2":5,"3":4,"4":3,"5":2,"6":5,"7":6,"8":6,"9":4,"10":2,"11":8,"12":3,"13":1,"14":3,"15":3,"16":2,"17":5,"18":0,"19":1},"19":{"0":6,"1":7,"2":2,"3":4,"4":4,"5":2,"6":4,"7":6,"8":13,"9":2,"10":4,"11":11,"12":7,"13":6,"14":3,"15":1,"16":2,"17":2,"18":4,"19":0}},"method":"lop","closest_pair":[[4,2,0,1,7,8,3,5,9,6,15,12,10,16,11,17,14,13,18,19],[4,2,0,1,7,3,8,5,9,6,15,12,10,16,11,17,14,13,18,19]],"farthest_pair":[[4,2,0,1,7,8,3,5,9,6,15,12,10,16,11,17,14,13,18,19],[2,0,3,6,1,7,4,5,12,9,10,8,15,16,11,17,14,13,18,19]],"tau_farthest_pair":0.7789473684,"tau_closest_pair":0.9894736842,"beta":0.000202496,"centroid_solution":[2,0,3,6,4,1,7,5,12,9,10,8,15,16,11,17,14,13,18,19]}