{"solutions":[[0,1,7,2,6,3,10,5,4,13,8,9,11,15,12,19,14,17,18,16],[0,1,7,3,2,10,6,5,8,4,13,9,11,15,12,19,14,17,16,18],[0,1,7,3,2,10,6,5,4,8,13,9,11,15,12,19,14,17,18,16],[0,1,7,3,2,6,10,5,4,8,13,9,11,15,12,19,14,17,16,18],[0,1,7,3,2,6,4,10,5,8,13,9,11,15,12,19,14,17,18,16],[0,1,7,3,2,10,6,5,4,13,8,9,11,15,12,19,14,17,18,16],[0,1,7,3,2,6,4,10,5,13,8,9,11,15,12,19,14,17,18,16],[0,1,7,2,6,3,10,5,8,4,13,9,11,15,12,19,14,17,16,18],[0,1,7,3,2,6,10,5,4,13,8,9,11,15,12,19,14,17,16,18],[0,1,7,2,6,3,10,5,4,13,8,9,11,15,12,19,14,17,16,18],[0,1,7,2,6,3,10,5,4,8,13,9,11,15,12,19,14,17,18,16],[0,1,7,2,6,3,4,10,5,13,8,9,11,15,12,19,14,17,18,16],[0,1,7,3,2,6,4,10,5,13,8,9,11,15,12,19,14,17,16,18],[0,1,7,3,2,6,10,5,8,4,13,9,11,15,12,19,14,17,18,16],[0,1,7,3,2,10,6,5,4,8,13,9,11,15,12,19,14,17,16,18],[0,1,7,2,6,3,10,5,4,8,13,9,11,15,12,19,14,17,16,18],[0,1,7,2,6,3,4,10,5,13,8,9,11,15,12,19,14,17,16,18],[0,1,7,2,6,3,4,10,5,8,13,9,11,15,12,19,14,17,18,16],[0,1,7,3,2,6,4,10,5,8,13,9,11,15,12,19,14,17,16,18],[0,1,7,3,2,6,10,5,8,4,13,9,11,15,12,19,14,17,16,18],[0,1,7,3,2,10,6,5,4,13,8,9,11,15,12,19,14,17,16,18],[0,1,7,3,2,10,6,5,8,4,13,9,11,15,12,19,14,17,18,16],[0,1,7,3,2,6,10,5,4,8,13,9,11,15,12,19,14,17,18,16],[0,1,7,2,6,3,4,10,5,8,13,9,11,15,12,19,14,17,16,18],[0,1,7,2,6,3,10,5,8,4,13,9,11,15,12,19,14,17,18,16],[0,1,7,3,2,6,10,5,4,13,8,9,11,15,12,19,14,17,18,16]],"obj":812.0,"max_tau_solutions":null,"centroid_x":[[0.0,1.0,1.0,1.0,1.0,1.0,1.0,1.0,1.0,1.0,1.0,1.0,1.0,1.0,1.0,1.0,1.0,1.0,1.0,1.0],[0.0,0.0,1.0,1.0,1.0,1.0,1.0,1.0,1.0,1.0,1.0,1.0,1.0,1.0,1.0,1.0,1.0,1.0,1.0,1.0],[0.0,0.0,0.0,0.458496369,1.0,1.0,1.0,0.0,1.0,1.0,1.0,1.0,1.0,1.0,1.0,1.0,1.0,1.0,1.0,1.0],[0.0,0.0,0.541503631,0.0,1.0,1.0,0.5415036309,0.0,1.0,1.0,1.0,1.0,1.0,1.0,1.0,1.0,1.0,1.0,1.0,1.0],[0.0,0.0,0.0,0.0,0.0,0.4385250759,0.0,0.0,0.6224034563,1.0,0.4385250762,1.0,1.0,1.0,1.0,1.0,1.0,1.0,1.0,1.0],[0.0,0.0,0.0,0.0,0.5614749241,0.0,0.0,0.0,1.0,1.0,0.0,1.0,1.0,1.0,1.0,1.0,1.0,1.0,1.0,1.0],[0.0,0.0,0.0,0.4584963691,1.0,1.0,0.0,0.0,1.0,1.0,0.6018548091,1.0,1.0,1.0,1.0,1.0,1.0,1.0,1.0,1.0],[0.0,0.0,1.0,1.0,1.0,1.0,1.0,0.0,1.0,1.0,1.0,1.0,1.0,1.0,1.0,1.0,1.0,1.0,1.0,1.0],[0.0,0.0,0.0,0.0,0.3775965437,0.0,0.0,0.0,0.0,1.0,0.0,1.0,1.0,0.5517871408,1.0,1.0,1.0,1.0,1.0,1.0],[0.0,0.0,0.0,0.0,0.0,0.0,0.0,0.0,0.0,0.0,0.0,1.0,1.0,0.0,1.0,1.0,1.0,1.0,1.0,1.0],[0.0,0.0,0.0,0.0,0.5614749238,1.0,0.3981451909,0.0,1.0,1.0,0.0,1.0,1.0,1.0,1.0,1.0,1.0,1.0,1.0,1.0],[0.0,0.0,0.0,0.0,0.0,0.0,0.0,0.0,0.0,0.0,0.0,0.0,1.0,0.0,1.0,1.0,1.0,1.0,1.0,1.0],[0.0,0.0,0.0,0.0,0.0,0.0,0.0,0.0,0.0,0.0,0.0,0.0,0.0,0.0,1.0,0.0,1.0,1.0,1.0,1.0],[0.0,0.0,0.0,0.0,0.0,0.0,0.0,0.0,0.4482128592,1.0,0.0,1.0,1.0,0.0,1.0,1.0,1.0,1.0,1.0,1.0],[0.0,0.0,0.0,0.0,0.0,0.0,0.0,0.0,0.0,0.0,0.0,0.0,0.0,0.0,0.0,0.0,1.0,1.0,1.0,0.0],[0.0,0.0,0.0,0.0,0.0,0.0,0.0,0.0,0.0,0.0,0.0,0.0,1.0,0.0,1.0,0.0,1.0,1.0,1.0,1.0],[0.0,0.0,0.0,0.0,0.0,0.0,0.0,0.0,0.0,0.0,0.0,0.0,0.0,0.0,0.0,0.0,0.0,0.0,0.4558882154,0.0],[0.0,0.0,0.0,0.0,0.0,0.0,0.0,0.0,0.0,0.0,0.0,0.0,0.0,0.0,0.0,0.0,1.0,0.0,1.0,0.0],[0.0,0.0,0.0,0.0,0.0,0.0,0.0,0.0,0.0,0.0,0.0,0.0,0.0,0.0,0.0,0.0,0.5441117846,0.0,0.0,0.0],[0.0,0.0,0.0,0.0,0.0,0.0,0.0,0.0,0.0,0.0,0.0,0.0,0.0,0.0,1.0,0.0,1.0,1.0,1.0,0.0]],"outlier_solution":[0,1,7,2,6,3,4,10,5,13,8,9,11,15,12,19,14,17,16,18],"dataset_id":769,"source_dataset_id":816,"options":null,"D":{"0":{"0":0,"1":5,"2":4,"3":3,"4":1,"5":6,"6":0,"7":0,"8":0,"9":0,"10":0,"11":0,"12":0,"13":0,"14":0,"15":0,"16":0,"17":0,"18":0,"19":0},"1":{"0":6,"1":0,"2":2,"3":3,"4":0,"5":2,"6":2,"7":0,"8":0,"9":0,"10":0,"11":0,"12":0,"13":0,"14":0,"15":0,"16":0,"17":0,"18":0,"19":0},"2":{"0":5,"1":1,"2":0,"3":2,"4":3,"5":3,"6":0,"7":4,"8":0,"9":0,"10":0,"11":0,"12":0,"13":0,"14":0,"15":0,"16":0,"17":0,"18":0,"19":0},"3":{"0":3,"1":6,"2":1,"3":0,"4":1,"5":2,"6":3,"7":7,"8":2,"9":0,"10":0,"11":0,"12":0,"13":0,"14":0,"15":0,"16":0,"17":0,"18":0,"19":0},"4":{"0":2,"1":4,"2":3,"3":3,"4":0,"5":4,"6":4,"7":4,"8":2,"9":4,"10":0,"11":0,"12":0,"13":0,"14":0,"15":0,"16":0,"17":0,"18":0,"19":0},"5":{"0":5,"1":3,"2":3,"3":3,"4":3,"5":0,"6":5,"7":5,"8":0,"9":1,"10":3,"11":0,"12":0,"13":0,"14":0,"15":0,"16":0,"17":0,"18":0,"19":0},"6":{"0":4,"1":3,"2":3,"3":2,"4":2,"5":2,"6":0,"7":4,"8":2,"9":4,"10":2,"11":4,"12":0,"13":0,"14":0,"15":0,"16":0,"17":0,"18":0,"19":0},"7":{"0":3,"1":7,"2":1,"3":3,"4":3,"5":4,"6":5,"7":0,"8":1,"9":3,"10":2,"11":2,"12":4,"13":0,"14":0,"15":0,"16":0,"17":0,"18":0,"19":0},"8":{"0":4,"1":4,"2":7,"3":2,"4":2,"5":4,"6":1,"7":2,"8":0,"9":1,"10":3,"11":2,"12":2,"13":2,"14":0,"15":0,"16":0,"17":0,"18":0,"19":0},"9":{"0":10,"1":4,"2":4,"3":4,"4":4,"5":6,"6":3,"7":3,"8":3,"9":0,"10":2,"11":1,"12":4,"13":4,"14":5,"15":0,"16":0,"17":0,"18":0,"19":0},"10":{"0":4,"1":6,"2":4,"3":5,"4":1,"5":1,"6":2,"7":2,"8":2,"9":2,"10":0,"11":2,"12":3,"13":4,"14":3,"15":1,"16":0,"17":0,"18":0,"19":0},"11":{"0":6,"1":8,"2":9,"3":6,"4":7,"5":4,"6":3,"7":2,"8":3,"9":4,"10":3,"11":0,"12":0,"13":2,"14":2,"15":2,"16":2,"17":0,"18":0,"19":0},"12":{"0":6,"1":8,"2":5,"3":2,"4":4,"5":2,"6":5,"7":7,"8":3,"9":4,"10":5,"11":3,"12":0,"13":2,"14":3,"15":1,"16":3,"17":4,"18":0,"19":0},"13":{"0":9,"1":8,"2":4,"3":4,"4":8,"5":3,"6":5,"7":6,"8":2,"9":1,"10":4,"11":2,"12":3,"13":0,"14":4,"15":1,"16":2,"17":0,"18":1,"19":0},"14":{"0":7,"1":6,"2":2,"3":5,"4":6,"5":5,"6":3,"7":6,"8":6,"9":2,"10":2,"11":2,"12":3,"13":3,"14":0,"15":3,"16":1,"17":2,"18":0,"19":7},"15":{"0":6,"1":6,"2":6,"3":2,"4":3,"5":3,"6":4,"7":5,"8":8,"9":6,"10":3,"11":3,"12":0,"13":1,"14":2,"15":0,"16":3,"17":2,"18":1,"19":0},"16":{"0":3,"1":5,"2":5,"3":6,"4":11,"5":6,"6":1,"7":5,"8":1,"9":3,"10":6,"11":5,"12":1,"13":1,"14":3,"15":3,"16":0,"17":4,"18":3,"19":2},"17":{"0":2,"1":6,"2":6,"3":7,"4":9,"5":3,"6":3,"7":1,"8":6,"9":8,"10":5,"11":3,"12":2,"13":3,"14":6,"15":6,"16":2,"17":0,"18":2,"19":4},"18":{"0":6,"1":7,"2":6,"3":8,"4":3,"5":4,"6":4,"7":5,"8":6,"9":6,"10":5,"11":7,"12":6,"13":2,"14":1,"15":3,"16":3,"17":5,"18":0,"19":5},"19":{"0":1,"1":4,"2":5,"3":8,"4":6,"5":6,"6":3,"7":4,"8":4,"9":6,"10":3,"11":3,"12":8,"13":6,"14":2,"15":1,"16":3,"17":0,"18":2,"19":0}},"method":"lop","closest_pair":[[0,1,7,2,6,3,10,5,4,8,13,9,11,15,12,19,14,17,18,16],[0,1,7,2,6,3,10,5,8,4,13,9,11,15,12,19,14,17,18,16]],"farthest_pair":[[0,1,7,2,6,3,4,10,5,13,8,9,11,15,12,19,14,17,18,16],[0,1,7,3,2,10,6,5,8,4,13,9,11,15,12,19,14,17,16,18]],"tau_farthest_pair":0.9157894737,"tau_closest_pair":0.9894736842,"beta":0.0000130221,"centroid_solution":[0,1,7,3,2,6,10,5,4,8,13,9,11,15,12,19,14,17,18,16]}