{"solutions":[[0,5,4,2,1,8,6,3,7,11,9,10,12,16,18,15,17,13,19,14],[0,5,4,2,1,8,6,7,3,11,9,10,12,16,15,18,17,13,19,14],[4,2,1,0,8,6,3,5,7,11,10,9,12,16,15,18,17,13,19,14],[4,0,5,2,1,8,6,3,7,11,10,9,12,16,18,15,17,13,19,14],[4,0,5,2,1,8,6,7,3,11,9,10,12,16,18,15,17,13,19,14],[4,2,1,0,5,8,6,7,3,11,10,9,12,16,18,15,17,13,19,14],[4,2,1,0,8,5,6,3,7,11,10,9,12,16,15,18,17,13,19,14],[0,5,4,2,1,8,6,3,7,11,10,9,12,16,18,15,17,13,19,14],[0,5,4,2,1,8,6,7,3,11,9,10,12,16,18,15,17,13,19,14],[4,0,5,2,1,8,6,3,7,11,9,10,12,16,18,15,17,13,19,14],[4,2,1,0,5,8,6,3,7,11,9,10,12,16,18,15,17,13,19,14],[4,2,1,0,8,5,6,7,3,11,10,9,12,16,18,15,17,13,19,14],[4,0,5,2,1,8,6,3,7,11,10,9,12,16,15,18,17,13,19,14],[4,2,1,0,5,8,6,3,7,11,10,9,12,16,15,18,17,13,19,14],[4,2,1,0,8,6,3,10,5,7,11,9,12,16,15,18,17,13,19,14],[4,2,1,0,8,5,6,7,3,11,9,10,12,16,18,15,17,13,19,14],[4,2,1,0,8,5,6,3,7,11,9,10,12,16,15,18,17,13,19,14],[0,4,5,2,1,8,6,3,7,11,9,10,12,16,15,18,17,13,19,14],[4,2,1,0,8,5,6,7,3,11,9,10,12,16,15,18,17,13,19,14],[4,2,1,0,8,5,6,3,7,11,10,9,12,16,18,15,17,13,19,14],[4,2,1,0,5,8,6,3,7,11,10,9,12,16,18,15,17,13,19,14],[4,0,5,2,1,8,6,7,3,11,9,10,12,16,15,18,17,13,19,14],[0,4,5,2,1,8,6,7,3,11,10,9,12,16,15,18,17,13,19,14],[4,0,5,2,1,8,6,7,3,11,10,9,12,16,15,18,17,13,19,14],[0,4,5,2,1,8,6,3,7,11,10,9,12,16,15,18,17,13,19,14],[0,5,4,2,1,8,6,3,7,11,10,9,12,16,15,18,17,13,19,14],[0,4,5,2,1,8,6,7,3,11,9,10,12,16,15,18,17,13,19,14],[4,0,5,2,1,8,6,3,7,11,9,10,12,16,15,18,17,13,19,14],[4,2,1,0,8,6,3,5,7,11,10,9,12,16,18,15,17,13,19,14],[0,5,4,2,1,8,6,7,3,11,10,9,12,16,18,15,17,13,19,14],[4,0,5,2,1,8,6,7,3,11,10,9,12,16,18,15,17,13,19,14],[4,2,1,0,8,5,6,7,3,11,10,9,12,16,15,18,17,13,19,14],[0,5,4,2,1,8,6,3,7,11,9,10,12,16,15,18,17,13,19,14],[4,2,1,0,8,6,3,10,5,7,11,9,12,16,18,15,17,13,19,14],[4,2,1,0,5,8,6,7,3,11,9,10,12,16,18,15,17,13,19,14],[0,4,5,2,1,8,6,7,3,11,9,10,12,16,18,15,17,13,19,14],[0,4,5,2,1,8,6,3,7,11,10,9,12,16,18,15,17,13,19,14],[4,2,1,0,8,6,3,5,7,11,9,10,12,16,18,15,17,13,19,14],[0,4,5,2,1,8,6,7,3,11,10,9,12,16,18,15,17,13,19,14],[4,2,1,0,8,6,3,5,7,11,9,10,12,16,15,18,17,13,19,14],[4,2,1,0,5,8,6,3,7,11,9,10,12,16,15,18,17,13,19,14],[4,2,1,0,8,5,6,3,7,11,9,10,12,16,18,15,17,13,19,14],[4,2,1,0,5,8,6,7,3,11,9,10,12,16,15,18,17,13,19,14],[4,2,1,0,5,8,6,7,3,11,10,9,12,16,15,18,17,13,19,14],[0,4,5,2,1,8,6,3,7,11,9,10,12,16,18,15,17,13,19,14],[0,5,4,2,1,8,6,7,3,11,10,9,12,16,15,18,17,13,19,14]],"obj":814.0,"max_tau_solutions":null,"centroid_x":[[0.0,0.4382925508,0.438292551,1.0,0.3495074949,1.0,1.0,1.0,1.0,1.0,1.0,1.0,1.0,1.0,1.0,1.0,1.0,1.0,1.0,1.0],[0.5617074492,0.0,0.0,1.0,0.0,0.5617074488,1.0,1.0,1.0,1.0,1.0,1.0,1.0,1.0,1.0,1.0,1.0,1.0,1.0,1.0],[0.561707449,1.0,0.0,1.0,0.0,0.5617074487,1.0,1.0,1.0,1.0,1.0,1.0,1.0,1.0,1.0,1.0,1.0,1.0,1.0,1.0],[0.0,0.0,0.0,0.0,0.0,0.3923808929,0.0,0.5784506161,0.0,1.0,1.0,1.0,1.0,1.0,1.0,1.0,1.0,1.0,1.0,1.0],[0.6504925051,1.0,1.0,1.0,0.0,0.7395793053,1.0,1.0,1.0,1.0,1.0,1.0,1.0,1.0,1.0,1.0,1.0,1.0,1.0,1.0],[0.0,0.4382925512,0.4382925513,0.6076191071,0.2604206947,0.0,0.6076191072,1.0,0.5246264685,1.0,0.6950334687,1.0,1.0,1.0,1.0,1.0,1.0,1.0,1.0,1.0],[0.0,0.0,0.0,1.0,0.0,0.3923808928,0.0,1.0,0.0,1.0,1.0,1.0,1.0,1.0,1.0,1.0,1.0,1.0,1.0,1.0],[0.0,0.0,0.0,0.4215493839,0.0,0.0,0.0,0.0,0.0,1.0,0.6950334688,1.0,1.0,1.0,1.0,1.0,1.0,1.0,1.0,1.0],[0.0,0.0,0.0,1.0,0.0,0.4753735315,1.0,1.0,0.0,1.0,1.0,1.0,1.0,1.0,1.0,1.0,1.0,1.0,1.0,1.0],[0.0,0.0,0.0,0.0,0.0,0.0,0.0,0.0,0.0,0.0,0.427960082,0.0,1.0,1.0,1.0,1.0,1.0,1.0,1.0,1.0],[0.0,0.0,0.0,0.0,0.0,0.3049665313,0.0,0.3049665312,0.0,0.572039918,0.0,0.3049665313,1.0,1.0,1.0,1.0,1.0,1.0,1.0,1.0],[0.0,0.0,0.0,0.0,0.0,0.0,0.0,0.0,0.0,1.0,0.6950334687,0.0,1.0,1.0,1.0,1.0,1.0,1.0,1.0,1.0],[0.0,0.0,0.0,0.0,0.0,0.0,0.0,0.0,0.0,0.0,0.0,0.0,0.0,1.0,1.0,1.0,1.0,1.0,1.0,1.0],[0.0,0.0,0.0,0.0,0.0,0.0,0.0,0.0,0.0,0.0,0.0,0.0,0.0,0.0,1.0,0.0,0.0,0.0,0.0,1.0],[0.0,0.0,0.0,0.0,0.0,0.0,0.0,0.0,0.0,0.0,0.0,0.0,0.0,0.0,0.0,0.0,0.0,0.0,0.0,0.0],[0.0,0.0,0.0,0.0,0.0,0.0,0.0,0.0,0.0,0.0,0.0,0.0,0.0,1.0,1.0,0.0,0.0,1.0,0.4969664703,1.0],[0.0,0.0,0.0,0.0,0.0,0.0,0.0,0.0,0.0,0.0,0.0,0.0,0.0,1.0,1.0,1.0,0.0,1.0,1.0,1.0],[0.0,0.0,0.0,0.0,0.0,0.0,0.0,0.0,0.0,0.0,0.0,0.0,0.0,1.0,1.0,0.0,0.0,0.0,0.0,1.0],[0.0,0.0,0.0,0.0,0.0,0.0,0.0,0.0,0.0,0.0,0.0,0.0,0.0,1.0,1.0,0.5030335297,0.0,1.0,0.0,1.0],[0.0,0.0,0.0,0.0,0.0,0.0,0.0,0.0,0.0,0.0,0.0,0.0,0.0,0.0,1.0,0.0,0.0,0.0,0.0,0.0]],"outlier_solution":[4,2,1,0,8,6,3,10,5,7,11,9,12,16,15,18,17,13,19,14],"dataset_id":770,"source_dataset_id":817,"options":null,"D":{"0":{"0":0,"1":4,"2":3,"3":2,"4":3,"5":2,"6":0,"7":0,"8":0,"9":0,"10":0,"11":0,"12":0,"13":0,"14":0,"15":0,"16":0,"17":0,"18":0,"19":0},"1":{"0":3,"1":0,"2":7,"3":3,"4":6,"5":2,"6":2,"7":0,"8":0,"9":0,"10":0,"11":0,"12":0,"13":0,"14":0,"15":0,"16":0,"17":0,"18":0,"19":0},"2":{"0":2,"1":3,"2":0,"3":2,"4":4,"5":4,"6":2,"7":1,"8":0,"9":0,"10":0,"11":0,"12":0,"13":0,"14":0,"15":0,"16":0,"17":0,"18":0,"19":0},"3":{"0":3,"1":4,"2":2,"3":0,"4":5,"5":0,"6":4,"7":1,"8":5,"9":0,"10":0,"11":0,"12":0,"13":0,"14":0,"15":0,"16":0,"17":0,"18":0,"19":0},"4":{"0":3,"1":2,"2":0,"3":3,"4":0,"5":2,"6":1,"7":4,"8":2,"9":4,"10":0,"11":0,"12":0,"13":0,"14":0,"15":0,"16":0,"17":0,"18":0,"19":0},"5":{"0":5,"1":2,"2":2,"3":1,"4":2,"5":0,"6":3,"7":3,"8":3,"9":4,"10":4,"11":0,"12":0,"13":0,"14":0,"15":0,"16":0,"17":0,"18":0,"19":0},"6":{"0":2,"1":5,"2":0,"3":2,"4":2,"5":4,"6":0,"7":0,"8":5,"9":4,"10":2,"11":1,"12":0,"13":0,"14":0,"15":0,"16":0,"17":0,"18":0,"19":0},"7":{"0":4,"1":9,"2":3,"3":1,"4":2,"5":6,"6":1,"7":0,"8":2,"9":2,"10":3,"11":2,"12":2,"13":0,"14":0,"15":0,"16":0,"17":0,"18":0,"19":0},"8":{"0":5,"1":7,"2":7,"3":2,"4":2,"5":3,"6":1,"7":2,"8":0,"9":3,"10":2,"11":2,"12":5,"13":4,"14":0,"15":0,"16":0,"17":0,"18":0,"19":0},"9":{"0":8,"1":4,"2":5,"3":7,"4":2,"5":5,"6":4,"7":4,"8":2,"9":0,"10":2,"11":4,"12":1,"13":1,"14":3,"15":0,"16":0,"17":0,"18":0,"19":0},"10":{"0":8,"1":7,"2":2,"3":8,"4":3,"5":2,"6":4,"7":4,"8":1,"9":2,"10":0,"11":3,"12":2,"13":1,"14":5,"15":3,"16":0,"17":0,"18":0,"19":0},"11":{"0":1,"1":8,"2":5,"3":4,"4":5,"5":7,"6":2,"7":3,"8":4,"9":0,"10":2,"11":0,"12":1,"13":2,"14":1,"15":2,"16":5,"17":0,"18":0,"19":0},"12":{"0":8,"1":4,"2":3,"3":5,"4":5,"5":8,"6":9,"7":2,"8":4,"9":4,"10":5,"11":5,"12":0,"13":3,"14":4,"15":5,"16":0,"17":2,"18":0,"19":0},"13":{"0":5,"1":10,"2":5,"3":5,"4":5,"5":3,"6":7,"7":11,"8":3,"9":2,"10":5,"11":1,"12":2,"13":0,"14":2,"15":4,"16":5,"17":1,"18":2,"19":0},"14":{"0":3,"1":7,"2":1,"3":5,"4":5,"5":5,"6":8,"7":5,"8":5,"9":2,"10":1,"11":4,"12":8,"13":1,"14":0,"15":4,"16":3,"17":3,"18":1,"19":3},"15":{"0":4,"1":5,"2":4,"3":3,"4":6,"5":6,"6":6,"7":6,"8":5,"9":2,"10":1,"11":2,"12":7,"13":4,"14":2,"15":0,"16":7,"17":2,"18":2,"19":2},"16":{"0":4,"1":5,"2":8,"3":5,"4":7,"5":7,"6":4,"7":7,"8":2,"9":3,"10":6,"11":3,"12":4,"13":2,"14":2,"15":2,"16":0,"17":4,"18":0,"19":1},"17":{"0":5,"1":4,"2":2,"3":6,"4":3,"5":6,"6":5,"7":5,"8":2,"9":3,"10":3,"11":4,"12":1,"13":0,"14":2,"15":5,"16":2,"17":0,"18":5,"19":1},"18":{"0":3,"1":9,"2":5,"3":6,"4":5,"5":6,"6":6,"7":4,"8":6,"9":6,"10":3,"11":9,"12":2,"13":1,"14":1,"15":2,"16":1,"17":1,"18":0,"19":2},"19":{"0":4,"1":3,"2":3,"3":4,"4":9,"5":5,"6":6,"7":5,"8":7,"9":1,"10":4,"11":8,"12":2,"13":7,"14":1,"15":3,"16":2,"17":3,"18":4,"19":0}},"method":"lop","closest_pair":[[0,4,5,2,1,8,6,7,3,11,10,9,12,16,18,15,17,13,19,14],[4,0,5,2,1,8,6,7,3,11,10,9,12,16,18,15,17,13,19,14]],"farthest_pair":[[4,2,1,0,8,6,3,10,5,7,11,9,12,16,18,15,17,13,19,14],[0,5,4,2,1,8,6,7,3,11,9,10,12,16,15,18,17,13,19,14]],"tau_farthest_pair":0.8421052632,"tau_closest_pair":0.9894736842,"beta":0.0000894331,"centroid_solution":[4,2,1,0,5,8,6,3,7,11,10,9,12,16,18,15,17,13,19,14]}