{"solutions":[[5,3,4,2,1,0,7,6,13,8,12,10,11,9,18,16,17,19,14,15],[5,3,4,2,1,0,6,7,13,8,12,10,11,9,18,16,17,19,14,15],[5,3,4,2,1,0,7,6,13,8,12,10,11,9,18,19,16,17,14,15],[5,3,4,2,1,0,7,6,13,8,12,10,11,9,18,16,19,17,14,15],[5,3,4,2,1,0,6,7,13,8,12,10,11,9,18,19,16,17,14,15],[5,3,4,2,1,0,6,7,13,8,12,10,11,9,18,16,19,17,14,15]],"obj":818.0,"max_tau_solutions":null,"centroid_x":[[0.0,0.0,0.0,0.0,0.0,0.0,1.0,1.0,1.0,1.0,1.0,1.0,1.0,1.0,1.0,1.0,1.0,1.0,1.0,1.0],[1.0,0.0,0.0,0.0,0.0,0.0,1.0,1.0,1.0,1.0,1.0,1.0,1.0,1.0,1.0,1.0,1.0,1.0,1.0,1.0],[1.0,1.0,0.0,0.0,0.0,0.0,1.0,1.0,1.0,1.0,1.0,1.0,1.0,1.0,1.0,1.0,1.0,1.0,1.0,1.0],[1.0,1.0,1.0,0.0,1.0,0.0,1.0,1.0,1.0,1.0,1.0,1.0,1.0,1.0,1.0,1.0,1.0,1.0,1.0,1.0],[1.0,1.0,1.0,0.0,0.0,0.0,1.0,1.0,1.0,1.0,1.0,1.0,1.0,1.0,1.0,1.0,1.0,1.0,1.0,1.0],[1.0,1.0,1.0,1.0,1.0,0.0,1.0,1.0,1.0,1.0,1.0,1.0,1.0,1.0,1.0,1.0,1.0,1.0,1.0,1.0],[0.0,0.0,0.0,0.0,0.0,0.0,0.0,0.4850291289,1.0,1.0,1.0,1.0,1.0,1.0,1.0,1.0,1.0,1.0,1.0,1.0],[0.0,0.0,0.0,0.0,0.0,0.0,0.5149708711,0.0,1.0,1.0,1.0,1.0,1.0,1.0,1.0,1.0,1.0,1.0,1.0,1.0],[0.0,0.0,0.0,0.0,0.0,0.0,0.0,0.0,0.0,1.0,1.0,1.0,1.0,0.0,1.0,1.0,1.0,1.0,1.0,1.0],[0.0,0.0,0.0,0.0,0.0,0.0,0.0,0.0,0.0,0.0,0.0,0.0,0.0,0.0,1.0,1.0,1.0,1.0,1.0,1.0],[0.0,0.0,0.0,0.0,0.0,0.0,0.0,0.0,0.0,1.0,0.0,1.0,0.0,0.0,1.0,1.0,1.0,1.0,1.0,1.0],[0.0,0.0,0.0,0.0,0.0,0.0,0.0,0.0,0.0,1.0,0.0,0.0,0.0,0.0,1.0,1.0,1.0,1.0,1.0,1.0],[0.0,0.0,0.0,0.0,0.0,0.0,0.0,0.0,0.0,1.0,1.0,1.0,0.0,0.0,1.0,1.0,1.0,1.0,1.0,1.0],[0.0,0.0,0.0,0.0,0.0,0.0,0.0,0.0,1.0,1.0,1.0,1.0,1.0,0.0,1.0,1.0,1.0,1.0,1.0,1.0],[0.0,0.0,0.0,0.0,0.0,0.0,0.0,0.0,0.0,0.0,0.0,0.0,0.0,0.0,0.0,1.0,0.0,0.0,0.0,0.0],[0.0,0.0,0.0,0.0,0.0,0.0,0.0,0.0,0.0,0.0,0.0,0.0,0.0,0.0,0.0,0.0,0.0,0.0,0.0,0.0],[0.0,0.0,0.0,0.0,0.0,0.0,0.0,0.0,0.0,0.0,0.0,0.0,0.0,0.0,1.0,1.0,0.0,1.0,0.0,0.5583223467],[0.0,0.0,0.0,0.0,0.0,0.0,0.0,0.0,0.0,0.0,0.0,0.0,0.0,0.0,1.0,1.0,0.0,0.0,0.0,0.4133933919],[0.0,0.0,0.0,0.0,0.0,0.0,0.0,0.0,0.0,0.0,0.0,0.0,0.0,0.0,1.0,1.0,1.0,1.0,0.0,1.0],[0.0,0.0,0.0,0.0,0.0,0.0,0.0,0.0,0.0,0.0,0.0,0.0,0.0,0.0,1.0,1.0,0.4416776533,0.5866066081,0.0,0.0]],"outlier_solution":[5,3,4,2,1,0,6,7,13,8,12,10,11,9,18,16,17,19,14,15],"dataset_id":771,"source_dataset_id":818,"options":null,"D":{"0":{"0":0,"1":3,"2":3,"3":1,"4":8,"5":5,"6":0,"7":0,"8":0,"9":0,"10":0,"11":0,"12":0,"13":0,"14":0,"15":0,"16":0,"17":0,"18":0,"19":0},"1":{"0":1,"1":0,"2":6,"3":4,"4":2,"5":2,"6":2,"7":0,"8":0,"9":0,"10":0,"11":0,"12":0,"13":0,"14":0,"15":0,"16":0,"17":0,"18":0,"19":0},"2":{"0":1,"1":2,"2":0,"3":3,"4":5,"5":1,"6":2,"7":1,"8":0,"9":0,"10":0,"11":0,"12":0,"13":0,"14":0,"15":0,"16":0,"17":0,"18":0,"19":0},"3":{"0":3,"1":2,"2":1,"3":0,"4":2,"5":7,"6":2,"7":0,"8":2,"9":0,"10":0,"11":0,"12":0,"13":0,"14":0,"15":0,"16":0,"17":0,"18":0,"19":0},"4":{"0":2,"1":1,"2":1,"3":3,"4":0,"5":5,"6":3,"7":1,"8":3,"9":1,"10":0,"11":0,"12":0,"13":0,"14":0,"15":0,"16":0,"17":0,"18":0,"19":0},"5":{"0":1,"1":4,"2":0,"3":5,"4":2,"5":0,"6":4,"7":3,"8":1,"9":3,"10":3,"11":0,"12":0,"13":0,"14":0,"15":0,"16":0,"17":0,"18":0,"19":0},"6":{"0":5,"1":2,"2":1,"3":5,"4":4,"5":3,"6":0,"7":2,"8":1,"9":4,"10":4,"11":0,"12":0,"13":0,"14":0,"15":0,"16":0,"17":0,"18":0,"19":0},"7":{"0":5,"1":6,"2":2,"3":2,"4":2,"5":2,"6":2,"7":0,"8":4,"9":2,"10":3,"11":1,"12":3,"13":0,"14":0,"15":0,"16":0,"17":0,"18":0,"19":0},"8":{"0":1,"1":2,"2":5,"3":4,"4":2,"5":3,"6":1,"7":5,"8":0,"9":3,"10":1,"11":4,"12":2,"13":4,"14":0,"15":0,"16":0,"17":0,"18":0,"19":0},"9":{"0":7,"1":5,"2":3,"3":7,"4":7,"5":3,"6":2,"7":2,"8":4,"9":0,"10":5,"11":4,"12":0,"13":7,"14":7,"15":0,"16":0,"17":0,"18":0,"19":0},"10":{"0":6,"1":5,"2":7,"3":4,"4":6,"5":1,"6":2,"7":4,"8":3,"9":1,"10":0,"11":1,"12":5,"13":1,"14":4,"15":5,"16":0,"17":0,"18":0,"19":0},"11":{"0":2,"1":7,"2":6,"3":5,"4":4,"5":5,"6":2,"7":2,"8":3,"9":3,"10":3,"11":0,"12":5,"13":4,"14":1,"15":2,"16":1,"17":0,"18":0,"19":0},"12":{"0":7,"1":3,"2":6,"3":8,"4":9,"5":4,"6":6,"7":3,"8":3,"9":1,"10":1,"11":1,"12":0,"13":1,"14":1,"15":1,"16":5,"17":2,"18":0,"19":0},"13":{"0":4,"1":8,"2":5,"3":6,"4":7,"5":2,"6":6,"7":8,"8":1,"9":3,"10":1,"11":3,"12":1,"13":0,"14":5,"15":2,"16":3,"17":2,"18":3,"19":0},"14":{"0":5,"1":5,"2":5,"3":5,"4":5,"5":2,"6":5,"7":3,"8":3,"9":3,"10":2,"11":4,"12":2,"13":4,"14":0,"15":0,"16":3,"17":6,"18":4,"19":4},"15":{"0":8,"1":6,"2":11,"3":7,"4":7,"5":4,"6":2,"7":8,"8":4,"9":3,"10":1,"11":1,"12":2,"13":3,"14":4,"15":0,"16":2,"17":1,"18":1,"19":5},"16":{"0":2,"1":2,"2":4,"3":5,"4":11,"5":5,"6":4,"7":6,"8":4,"9":7,"10":4,"11":3,"12":3,"13":3,"14":3,"15":0,"16":0,"17":1,"18":3,"19":2},"17":{"0":2,"1":8,"2":10,"3":3,"4":6,"5":5,"6":6,"7":8,"8":6,"9":1,"10":5,"11":3,"12":2,"13":3,"14":1,"15":0,"16":4,"17":0,"18":3,"19":3},"18":{"0":3,"1":5,"2":10,"3":3,"4":7,"5":3,"6":4,"7":7,"8":6,"9":3,"10":5,"11":6,"12":5,"13":4,"14":3,"15":2,"16":2,"17":2,"18":0,"19":3},"19":{"0":5,"1":6,"2":10,"3":3,"4":2,"5":10,"6":4,"7":3,"8":3,"9":7,"10":6,"11":6,"12":6,"13":6,"14":3,"15":3,"16":2,"17":3,"18":4,"19":0}},"method":"lop","closest_pair":[[5,3,4,2,1,0,7,6,13,8,12,10,11,9,18,19,16,17,14,15],[5,3,4,2,1,0,6,7,13,8,12,10,11,9,18,19,16,17,14,15]],"farthest_pair":[[5,3,4,2,1,0,6,7,13,8,12,10,11,9,18,19,16,17,14,15],[5,3,4,2,1,0,7,6,13,8,12,10,11,9,18,16,17,19,14,15]],"tau_farthest_pair":0.9684210526,"tau_closest_pair":0.9894736842,"beta":0.0000028655,"centroid_solution":[5,3,4,2,1,0,7,6,13,8,12,10,11,9,18,16,19,17,14,15]}