{"solutions":[[1,2,0,7,8,4,5,3,6,13,11,10,9,15,12,14,18,19,17,16],[1,2,0,7,8,4,5,3,6,13,11,10,9,15,12,18,14,19,17,16],[1,0,2,7,8,4,5,3,6,13,11,10,9,15,12,18,14,19,17,16],[1,0,2,7,8,4,5,3,6,13,11,10,9,15,14,12,18,19,17,16],[1,0,2,7,8,4,5,3,11,6,13,10,9,15,12,18,14,19,17,16],[1,2,0,7,8,4,5,3,6,13,11,10,9,15,14,12,18,19,17,16],[1,0,2,7,8,4,3,9,5,11,6,13,10,15,12,14,18,19,17,16],[1,0,2,7,8,4,3,9,5,6,13,11,10,15,12,18,14,19,17,16],[1,0,2,7,8,4,3,9,5,11,6,13,10,15,14,12,18,19,17,16],[1,2,0,7,8,4,5,3,11,6,13,10,9,15,12,14,18,19,17,16],[1,2,0,7,8,4,3,9,5,11,6,13,10,15,14,12,18,19,17,16],[1,2,0,7,8,4,3,9,5,6,13,11,10,15,14,12,18,19,17,16],[1,0,2,7,8,4,5,3,11,6,13,10,9,15,14,12,18,19,17,16],[1,2,0,7,8,4,5,3,11,6,13,10,9,15,14,12,18,19,17,16],[1,0,2,7,8,4,5,3,11,6,13,10,9,15,12,14,18,19,17,16],[1,2,0,7,8,4,3,9,5,11,6,13,10,15,12,14,18,19,17,16],[1,2,0,7,8,4,3,9,5,6,13,11,10,15,12,18,14,19,17,16],[1,0,2,7,8,4,3,9,5,11,6,13,10,15,12,18,14,19,17,16],[1,2,0,7,8,4,3,9,5,6,13,11,10,15,12,14,18,19,17,16],[1,0,2,7,8,4,5,3,6,13,11,10,9,15,12,14,18,19,17,16],[1,2,0,7,8,4,5,3,11,6,13,10,9,15,12,18,14,19,17,16],[1,0,2,7,8,4,3,9,5,6,13,11,10,15,12,14,18,19,17,16],[1,0,2,7,8,4,3,9,5,6,13,11,10,15,14,12,18,19,17,16],[1,2,0,7,8,4,3,9,5,11,6,13,10,15,12,18,14,19,17,16]],"obj":831.0,"max_tau_solutions":null,"centroid_x":[[0.0,0.0,0.5117783464,1.0,1.0,1.0,1.0,1.0,1.0,1.0,1.0,1.0,1.0,1.0,1.0,1.0,1.0,1.0,1.0,1.0],[1.0,0.0,1.0,1.0,1.0,1.0,1.0,1.0,1.0,1.0,1.0,1.0,1.0,1.0,1.0,1.0,1.0,1.0,1.0,1.0],[0.4882216536,0.0,0.0,1.0,1.0,1.0,1.0,1.0,1.0,1.0,1.0,1.0,1.0,1.0,1.0,1.0,1.0,1.0,1.0,1.0],[0.0,0.0,0.0,0.0,0.0,0.511870562,1.0,0.0,0.0,1.0,1.0,1.0,1.0,1.0,1.0,1.0,1.0,1.0,1.0,1.0],[0.0,0.0,0.0,1.0,0.0,1.0,1.0,0.0,0.0,1.0,1.0,1.0,1.0,1.0,1.0,1.0,1.0,1.0,1.0,1.0],[0.0,0.0,0.0,0.488129438,0.0,0.0,1.0,0.0,0.0,0.4881294346,1.0,1.0,1.0,1.0,1.0,1.0,1.0,1.0,1.0,1.0],[0.0,0.0,0.0,0.0,0.0,0.0,0.0,0.0,0.0,0.4881294843,1.0,0.5016730614,1.0,1.0,1.0,1.0,1.0,1.0,1.0,1.0],[0.0,0.0,0.0,1.0,1.0,1.0,1.0,0.0,1.0,1.0,1.0,1.0,1.0,1.0,1.0,1.0,1.0,1.0,1.0,1.0],[0.0,0.0,0.0,1.0,1.0,1.0,1.0,0.0,0.0,1.0,1.0,1.0,1.0,1.0,1.0,1.0,1.0,1.0,1.0,1.0],[0.0,0.0,0.0,0.0,0.0,0.5118705654,0.5118705157,0.0,0.0,0.0,0.511870562,0.5118705643,1.0,0.5118707088,1.0,1.0,1.0,1.0,1.0,1.0],[0.0,0.0,0.0,0.0,0.0,0.0,0.0,0.0,0.0,0.488129438,0.0,0.0,1.0,0.0,1.0,1.0,1.0,1.0,1.0,1.0],[0.0,0.0,0.0,0.0,0.0,0.0,0.4983269386,0.0,0.0,0.4881294357,1.0,0.0,1.0,0.4983269352,1.0,1.0,1.0,1.0,1.0,1.0],[0.0,0.0,0.0,0.0,0.0,0.0,0.0,0.0,0.0,0.0,0.0,0.0,0.0,0.0,0.5693474793,0.0,1.0,1.0,1.0,1.0],[0.0,0.0,0.0,0.0,0.0,0.0,0.0,0.0,0.0,0.4881292912,1.0,0.5016730648,1.0,0.0,1.0,1.0,1.0,1.0,1.0,1.0],[0.0,0.0,0.0,0.0,0.0,0.0,0.0,0.0,0.0,0.0,0.0,0.0,0.4306525207,0.0,0.0,0.0,1.0,1.0,0.568335863,1.0],[0.0,0.0,0.0,0.0,0.0,0.0,0.0,0.0,0.0,0.0,0.0,0.0,1.0,0.0,1.0,0.0,1.0,1.0,1.0,1.0],[0.0,0.0,0.0,0.0,0.0,0.0,0.0,0.0,0.0,0.0,0.0,0.0,0.0,0.0,0.0,0.0,0.0,0.0,0.0,0.0],[0.0,0.0,0.0,0.0,0.0,0.0,0.0,0.0,0.0,0.0,0.0,0.0,0.0,0.0,0.0,0.0,1.0,0.0,0.0,0.0],[0.0,0.0,0.0,0.0,0.0,0.0,0.0,0.0,0.0,0.0,0.0,0.0,0.0,0.0,0.431664137,0.0,1.0,1.0,0.0,1.0],[0.0,0.0,0.0,0.0,0.0,0.0,0.0,0.0,0.0,0.0,0.0,0.0,0.0,0.0,0.0,0.0,1.0,1.0,0.0,0.0]],"outlier_solution":[1,2,0,7,8,4,5,3,11,6,13,10,9,15,14,12,18,19,17,16],"dataset_id":782,"source_dataset_id":829,"options":null,"D":{"0":{"0":0,"1":4,"2":1,"3":2,"4":6,"5":1,"6":0,"7":0,"8":0,"9":0,"10":0,"11":0,"12":0,"13":0,"14":0,"15":0,"16":0,"17":0,"18":0,"19":0},"1":{"0":1,"1":0,"2":1,"3":0,"4":4,"5":1,"6":1,"7":0,"8":0,"9":0,"10":0,"11":0,"12":0,"13":0,"14":0,"15":0,"16":0,"17":0,"18":0,"19":0},"2":{"0":1,"1":4,"2":0,"3":2,"4":2,"5":2,"6":2,"7":3,"8":0,"9":0,"10":0,"11":0,"12":0,"13":0,"14":0,"15":0,"16":0,"17":0,"18":0,"19":0},"3":{"0":3,"1":4,"2":5,"3":0,"4":7,"5":5,"6":2,"7":2,"8":4,"9":0,"10":0,"11":0,"12":0,"13":0,"14":0,"15":0,"16":0,"17":0,"18":0,"19":0},"4":{"0":4,"1":2,"2":5,"3":4,"4":0,"5":1,"6":1,"7":4,"8":5,"9":2,"10":0,"11":0,"12":0,"13":0,"14":0,"15":0,"16":0,"17":0,"18":0,"19":0},"5":{"0":1,"1":2,"2":2,"3":4,"4":3,"5":0,"6":1,"7":3,"8":3,"9":8,"10":0,"11":0,"12":0,"13":0,"14":0,"15":0,"16":0,"17":0,"18":0,"19":0},"6":{"0":2,"1":3,"2":5,"3":5,"4":1,"5":4,"6":0,"7":1,"8":3,"9":4,"10":0,"11":1,"12":0,"13":0,"14":0,"15":0,"16":0,"17":0,"18":0,"19":0},"7":{"0":4,"1":3,"2":4,"3":2,"4":3,"5":2,"6":1,"7":0,"8":2,"9":0,"10":4,"11":3,"12":4,"13":0,"14":0,"15":0,"16":0,"17":0,"18":0,"19":0},"8":{"0":5,"1":4,"2":7,"3":4,"4":0,"5":2,"6":3,"7":3,"8":0,"9":2,"10":0,"11":0,"12":6,"13":4,"14":0,"15":0,"16":0,"17":0,"18":0,"19":0},"9":{"0":5,"1":2,"2":4,"3":6,"4":1,"5":3,"6":5,"7":4,"8":2,"9":0,"10":4,"11":3,"12":1,"13":0,"14":0,"15":0,"16":0,"17":0,"18":0,"19":0},"10":{"0":10,"1":5,"2":8,"3":5,"4":11,"5":5,"6":3,"7":4,"8":3,"9":1,"10":0,"11":3,"12":2,"13":4,"14":2,"15":2,"16":0,"17":0,"18":0,"19":0},"11":{"0":3,"1":2,"2":1,"3":4,"4":4,"5":4,"6":0,"7":2,"8":2,"9":2,"10":2,"11":0,"12":2,"13":4,"14":1,"15":0,"16":2,"17":0,"18":0,"19":0},"12":{"0":3,"1":5,"2":6,"3":4,"4":6,"5":4,"6":2,"7":2,"8":3,"9":2,"10":5,"11":3,"12":0,"13":7,"14":4,"15":4,"16":3,"17":2,"18":0,"19":0},"13":{"0":6,"1":4,"2":8,"3":4,"4":2,"5":4,"6":4,"7":6,"8":7,"9":1,"10":1,"11":3,"12":1,"13":0,"14":2,"15":3,"16":5,"17":1,"18":2,"19":0},"14":{"0":5,"1":2,"2":7,"3":4,"4":8,"5":5,"6":10,"7":5,"8":10,"9":4,"10":5,"11":1,"12":4,"13":2,"14":0,"15":2,"16":3,"17":1,"18":2,"19":1},"15":{"0":4,"1":6,"2":8,"3":5,"4":5,"5":2,"6":3,"7":9,"8":9,"9":5,"10":4,"11":1,"12":2,"13":2,"14":1,"15":0,"16":1,"17":0,"18":2,"19":2},"16":{"0":4,"1":5,"2":4,"3":6,"4":4,"5":6,"6":4,"7":3,"8":5,"9":4,"10":6,"11":0,"12":6,"13":3,"14":6,"15":5,"16":0,"17":4,"18":3,"19":2},"17":{"0":4,"1":7,"2":3,"3":3,"4":6,"5":7,"6":5,"7":7,"8":3,"9":6,"10":8,"11":5,"12":2,"13":4,"14":1,"15":1,"16":3,"17":0,"18":2,"19":3},"18":{"0":2,"1":7,"2":6,"3":5,"4":4,"5":5,"6":6,"7":9,"8":5,"9":6,"10":10,"11":4,"12":9,"13":2,"14":2,"15":4,"16":1,"17":2,"18":0,"19":1},"19":{"0":0,"1":11,"2":7,"3":8,"4":5,"5":4,"6":7,"7":10,"8":3,"9":6,"10":5,"11":7,"12":8,"13":5,"14":5,"15":1,"16":2,"17":1,"18":5,"19":0}},"method":"lop","closest_pair":[[1,0,2,7,8,4,5,3,11,6,13,10,9,15,14,12,18,19,17,16],[1,2,0,7,8,4,5,3,11,6,13,10,9,15,14,12,18,19,17,16]],"farthest_pair":[[1,0,2,7,8,4,3,9,5,6,13,11,10,15,14,12,18,19,17,16],[1,2,0,7,8,4,5,3,11,6,13,10,9,15,12,18,14,19,17,16]],"tau_farthest_pair":0.8842105263,"tau_closest_pair":0.9894736842,"beta":0.0000237102,"centroid_solution":[1,0,2,7,8,4,3,9,5,6,13,11,10,15,12,14,18,19,17,16]}