{"solutions":[[2,0,1,7,5,4,3,10,9,6,8,11,13,17,14,12,15,19,18,16],[2,0,1,7,5,4,3,9,10,6,8,11,13,16,17,14,12,15,19,18],[2,0,1,7,5,4,3,10,9,6,8,11,13,17,14,12,15,19,16,18],[2,0,1,7,5,4,3,9,10,6,8,11,13,17,14,12,15,19,18,16],[2,0,1,7,5,4,3,9,10,6,8,11,13,17,14,12,16,15,19,18],[2,0,1,7,5,4,3,10,9,6,8,11,13,17,14,12,16,15,19,18],[2,0,1,7,5,4,3,10,9,6,8,11,13,16,17,14,12,15,19,18],[2,0,1,7,5,4,3,9,10,6,8,11,13,17,14,12,15,19,16,18]],"obj":817.0,"max_tau_solutions":null,"centroid_x":[[0.0,1.0,0.0,1.0,1.0,1.0,1.0,1.0,1.0,1.0,1.0,1.0,1.0,1.0,1.0,1.0,1.0,1.0,1.0,1.0],[0.0,0.0,0.0,1.0,1.0,1.0,1.0,1.0,1.0,1.0,1.0,1.0,1.0,1.0,1.0,1.0,1.0,1.0,1.0,1.0],[1.0,1.0,0.0,1.0,1.0,1.0,1.0,1.0,1.0,1.0,1.0,1.0,1.0,1.0,1.0,1.0,1.0,1.0,1.0,1.0],[0.0,0.0,0.0,0.0,0.0,0.0,1.0,0.0,1.0,1.0,1.0,1.0,1.0,1.0,1.0,1.0,1.0,1.0,1.0,1.0],[0.0,0.0,0.0,1.0,0.0,0.0,1.0,0.0,1.0,1.0,1.0,1.0,1.0,1.0,1.0,1.0,1.0,1.0,1.0,1.0],[0.0,0.0,0.0,1.0,1.0,0.0,1.0,0.0,1.0,1.0,1.0,1.0,1.0,1.0,1.0,1.0,1.0,1.0,1.0,1.0],[0.0,0.0,0.0,0.0,0.0,0.0,0.0,0.0,1.0,0.0,0.0,1.0,1.0,1.0,1.0,1.0,1.0,1.0,1.0,1.0],[0.0,0.0,0.0,1.0,1.0,1.0,1.0,0.0,1.0,1.0,1.0,1.0,1.0,1.0,1.0,1.0,1.0,1.0,1.0,1.0],[0.0,0.0,0.0,0.0,0.0,0.0,0.0,0.0,0.0,0.0,0.0,1.0,1.0,1.0,1.0,1.0,1.0,1.0,1.0,1.0],[0.0,0.0,0.0,0.0,0.0,0.0,1.0,0.0,1.0,0.0,0.5341574282,1.0,1.0,1.0,1.0,1.0,1.0,1.0,1.0,1.0],[0.0,0.0,0.0,0.0,0.0,0.0,1.0,0.0,1.0,0.4658425718,0.0,1.0,1.0,1.0,1.0,1.0,1.0,1.0,1.0,1.0],[0.0,0.0,0.0,0.0,0.0,0.0,0.0,0.0,0.0,0.0,0.0,0.0,1.0,1.0,1.0,1.0,1.0,1.0,1.0,1.0],[0.0,0.0,0.0,0.0,0.0,0.0,0.0,0.0,0.0,0.0,0.0,0.0,0.0,0.0,0.0,1.0,0.5631838907,0.0,1.0,1.0],[0.0,0.0,0.0,0.0,0.0,0.0,0.0,0.0,0.0,0.0,0.0,0.0,1.0,0.0,1.0,1.0,1.0,1.0,1.0,1.0],[0.0,0.0,0.0,0.0,0.0,0.0,0.0,0.0,0.0,0.0,0.0,0.0,1.0,0.0,0.0,1.0,0.5631838906,0.0,1.0,1.0],[0.0,0.0,0.0,0.0,0.0,0.0,0.0,0.0,0.0,0.0,0.0,0.0,0.0,0.0,0.0,0.0,0.4350480951,0.0,1.0,1.0],[0.0,0.0,0.0,0.0,0.0,0.0,0.0,0.0,0.0,0.0,0.0,0.0,0.4368161093,0.0,0.4368161094,0.5649519049,0.0,0.4368161094,0.6908382065,0.5649519049],[0.0,0.0,0.0,0.0,0.0,0.0,0.0,0.0,0.0,0.0,0.0,0.0,1.0,0.0,1.0,1.0,0.5631838906,0.0,1.0,1.0],[0.0,0.0,0.0,0.0,0.0,0.0,0.0,0.0,0.0,0.0,0.0,0.0,0.0,0.0,0.0,0.0,0.3091617935,0.0,0.0,0.0],[0.0,0.0,0.0,0.0,0.0,0.0,0.0,0.0,0.0,0.0,0.0,0.0,0.0,0.0,0.0,0.0,0.4350480951,0.0,1.0,0.0]],"outlier_solution":[2,0,1,7,5,4,3,10,9,6,8,11,13,17,14,12,15,19,18,16],"dataset_id":786,"source_dataset_id":833,"options":null,"D":{"0":{"0":0,"1":1,"2":3,"3":8,"4":1,"5":2,"6":0,"7":0,"8":0,"9":0,"10":0,"11":0,"12":0,"13":0,"14":0,"15":0,"16":0,"17":0,"18":0,"19":0},"1":{"0":2,"1":0,"2":2,"3":3,"4":1,"5":2,"6":1,"7":0,"8":0,"9":0,"10":0,"11":0,"12":0,"13":0,"14":0,"15":0,"16":0,"17":0,"18":0,"19":0},"2":{"0":0,"1":2,"2":0,"3":2,"4":1,"5":2,"6":2,"7":2,"8":0,"9":0,"10":0,"11":0,"12":0,"13":0,"14":0,"15":0,"16":0,"17":0,"18":0,"19":0},"3":{"0":3,"1":3,"2":1,"3":0,"4":5,"5":3,"6":1,"7":6,"8":5,"9":0,"10":0,"11":0,"12":0,"13":0,"14":0,"15":0,"16":0,"17":0,"18":0,"19":0},"4":{"0":4,"1":1,"2":0,"3":0,"4":0,"5":2,"6":5,"7":5,"8":2,"9":3,"10":0,"11":0,"12":0,"13":0,"14":0,"15":0,"16":0,"17":0,"18":0,"19":0},"5":{"0":2,"1":4,"2":2,"3":3,"4":1,"5":0,"6":0,"7":3,"8":5,"9":3,"10":2,"11":0,"12":0,"13":0,"14":0,"15":0,"16":0,"17":0,"18":0,"19":0},"6":{"0":4,"1":1,"2":0,"3":3,"4":3,"5":6,"6":0,"7":2,"8":5,"9":6,"10":2,"11":1,"12":0,"13":0,"14":0,"15":0,"16":0,"17":0,"18":0,"19":0},"7":{"0":2,"1":5,"2":5,"3":0,"4":0,"5":1,"6":4,"7":0,"8":3,"9":5,"10":1,"11":3,"12":3,"13":0,"14":0,"15":0,"16":0,"17":0,"18":0,"19":0},"8":{"0":3,"1":5,"2":6,"3":4,"4":1,"5":6,"6":7,"7":4,"8":0,"9":2,"10":6,"11":2,"12":5,"13":1,"14":0,"15":0,"16":0,"17":0,"18":0,"19":0},"9":{"0":3,"1":4,"2":5,"3":6,"4":6,"5":4,"6":3,"7":1,"8":2,"9":0,"10":3,"11":5,"12":2,"13":2,"14":2,"15":0,"16":0,"17":0,"18":0,"19":0},"10":{"0":5,"1":9,"2":6,"3":3,"4":6,"5":3,"6":0,"7":4,"8":4,"9":3,"10":0,"11":2,"12":3,"13":4,"14":0,"15":2,"16":0,"17":0,"18":0,"19":0},"11":{"0":3,"1":5,"2":3,"3":6,"4":6,"5":2,"6":2,"7":6,"8":5,"9":3,"10":4,"11":0,"12":2,"13":3,"14":2,"15":4,"16":1,"17":0,"18":0,"19":0},"12":{"0":5,"1":6,"2":6,"3":6,"4":8,"5":9,"6":7,"7":1,"8":4,"9":1,"10":2,"11":3,"12":0,"13":1,"14":5,"15":1,"16":1,"17":4,"18":0,"19":0},"13":{"0":2,"1":4,"2":5,"3":5,"4":4,"5":7,"6":9,"7":4,"8":1,"9":2,"10":5,"11":4,"12":2,"13":0,"14":1,"15":2,"16":2,"17":2,"18":2,"19":0},"14":{"0":8,"1":3,"2":4,"3":5,"4":4,"5":6,"6":4,"7":6,"8":7,"9":2,"10":3,"11":3,"12":1,"13":4,"14":0,"15":3,"16":1,"17":3,"18":0,"19":3},"15":{"0":6,"1":10,"2":2,"3":4,"4":0,"5":5,"6":10,"7":5,"8":5,"9":7,"10":1,"11":3,"12":3,"13":5,"14":3,"15":0,"16":2,"17":2,"18":1,"19":4},"16":{"0":3,"1":5,"2":10,"3":7,"4":8,"5":4,"6":5,"7":5,"8":8,"9":4,"10":6,"11":4,"12":3,"13":3,"14":2,"15":1,"16":0,"17":0,"18":2,"19":2},"17":{"0":5,"1":4,"2":6,"3":6,"4":4,"5":5,"6":3,"7":2,"8":6,"9":6,"10":10,"11":4,"12":1,"13":3,"14":1,"15":2,"16":3,"17":0,"18":1,"19":2},"18":{"0":3,"1":8,"2":5,"3":5,"4":7,"5":6,"6":2,"7":3,"8":3,"9":8,"10":13,"11":10,"12":5,"13":1,"14":1,"15":2,"16":2,"17":1,"18":0,"19":3},"19":{"0":6,"1":5,"2":5,"3":2,"4":6,"5":2,"6":6,"7":6,"8":5,"9":6,"10":9,"11":2,"12":5,"13":4,"14":5,"15":6,"16":1,"17":5,"18":2,"19":0}},"method":"lop","closest_pair":[[2,0,1,7,5,4,3,10,9,6,8,11,13,17,14,12,15,19,16,18],[2,0,1,7,5,4,3,10,9,6,8,11,13,17,14,12,15,19,18,16]],"farthest_pair":[[2,0,1,7,5,4,3,9,10,6,8,11,13,16,17,14,12,15,19,18],[2,0,1,7,5,4,3,10,9,6,8,11,13,17,14,12,15,19,18,16]],"tau_farthest_pair":0.9263157895,"tau_closest_pair":0.9894736842,"beta":0.0000076208,"centroid_solution":[2,0,1,7,5,4,3,9,10,6,8,11,13,17,14,12,16,15,19,18]}