{"solutions":[[4,0,5,3,2,1,7,8,9,6,15,13,12,10,11,18,17,19,14,16],[2,4,0,3,1,10,7,8,9,6,5,15,13,12,11,18,17,19,14,16],[4,0,3,2,1,10,7,8,9,6,5,15,13,12,11,18,17,19,14,16],[4,3,2,1,0,10,7,8,9,6,5,13,15,12,11,18,17,19,14,16],[4,2,0,3,1,10,7,8,9,6,5,13,15,12,11,18,17,19,14,16],[4,0,3,2,1,10,7,8,9,6,5,13,15,12,11,18,17,19,14,16],[4,3,2,1,0,10,7,8,9,6,5,15,13,12,11,18,17,19,14,16],[4,2,0,3,1,10,7,8,9,6,5,15,13,12,11,18,17,19,14,16],[2,4,0,3,1,10,7,8,9,6,5,13,15,12,11,18,17,19,14,16],[4,0,5,3,2,1,7,8,9,6,15,13,12,11,10,18,17,19,14,16],[4,0,5,3,2,1,7,8,9,6,13,15,12,10,11,18,17,19,14,16],[4,0,5,3,2,1,7,8,9,6,13,15,12,11,10,18,17,19,14,16]],"obj":815.0,"max_tau_solutions":null,"centroid_x":[[0.0,0.7485942211,0.4665010576,0.7485942212,0.0,1.0,1.0,1.0,1.0,1.0,1.0,1.0,1.0,1.0,1.0,1.0,1.0,1.0,1.0,1.0],[0.2514057789,0.0,0.0,0.0,0.0,0.5592756974,1.0,1.0,1.0,1.0,1.0,1.0,1.0,1.0,1.0,1.0,1.0,1.0,1.0,1.0],[0.5334989424,1.0,0.0,0.2820931636,0.2394142418,0.5592756974,1.0,1.0,1.0,1.0,1.0,1.0,1.0,1.0,1.0,1.0,1.0,1.0,1.0,1.0],[0.2514057788,1.0,0.7179068364,0.0,0.0,0.5592756973,1.0,1.0,1.0,1.0,1.0,1.0,1.0,1.0,1.0,1.0,1.0,1.0,1.0,1.0],[1.0,1.0,0.7605857582,1.0,0.0,1.0,1.0,1.0,1.0,1.0,1.0,1.0,1.0,1.0,1.0,1.0,1.0,1.0,1.0,1.0],[0.0,0.4407243026,0.4407243026,0.4407243027,0.0,0.0,0.4407243013,0.4407243026,0.4407243028,0.4407243031,0.4407243026,1.0,1.0,1.0,1.0,1.0,1.0,1.0,1.0,1.0],[0.0,0.0,0.0,0.0,0.0,0.5592756987,0.0,0.0,0.0,0.0,0.4407243043,1.0,1.0,1.0,1.0,1.0,1.0,1.0,1.0,1.0],[0.0,0.0,0.0,0.0,0.0,0.5592756974,1.0,0.0,1.0,1.0,0.4407243026,1.0,1.0,1.0,1.0,1.0,1.0,1.0,1.0,1.0],[0.0,0.0,0.0,0.0,0.0,0.5592756972,1.0,0.0,0.0,1.0,0.4407243029,1.0,1.0,1.0,1.0,1.0,1.0,1.0,1.0,1.0],[0.0,0.0,0.0,0.0,0.0,0.5592756969,1.0,0.0,0.0,0.0,0.4407243026,1.0,1.0,1.0,1.0,1.0,1.0,1.0,1.0,1.0],[0.0,0.0,0.0,0.0,0.0,0.5592756974,0.5592756957,0.5592756974,0.5592756971,0.5592756974,0.0,0.7484800443,0.5592756974,0.5592756975,1.0,0.5592756974,1.0,1.0,1.0,1.0],[0.0,0.0,0.0,0.0,0.0,0.0,0.0,0.0,0.0,0.0,0.2515199557,0.0,0.0,0.0,1.0,0.0,1.0,1.0,1.0,1.0],[0.0,0.0,0.0,0.0,0.0,0.0,0.0,0.0,0.0,0.0,0.4407243026,1.0,0.0,0.0,1.0,0.0,1.0,1.0,1.0,1.0],[0.0,0.0,0.0,0.0,0.0,0.0,0.0,0.0,0.0,0.0,0.4407243025,1.0,1.0,0.0,1.0,0.4383781767,1.0,1.0,1.0,1.0],[0.0,0.0,0.0,0.0,0.0,0.0,0.0,0.0,0.0,0.0,0.0,0.0,0.0,0.0,0.0,0.0,1.0,0.0,0.0,0.0],[0.0,0.0,0.0,0.0,0.0,0.0,0.0,0.0,0.0,0.0,0.4407243026,1.0,1.0,0.5616218233,1.0,0.0,1.0,1.0,1.0,1.0],[0.0,0.0,0.0,0.0,0.0,0.0,0.0,0.0,0.0,0.0,0.0,0.0,0.0,0.0,0.0,0.0,0.0,0.0,0.0,0.0],[0.0,0.0,0.0,0.0,0.0,0.0,0.0,0.0,0.0,0.0,0.0,0.0,0.0,0.0,1.0,0.0,1.0,0.0,0.0,1.0],[0.0,0.0,0.0,0.0,0.0,0.0,0.0,0.0,0.0,0.0,0.0,0.0,0.0,0.0,1.0,0.0,1.0,1.0,0.0,1.0],[0.0,0.0,0.0,0.0,0.0,0.0,0.0,0.0,0.0,0.0,0.0,0.0,0.0,0.0,1.0,0.0,1.0,0.0,0.0,0.0]],"outlier_solution":[4,0,5,3,2,1,7,8,9,6,13,15,12,11,10,18,17,19,14,16],"dataset_id":789,"source_dataset_id":836,"options":null,"D":{"0":{"0":0,"1":4,"2":3,"3":0,"4":2,"5":2,"6":0,"7":0,"8":0,"9":0,"10":0,"11":0,"12":0,"13":0,"14":0,"15":0,"16":0,"17":0,"18":0,"19":0},"1":{"0":3,"1":0,"2":5,"3":5,"4":1,"5":1,"6":2,"7":0,"8":0,"9":0,"10":0,"11":0,"12":0,"13":0,"14":0,"15":0,"16":0,"17":0,"18":0,"19":0},"2":{"0":2,"1":3,"2":0,"3":1,"4":3,"5":5,"6":4,"7":2,"8":0,"9":0,"10":0,"11":0,"12":0,"13":0,"14":0,"15":0,"16":0,"17":0,"18":0,"19":0},"3":{"0":2,"1":1,"2":0,"3":0,"4":7,"5":6,"6":2,"7":2,"8":5,"9":0,"10":0,"11":0,"12":0,"13":0,"14":0,"15":0,"16":0,"17":0,"18":0,"19":0},"4":{"0":0,"1":0,"2":3,"3":4,"4":0,"5":2,"6":3,"7":3,"8":3,"9":2,"10":0,"11":0,"12":0,"13":0,"14":0,"15":0,"16":0,"17":0,"18":0,"19":0},"5":{"0":6,"1":0,"2":2,"3":1,"4":4,"5":0,"6":2,"7":6,"8":1,"9":2,"10":9,"11":0,"12":0,"13":0,"14":0,"15":0,"16":0,"17":0,"18":0,"19":0},"6":{"0":5,"1":5,"2":0,"3":2,"4":3,"5":0,"6":0,"7":2,"8":5,"9":4,"10":2,"11":3,"12":0,"13":0,"14":0,"15":0,"16":0,"17":0,"18":0,"19":0},"7":{"0":7,"1":4,"2":5,"3":3,"4":3,"5":4,"6":2,"7":0,"8":2,"9":0,"10":6,"11":2,"12":2,"13":0,"14":0,"15":0,"16":0,"17":0,"18":0,"19":0},"8":{"0":7,"1":8,"2":4,"3":3,"4":2,"5":1,"6":0,"7":3,"8":0,"9":0,"10":2,"11":2,"12":4,"13":3,"14":0,"15":0,"16":0,"17":0,"18":0,"19":0},"9":{"0":5,"1":3,"2":3,"3":8,"4":2,"5":2,"6":0,"7":4,"8":4,"9":0,"10":2,"11":3,"12":0,"13":3,"14":2,"15":0,"16":0,"17":0,"18":0,"19":0},"10":{"0":3,"1":2,"2":5,"3":5,"4":9,"5":2,"6":4,"7":3,"8":1,"9":2,"10":0,"11":2,"12":3,"13":5,"14":4,"15":3,"16":0,"17":0,"18":0,"19":0},"11":{"0":5,"1":5,"2":4,"3":4,"4":6,"5":4,"6":2,"7":7,"8":3,"9":3,"10":2,"11":0,"12":7,"13":2,"14":4,"15":2,"16":1,"17":0,"18":0,"19":0},"12":{"0":7,"1":4,"2":9,"3":12,"4":2,"5":5,"6":4,"7":3,"8":1,"9":3,"10":2,"11":2,"12":0,"13":5,"14":7,"15":2,"16":3,"17":3,"18":0,"19":0},"13":{"0":5,"1":5,"2":5,"3":5,"4":7,"5":4,"6":6,"7":4,"8":3,"9":0,"10":5,"11":0,"12":4,"13":0,"14":2,"15":3,"16":3,"17":1,"18":2,"19":0},"14":{"0":3,"1":3,"2":6,"3":4,"4":5,"5":5,"6":5,"7":6,"8":8,"9":2,"10":4,"11":3,"12":3,"13":3,"14":0,"15":4,"16":1,"17":4,"18":3,"19":2},"15":{"0":7,"1":7,"2":3,"3":3,"4":6,"5":2,"6":6,"7":4,"8":6,"9":13,"10":0,"11":3,"12":0,"13":3,"14":3,"15":0,"16":1,"17":0,"18":1,"19":3},"16":{"0":6,"1":5,"2":4,"3":6,"4":7,"5":1,"6":2,"7":8,"8":4,"9":2,"10":5,"11":2,"12":6,"13":5,"14":3,"15":5,"16":0,"17":4,"18":1,"19":4},"17":{"0":3,"1":8,"2":4,"3":2,"4":5,"5":6,"6":5,"7":5,"8":6,"9":5,"10":5,"11":5,"12":3,"13":1,"14":0,"15":5,"16":3,"17":0,"18":3,"19":1},"18":{"0":5,"1":9,"2":1,"3":9,"4":5,"5":3,"6":4,"7":3,"8":4,"9":4,"10":8,"11":9,"12":5,"13":2,"14":0,"15":2,"16":1,"17":1,"18":0,"19":2},"19":{"0":4,"1":4,"2":5,"3":6,"4":4,"5":9,"6":8,"7":6,"8":6,"9":5,"10":6,"11":5,"12":5,"13":9,"14":0,"15":1,"16":4,"17":2,"18":5,"19":0}},"method":"lop","closest_pair":[[4,3,2,1,0,10,7,8,9,6,5,15,13,12,11,18,17,19,14,16],[4,3,2,1,0,10,7,8,9,6,5,13,15,12,11,18,17,19,14,16]],"farthest_pair":[[4,3,2,1,0,10,7,8,9,6,5,13,15,12,11,18,17,19,14,16],[4,0,5,3,2,1,7,8,9,6,15,13,12,11,10,18,17,19,14,16]],"tau_farthest_pair":0.7894736842,"tau_closest_pair":0.9894736842,"beta":0.0001459317,"centroid_solution":[4,0,3,2,1,10,7,8,9,6,5,15,13,12,11,18,17,19,14,16]}