{"solutions":[[17,16,18,15,19,14,12,10,11,13,8,9,7,6,4,3,5,2,1,0],[17,18,16,15,19,14,12,10,11,13,8,9,7,6,4,3,5,2,1,0],[17,16,18,15,19,14,12,10,11,13,8,9,7,6,4,3,5,1,2,0],[17,16,18,19,15,14,12,10,11,13,8,9,7,6,4,5,3,2,1,0],[17,16,18,15,19,14,12,10,11,13,8,9,7,6,3,4,5,2,1,0],[17,18,16,15,19,14,12,10,11,13,8,9,7,6,4,5,3,1,2,0],[17,18,16,15,19,14,12,10,11,13,8,9,7,6,3,4,5,2,1,0],[17,18,16,19,15,14,12,10,11,13,8,9,7,6,4,5,3,2,1,0],[17,16,18,15,19,14,12,10,11,13,8,9,7,6,4,5,3,1,2,0],[17,16,18,15,19,14,12,10,11,13,8,9,7,6,3,4,5,1,2,0],[17,18,16,19,15,14,12,10,11,13,8,9,7,6,4,3,5,2,1,0],[17,16,18,15,19,14,12,10,11,13,8,9,7,6,4,5,3,2,1,0],[17,16,18,19,15,14,12,10,11,13,8,9,7,6,3,4,5,2,1,0],[17,16,18,19,15,14,12,10,11,13,8,9,7,6,4,3,5,2,1,0],[17,18,16,19,15,14,12,10,11,13,8,9,7,6,4,5,3,1,2,0],[17,16,18,19,15,14,12,10,11,13,8,9,7,6,4,5,3,1,2,0],[17,18,16,15,19,14,12,10,11,13,8,9,7,6,4,3,5,1,2,0],[17,18,16,19,15,14,12,10,11,13,8,9,7,6,3,4,5,1,2,0],[17,18,16,19,15,14,12,10,11,13,8,9,7,6,3,4,5,2,1,0],[17,18,16,15,19,14,12,10,11,13,8,9,7,6,3,4,5,1,2,0],[17,18,16,15,19,14,12,10,11,13,8,9,7,6,4,5,3,2,1,0],[17,18,16,19,15,14,12,10,11,13,8,9,7,6,4,3,5,1,2,0],[17,16,18,19,15,14,12,10,11,13,8,9,7,6,3,4,5,1,2,0],[17,16,18,19,15,14,12,10,11,13,8,9,7,6,4,3,5,1,2,0]],"obj":565.0,"max_tau_solutions":null,"centroid_x":[[0.0,0.0,0.0,0.0,0.0,0.0,0.0,0.0,0.0,0.0,0.0,0.0,0.0,0.0,0.0,0.0,0.0,0.0,0.0,0.0],[1.0,0.0,0.3342057014,0.0,0.0,0.0,0.0,0.0,0.0,0.0,0.0,0.0,0.0,0.0,0.0,0.0,0.0,0.0,0.0,0.0],[1.0,0.6657942986,0.0,0.0,0.0,0.0,0.0,0.0,0.0,0.0,0.0,0.0,0.0,0.0,0.0,0.0,0.0,0.0,0.0,0.0],[1.0,1.0,1.0,0.0,0.2762745596,0.4159849878,0.0,0.0,0.0,0.0,0.0,0.0,0.0,0.0,0.0,0.0,0.0,0.0,0.0,0.0],[1.0,1.0,1.0,0.7237254404,0.0,1.0,0.0,0.0,0.0,0.0,0.0,0.0,0.0,0.0,0.0,0.0,0.0,0.0,0.0,0.0],[1.0,1.0,1.0,0.5840150122,0.0,0.0,0.0,0.0,0.0,0.0,0.0,0.0,0.0,0.0,0.0,0.0,0.0,0.0,0.0,0.0],[1.0,1.0,1.0,1.0,1.0,1.0,0.0,0.0,0.0,0.0,0.0,0.0,0.0,0.0,0.0,0.0,0.0,0.0,0.0,0.0],[1.0,1.0,1.0,1.0,1.0,1.0,1.0,0.0,0.0,0.0,0.0,0.0,0.0,0.0,0.0,0.0,0.0,0.0,0.0,0.0],[1.0,1.0,1.0,1.0,1.0,1.0,1.0,1.0,0.0,1.0,0.0,0.0,0.0,0.0,0.0,0.0,0.0,0.0,0.0,0.0],[1.0,1.0,1.0,1.0,1.0,1.0,1.0,1.0,0.0,0.0,0.0,0.0,0.0,0.0,0.0,0.0,0.0,0.0,0.0,0.0],[1.0,1.0,1.0,1.0,1.0,1.0,1.0,1.0,1.0,1.0,0.0,1.0,0.0,1.0,0.0,0.0,0.0,0.0,0.0,0.0],[1.0,1.0,1.0,1.0,1.0,1.0,1.0,1.0,1.0,1.0,0.0,0.0,0.0,1.0,0.0,0.0,0.0,0.0,0.0,0.0],[1.0,1.0,1.0,1.0,1.0,1.0,1.0,1.0,1.0,1.0,1.0,1.0,0.0,1.0,0.0,0.0,0.0,0.0,0.0,0.0],[1.0,1.0,1.0,1.0,1.0,1.0,1.0,1.0,1.0,1.0,0.0,0.0,0.0,0.0,0.0,0.0,0.0,0.0,0.0,0.0],[1.0,1.0,1.0,1.0,1.0,1.0,1.0,1.0,1.0,1.0,1.0,1.0,1.0,1.0,0.0,0.0,0.0,0.0,0.0,0.0],[1.0,1.0,1.0,1.0,1.0,1.0,1.0,1.0,1.0,1.0,1.0,1.0,1.0,1.0,1.0,0.0,0.0,0.0,0.0,0.3834998551],[1.0,1.0,1.0,1.0,1.0,1.0,1.0,1.0,1.0,1.0,1.0,1.0,1.0,1.0,1.0,1.0,0.0,0.0,0.3527020343,1.0],[1.0,1.0,1.0,1.0,1.0,1.0,1.0,1.0,1.0,1.0,1.0,1.0,1.0,1.0,1.0,1.0,1.0,0.0,1.0,1.0],[1.0,1.0,1.0,1.0,1.0,1.0,1.0,1.0,1.0,1.0,1.0,1.0,1.0,1.0,1.0,1.0,0.6472979657,0.0,0.0,1.0],[1.0,1.0,1.0,1.0,1.0,1.0,1.0,1.0,1.0,1.0,1.0,1.0,1.0,1.0,1.0,0.6165001449,0.0,0.0,0.0,0.0]],"outlier_solution":[17,16,18,15,19,14,12,10,11,13,8,9,7,6,3,4,5,1,2,0],"dataset_id":368,"source_dataset_id":415,"options":null,"D":{"0":{"0":0,"1":5,"2":5,"3":5,"4":5,"5":5,"6":5,"7":5,"8":5,"9":2,"10":5,"11":5,"12":0,"13":5,"14":5,"15":5,"16":5,"17":5,"18":5,"19":5},"1":{"0":0,"1":0,"2":5,"3":5,"4":5,"5":5,"6":0,"7":0,"8":5,"9":5,"10":5,"11":5,"12":5,"13":5,"14":5,"15":5,"16":5,"17":5,"18":5,"19":3},"2":{"0":0,"1":0,"2":0,"3":5,"4":5,"5":5,"6":5,"7":5,"8":5,"9":5,"10":5,"11":5,"12":5,"13":5,"14":5,"15":5,"16":5,"17":5,"18":5,"19":4},"3":{"0":0,"1":0,"2":0,"3":0,"4":5,"5":4,"6":0,"7":5,"8":5,"9":5,"10":5,"11":5,"12":5,"13":0,"14":5,"15":5,"16":5,"17":5,"18":0,"19":5},"4":{"0":0,"1":0,"2":0,"3":0,"4":0,"5":5,"6":5,"7":5,"8":5,"9":0,"10":5,"11":5,"12":5,"13":5,"14":0,"15":5,"16":0,"17":5,"18":5,"19":0},"5":{"0":5,"1":0,"2":0,"3":3,"4":0,"5":0,"6":5,"7":5,"8":5,"9":5,"10":5,"11":5,"12":5,"13":5,"14":0,"15":5,"16":5,"17":5,"18":5,"19":5},"6":{"0":0,"1":0,"2":0,"3":0,"4":0,"5":2,"6":0,"7":5,"8":5,"9":0,"10":0,"11":5,"12":5,"13":4,"14":5,"15":5,"16":5,"17":5,"18":5,"19":5},"7":{"0":0,"1":0,"2":0,"3":0,"4":0,"5":4,"6":4,"7":0,"8":5,"9":5,"10":5,"11":5,"12":1,"13":5,"14":5,"15":5,"16":5,"17":5,"18":5,"19":0},"8":{"0":0,"1":0,"2":0,"3":0,"4":0,"5":0,"6":0,"7":0,"8":0,"9":5,"10":5,"11":5,"12":5,"13":0,"14":5,"15":5,"16":5,"17":5,"18":5,"19":5},"9":{"0":0,"1":0,"2":0,"3":0,"4":0,"5":0,"6":0,"7":3,"8":0,"9":0,"10":4,"11":5,"12":5,"13":5,"14":5,"15":5,"16":5,"17":0,"18":5,"19":5},"10":{"0":0,"1":0,"2":4,"3":0,"4":0,"5":0,"6":0,"7":0,"8":0,"9":0,"10":0,"11":0,"12":1,"13":0,"14":0,"15":5,"16":0,"17":5,"18":5,"19":5},"11":{"0":0,"1":0,"2":0,"3":0,"4":0,"5":0,"6":0,"7":0,"8":5,"9":0,"10":0,"11":0,"12":5,"13":5,"14":5,"15":5,"16":5,"17":5,"18":0,"19":0},"12":{"0":0,"1":0,"2":0,"3":0,"4":0,"5":0,"6":0,"7":0,"8":0,"9":0,"10":0,"11":0,"12":0,"13":5,"14":5,"15":5,"16":5,"17":5,"18":0,"19":5},"13":{"0":0,"1":0,"2":0,"3":4,"4":0,"5":0,"6":0,"7":0,"8":0,"9":0,"10":0,"11":0,"12":0,"13":0,"14":5,"15":5,"16":5,"17":5,"18":5,"19":5},"14":{"0":0,"1":0,"2":0,"3":0,"4":0,"5":0,"6":0,"7":0,"8":0,"9":0,"10":0,"11":0,"12":0,"13":0,"14":0,"15":5,"16":5,"17":5,"18":5,"19":5},"15":{"0":0,"1":1,"2":0,"3":0,"4":0,"5":0,"6":0,"7":0,"8":0,"9":0,"10":2,"11":0,"12":0,"13":0,"14":0,"15":0,"16":5,"17":5,"18":5,"19":5},"16":{"0":0,"1":0,"2":0,"3":0,"4":0,"5":0,"6":0,"7":0,"8":0,"9":0,"10":0,"11":0,"12":0,"13":0,"14":0,"15":0,"16":0,"17":5,"18":5,"19":0},"17":{"0":0,"1":0,"2":0,"3":0,"4":0,"5":0,"6":0,"7":0,"8":0,"9":0,"10":0,"11":0,"12":0,"13":0,"14":0,"15":0,"16":0,"17":0,"18":5,"19":5},"18":{"0":5,"1":0,"2":0,"3":0,"4":0,"5":0,"6":0,"7":0,"8":0,"9":0,"10":0,"11":0,"12":0,"13":0,"14":2,"15":0,"16":0,"17":0,"18":0,"19":5},"19":{"0":0,"1":0,"2":5,"3":0,"4":0,"5":0,"6":0,"7":1,"8":0,"9":0,"10":0,"11":0,"12":0,"13":0,"14":0,"15":4,"16":0,"17":0,"18":0,"19":0}},"method":"hillside","closest_pair":[[17,18,16,19,15,14,12,10,11,13,8,9,7,6,4,3,5,2,1,0],[17,18,16,19,15,14,12,10,11,13,8,9,7,6,3,4,5,2,1,0]],"farthest_pair":[[17,18,16,19,15,14,12,10,11,13,8,9,7,6,3,4,5,2,1,0],[17,16,18,15,19,14,12,10,11,13,8,9,7,6,4,5,3,1,2,0]],"tau_farthest_pair":0.9473684211,"tau_closest_pair":0.9894736842,"centroid_solution":[17,18,16,19,15,14,12,10,11,13,8,9,7,6,4,5,3,2,1,0]}