{"solutions":[[18,19,17,16,15,14,12,13,10,11,9,7,8,5,3,6,2,1,4,0],[18,19,17,16,15,14,12,13,10,11,9,7,8,3,5,6,2,1,4,0],[18,19,17,16,15,14,12,13,10,11,9,7,8,3,6,5,2,1,4,0],[18,17,19,16,15,14,12,13,10,11,9,7,8,5,3,6,2,1,4,0],[18,17,19,16,15,14,12,13,10,11,9,7,8,6,5,3,2,1,4,0],[18,17,19,16,15,14,12,13,10,11,9,7,8,3,5,6,2,1,4,0],[18,19,17,16,15,14,12,13,10,11,9,7,8,6,3,5,2,1,4,0],[18,17,19,16,15,14,12,13,10,11,9,7,8,5,6,3,2,1,4,0],[18,19,17,16,15,14,12,13,10,11,9,7,8,5,6,3,2,1,4,0],[18,19,17,16,15,14,12,13,10,11,9,7,8,6,5,3,2,1,4,0],[18,17,19,16,15,14,12,13,10,11,9,7,8,3,6,5,2,1,4,0],[18,17,19,16,15,14,12,13,10,11,9,7,8,6,3,5,2,1,4,0]],"obj":702.0,"max_tau_solutions":null,"centroid_x":[[0.0,0.0,0.0,0.0,0.0,0.0,0.0,0.0,0.0,0.0,0.0,0.0,0.0,0.0,0.0,0.0,0.0,0.0,0.0,0.0],[1.0,0.0,0.0,0.0,1.0,0.0,0.0,0.0,0.0,0.0,0.0,0.0,0.0,0.0,0.0,0.0,0.0,0.0,0.0,0.0],[1.0,1.0,0.0,0.0,1.0,0.0,0.0,0.0,0.0,0.0,0.0,0.0,0.0,0.0,0.0,0.0,0.0,0.0,0.0,0.0],[1.0,1.0,1.0,0.0,1.0,0.3485045464,0.3483081538,0.0,0.0,0.0,0.0,0.0,0.0,0.0,0.0,0.0,0.0,0.0,0.0,0.0],[1.0,0.0,0.0,0.0,0.0,0.0,0.0,0.0,0.0,0.0,0.0,0.0,0.0,0.0,0.0,0.0,0.0,0.0,0.0,0.0],[1.0,1.0,1.0,0.6514954536,1.0,0.0,0.3344483868,0.0,0.0,0.0,0.0,0.0,0.0,0.0,0.0,0.0,0.0,0.0,0.0,0.0],[1.0,1.0,1.0,0.6516918462,1.0,0.6655516132,0.0,0.0,0.0,0.0,0.0,0.0,0.0,0.0,0.0,0.0,0.0,0.0,0.0,0.0],[1.0,1.0,1.0,1.0,1.0,1.0,1.0,0.0,1.0,0.0,0.0,0.0,0.0,0.0,0.0,0.0,0.0,0.0,0.0,0.0],[1.0,1.0,1.0,1.0,1.0,1.0,1.0,0.0,0.0,0.0,0.0,0.0,0.0,0.0,0.0,0.0,0.0,0.0,0.0,0.0],[1.0,1.0,1.0,1.0,1.0,1.0,1.0,1.0,1.0,0.0,0.0,0.0,0.0,0.0,0.0,0.0,0.0,0.0,0.0,0.0],[1.0,1.0,1.0,1.0,1.0,1.0,1.0,1.0,1.0,1.0,0.0,1.0,0.0,0.0,0.0,0.0,0.0,0.0,0.0,0.0],[1.0,1.0,1.0,1.0,1.0,1.0,1.0,1.0,1.0,1.0,0.0,0.0,0.0,0.0,0.0,0.0,0.0,0.0,0.0,0.0],[1.0,1.0,1.0,1.0,1.0,1.0,1.0,1.0,1.0,1.0,1.0,1.0,0.0,1.0,0.0,0.0,0.0,0.0,0.0,0.0],[1.0,1.0,1.0,1.0,1.0,1.0,1.0,1.0,1.0,1.0,1.0,1.0,0.0,0.0,0.0,0.0,0.0,0.0,0.0,0.0],[1.0,1.0,1.0,1.0,1.0,1.0,1.0,1.0,1.0,1.0,1.0,1.0,1.0,1.0,0.0,0.0,0.0,0.0,0.0,0.0],[1.0,1.0,1.0,1.0,1.0,1.0,1.0,1.0,1.0,1.0,1.0,1.0,1.0,1.0,1.0,0.0,0.0,0.0,0.0,0.0],[1.0,1.0,1.0,1.0,1.0,1.0,1.0,1.0,1.0,1.0,1.0,1.0,1.0,1.0,1.0,1.0,0.0,0.0,0.0,0.0],[1.0,1.0,1.0,1.0,1.0,1.0,1.0,1.0,1.0,1.0,1.0,1.0,1.0,1.0,1.0,1.0,1.0,0.0,0.0,0.35084519],[1.0,1.0,1.0,1.0,1.0,1.0,1.0,1.0,1.0,1.0,1.0,1.0,1.0,1.0,1.0,1.0,1.0,1.0,0.0,1.0],[1.0,1.0,1.0,1.0,1.0,1.0,1.0,1.0,1.0,1.0,1.0,1.0,1.0,1.0,1.0,1.0,1.0,0.64915481,0.0,0.0]],"outlier_solution":[18,17,19,16,15,14,12,13,10,11,9,7,8,3,5,6,2,1,4,0],"dataset_id":369,"source_dataset_id":416,"options":null,"D":{"0":{"0":0,"1":5,"2":5,"3":5,"4":5,"5":5,"6":5,"7":5,"8":1,"9":5,"10":5,"11":0,"12":0,"13":5,"14":0,"15":0,"16":5,"17":5,"18":5,"19":5},"1":{"0":0,"1":0,"2":1,"3":5,"4":5,"5":0,"6":5,"7":5,"8":3,"9":5,"10":5,"11":5,"12":2,"13":5,"14":5,"15":5,"16":2,"17":5,"18":5,"19":0},"2":{"0":0,"1":0,"2":0,"3":5,"4":0,"5":4,"6":5,"7":5,"8":5,"9":4,"10":5,"11":5,"12":5,"13":0,"14":5,"15":0,"16":5,"17":5,"18":3,"19":5},"3":{"0":0,"1":0,"2":0,"3":0,"4":0,"5":5,"6":1,"7":5,"8":5,"9":5,"10":5,"11":5,"12":5,"13":0,"14":5,"15":5,"16":0,"17":5,"18":5,"19":5},"4":{"0":0,"1":0,"2":0,"3":0,"4":0,"5":5,"6":5,"7":5,"8":5,"9":5,"10":5,"11":5,"12":5,"13":3,"14":5,"15":5,"16":5,"17":5,"18":5,"19":5},"5":{"0":0,"1":0,"2":0,"3":0,"4":0,"5":0,"6":0,"7":5,"8":5,"9":5,"10":5,"11":5,"12":5,"13":5,"14":5,"15":5,"16":5,"17":5,"18":5,"19":0},"6":{"0":0,"1":0,"2":0,"3":0,"4":4,"5":0,"6":0,"7":5,"8":5,"9":5,"10":5,"11":5,"12":5,"13":2,"14":5,"15":5,"16":5,"17":5,"18":5,"19":5},"7":{"0":0,"1":0,"2":0,"3":0,"4":0,"5":0,"6":0,"7":0,"8":5,"9":5,"10":5,"11":3,"12":5,"13":5,"14":5,"15":5,"16":5,"17":5,"18":5,"19":0},"8":{"0":0,"1":0,"2":0,"3":0,"4":0,"5":0,"6":0,"7":0,"8":0,"9":5,"10":5,"11":5,"12":2,"13":5,"14":5,"15":5,"16":5,"17":5,"18":5,"19":5},"9":{"0":3,"1":0,"2":0,"3":0,"4":0,"5":0,"6":0,"7":0,"8":0,"9":0,"10":5,"11":5,"12":5,"13":5,"14":5,"15":5,"16":5,"17":5,"18":5,"19":5},"10":{"0":0,"1":0,"2":0,"3":0,"4":0,"5":3,"6":0,"7":0,"8":0,"9":4,"10":0,"11":5,"12":5,"13":3,"14":5,"15":0,"16":5,"17":5,"18":5,"19":1},"11":{"0":0,"1":0,"2":0,"3":5,"4":0,"5":0,"6":0,"7":0,"8":0,"9":0,"10":0,"11":0,"12":5,"13":5,"14":5,"15":3,"16":5,"17":5,"18":5,"19":5},"12":{"0":3,"1":0,"2":0,"3":0,"4":0,"5":0,"6":0,"7":0,"8":0,"9":0,"10":0,"11":0,"12":0,"13":5,"14":5,"15":5,"16":5,"17":5,"18":0,"19":0},"13":{"0":0,"1":3,"2":3,"3":0,"4":0,"5":0,"6":0,"7":0,"8":0,"9":0,"10":0,"11":0,"12":0,"13":0,"14":5,"15":5,"16":5,"17":0,"18":5,"19":0},"14":{"0":0,"1":4,"2":1,"3":0,"4":0,"5":0,"6":0,"7":0,"8":0,"9":0,"10":0,"11":0,"12":0,"13":0,"14":0,"15":5,"16":5,"17":5,"18":5,"19":3},"15":{"0":0,"1":0,"2":0,"3":1,"4":0,"5":0,"6":0,"7":0,"8":0,"9":0,"10":0,"11":0,"12":0,"13":0,"14":0,"15":0,"16":0,"17":0,"18":5,"19":5},"16":{"0":0,"1":0,"2":0,"3":0,"4":0,"5":0,"6":0,"7":0,"8":0,"9":0,"10":0,"11":0,"12":0,"13":0,"14":0,"15":0,"16":0,"17":5,"18":5,"19":5},"17":{"0":0,"1":0,"2":0,"3":0,"4":0,"5":0,"6":0,"7":0,"8":0,"9":0,"10":3,"11":0,"12":0,"13":0,"14":0,"15":0,"16":0,"17":0,"18":5,"19":5},"18":{"0":0,"1":0,"2":0,"3":0,"4":0,"5":0,"6":3,"7":0,"8":0,"9":0,"10":0,"11":0,"12":0,"13":0,"14":0,"15":4,"16":0,"17":0,"18":0,"19":5},"19":{"0":0,"1":0,"2":0,"3":0,"4":0,"5":0,"6":0,"7":0,"8":0,"9":0,"10":0,"11":0,"12":0,"13":0,"14":0,"15":0,"16":0,"17":0,"18":0,"19":0}},"method":"hillside","closest_pair":[[18,19,17,16,15,14,12,13,10,11,9,7,8,5,6,3,2,1,4,0],[18,19,17,16,15,14,12,13,10,11,9,7,8,5,3,6,2,1,4,0]],"farthest_pair":[[18,19,17,16,15,14,12,13,10,11,9,7,8,3,5,6,2,1,4,0],[18,17,19,16,15,14,12,13,10,11,9,7,8,6,5,3,2,1,4,0]],"tau_farthest_pair":0.9578947368,"tau_closest_pair":0.9894736842,"centroid_solution":[18,19,17,16,15,14,12,13,10,11,9,7,8,6,5,3,2,1,4,0]}