{"solutions":[[2,0,3,1,5,4,6,7,8,10,12,9,14,11,15,13,17,16,18,19],[2,3,0,1,4,5,6,7,8,10,12,9,14,11,15,13,17,16,18,19],[2,0,3,1,5,4,6,8,7,10,12,9,14,11,15,13,17,16,18,19],[2,3,0,1,5,4,6,7,8,10,12,9,14,11,15,13,17,16,18,19],[2,0,3,1,4,5,6,8,7,10,12,9,14,11,15,13,17,16,18,19],[2,0,3,1,4,5,6,7,8,10,12,9,14,11,15,13,17,16,18,19],[2,3,0,1,5,4,6,8,7,10,12,9,14,11,15,13,17,16,18,19],[2,3,0,1,4,5,6,8,7,10,12,9,14,11,15,13,17,16,18,19]],"obj":583.0,"max_tau_solutions":null,"centroid_x":[[0.0,1.0,0.0,0.4981736093,1.0,1.0,1.0,1.0,1.0,1.0,1.0,1.0,1.0,1.0,1.0,1.0,1.0,1.0,1.0,1.0],[0.0,0.0,0.0,0.0,1.0,1.0,1.0,1.0,1.0,1.0,1.0,1.0,1.0,1.0,1.0,1.0,1.0,1.0,1.0,1.0],[1.0,1.0,0.0,1.0,1.0,1.0,1.0,1.0,1.0,1.0,1.0,1.0,1.0,1.0,1.0,1.0,1.0,1.0,1.0,1.0],[0.5018263907,1.0,0.0,0.0,1.0,1.0,1.0,1.0,1.0,1.0,1.0,1.0,1.0,1.0,1.0,1.0,1.0,1.0,1.0,1.0],[0.0,0.0,0.0,0.0,0.0,0.5000871476,1.0,1.0,1.0,1.0,1.0,1.0,1.0,1.0,1.0,1.0,1.0,1.0,1.0,1.0],[0.0,0.0,0.0,0.0,0.4999128524,0.0,1.0,1.0,1.0,1.0,1.0,1.0,1.0,1.0,1.0,1.0,1.0,1.0,1.0,1.0],[0.0,0.0,0.0,0.0,0.0,0.0,0.0,1.0,1.0,1.0,1.0,1.0,1.0,1.0,1.0,1.0,1.0,1.0,1.0,1.0],[0.0,0.0,0.0,0.0,0.0,0.0,0.0,0.0,0.5004487975,1.0,1.0,1.0,1.0,1.0,1.0,1.0,1.0,1.0,1.0,1.0],[0.0,0.0,0.0,0.0,0.0,0.0,0.0,0.4995512025,0.0,1.0,1.0,1.0,1.0,1.0,1.0,1.0,1.0,1.0,1.0,1.0],[0.0,0.0,0.0,0.0,0.0,0.0,0.0,0.0,0.0,0.0,0.0,1.0,0.0,1.0,1.0,1.0,1.0,1.0,1.0,1.0],[0.0,0.0,0.0,0.0,0.0,0.0,0.0,0.0,0.0,1.0,0.0,1.0,1.0,1.0,1.0,1.0,1.0,1.0,1.0,1.0],[0.0,0.0,0.0,0.0,0.0,0.0,0.0,0.0,0.0,0.0,0.0,0.0,0.0,1.0,0.0,1.0,1.0,1.0,1.0,1.0],[0.0,0.0,0.0,0.0,0.0,0.0,0.0,0.0,0.0,1.0,0.0,1.0,0.0,1.0,1.0,1.0,1.0,1.0,1.0,1.0],[0.0,0.0,0.0,0.0,0.0,0.0,0.0,0.0,0.0,0.0,0.0,0.0,0.0,0.0,0.0,0.0,1.0,1.0,1.0,1.0],[0.0,0.0,0.0,0.0,0.0,0.0,0.0,0.0,0.0,0.0,0.0,1.0,0.0,1.0,0.0,1.0,1.0,1.0,1.0,1.0],[0.0,0.0,0.0,0.0,0.0,0.0,0.0,0.0,0.0,0.0,0.0,0.0,0.0,1.0,0.0,0.0,1.0,1.0,1.0,1.0],[0.0,0.0,0.0,0.0,0.0,0.0,0.0,0.0,0.0,0.0,0.0,0.0,0.0,0.0,0.0,0.0,0.0,0.0,1.0,1.0],[0.0,0.0,0.0,0.0,0.0,0.0,0.0,0.0,0.0,0.0,0.0,0.0,0.0,0.0,0.0,0.0,1.0,0.0,1.0,1.0],[0.0,0.0,0.0,0.0,0.0,0.0,0.0,0.0,0.0,0.0,0.0,0.0,0.0,0.0,0.0,0.0,0.0,0.0,0.0,1.0],[0.0,0.0,0.0,0.0,0.0,0.0,0.0,0.0,0.0,0.0,0.0,0.0,0.0,0.0,0.0,0.0,0.0,0.0,0.0,0.0]],"outlier_solution":[2,0,3,1,5,4,6,8,7,10,12,9,14,11,15,13,17,16,18,19],"dataset_id":370,"source_dataset_id":417,"options":null,"D":{"0":{"0":0,"1":0,"2":0,"3":5,"4":0,"5":0,"6":0,"7":0,"8":0,"9":0,"10":0,"11":0,"12":3,"13":0,"14":0,"15":0,"16":0,"17":0,"18":0,"19":0},"1":{"0":4,"1":0,"2":4,"3":0,"4":0,"5":0,"6":0,"7":0,"8":0,"9":0,"10":0,"11":0,"12":0,"13":0,"14":0,"15":0,"16":0,"17":0,"18":0,"19":0},"2":{"0":3,"1":1,"2":0,"3":0,"4":0,"5":0,"6":0,"7":0,"8":0,"9":0,"10":0,"11":0,"12":0,"13":0,"14":0,"15":0,"16":0,"17":0,"18":1,"19":0},"3":{"0":0,"1":5,"2":5,"3":0,"4":0,"5":0,"6":0,"7":0,"8":0,"9":0,"10":3,"11":0,"12":0,"13":0,"14":0,"15":0,"16":0,"17":0,"18":0,"19":0},"4":{"0":5,"1":5,"2":5,"3":0,"4":0,"5":0,"6":0,"7":0,"8":0,"9":0,"10":4,"11":0,"12":0,"13":0,"14":0,"15":0,"16":0,"17":1,"18":4,"19":0},"5":{"0":5,"1":5,"2":3,"3":5,"4":5,"5":0,"6":0,"7":0,"8":0,"9":0,"10":0,"11":0,"12":0,"13":0,"14":0,"15":0,"16":0,"17":0,"18":0,"19":0},"6":{"0":3,"1":5,"2":5,"3":5,"4":5,"5":5,"6":0,"7":0,"8":0,"9":0,"10":0,"11":0,"12":0,"13":0,"14":0,"15":0,"16":0,"17":0,"18":0,"19":0},"7":{"0":5,"1":5,"2":5,"3":5,"4":5,"5":0,"6":5,"7":0,"8":0,"9":0,"10":0,"11":0,"12":0,"13":0,"14":0,"15":0,"16":0,"17":0,"18":0,"19":0},"8":{"0":5,"1":0,"2":5,"3":5,"4":5,"5":5,"6":5,"7":5,"8":0,"9":0,"10":0,"11":0,"12":0,"13":0,"14":0,"15":0,"16":0,"17":0,"18":0,"19":0},"9":{"0":5,"1":5,"2":5,"3":5,"4":5,"5":5,"6":5,"7":5,"8":5,"9":0,"10":0,"11":0,"12":0,"13":0,"14":0,"15":0,"16":0,"17":0,"18":0,"19":4},"10":{"0":5,"1":5,"2":5,"3":5,"4":5,"5":5,"6":5,"7":5,"8":5,"9":5,"10":0,"11":0,"12":0,"13":0,"14":0,"15":0,"16":0,"17":0,"18":0,"19":0},"11":{"0":5,"1":5,"2":5,"3":5,"4":5,"5":5,"6":5,"7":5,"8":5,"9":0,"10":3,"11":0,"12":2,"13":0,"14":0,"15":0,"16":0,"17":1,"18":0,"19":0},"12":{"0":5,"1":0,"2":5,"3":5,"4":5,"5":5,"6":5,"7":5,"8":5,"9":5,"10":5,"11":0,"12":0,"13":0,"14":0,"15":0,"16":0,"17":0,"18":0,"19":0},"13":{"0":5,"1":2,"2":5,"3":5,"4":5,"5":5,"6":0,"7":5,"8":5,"9":5,"10":5,"11":5,"12":5,"13":0,"14":0,"15":3,"16":0,"17":0,"18":0,"19":0},"14":{"0":0,"1":0,"2":5,"3":1,"4":1,"5":5,"6":5,"7":0,"8":5,"9":5,"10":5,"11":2,"12":5,"13":5,"14":0,"15":0,"16":0,"17":0,"18":0,"19":0},"15":{"0":0,"1":1,"2":5,"3":0,"4":5,"5":5,"6":5,"7":4,"8":5,"9":5,"10":0,"11":3,"12":5,"13":0,"14":5,"15":0,"16":0,"17":0,"18":0,"19":0},"16":{"0":5,"1":5,"2":5,"3":5,"4":5,"5":5,"6":5,"7":5,"8":5,"9":5,"10":5,"11":0,"12":5,"13":5,"14":5,"15":0,"16":0,"17":0,"18":0,"19":0},"17":{"0":5,"1":0,"2":5,"3":5,"4":5,"5":5,"6":5,"7":5,"8":5,"9":3,"10":3,"11":5,"12":5,"13":5,"14":5,"15":1,"16":5,"17":0,"18":0,"19":0},"18":{"0":2,"1":5,"2":5,"3":5,"4":5,"5":5,"6":0,"7":5,"8":5,"9":5,"10":5,"11":5,"12":5,"13":5,"14":5,"15":5,"16":5,"17":5,"18":0,"19":0},"19":{"0":5,"1":0,"2":5,"3":5,"4":5,"5":1,"6":5,"7":5,"8":5,"9":5,"10":5,"11":5,"12":5,"13":5,"14":5,"15":5,"16":5,"17":5,"18":5,"19":0}},"method":"hillside","closest_pair":[[2,3,0,1,5,4,6,7,8,10,12,9,14,11,15,13,17,16,18,19],[2,3,0,1,5,4,6,8,7,10,12,9,14,11,15,13,17,16,18,19]],"farthest_pair":[[2,3,0,1,5,4,6,8,7,10,12,9,14,11,15,13,17,16,18,19],[2,0,3,1,4,5,6,7,8,10,12,9,14,11,15,13,17,16,18,19]],"centroid_solution":[2,3,0,1,4,5,6,7,8,10,12,9,14,11,15,13,17,16,18,19]}