{"solutions":[[19,16,14,17,18,13,15,12,11,10,8,9,6,4,5,7,1,2,3,0],[19,16,14,18,17,15,13,12,11,10,8,9,6,5,4,7,1,2,3,0],[19,16,14,18,17,13,15,12,11,10,8,9,6,5,4,7,1,2,3,0],[19,16,17,14,18,13,15,12,11,10,8,9,6,5,4,7,1,2,3,0],[19,16,17,14,18,13,15,12,11,10,8,9,6,4,5,7,1,2,3,0],[19,16,14,17,18,13,15,12,11,10,8,9,6,5,4,7,1,2,3,0],[19,16,17,14,18,15,13,12,11,10,8,9,6,4,5,7,1,2,3,0],[19,16,17,14,18,15,13,12,11,10,8,9,6,5,4,7,1,2,3,0],[19,16,14,17,18,15,13,12,11,10,8,9,6,5,4,7,1,2,3,0],[19,16,14,18,17,15,13,12,11,10,8,9,6,4,5,7,1,2,3,0],[19,16,14,18,17,13,15,12,11,10,8,9,6,4,5,7,1,2,3,0],[19,16,14,17,18,15,13,12,11,10,8,9,6,4,5,7,1,2,3,0]],"obj":581.0,"max_tau_solutions":null,"centroid_x":[[0.0,0.0,0.0,0.0,0.0,0.0,0.0,0.0,0.0,0.0,0.0,0.0,0.0,0.0,0.0,0.0,0.0,0.0,0.0,0.0],[1.0,0.0,1.0,1.0,0.0,0.0,0.0,0.0,0.0,0.0,0.0,0.0,0.0,0.0,0.0,0.0,0.0,0.0,0.0,0.0],[1.0,0.0,0.0,1.0,0.0,0.0,0.0,0.0,0.0,0.0,0.0,0.0,0.0,0.0,0.0,0.0,0.0,0.0,0.0,0.0],[1.0,0.0,0.0,0.0,0.0,0.0,0.0,0.0,0.0,0.0,0.0,0.0,0.0,0.0,0.0,0.0,0.0,0.0,0.0,0.0],[1.0,1.0,1.0,1.0,0.0,0.3367424698,0.0,1.0,0.0,0.0,0.0,0.0,0.0,0.0,0.0,0.0,0.0,0.0,0.0,0.0],[1.0,1.0,1.0,1.0,0.6632575302,0.0,0.0,1.0,0.0,0.0,0.0,0.0,0.0,0.0,0.0,0.0,0.0,0.0,0.0,0.0],[1.0,1.0,1.0,1.0,1.0,1.0,0.0,1.0,0.0,0.0,0.0,0.0,0.0,0.0,0.0,0.0,0.0,0.0,0.0,0.0],[1.0,1.0,1.0,1.0,0.0,0.0,0.0,0.0,0.0,0.0,0.0,0.0,0.0,0.0,0.0,0.0,0.0,0.0,0.0,0.0],[1.0,1.0,1.0,1.0,1.0,1.0,1.0,1.0,0.0,1.0,0.0,0.0,0.0,0.0,0.0,0.0,0.0,0.0,0.0,0.0],[1.0,1.0,1.0,1.0,1.0,1.0,1.0,1.0,0.0,0.0,0.0,0.0,0.0,0.0,0.0,0.0,0.0,0.0,0.0,0.0],[1.0,1.0,1.0,1.0,1.0,1.0,1.0,1.0,1.0,1.0,0.0,0.0,0.0,0.0,0.0,0.0,0.0,0.0,0.0,0.0],[1.0,1.0,1.0,1.0,1.0,1.0,1.0,1.0,1.0,1.0,1.0,0.0,0.0,0.0,0.0,0.0,0.0,0.0,0.0,0.0],[1.0,1.0,1.0,1.0,1.0,1.0,1.0,1.0,1.0,1.0,1.0,1.0,0.0,0.0,0.0,0.0,0.0,0.0,0.0,0.0],[1.0,1.0,1.0,1.0,1.0,1.0,1.0,1.0,1.0,1.0,1.0,1.0,1.0,0.0,0.0,0.3428090922,0.0,0.0,0.0,0.0],[1.0,1.0,1.0,1.0,1.0,1.0,1.0,1.0,1.0,1.0,1.0,1.0,1.0,1.0,0.0,1.0,0.0,0.5097922132,1.0,0.0],[1.0,1.0,1.0,1.0,1.0,1.0,1.0,1.0,1.0,1.0,1.0,1.0,1.0,0.6571909078,0.0,0.0,0.0,0.0,0.0,0.0],[1.0,1.0,1.0,1.0,1.0,1.0,1.0,1.0,1.0,1.0,1.0,1.0,1.0,1.0,1.0,1.0,0.0,1.0,1.0,0.0],[1.0,1.0,1.0,1.0,1.0,1.0,1.0,1.0,1.0,1.0,1.0,1.0,1.0,1.0,0.4902077868,1.0,0.0,0.0,0.527696463,0.0],[1.0,1.0,1.0,1.0,1.0,1.0,1.0,1.0,1.0,1.0,1.0,1.0,1.0,1.0,0.0,1.0,0.0,0.472303537,0.0,0.0],[1.0,1.0,1.0,1.0,1.0,1.0,1.0,1.0,1.0,1.0,1.0,1.0,1.0,1.0,1.0,1.0,1.0,1.0,1.0,0.0]],"outlier_solution":[19,16,14,18,17,13,15,12,11,10,8,9,6,4,5,7,1,2,3,0],"dataset_id":371,"source_dataset_id":418,"options":null,"D":{"0":{"0":0,"1":5,"2":5,"3":5,"4":5,"5":5,"6":5,"7":2,"8":5,"9":5,"10":5,"11":5,"12":5,"13":5,"14":5,"15":5,"16":5,"17":5,"18":0,"19":5},"1":{"0":0,"1":0,"2":5,"3":0,"4":5,"5":5,"6":0,"7":0,"8":5,"9":5,"10":5,"11":5,"12":5,"13":5,"14":5,"15":5,"16":5,"17":5,"18":5,"19":5},"2":{"0":0,"1":0,"2":0,"3":5,"4":5,"5":0,"6":5,"7":5,"8":5,"9":5,"10":5,"11":5,"12":5,"13":5,"14":5,"15":0,"16":5,"17":5,"18":5,"19":5},"3":{"0":0,"1":0,"2":0,"3":0,"4":5,"5":5,"6":5,"7":5,"8":5,"9":1,"10":5,"11":5,"12":5,"13":5,"14":5,"15":5,"16":5,"17":5,"18":5,"19":5},"4":{"0":3,"1":0,"2":4,"3":1,"4":0,"5":5,"6":0,"7":5,"8":5,"9":5,"10":5,"11":0,"12":5,"13":4,"14":5,"15":4,"16":0,"17":0,"18":4,"19":3},"5":{"0":0,"1":0,"2":0,"3":0,"4":0,"5":0,"6":5,"7":5,"8":0,"9":2,"10":5,"11":5,"12":5,"13":5,"14":5,"15":4,"16":5,"17":5,"18":5,"19":5},"6":{"0":0,"1":0,"2":0,"3":0,"4":0,"5":0,"6":0,"7":0,"8":5,"9":0,"10":5,"11":5,"12":5,"13":5,"14":5,"15":5,"16":5,"17":5,"18":0,"19":5},"7":{"0":0,"1":0,"2":0,"3":0,"4":0,"5":0,"6":0,"7":0,"8":5,"9":5,"10":5,"11":5,"12":5,"13":5,"14":5,"15":5,"16":5,"17":5,"18":5,"19":5},"8":{"0":0,"1":0,"2":0,"3":0,"4":0,"5":4,"6":0,"7":0,"8":0,"9":5,"10":5,"11":5,"12":5,"13":0,"14":5,"15":5,"16":5,"17":0,"18":5,"19":5},"9":{"0":0,"1":3,"2":0,"3":0,"4":0,"5":0,"6":0,"7":0,"8":0,"9":0,"10":5,"11":5,"12":5,"13":5,"14":5,"15":5,"16":5,"17":5,"18":5,"19":0},"10":{"0":0,"1":0,"2":0,"3":0,"4":0,"5":0,"6":0,"7":0,"8":0,"9":0,"10":0,"11":5,"12":5,"13":5,"14":5,"15":5,"16":5,"17":0,"18":5,"19":0},"11":{"0":0,"1":0,"2":0,"3":0,"4":0,"5":0,"6":0,"7":0,"8":0,"9":0,"10":0,"11":0,"12":5,"13":5,"14":5,"15":5,"16":1,"17":0,"18":5,"19":5},"12":{"0":0,"1":2,"2":0,"3":0,"4":0,"5":0,"6":0,"7":0,"8":0,"9":0,"10":0,"11":0,"12":0,"13":5,"14":5,"15":5,"16":5,"17":5,"18":5,"19":5},"13":{"0":0,"1":0,"2":0,"3":0,"4":0,"5":0,"6":0,"7":0,"8":0,"9":0,"10":0,"11":0,"12":0,"13":0,"14":5,"15":5,"16":5,"17":5,"18":5,"19":5},"14":{"0":0,"1":0,"2":0,"3":0,"4":0,"5":0,"6":0,"7":0,"8":0,"9":0,"10":0,"11":0,"12":0,"13":0,"14":0,"15":5,"16":5,"17":0,"18":5,"19":5},"15":{"0":0,"1":0,"2":0,"3":0,"4":0,"5":0,"6":0,"7":0,"8":1,"9":0,"10":0,"11":0,"12":0,"13":1,"14":0,"15":0,"16":5,"17":5,"18":5,"19":0},"16":{"0":0,"1":0,"2":0,"3":0,"4":0,"5":0,"6":0,"7":0,"8":0,"9":0,"10":0,"11":0,"12":0,"13":0,"14":0,"15":0,"16":0,"17":5,"18":5,"19":0},"17":{"0":0,"1":0,"2":0,"3":2,"4":0,"5":0,"6":0,"7":0,"8":0,"9":0,"10":0,"11":0,"12":0,"13":0,"14":0,"15":0,"16":0,"17":0,"18":5,"19":5},"18":{"0":5,"1":3,"2":2,"3":0,"4":0,"5":0,"6":0,"7":0,"8":0,"9":0,"10":0,"11":0,"12":1,"13":0,"14":0,"15":0,"16":0,"17":5,"18":0,"19":5},"19":{"0":0,"1":0,"2":0,"3":0,"4":0,"5":0,"6":0,"7":0,"8":0,"9":0,"10":0,"11":0,"12":0,"13":2,"14":0,"15":0,"16":0,"17":0,"18":0,"19":0}},"method":"hillside","closest_pair":[[19,16,14,17,18,15,13,12,11,10,8,9,6,5,4,7,1,2,3,0],[19,16,17,14,18,15,13,12,11,10,8,9,6,5,4,7,1,2,3,0]],"farthest_pair":[[19,16,14,18,17,15,13,12,11,10,8,9,6,5,4,7,1,2,3,0],[19,16,17,14,18,13,15,12,11,10,8,9,6,4,5,7,1,2,3,0]],"tau_farthest_pair":0.9578947368,"tau_closest_pair":0.9894736842,"centroid_solution":[19,16,14,17,18,15,13,12,11,10,8,9,6,5,4,7,1,2,3,0]}