{"solutions":[[19,17,18,16,14,15,13,12,11,8,9,10,7,5,4,6,1,2,3,0],[19,18,17,16,14,15,13,12,11,8,9,10,7,5,6,4,1,2,3,0],[19,17,18,16,14,15,13,12,11,8,9,10,7,5,6,4,1,2,3,0],[19,18,17,16,14,15,13,12,11,8,9,10,7,5,4,6,1,2,3,0],[19,18,17,16,14,15,13,12,11,8,9,10,7,5,6,4,1,3,2,0],[19,17,18,16,14,15,13,12,11,8,9,10,7,5,4,6,1,3,2,0],[19,18,17,16,14,15,13,12,11,8,9,10,7,5,4,6,1,3,2,0],[19,17,18,16,14,15,13,12,11,8,9,10,7,5,6,4,1,3,2,0]],"obj":520.0,"max_tau_solutions":null,"centroid_x":[[0.0,0.0,0.0,0.0,0.0,0.0,0.0,0.0,0.0,0.0,0.0,0.0,0.0,0.0,0.0,0.0,0.0,0.0,0.0,0.0],[1.0,0.0,1.0,1.0,0.0,0.0,0.0,0.0,0.0,0.0,0.0,0.0,0.0,0.0,0.0,0.0,0.0,0.0,0.0,0.0],[1.0,0.0,0.0,0.3557630438,0.0,0.0,0.0,0.0,0.0,0.0,0.0,0.0,0.0,0.0,0.0,0.0,0.0,0.0,0.0,0.0],[1.0,0.0,0.6442369562,0.0,0.0,0.0,0.0,0.0,0.0,0.0,0.0,0.0,0.0,0.0,0.0,0.0,0.0,0.0,0.0,0.0],[1.0,1.0,1.0,1.0,0.0,0.0,0.3512311977,0.0,0.0,0.0,0.0,0.0,0.0,0.0,0.0,0.0,0.0,0.0,0.0,0.0],[1.0,1.0,1.0,1.0,1.0,0.0,1.0,0.0,0.0,0.0,0.0,0.0,0.0,0.0,0.0,0.0,0.0,0.0,0.0,0.0],[1.0,1.0,1.0,1.0,0.6487688023,0.0,0.0,0.0,0.0,0.0,0.0,0.0,0.0,0.0,0.0,0.0,0.0,0.0,0.0,0.0],[1.0,1.0,1.0,1.0,1.0,1.0,1.0,0.0,0.0,0.0,0.0,0.0,0.0,0.0,0.0,0.0,0.0,0.0,0.0,0.0],[1.0,1.0,1.0,1.0,1.0,1.0,1.0,1.0,0.0,1.0,1.0,0.0,0.0,0.0,0.0,0.0,0.0,0.0,0.0,0.0],[1.0,1.0,1.0,1.0,1.0,1.0,1.0,1.0,0.0,0.0,1.0,0.0,0.0,0.0,0.0,0.0,0.0,0.0,0.0,0.0],[1.0,1.0,1.0,1.0,1.0,1.0,1.0,1.0,0.0,0.0,0.0,0.0,0.0,0.0,0.0,0.0,0.0,0.0,0.0,0.0],[1.0,1.0,1.0,1.0,1.0,1.0,1.0,1.0,1.0,1.0,1.0,0.0,0.0,0.0,0.0,0.0,0.0,0.0,0.0,0.0],[1.0,1.0,1.0,1.0,1.0,1.0,1.0,1.0,1.0,1.0,1.0,1.0,0.0,0.0,0.0,0.0,0.0,0.0,0.0,0.0],[1.0,1.0,1.0,1.0,1.0,1.0,1.0,1.0,1.0,1.0,1.0,1.0,1.0,0.0,0.0,0.0,0.0,0.0,0.0,0.0],[1.0,1.0,1.0,1.0,1.0,1.0,1.0,1.0,1.0,1.0,1.0,1.0,1.0,1.0,0.0,1.0,0.0,0.0,0.0,0.0],[1.0,1.0,1.0,1.0,1.0,1.0,1.0,1.0,1.0,1.0,1.0,1.0,1.0,1.0,0.0,0.0,0.0,0.0,0.0,0.0],[1.0,1.0,1.0,1.0,1.0,1.0,1.0,1.0,1.0,1.0,1.0,1.0,1.0,1.0,1.0,1.0,0.0,0.0,0.0,0.0],[1.0,1.0,1.0,1.0,1.0,1.0,1.0,1.0,1.0,1.0,1.0,1.0,1.0,1.0,1.0,1.0,1.0,0.0,0.3373621996,0.0],[1.0,1.0,1.0,1.0,1.0,1.0,1.0,1.0,1.0,1.0,1.0,1.0,1.0,1.0,1.0,1.0,1.0,0.6626378004,0.0,0.0],[1.0,1.0,1.0,1.0,1.0,1.0,1.0,1.0,1.0,1.0,1.0,1.0,1.0,1.0,1.0,1.0,1.0,1.0,1.0,0.0]],"outlier_solution":[19,17,18,16,14,15,13,12,11,8,9,10,7,5,4,6,1,2,3,0],"dataset_id":373,"source_dataset_id":420,"options":null,"D":{"0":{"0":0,"1":5,"2":5,"3":5,"4":0,"5":5,"6":5,"7":5,"8":0,"9":5,"10":5,"11":5,"12":0,"13":5,"14":5,"15":5,"16":5,"17":5,"18":5,"19":5},"1":{"0":0,"1":0,"2":5,"3":5,"4":3,"5":0,"6":0,"7":3,"8":5,"9":5,"10":5,"11":5,"12":5,"13":5,"14":5,"15":5,"16":5,"17":5,"18":5,"19":5},"2":{"0":0,"1":0,"2":0,"3":0,"4":5,"5":5,"6":5,"7":5,"8":5,"9":0,"10":5,"11":0,"12":5,"13":5,"14":5,"15":5,"16":5,"17":5,"18":5,"19":1},"3":{"0":0,"1":2,"2":0,"3":0,"4":5,"5":5,"6":5,"7":0,"8":5,"9":5,"10":5,"11":5,"12":5,"13":5,"14":5,"15":5,"16":0,"17":5,"18":5,"19":5},"4":{"0":0,"1":0,"2":0,"3":0,"4":0,"5":5,"6":0,"7":5,"8":5,"9":5,"10":5,"11":5,"12":5,"13":5,"14":5,"15":5,"16":4,"17":5,"18":5,"19":5},"5":{"0":0,"1":5,"2":0,"3":0,"4":0,"5":0,"6":5,"7":5,"8":5,"9":1,"10":0,"11":5,"12":5,"13":5,"14":5,"15":0,"16":5,"17":5,"18":2,"19":5},"6":{"0":0,"1":0,"2":0,"3":0,"4":0,"5":0,"6":0,"7":5,"8":5,"9":5,"10":5,"11":5,"12":5,"13":5,"14":5,"15":5,"16":5,"17":5,"18":5,"19":5},"7":{"0":0,"1":5,"2":0,"3":0,"4":0,"5":0,"6":0,"7":0,"8":5,"9":1,"10":0,"11":5,"12":5,"13":5,"14":5,"15":5,"16":5,"17":1,"18":5,"19":5},"8":{"0":0,"1":0,"2":0,"3":0,"4":0,"5":3,"6":0,"7":0,"8":0,"9":5,"10":5,"11":1,"12":5,"13":5,"14":3,"15":0,"16":0,"17":5,"18":5,"19":0},"9":{"0":0,"1":0,"2":0,"3":0,"4":0,"5":0,"6":0,"7":0,"8":0,"9":0,"10":5,"11":5,"12":5,"13":5,"14":5,"15":5,"16":5,"17":5,"18":5,"19":5},"10":{"0":0,"1":0,"2":0,"3":0,"4":0,"5":0,"6":0,"7":0,"8":0,"9":0,"10":0,"11":5,"12":5,"13":5,"14":5,"15":5,"16":5,"17":5,"18":5,"19":5},"11":{"0":0,"1":0,"2":0,"3":4,"4":0,"5":0,"6":0,"7":0,"8":0,"9":0,"10":0,"11":0,"12":5,"13":5,"14":5,"15":5,"16":5,"17":5,"18":5,"19":5},"12":{"0":0,"1":0,"2":0,"3":0,"4":0,"5":0,"6":0,"7":0,"8":0,"9":1,"10":0,"11":0,"12":0,"13":5,"14":5,"15":4,"16":5,"17":5,"18":5,"19":5},"13":{"0":4,"1":2,"2":0,"3":2,"4":0,"5":0,"6":0,"7":0,"8":0,"9":0,"10":0,"11":0,"12":0,"13":0,"14":5,"15":5,"16":0,"17":5,"18":5,"19":5},"14":{"0":0,"1":0,"2":0,"3":0,"4":0,"5":0,"6":0,"7":0,"8":0,"9":5,"10":0,"11":0,"12":0,"13":0,"14":0,"15":5,"16":5,"17":5,"18":0,"19":5},"15":{"0":0,"1":0,"2":0,"3":0,"4":0,"5":0,"6":0,"7":0,"8":0,"9":0,"10":0,"11":2,"12":0,"13":0,"14":3,"15":0,"16":0,"17":5,"18":0,"19":5},"16":{"0":0,"1":0,"2":0,"3":0,"4":0,"5":0,"6":0,"7":0,"8":0,"9":0,"10":0,"11":0,"12":0,"13":0,"14":0,"15":0,"16":0,"17":4,"18":0,"19":0},"17":{"0":0,"1":0,"2":0,"3":0,"4":3,"5":0,"6":0,"7":2,"8":0,"9":0,"10":0,"11":0,"12":0,"13":0,"14":0,"15":0,"16":0,"17":0,"18":5,"19":4},"18":{"0":0,"1":0,"2":0,"3":0,"4":0,"5":0,"6":0,"7":0,"8":0,"9":0,"10":0,"11":0,"12":0,"13":0,"14":0,"15":0,"16":0,"17":0,"18":0,"19":5},"19":{"0":0,"1":0,"2":0,"3":0,"4":0,"5":0,"6":0,"7":0,"8":0,"9":1,"10":0,"11":0,"12":0,"13":0,"14":0,"15":0,"16":0,"17":0,"18":0,"19":0}},"method":"hillside","closest_pair":[[19,17,18,16,14,15,13,12,11,8,9,10,7,5,6,4,1,3,2,0],[19,18,17,16,14,15,13,12,11,8,9,10,7,5,6,4,1,3,2,0]],"farthest_pair":[[19,18,17,16,14,15,13,12,11,8,9,10,7,5,6,4,1,3,2,0],[19,17,18,16,14,15,13,12,11,8,9,10,7,5,4,6,1,2,3,0]],"tau_farthest_pair":0.9684210526,"tau_closest_pair":0.9894736842,"centroid_solution":[19,18,17,16,14,15,13,12,11,8,9,10,7,5,6,4,1,3,2,0]}