{"solutions":[[0,1,5,2,3,4,7,6,9,8,10,12,11,13,15,14,16,17,18,19],[0,1,5,2,3,4,7,6,8,9,10,12,11,13,15,16,14,17,18,19],[0,1,2,5,3,4,7,6,9,8,10,12,11,13,14,16,15,17,18,19],[0,1,2,5,3,4,7,6,9,8,10,12,11,13,16,14,15,17,18,19],[0,1,2,5,3,4,7,6,9,8,10,12,11,13,15,16,14,17,18,19],[0,1,2,5,3,4,7,6,8,9,10,12,11,13,16,14,15,17,18,19],[0,1,2,5,3,4,7,6,9,8,10,12,11,13,14,15,16,17,18,19],[0,1,5,2,3,4,7,6,9,8,10,12,11,13,14,16,15,17,18,19],[0,1,5,2,3,4,7,6,8,9,10,12,11,13,16,14,15,17,18,19],[0,1,2,5,3,4,7,6,9,8,10,12,11,13,16,15,14,17,18,19],[0,1,5,2,3,4,7,6,8,9,10,12,11,13,14,15,16,17,18,19],[0,1,5,2,3,4,7,6,9,8,10,12,11,13,16,14,15,17,18,19],[0,1,2,5,3,4,7,6,8,9,10,12,11,13,16,15,14,17,18,19],[0,1,5,2,3,4,7,6,9,8,10,12,11,13,14,15,16,17,18,19],[0,1,5,2,3,4,7,6,8,9,10,12,11,13,16,15,14,17,18,19],[0,1,2,5,3,4,7,6,8,9,10,12,11,13,14,16,15,17,18,19],[0,1,5,2,3,4,7,6,8,9,10,12,11,13,14,16,15,17,18,19],[0,1,2,5,3,4,7,6,8,9,10,12,11,13,15,14,16,17,18,19],[0,1,5,2,3,4,7,6,9,8,10,12,11,13,16,15,14,17,18,19],[0,1,5,2,3,4,7,6,9,8,10,12,11,13,15,16,14,17,18,19],[0,1,2,5,3,4,7,6,8,9,10,12,11,13,14,15,16,17,18,19],[0,1,2,5,3,4,7,6,9,8,10,12,11,13,15,14,16,17,18,19],[0,1,5,2,3,4,7,6,8,9,10,12,11,13,15,14,16,17,18,19],[0,1,2,5,3,4,7,6,8,9,10,12,11,13,15,16,14,17,18,19]],"obj":629.0,"max_tau_solutions":null,"centroid_x":[[0.0,1.0,1.0,1.0,1.0,1.0,1.0,1.0,1.0,1.0,1.0,1.0,1.0,1.0,1.0,1.0,1.0,1.0,1.0,1.0],[0.0,0.0,1.0,1.0,1.0,1.0,1.0,1.0,1.0,1.0,1.0,1.0,1.0,1.0,1.0,1.0,1.0,1.0,1.0,1.0],[0.0,0.0,0.0,1.0,1.0,0.4999775453,1.0,1.0,1.0,1.0,1.0,1.0,1.0,1.0,1.0,1.0,1.0,1.0,1.0,1.0],[0.0,0.0,0.0,0.0,1.0,0.0,1.0,1.0,1.0,1.0,1.0,1.0,1.0,1.0,1.0,1.0,1.0,1.0,1.0,1.0],[0.0,0.0,0.0,0.0,0.0,0.0,1.0,1.0,1.0,1.0,1.0,1.0,1.0,1.0,1.0,1.0,1.0,1.0,1.0,1.0],[0.0,0.0,0.5000224547,1.0,1.0,0.0,1.0,1.0,1.0,1.0,1.0,1.0,1.0,1.0,1.0,1.0,1.0,1.0,1.0,1.0],[0.0,0.0,0.0,0.0,0.0,0.0,0.0,0.0,1.0,1.0,1.0,1.0,1.0,1.0,1.0,1.0,1.0,1.0,1.0,1.0],[0.0,0.0,0.0,0.0,0.0,0.0,1.0,0.0,1.0,1.0,1.0,1.0,1.0,1.0,1.0,1.0,1.0,1.0,1.0,1.0],[0.0,0.0,0.0,0.0,0.0,0.0,0.0,0.0,0.0,0.4733259218,1.0,1.0,1.0,1.0,1.0,1.0,1.0,1.0,1.0,1.0],[0.0,0.0,0.0,0.0,0.0,0.0,0.0,0.0,0.5266740782,0.0,1.0,1.0,1.0,1.0,1.0,1.0,1.0,1.0,1.0,1.0],[0.0,0.0,0.0,0.0,0.0,0.0,0.0,0.0,0.0,0.0,0.0,1.0,1.0,1.0,1.0,1.0,1.0,1.0,1.0,1.0],[0.0,0.0,0.0,0.0,0.0,0.0,0.0,0.0,0.0,0.0,0.0,0.0,0.0,1.0,1.0,1.0,1.0,1.0,1.0,1.0],[0.0,0.0,0.0,0.0,0.0,0.0,0.0,0.0,0.0,0.0,0.0,1.0,0.0,1.0,1.0,1.0,1.0,1.0,1.0,1.0],[0.0,0.0,0.0,0.0,0.0,0.0,0.0,0.0,0.0,0.0,0.0,0.0,0.0,0.0,1.0,1.0,1.0,1.0,1.0,1.0],[0.0,0.0,0.0,0.0,0.0,0.0,0.0,0.0,0.0,0.0,0.0,0.0,0.0,0.0,0.0,0.5007018486,0.5003055438,1.0,1.0,1.0],[0.0,0.0,0.0,0.0,0.0,0.0,0.0,0.0,0.0,0.0,0.0,0.0,0.0,0.0,0.4992981514,0.0,0.4996712386,1.0,1.0,1.0],[0.0,0.0,0.0,0.0,0.0,0.0,0.0,0.0,0.0,0.0,0.0,0.0,0.0,0.0,0.4996944562,0.5003287614,0.0,1.0,1.0,1.0],[0.0,0.0,0.0,0.0,0.0,0.0,0.0,0.0,0.0,0.0,0.0,0.0,0.0,0.0,0.0,0.0,0.0,0.0,1.0,1.0],[0.0,0.0,0.0,0.0,0.0,0.0,0.0,0.0,0.0,0.0,0.0,0.0,0.0,0.0,0.0,0.0,0.0,0.0,0.0,1.0],[0.0,0.0,0.0,0.0,0.0,0.0,0.0,0.0,0.0,0.0,0.0,0.0,0.0,0.0,0.0,0.0,0.0,0.0,0.0,0.0]],"outlier_solution":[0,1,2,5,3,4,7,6,8,9,10,12,11,13,15,16,14,17,18,19],"dataset_id":376,"source_dataset_id":423,"options":null,"D":{"0":{"0":0,"1":0,"2":0,"3":0,"4":0,"5":0,"6":0,"7":0,"8":0,"9":5,"10":0,"11":0,"12":2,"13":0,"14":0,"15":0,"16":0,"17":3,"18":2,"19":0},"1":{"0":5,"1":0,"2":0,"3":0,"4":0,"5":0,"6":0,"7":0,"8":0,"9":0,"10":0,"11":0,"12":3,"13":0,"14":0,"15":0,"16":0,"17":0,"18":0,"19":0},"2":{"0":5,"1":5,"2":0,"3":0,"4":0,"5":0,"6":0,"7":0,"8":0,"9":0,"10":0,"11":0,"12":0,"13":0,"14":0,"15":0,"16":0,"17":0,"18":0,"19":0},"3":{"0":5,"1":5,"2":5,"3":0,"4":0,"5":0,"6":0,"7":0,"8":0,"9":0,"10":0,"11":0,"12":0,"13":0,"14":0,"15":0,"16":0,"17":5,"18":0,"19":0},"4":{"0":0,"1":5,"2":5,"3":5,"4":0,"5":0,"6":0,"7":2,"8":0,"9":0,"10":0,"11":0,"12":0,"13":0,"14":0,"15":5,"16":0,"17":0,"18":0,"19":0},"5":{"0":0,"1":5,"2":0,"3":5,"4":0,"5":0,"6":0,"7":0,"8":0,"9":0,"10":0,"11":0,"12":0,"13":0,"14":0,"15":0,"16":0,"17":0,"18":0,"19":0},"6":{"0":5,"1":5,"2":5,"3":5,"4":5,"5":5,"6":0,"7":0,"8":0,"9":0,"10":0,"11":0,"12":0,"13":0,"14":0,"15":0,"16":0,"17":0,"18":0,"19":0},"7":{"0":5,"1":3,"2":0,"3":5,"4":3,"5":0,"6":5,"7":0,"8":0,"9":0,"10":1,"11":0,"12":0,"13":3,"14":0,"15":0,"16":0,"17":5,"18":3,"19":0},"8":{"0":5,"1":5,"2":5,"3":5,"4":0,"5":5,"6":5,"7":5,"8":0,"9":0,"10":0,"11":0,"12":0,"13":0,"14":0,"15":0,"16":0,"17":2,"18":0,"19":0},"9":{"0":5,"1":0,"2":5,"3":5,"4":5,"5":5,"6":5,"7":5,"8":5,"9":0,"10":0,"11":0,"12":0,"13":0,"14":0,"15":0,"16":0,"17":0,"18":0,"19":0},"10":{"0":5,"1":0,"2":5,"3":5,"4":5,"5":5,"6":3,"7":5,"8":5,"9":5,"10":0,"11":0,"12":3,"13":0,"14":0,"15":0,"16":0,"17":2,"18":0,"19":0},"11":{"0":5,"1":5,"2":5,"3":5,"4":5,"5":5,"6":1,"7":5,"8":5,"9":5,"10":5,"11":0,"12":0,"13":0,"14":0,"15":0,"16":0,"17":0,"18":0,"19":0},"12":{"0":5,"1":5,"2":5,"3":5,"4":5,"5":5,"6":5,"7":5,"8":5,"9":5,"10":5,"11":0,"12":0,"13":5,"14":0,"15":0,"16":0,"17":0,"18":0,"19":0},"13":{"0":5,"1":5,"2":0,"3":5,"4":5,"5":5,"6":1,"7":5,"8":5,"9":5,"10":5,"11":5,"12":5,"13":0,"14":0,"15":0,"16":1,"17":0,"18":0,"19":0},"14":{"0":5,"1":5,"2":4,"3":5,"4":5,"5":5,"6":5,"7":5,"8":5,"9":5,"10":5,"11":5,"12":5,"13":5,"14":0,"15":0,"16":0,"17":0,"18":0,"19":0},"15":{"0":5,"1":5,"2":5,"3":5,"4":5,"5":5,"6":5,"7":0,"8":5,"9":5,"10":5,"11":5,"12":5,"13":5,"14":5,"15":0,"16":0,"17":0,"18":0,"19":0},"16":{"0":0,"1":0,"2":5,"3":2,"4":5,"5":5,"6":5,"7":5,"8":5,"9":5,"10":5,"11":5,"12":5,"13":0,"14":5,"15":5,"16":0,"17":0,"18":0,"19":0},"17":{"0":5,"1":5,"2":5,"3":5,"4":5,"5":5,"6":5,"7":5,"8":5,"9":5,"10":5,"11":0,"12":0,"13":5,"14":5,"15":5,"16":5,"17":0,"18":0,"19":2},"18":{"0":5,"1":0,"2":5,"3":5,"4":0,"5":5,"6":5,"7":5,"8":5,"9":5,"10":5,"11":5,"12":5,"13":5,"14":5,"15":5,"16":5,"17":0,"18":0,"19":0},"19":{"0":5,"1":5,"2":5,"3":0,"4":5,"5":5,"6":5,"7":5,"8":5,"9":5,"10":5,"11":5,"12":5,"13":5,"14":0,"15":5,"16":0,"17":5,"18":5,"19":0}},"method":"hillside","closest_pair":[[0,1,5,2,3,4,7,6,9,8,10,12,11,13,15,16,14,17,18,19],[0,1,5,2,3,4,7,6,9,8,10,12,11,13,15,14,16,17,18,19]],"farthest_pair":[[0,1,5,2,3,4,7,6,9,8,10,12,11,13,14,15,16,17,18,19],[0,1,2,5,3,4,7,6,8,9,10,12,11,13,16,15,14,17,18,19]],"centroid_solution":[0,1,5,2,3,4,7,6,9,8,10,12,11,13,14,16,15,17,18,19]}