{"solutions":[[0,2,1,4,5,3,6,7,8,11,9,10,16,12,13,14,15,17,18,19],[0,2,1,4,5,3,7,6,8,11,9,10,16,12,13,14,15,17,18,19],[0,2,1,4,5,3,7,6,8,11,9,10,16,12,13,15,14,17,18,19],[0,2,1,4,3,5,6,7,8,11,9,10,16,12,13,15,14,17,18,19],[0,2,4,1,5,3,7,6,8,11,9,10,16,12,13,14,15,17,18,19],[0,2,4,1,3,5,7,6,8,11,9,10,16,12,13,15,14,17,18,19],[0,2,1,4,3,5,7,6,8,11,9,10,16,12,13,15,14,17,18,19],[0,2,1,4,5,3,6,7,8,11,9,10,16,12,13,15,14,17,18,19],[0,2,4,1,5,3,6,7,8,11,9,10,16,12,13,14,15,17,18,19],[0,2,4,1,3,5,6,7,8,11,9,10,16,12,13,15,14,17,18,19],[0,2,1,4,3,5,6,7,8,11,9,10,16,12,13,14,15,17,18,19],[0,2,4,1,5,3,6,7,8,11,9,10,16,12,13,15,14,17,18,19],[0,2,4,1,5,3,7,6,8,11,9,10,16,12,13,15,14,17,18,19],[0,2,1,4,3,5,7,6,8,11,9,10,16,12,13,14,15,17,18,19],[0,2,4,1,3,5,7,6,8,11,9,10,16,12,13,14,15,17,18,19],[0,2,4,1,3,5,6,7,8,11,9,10,16,12,13,14,15,17,18,19]],"obj":531.0,"max_tau_solutions":null,"centroid_x":[[0.0,1.0,1.0,1.0,1.0,1.0,1.0,1.0,1.0,1.0,1.0,1.0,1.0,1.0,1.0,1.0,1.0,1.0,1.0,1.0],[0.0,0.0,0.0,1.0,0.4997977479,1.0,1.0,1.0,1.0,1.0,1.0,1.0,1.0,1.0,1.0,1.0,1.0,1.0,1.0,1.0],[0.0,1.0,0.0,1.0,1.0,1.0,1.0,1.0,1.0,1.0,1.0,1.0,1.0,1.0,1.0,1.0,1.0,1.0,1.0,1.0],[0.0,0.0,0.0,0.0,0.0,0.4988877855,1.0,1.0,1.0,1.0,1.0,1.0,1.0,1.0,1.0,1.0,1.0,1.0,1.0,1.0],[0.0,0.5002022521,0.0,1.0,0.0,1.0,1.0,1.0,1.0,1.0,1.0,1.0,1.0,1.0,1.0,1.0,1.0,1.0,1.0,1.0],[0.0,0.0,0.0,0.5011122145,0.0,0.0,1.0,1.0,1.0,1.0,1.0,1.0,1.0,1.0,1.0,1.0,1.0,1.0,1.0,1.0],[0.0,0.0,0.0,0.0,0.0,0.0,0.0,0.4998634745,1.0,1.0,1.0,1.0,1.0,1.0,1.0,1.0,1.0,1.0,1.0,1.0],[0.0,0.0,0.0,0.0,0.0,0.0,0.5001365255,0.0,1.0,1.0,1.0,1.0,1.0,1.0,1.0,1.0,1.0,1.0,1.0,1.0],[0.0,0.0,0.0,0.0,0.0,0.0,0.0,0.0,0.0,1.0,1.0,1.0,1.0,1.0,1.0,1.0,1.0,1.0,1.0,1.0],[0.0,0.0,0.0,0.0,0.0,0.0,0.0,0.0,0.0,0.0,1.0,0.0,1.0,1.0,1.0,1.0,1.0,1.0,1.0,1.0],[0.0,0.0,0.0,0.0,0.0,0.0,0.0,0.0,0.0,0.0,0.0,0.0,1.0,1.0,1.0,1.0,1.0,1.0,1.0,1.0],[0.0,0.0,0.0,0.0,0.0,0.0,0.0,0.0,0.0,1.0,1.0,0.0,1.0,1.0,1.0,1.0,1.0,1.0,1.0,1.0],[0.0,0.0,0.0,0.0,0.0,0.0,0.0,0.0,0.0,0.0,0.0,0.0,0.0,1.0,1.0,1.0,0.0,1.0,1.0,1.0],[0.0,0.0,0.0,0.0,0.0,0.0,0.0,0.0,0.0,0.0,0.0,0.0,0.0,0.0,1.0,1.0,0.0,1.0,1.0,1.0],[0.0,0.0,0.0,0.0,0.0,0.0,0.0,0.0,0.0,0.0,0.0,0.0,0.0,0.0,0.0,0.4977117288,0.0,1.0,1.0,1.0],[0.0,0.0,0.0,0.0,0.0,0.0,0.0,0.0,0.0,0.0,0.0,0.0,0.0,0.0,0.5022882712,0.0,0.0,1.0,1.0,1.0],[0.0,0.0,0.0,0.0,0.0,0.0,0.0,0.0,0.0,0.0,0.0,0.0,1.0,1.0,1.0,1.0,0.0,1.0,1.0,1.0],[0.0,0.0,0.0,0.0,0.0,0.0,0.0,0.0,0.0,0.0,0.0,0.0,0.0,0.0,0.0,0.0,0.0,0.0,1.0,1.0],[0.0,0.0,0.0,0.0,0.0,0.0,0.0,0.0,0.0,0.0,0.0,0.0,0.0,0.0,0.0,0.0,0.0,0.0,0.0,1.0],[0.0,0.0,0.0,0.0,0.0,0.0,0.0,0.0,0.0,0.0,0.0,0.0,0.0,0.0,0.0,0.0,0.0,0.0,0.0,0.0]],"outlier_solution":[0,2,1,4,3,5,6,7,8,11,9,10,16,12,13,14,15,17,18,19],"dataset_id":379,"source_dataset_id":426,"options":null,"D":{"0":{"0":0,"1":0,"2":0,"3":0,"4":0,"5":4,"6":0,"7":0,"8":0,"9":0,"10":0,"11":0,"12":0,"13":0,"14":5,"15":0,"16":0,"17":0,"18":0,"19":0},"1":{"0":5,"1":0,"2":1,"3":0,"4":0,"5":0,"6":0,"7":0,"8":1,"9":0,"10":0,"11":0,"12":0,"13":0,"14":4,"15":0,"16":2,"17":0,"18":0,"19":0},"2":{"0":5,"1":5,"2":0,"3":0,"4":0,"5":0,"6":0,"7":0,"8":0,"9":0,"10":0,"11":0,"12":0,"13":0,"14":0,"15":0,"16":0,"17":0,"18":0,"19":0},"3":{"0":5,"1":5,"2":5,"3":0,"4":0,"5":0,"6":0,"7":0,"8":0,"9":0,"10":0,"11":5,"12":0,"13":0,"14":0,"15":0,"16":0,"17":0,"18":0,"19":0},"4":{"0":3,"1":5,"2":5,"3":5,"4":0,"5":0,"6":0,"7":0,"8":0,"9":0,"10":0,"11":0,"12":0,"13":0,"14":0,"15":0,"16":0,"17":0,"18":0,"19":0},"5":{"0":5,"1":3,"2":5,"3":5,"4":5,"5":0,"6":0,"7":0,"8":0,"9":0,"10":0,"11":0,"12":0,"13":0,"14":0,"15":0,"16":0,"17":0,"18":0,"19":0},"6":{"0":3,"1":5,"2":5,"3":5,"4":5,"5":5,"6":0,"7":0,"8":0,"9":0,"10":0,"11":0,"12":0,"13":0,"14":0,"15":0,"16":0,"17":2,"18":0,"19":0},"7":{"0":5,"1":5,"2":0,"3":5,"4":5,"5":5,"6":5,"7":0,"8":0,"9":0,"10":0,"11":0,"12":0,"13":0,"14":0,"15":0,"16":0,"17":0,"18":0,"19":0},"8":{"0":5,"1":5,"2":5,"3":5,"4":5,"5":5,"6":5,"7":5,"8":0,"9":0,"10":1,"11":0,"12":0,"13":0,"14":0,"15":0,"16":0,"17":0,"18":0,"19":0},"9":{"0":5,"1":0,"2":5,"3":5,"4":5,"5":5,"6":5,"7":4,"8":5,"9":0,"10":0,"11":0,"12":0,"13":0,"14":0,"15":0,"16":0,"17":0,"18":0,"19":0},"10":{"0":5,"1":5,"2":5,"3":5,"4":5,"5":5,"6":5,"7":5,"8":5,"9":5,"10":0,"11":1,"12":0,"13":0,"14":0,"15":0,"16":0,"17":0,"18":0,"19":0},"11":{"0":5,"1":5,"2":0,"3":5,"4":0,"5":0,"6":5,"7":5,"8":5,"9":5,"10":5,"11":0,"12":0,"13":0,"14":0,"15":0,"16":0,"17":0,"18":0,"19":0},"12":{"0":5,"1":5,"2":5,"3":0,"4":5,"5":5,"6":5,"7":5,"8":5,"9":5,"10":0,"11":5,"12":0,"13":0,"14":0,"15":0,"16":0,"17":0,"18":0,"19":0},"13":{"0":5,"1":5,"2":5,"3":5,"4":5,"5":0,"6":5,"7":4,"8":5,"9":0,"10":5,"11":5,"12":5,"13":0,"14":0,"15":2,"16":0,"17":0,"18":2,"19":0},"14":{"0":5,"1":5,"2":5,"3":5,"4":5,"5":5,"6":0,"7":5,"8":5,"9":3,"10":5,"11":5,"12":5,"13":5,"14":0,"15":4,"16":0,"17":0,"18":0,"19":0},"15":{"0":5,"1":5,"2":5,"3":2,"4":5,"5":5,"6":5,"7":5,"8":5,"9":5,"10":5,"11":5,"12":5,"13":5,"14":0,"15":0,"16":0,"17":0,"18":0,"19":0},"16":{"0":3,"1":0,"2":0,"3":5,"4":0,"5":5,"6":1,"7":5,"8":5,"9":0,"10":5,"11":5,"12":0,"13":5,"14":5,"15":0,"16":0,"17":0,"18":0,"19":0},"17":{"0":5,"1":5,"2":5,"3":5,"4":5,"5":5,"6":0,"7":5,"8":5,"9":0,"10":5,"11":5,"12":4,"13":5,"14":5,"15":5,"16":5,"17":0,"18":0,"19":0},"18":{"0":5,"1":0,"2":5,"3":0,"4":5,"5":5,"6":5,"7":5,"8":5,"9":5,"10":5,"11":5,"12":5,"13":5,"14":0,"15":5,"16":5,"17":5,"18":0,"19":0},"19":{"0":5,"1":5,"2":5,"3":5,"4":5,"5":5,"6":5,"7":5,"8":5,"9":5,"10":5,"11":5,"12":5,"13":5,"14":5,"15":5,"16":5,"17":5,"18":5,"19":0}},"method":"hillside","closest_pair":[[0,2,4,1,5,3,7,6,8,11,9,10,16,12,13,14,15,17,18,19],[0,2,4,1,5,3,7,6,8,11,9,10,16,12,13,15,14,17,18,19]],"farthest_pair":[[0,2,4,1,5,3,7,6,8,11,9,10,16,12,13,15,14,17,18,19],[0,2,1,4,3,5,6,7,8,11,9,10,16,12,13,14,15,17,18,19]],"tau_farthest_pair":0.9578947368,"tau_closest_pair":0.9894736842,"centroid_solution":[0,2,4,1,5,3,7,6,8,11,9,10,16,12,13,15,14,17,18,19]}