{"solutions":[[0,1,4,2,3,5,7,6,8,10,9,12,11,13,14,15,16,17,18,19],[0,1,4,2,3,5,7,6,8,10,9,11,12,13,14,15,16,17,19,18],[0,1,4,2,3,5,6,7,8,10,9,11,12,13,14,15,16,17,19,18],[0,1,4,2,3,5,6,7,8,10,9,12,11,13,14,15,16,17,18,19],[0,1,4,2,3,5,6,7,8,10,9,11,12,13,14,15,16,17,18,19],[0,1,4,2,3,5,7,6,8,10,9,12,11,13,14,15,16,17,19,18],[0,1,4,2,3,5,6,7,8,10,9,12,11,13,14,15,16,17,19,18],[0,1,4,2,3,5,7,6,8,10,9,11,12,13,14,15,16,17,18,19]],"obj":551.0,"max_tau_solutions":null,"centroid_x":[[0.0,1.0,1.0,1.0,1.0,1.0,1.0,1.0,1.0,1.0,1.0,1.0,1.0,1.0,1.0,1.0,1.0,1.0,1.0,1.0],[0.0,0.0,1.0,1.0,1.0,1.0,1.0,1.0,1.0,1.0,1.0,1.0,1.0,1.0,1.0,1.0,1.0,1.0,1.0,1.0],[0.0,0.0,0.0,1.0,0.0,1.0,1.0,1.0,1.0,1.0,1.0,1.0,1.0,1.0,1.0,1.0,1.0,1.0,1.0,1.0],[0.0,0.0,0.0,0.0,0.0,1.0,1.0,1.0,1.0,1.0,1.0,1.0,1.0,1.0,1.0,1.0,1.0,1.0,1.0,1.0],[0.0,0.0,1.0,1.0,0.0,1.0,1.0,1.0,1.0,1.0,1.0,1.0,1.0,1.0,1.0,1.0,1.0,1.0,1.0,1.0],[0.0,0.0,0.0,0.0,0.0,0.0,1.0,1.0,1.0,1.0,1.0,1.0,1.0,1.0,1.0,1.0,1.0,1.0,1.0,1.0],[0.0,0.0,0.0,0.0,0.0,0.0,0.0,0.5049471543,1.0,1.0,1.0,1.0,1.0,1.0,1.0,1.0,1.0,1.0,1.0,1.0],[0.0,0.0,0.0,0.0,0.0,0.0,0.4950528457,0.0,1.0,1.0,1.0,1.0,1.0,1.0,1.0,1.0,1.0,1.0,1.0,1.0],[0.0,0.0,0.0,0.0,0.0,0.0,0.0,0.0,0.0,1.0,1.0,1.0,1.0,1.0,1.0,1.0,1.0,1.0,1.0,1.0],[0.0,0.0,0.0,0.0,0.0,0.0,0.0,0.0,0.0,0.0,0.0,1.0,1.0,1.0,1.0,1.0,1.0,1.0,1.0,1.0],[0.0,0.0,0.0,0.0,0.0,0.0,0.0,0.0,0.0,1.0,0.0,1.0,1.0,1.0,1.0,1.0,1.0,1.0,1.0,1.0],[0.0,0.0,0.0,0.0,0.0,0.0,0.0,0.0,0.0,0.0,0.0,0.0,0.5021801429,1.0,1.0,1.0,1.0,1.0,1.0,1.0],[0.0,0.0,0.0,0.0,0.0,0.0,0.0,0.0,0.0,0.0,0.0,0.4978198571,0.0,1.0,1.0,1.0,1.0,1.0,1.0,1.0],[0.0,0.0,0.0,0.0,0.0,0.0,0.0,0.0,0.0,0.0,0.0,0.0,0.0,0.0,1.0,1.0,1.0,1.0,1.0,1.0],[0.0,0.0,0.0,0.0,0.0,0.0,0.0,0.0,0.0,0.0,0.0,0.0,0.0,0.0,0.0,1.0,1.0,1.0,1.0,1.0],[0.0,0.0,0.0,0.0,0.0,0.0,0.0,0.0,0.0,0.0,0.0,0.0,0.0,0.0,0.0,0.0,1.0,1.0,1.0,1.0],[0.0,0.0,0.0,0.0,0.0,0.0,0.0,0.0,0.0,0.0,0.0,0.0,0.0,0.0,0.0,0.0,0.0,1.0,1.0,1.0],[0.0,0.0,0.0,0.0,0.0,0.0,0.0,0.0,0.0,0.0,0.0,0.0,0.0,0.0,0.0,0.0,0.0,0.0,1.0,1.0],[0.0,0.0,0.0,0.0,0.0,0.0,0.0,0.0,0.0,0.0,0.0,0.0,0.0,0.0,0.0,0.0,0.0,0.0,0.0,0.4979739858],[0.0,0.0,0.0,0.0,0.0,0.0,0.0,0.0,0.0,0.0,0.0,0.0,0.0,0.0,0.0,0.0,0.0,0.0,0.5020260142,0.0]],"outlier_solution":[0,1,4,2,3,5,7,6,8,10,9,12,11,13,14,15,16,17,18,19],"dataset_id":386,"source_dataset_id":433,"options":null,"D":{"0":{"0":0,"1":0,"2":0,"3":0,"4":0,"5":0,"6":0,"7":0,"8":0,"9":0,"10":0,"11":0,"12":0,"13":0,"14":0,"15":0,"16":0,"17":0,"18":0,"19":0},"1":{"0":5,"1":0,"2":0,"3":0,"4":0,"5":0,"6":4,"7":3,"8":0,"9":0,"10":0,"11":0,"12":0,"13":0,"14":0,"15":0,"16":0,"17":0,"18":0,"19":0},"2":{"0":5,"1":5,"2":0,"3":0,"4":0,"5":1,"6":0,"7":0,"8":0,"9":0,"10":0,"11":0,"12":0,"13":2,"14":0,"15":3,"16":0,"17":0,"18":0,"19":1},"3":{"0":5,"1":5,"2":5,"3":0,"4":0,"5":0,"6":0,"7":0,"8":0,"9":0,"10":0,"11":5,"12":0,"13":0,"14":0,"15":0,"16":0,"17":0,"18":5,"19":0},"4":{"0":5,"1":5,"2":5,"3":4,"4":0,"5":0,"6":0,"7":0,"8":0,"9":0,"10":0,"11":0,"12":0,"13":0,"14":0,"15":0,"16":0,"17":0,"18":0,"19":0},"5":{"0":5,"1":3,"2":5,"3":4,"4":5,"5":0,"6":0,"7":0,"8":0,"9":0,"10":0,"11":0,"12":0,"13":0,"14":0,"15":0,"16":0,"17":2,"18":0,"19":0},"6":{"0":0,"1":5,"2":5,"3":5,"4":5,"5":5,"6":0,"7":0,"8":0,"9":0,"10":0,"11":0,"12":0,"13":0,"14":0,"15":0,"16":0,"17":0,"18":0,"19":0},"7":{"0":5,"1":5,"2":5,"3":0,"4":5,"5":5,"6":5,"7":0,"8":0,"9":0,"10":0,"11":0,"12":0,"13":0,"14":0,"15":0,"16":0,"17":0,"18":0,"19":0},"8":{"0":0,"1":5,"2":5,"3":5,"4":5,"5":0,"6":5,"7":5,"8":0,"9":0,"10":0,"11":0,"12":0,"13":0,"14":0,"15":0,"16":0,"17":0,"18":0,"19":0},"9":{"0":1,"1":5,"2":2,"3":5,"4":5,"5":5,"6":5,"7":5,"8":5,"9":0,"10":0,"11":0,"12":0,"13":0,"14":0,"15":0,"16":0,"17":0,"18":1,"19":4},"10":{"0":0,"1":5,"2":5,"3":5,"4":5,"5":5,"6":5,"7":5,"8":5,"9":5,"10":0,"11":0,"12":0,"13":0,"14":0,"15":0,"16":0,"17":0,"18":0,"19":0},"11":{"0":5,"1":5,"2":0,"3":5,"4":5,"5":5,"6":5,"7":5,"8":0,"9":3,"10":5,"11":0,"12":0,"13":3,"14":0,"15":0,"16":2,"17":0,"18":0,"19":0},"12":{"0":5,"1":5,"2":5,"3":5,"4":5,"5":5,"6":0,"7":5,"8":0,"9":4,"10":5,"11":5,"12":0,"13":0,"14":0,"15":0,"16":0,"17":0,"18":0,"19":0},"13":{"0":5,"1":5,"2":5,"3":5,"4":5,"5":0,"6":0,"7":5,"8":1,"9":5,"10":5,"11":5,"12":5,"13":0,"14":0,"15":0,"16":0,"17":0,"18":0,"19":0},"14":{"0":5,"1":5,"2":5,"3":2,"4":0,"5":5,"6":0,"7":5,"8":5,"9":5,"10":0,"11":5,"12":5,"13":0,"14":0,"15":0,"16":0,"17":0,"18":0,"19":0},"15":{"0":5,"1":2,"2":0,"3":5,"4":5,"5":5,"6":5,"7":5,"8":5,"9":5,"10":5,"11":5,"12":5,"13":2,"14":5,"15":0,"16":2,"17":2,"18":0,"19":0},"16":{"0":5,"1":5,"2":5,"3":5,"4":5,"5":5,"6":5,"7":5,"8":5,"9":0,"10":5,"11":5,"12":5,"13":5,"14":5,"15":5,"16":0,"17":0,"18":0,"19":0},"17":{"0":5,"1":5,"2":5,"3":5,"4":5,"5":5,"6":5,"7":5,"8":1,"9":5,"10":5,"11":5,"12":5,"13":5,"14":0,"15":5,"16":5,"17":0,"18":0,"19":0},"18":{"0":5,"1":5,"2":5,"3":5,"4":5,"5":5,"6":5,"7":5,"8":0,"9":5,"10":5,"11":0,"12":5,"13":5,"14":5,"15":5,"16":5,"17":5,"18":0,"19":5},"19":{"0":5,"1":5,"2":5,"3":5,"4":5,"5":5,"6":5,"7":5,"8":5,"9":5,"10":5,"11":0,"12":5,"13":5,"14":5,"15":5,"16":5,"17":5,"18":5,"19":0}},"method":"hillside","closest_pair":[[0,1,4,2,3,5,7,6,8,10,9,12,11,13,14,15,16,17,18,19],[0,1,4,2,3,5,7,6,8,10,9,12,11,13,14,15,16,17,19,18]],"farthest_pair":[[0,1,4,2,3,5,7,6,8,10,9,12,11,13,14,15,16,17,19,18],[0,1,4,2,3,5,6,7,8,10,9,11,12,13,14,15,16,17,18,19]],"tau_farthest_pair":0.9684210526,"tau_closest_pair":0.9894736842,"centroid_solution":[0,1,4,2,3,5,6,7,8,10,9,11,12,13,14,15,16,17,19,18]}