{"solutions":[[0,2,1,4,6,7,3,9,5,12,8,11,13,15,16,10,19,14,17,18],[0,2,6,1,4,7,3,9,5,12,8,11,13,15,16,10,19,14,17,18]],"obj":1627.0,"max_tau_solutions":null,"centroid_x":[[0.0,1.0,1.0,1.0,1.0,1.0,1.0,1.0,1.0,1.0,1.0,1.0,1.0,1.0,1.0,1.0,1.0,1.0,1.0,1.0],[0.0,0.0,0.0,1.0,1.0,1.0,0.459856329,1.0,1.0,1.0,1.0,1.0,1.0,1.0,1.0,1.0,1.0,1.0,1.0,1.0],[0.0,1.0,0.0,1.0,1.0,1.0,1.0,1.0,1.0,1.0,1.0,1.0,1.0,1.0,1.0,1.0,1.0,1.0,1.0,1.0],[0.0,0.0,0.0,0.0,0.0,1.0,0.0,0.0,1.0,1.0,1.0,1.0,1.0,1.0,1.0,1.0,1.0,1.0,1.0,1.0],[0.0,0.0,0.0,1.0,0.0,1.0,0.459856329,1.0,1.0,1.0,1.0,1.0,1.0,1.0,1.0,1.0,1.0,1.0,1.0,1.0],[0.0,0.0,0.0,0.0,0.0,0.0,0.0,0.0,1.0,0.0,1.0,1.0,1.0,1.0,1.0,1.0,1.0,1.0,1.0,1.0],[0.0,0.540143671,0.0,1.0,0.540143671,1.0,0.0,1.0,1.0,1.0,1.0,1.0,1.0,1.0,1.0,1.0,1.0,1.0,1.0,1.0],[0.0,0.0,0.0,1.0,0.0,1.0,0.0,0.0,1.0,1.0,1.0,1.0,1.0,1.0,1.0,1.0,1.0,1.0,1.0,1.0],[0.0,0.0,0.0,0.0,0.0,0.0,0.0,0.0,0.0,0.0,1.0,1.0,0.0,1.0,1.0,1.0,1.0,1.0,1.0,1.0],[0.0,0.0,0.0,0.0,0.0,1.0,0.0,0.0,1.0,0.0,1.0,1.0,1.0,1.0,1.0,1.0,1.0,1.0,1.0,1.0],[0.0,0.0,0.0,0.0,0.0,0.0,0.0,0.0,0.0,0.0,0.0,0.0,0.0,0.0,1.0,0.0,0.0,1.0,1.0,1.0],[0.0,0.0,0.0,0.0,0.0,0.0,0.0,0.0,0.0,0.0,1.0,0.0,0.0,1.0,1.0,1.0,1.0,1.0,1.0,1.0],[0.0,0.0,0.0,0.0,0.0,0.0,0.0,0.0,1.0,0.0,1.0,1.0,0.0,1.0,1.0,1.0,1.0,1.0,1.0,1.0],[0.0,0.0,0.0,0.0,0.0,0.0,0.0,0.0,0.0,0.0,1.0,0.0,0.0,0.0,1.0,1.0,1.0,1.0,1.0,1.0],[0.0,0.0,0.0,0.0,0.0,0.0,0.0,0.0,0.0,0.0,0.0,0.0,0.0,0.0,0.0,0.0,0.0,1.0,1.0,0.0],[0.0,0.0,0.0,0.0,0.0,0.0,0.0,0.0,0.0,0.0,1.0,0.0,0.0,0.0,1.0,0.0,1.0,1.0,1.0,1.0],[0.0,0.0,0.0,0.0,0.0,0.0,0.0,0.0,0.0,0.0,1.0,0.0,0.0,0.0,1.0,0.0,0.0,1.0,1.0,1.0],[0.0,0.0,0.0,0.0,0.0,0.0,0.0,0.0,0.0,0.0,0.0,0.0,0.0,0.0,0.0,0.0,0.0,0.0,1.0,0.0],[0.0,0.0,0.0,0.0,0.0,0.0,0.0,0.0,0.0,0.0,0.0,0.0,0.0,0.0,0.0,0.0,0.0,0.0,0.0,0.0],[0.0,0.0,0.0,0.0,0.0,0.0,0.0,0.0,0.0,0.0,0.0,0.0,0.0,0.0,1.0,0.0,0.0,1.0,1.0,0.0]],"outlier_solution":[0,2,1,4,6,7,3,9,5,12,8,11,13,15,16,10,19,14,17,18],"dataset_id":395,"source_dataset_id":442,"options":null,"D":{"0":{"0":0,"1":3,"2":0,"3":0,"4":1,"5":0,"6":3,"7":3,"8":0,"9":0,"10":0,"11":0,"12":5,"13":0,"14":0,"15":0,"16":5,"17":4,"18":0,"19":2},"1":{"0":5,"1":0,"2":1,"3":0,"4":5,"5":0,"6":4,"7":1,"8":0,"9":0,"10":0,"11":0,"12":0,"13":0,"14":0,"15":0,"16":0,"17":3,"18":0,"19":3},"2":{"0":5,"1":5,"2":0,"3":0,"4":2,"5":3,"6":0,"7":0,"8":0,"9":0,"10":0,"11":3,"12":0,"13":0,"14":0,"15":0,"16":0,"17":0,"18":0,"19":0},"3":{"0":3,"1":5,"2":5,"3":0,"4":0,"5":1,"6":2,"7":3,"8":2,"9":0,"10":0,"11":4,"12":3,"13":0,"14":0,"15":0,"16":3,"17":0,"18":0,"19":0},"4":{"0":5,"1":5,"2":5,"3":0,"4":0,"5":0,"6":5,"7":2,"8":4,"9":3,"10":0,"11":0,"12":0,"13":0,"14":0,"15":0,"16":0,"17":4,"18":0,"19":0},"5":{"0":0,"1":5,"2":5,"3":5,"4":5,"5":0,"6":3,"7":0,"8":0,"9":4,"10":0,"11":0,"12":0,"13":2,"14":4,"15":0,"16":0,"17":0,"18":0,"19":0},"6":{"0":5,"1":5,"2":5,"3":0,"4":5,"5":0,"6":0,"7":0,"8":0,"9":0,"10":0,"11":0,"12":0,"13":0,"14":0,"15":0,"16":0,"17":0,"18":0,"19":2},"7":{"0":5,"1":0,"2":5,"3":3,"4":4,"5":0,"6":1,"7":0,"8":5,"9":0,"10":2,"11":0,"12":0,"13":4,"14":1,"15":0,"16":4,"17":0,"18":0,"19":0},"8":{"0":3,"1":5,"2":5,"3":5,"4":2,"5":2,"6":5,"7":5,"8":0,"9":2,"10":0,"11":0,"12":0,"13":5,"14":0,"15":0,"16":2,"17":0,"18":0,"19":1},"9":{"0":5,"1":5,"2":4,"3":5,"4":5,"5":4,"6":2,"7":5,"8":5,"9":0,"10":0,"11":0,"12":0,"13":0,"14":1,"15":0,"16":0,"17":0,"18":0,"19":4},"10":{"0":5,"1":5,"2":2,"3":5,"4":4,"5":2,"6":5,"7":5,"8":5,"9":5,"10":0,"11":5,"12":4,"13":4,"14":0,"15":3,"16":0,"17":2,"18":0,"19":0},"11":{"0":5,"1":5,"2":3,"3":0,"4":5,"5":5,"6":3,"7":5,"8":5,"9":5,"10":4,"11":0,"12":4,"13":0,"14":0,"15":0,"16":2,"17":0,"18":0,"19":3},"12":{"0":3,"1":5,"2":1,"3":0,"4":1,"5":0,"6":5,"7":5,"8":0,"9":5,"10":5,"11":5,"12":0,"13":4,"14":0,"15":4,"16":1,"17":0,"18":0,"19":0},"13":{"0":5,"1":1,"2":5,"3":3,"4":0,"5":3,"6":1,"7":5,"8":0,"9":5,"10":5,"11":0,"12":5,"13":0,"14":0,"15":0,"16":0,"17":5,"18":1,"19":0},"14":{"0":2,"1":4,"2":3,"3":3,"4":5,"5":5,"6":1,"7":5,"8":5,"9":5,"10":1,"11":5,"12":5,"13":5,"14":0,"15":5,"16":0,"17":0,"18":1,"19":2},"15":{"0":5,"1":1,"2":5,"3":5,"4":4,"5":5,"6":2,"7":4,"8":0,"9":1,"10":3,"11":5,"12":0,"13":3,"14":3,"15":0,"16":5,"17":0,"18":0,"19":1},"16":{"0":5,"1":2,"2":1,"3":5,"4":4,"5":0,"6":4,"7":0,"8":5,"9":5,"10":5,"11":4,"12":5,"13":5,"14":5,"15":0,"16":0,"17":0,"18":1,"19":1},"17":{"0":5,"1":0,"2":5,"3":0,"4":5,"5":5,"6":0,"7":5,"8":1,"9":5,"10":5,"11":5,"12":5,"13":1,"14":2,"15":5,"16":5,"17":0,"18":3,"19":2},"18":{"0":1,"1":2,"2":5,"3":5,"4":5,"5":5,"6":5,"7":5,"8":1,"9":5,"10":5,"11":3,"12":2,"13":0,"14":0,"15":5,"16":5,"17":5,"18":0,"19":0},"19":{"0":1,"1":0,"2":0,"3":4,"4":5,"5":5,"6":4,"7":5,"8":5,"9":5,"10":2,"11":3,"12":5,"13":5,"14":5,"15":5,"16":5,"17":5,"18":0,"19":0}},"method":"hillside","closest_pair":[[0,2,6,1,4,7,3,9,5,12,8,11,13,15,16,10,19,14,17,18],[0,2,1,4,6,7,3,9,5,12,8,11,13,15,16,10,19,14,17,18]],"farthest_pair":[[0,2,1,4,6,7,3,9,5,12,8,11,13,15,16,10,19,14,17,18],[0,2,6,1,4,7,3,9,5,12,8,11,13,15,16,10,19,14,17,18]],"centroid_solution":[0,2,6,1,4,7,3,9,5,12,8,11,13,15,16,10,19,14,17,18]}