{"solutions":[[0,2,1,4,5,3,6,7,8,14,11,12,13,10,9,17,19,16,15,18],[0,2,1,4,5,3,6,7,8,14,11,12,13,10,9,17,19,15,16,18],[0,2,1,4,3,5,6,7,8,14,13,11,12,10,9,17,19,15,16,18],[0,2,1,4,5,3,6,7,8,14,13,11,12,10,9,17,19,15,16,18],[0,2,1,4,3,5,6,7,8,14,13,11,12,10,9,17,19,16,15,18],[0,2,1,4,3,5,6,7,8,14,11,12,13,10,9,17,19,16,15,18],[0,2,1,4,3,5,6,7,8,14,11,12,13,10,9,17,19,15,16,18],[0,2,1,4,5,3,6,7,8,14,13,11,12,10,9,17,19,16,15,18]],"obj":1568.0,"max_tau_solutions":null,"centroid_x":[[0.0,1.0,1.0,1.0,1.0,1.0,1.0,1.0,1.0,1.0,1.0,1.0,1.0,1.0,1.0,1.0,1.0,1.0,1.0,1.0],[0.0,0.0,0.0,1.0,1.0,1.0,1.0,1.0,1.0,1.0,1.0,1.0,1.0,1.0,1.0,1.0,1.0,1.0,1.0,1.0],[0.0,1.0,0.0,1.0,1.0,1.0,1.0,1.0,1.0,1.0,1.0,1.0,1.0,1.0,1.0,1.0,1.0,1.0,1.0,1.0],[0.0,0.0,0.0,0.0,0.0,0.5120619046,1.0,1.0,1.0,1.0,1.0,1.0,1.0,1.0,1.0,1.0,1.0,1.0,1.0,1.0],[0.0,0.0,0.0,1.0,0.0,1.0,1.0,1.0,1.0,1.0,1.0,1.0,1.0,1.0,1.0,1.0,1.0,1.0,1.0,1.0],[0.0,0.0,0.0,0.4879380954,0.0,0.0,1.0,1.0,1.0,1.0,1.0,1.0,1.0,1.0,1.0,1.0,1.0,1.0,1.0,1.0],[0.0,0.0,0.0,0.0,0.0,0.0,0.0,1.0,1.0,1.0,1.0,1.0,1.0,1.0,1.0,1.0,1.0,1.0,1.0,1.0],[0.0,0.0,0.0,0.0,0.0,0.0,0.0,0.0,1.0,1.0,1.0,1.0,1.0,1.0,1.0,1.0,1.0,1.0,1.0,1.0],[0.0,0.0,0.0,0.0,0.0,0.0,0.0,0.0,0.0,1.0,1.0,1.0,1.0,1.0,1.0,1.0,1.0,1.0,1.0,1.0],[0.0,0.0,0.0,0.0,0.0,0.0,0.0,0.0,0.0,0.0,0.0,0.0,0.0,0.0,0.0,1.0,1.0,1.0,1.0,1.0],[0.0,0.0,0.0,0.0,0.0,0.0,0.0,0.0,0.0,1.0,0.0,0.0,0.0,0.0,0.0,1.0,1.0,1.0,1.0,1.0],[0.0,0.0,0.0,0.0,0.0,0.0,0.0,0.0,0.0,1.0,1.0,0.0,1.0,0.4930240037,0.0,1.0,1.0,1.0,1.0,1.0],[0.0,0.0,0.0,0.0,0.0,0.0,0.0,0.0,0.0,1.0,1.0,0.0,0.0,0.4930240053,0.0,1.0,1.0,1.0,1.0,1.0],[0.0,0.0,0.0,0.0,0.0,0.0,0.0,0.0,0.0,1.0,1.0,0.5069759963,0.5069759947,0.0,0.0,1.0,1.0,1.0,1.0,1.0],[0.0,0.0,0.0,0.0,0.0,0.0,0.0,0.0,0.0,1.0,1.0,1.0,1.0,1.0,0.0,1.0,1.0,1.0,1.0,1.0],[0.0,0.0,0.0,0.0,0.0,0.0,0.0,0.0,0.0,0.0,0.0,0.0,0.0,0.0,0.0,0.0,0.5015697108,0.0,1.0,0.0],[0.0,0.0,0.0,0.0,0.0,0.0,0.0,0.0,0.0,0.0,0.0,0.0,0.0,0.0,0.0,0.4984302892,0.0,0.0,1.0,0.0],[0.0,0.0,0.0,0.0,0.0,0.0,0.0,0.0,0.0,0.0,0.0,0.0,0.0,0.0,0.0,1.0,1.0,0.0,1.0,1.0],[0.0,0.0,0.0,0.0,0.0,0.0,0.0,0.0,0.0,0.0,0.0,0.0,0.0,0.0,0.0,0.0,0.0,0.0,0.0,0.0],[0.0,0.0,0.0,0.0,0.0,0.0,0.0,0.0,0.0,0.0,0.0,0.0,0.0,0.0,0.0,1.0,1.0,0.0,1.0,0.0]],"outlier_solution":[0,2,1,4,5,3,6,7,8,14,11,12,13,10,9,17,19,16,15,18],"dataset_id":400,"source_dataset_id":447,"options":null,"D":{"0":{"0":0,"1":1,"2":4,"3":0,"4":0,"5":0,"6":0,"7":0,"8":0,"9":0,"10":0,"11":0,"12":0,"13":0,"14":5,"15":0,"16":0,"17":0,"18":0,"19":0},"1":{"0":4,"1":0,"2":0,"3":0,"4":0,"5":0,"6":0,"7":3,"8":0,"9":3,"10":0,"11":0,"12":4,"13":0,"14":4,"15":0,"16":3,"17":0,"18":0,"19":1},"2":{"0":1,"1":0,"2":0,"3":0,"4":0,"5":5,"6":0,"7":0,"8":4,"9":0,"10":0,"11":1,"12":0,"13":0,"14":5,"15":0,"16":3,"17":0,"18":0,"19":0},"3":{"0":5,"1":5,"2":0,"3":0,"4":2,"5":4,"6":0,"7":1,"8":0,"9":0,"10":2,"11":4,"12":0,"13":0,"14":0,"15":0,"16":0,"17":0,"18":0,"19":0},"4":{"0":5,"1":1,"2":5,"3":5,"4":0,"5":0,"6":4,"7":0,"8":0,"9":0,"10":0,"11":0,"12":3,"13":0,"14":0,"15":0,"16":0,"17":4,"18":0,"19":0},"5":{"0":0,"1":5,"2":0,"3":0,"4":5,"5":0,"6":0,"7":0,"8":1,"9":0,"10":0,"11":1,"12":0,"13":2,"14":4,"15":0,"16":0,"17":0,"18":4,"19":0},"6":{"0":3,"1":5,"2":5,"3":2,"4":5,"5":2,"6":0,"7":0,"8":0,"9":0,"10":0,"11":1,"12":0,"13":0,"14":0,"15":0,"16":0,"17":2,"18":0,"19":3},"7":{"0":1,"1":5,"2":1,"3":1,"4":5,"5":4,"6":3,"7":0,"8":0,"9":1,"10":0,"11":0,"12":2,"13":0,"14":3,"15":2,"16":0,"17":0,"18":0,"19":2},"8":{"0":5,"1":5,"2":5,"3":5,"4":0,"5":5,"6":5,"7":0,"8":0,"9":0,"10":2,"11":0,"12":0,"13":3,"14":0,"15":5,"16":0,"17":0,"18":0,"19":2},"9":{"0":5,"1":5,"2":5,"3":4,"4":2,"5":4,"6":5,"7":5,"8":5,"9":0,"10":0,"11":0,"12":5,"13":2,"14":4,"15":0,"16":4,"17":4,"18":0,"19":1},"10":{"0":0,"1":5,"2":5,"3":5,"4":5,"5":5,"6":5,"7":5,"8":3,"9":0,"10":0,"11":2,"12":0,"13":1,"14":0,"15":0,"16":4,"17":0,"18":5,"19":1},"11":{"0":5,"1":5,"2":5,"3":0,"4":3,"5":5,"6":5,"7":5,"8":1,"9":4,"10":5,"11":0,"12":1,"13":0,"14":0,"15":0,"16":0,"17":2,"18":4,"19":5},"12":{"0":5,"1":5,"2":1,"3":5,"4":5,"5":5,"6":4,"7":3,"8":5,"9":4,"10":5,"11":3,"12":0,"13":0,"14":3,"15":0,"16":2,"17":5,"18":0,"19":0},"13":{"0":4,"1":5,"2":4,"3":3,"4":5,"5":0,"6":5,"7":5,"8":4,"9":1,"10":0,"11":5,"12":0,"13":0,"14":4,"15":0,"16":0,"17":1,"18":0,"19":3},"14":{"0":5,"1":1,"2":5,"3":5,"4":5,"5":0,"6":0,"7":4,"8":0,"9":3,"10":3,"11":5,"12":5,"13":5,"14":0,"15":0,"16":0,"17":1,"18":0,"19":0},"15":{"0":2,"1":5,"2":5,"3":1,"4":4,"5":5,"6":5,"7":5,"8":5,"9":0,"10":5,"11":5,"12":5,"13":0,"14":1,"15":0,"16":4,"17":0,"18":0,"19":1},"16":{"0":5,"1":4,"2":0,"3":5,"4":4,"5":5,"6":5,"7":4,"8":5,"9":3,"10":5,"11":5,"12":5,"13":5,"14":5,"15":3,"16":0,"17":5,"18":5,"19":2},"17":{"0":0,"1":3,"2":5,"3":5,"4":3,"5":0,"6":0,"7":0,"8":5,"9":3,"10":4,"11":5,"12":5,"13":5,"14":5,"15":0,"16":5,"17":0,"18":3,"19":1},"18":{"0":1,"1":0,"2":5,"3":5,"4":5,"5":5,"6":5,"7":5,"8":5,"9":5,"10":0,"11":0,"12":5,"13":3,"14":5,"15":5,"16":5,"17":5,"18":0,"19":2},"19":{"0":3,"1":2,"2":5,"3":5,"4":5,"5":3,"6":3,"7":1,"8":3,"9":5,"10":0,"11":5,"12":0,"13":5,"14":5,"15":2,"16":5,"17":5,"18":3,"19":0}},"method":"hillside","closest_pair":[[0,2,1,4,5,3,6,7,8,14,13,11,12,10,9,17,19,15,16,18],[0,2,1,4,5,3,6,7,8,14,13,11,12,10,9,17,19,16,15,18]],"farthest_pair":[[0,2,1,4,5,3,6,7,8,14,11,12,13,10,9,17,19,16,15,18],[0,2,1,4,3,5,6,7,8,14,13,11,12,10,9,17,19,15,16,18]],"centroid_solution":[0,2,1,4,3,5,6,7,8,14,13,11,12,10,9,17,19,15,16,18]}