{"solutions":[[2,1,0,3,5,4,6,7,8,12,11,13,9,10,16,15,19,17,18,14],[2,0,1,3,5,4,6,7,8,12,11,13,9,10,16,15,19,17,14,18],[1,2,0,3,5,4,6,7,8,12,11,13,9,10,16,15,19,17,18,14],[2,0,1,3,5,4,6,7,8,12,11,13,9,10,16,15,19,17,18,14],[2,1,0,3,5,4,6,7,8,12,11,13,9,10,16,15,19,17,14,18],[1,2,0,3,5,4,6,7,8,12,11,13,9,10,16,15,19,17,14,18]],"obj":1821.0,"max_tau_solutions":null,"centroid_x":[[0.0,0.4614194464,0.0,1.0,1.0,1.0,1.0,1.0,1.0,1.0,1.0,1.0,1.0,1.0,1.0,1.0,1.0,1.0,1.0,1.0],[0.5385805536,0.0,0.4093188701,1.0,1.0,1.0,1.0,1.0,1.0,1.0,1.0,1.0,1.0,1.0,1.0,1.0,1.0,1.0,1.0,1.0],[1.0,0.5906811299,0.0,1.0,1.0,1.0,1.0,1.0,1.0,1.0,1.0,1.0,1.0,1.0,1.0,1.0,1.0,1.0,1.0,1.0],[0.0,0.0,0.0,0.0,1.0,1.0,1.0,1.0,1.0,1.0,1.0,1.0,1.0,1.0,1.0,1.0,1.0,1.0,1.0,1.0],[0.0,0.0,0.0,0.0,0.0,0.0,1.0,1.0,1.0,1.0,1.0,1.0,1.0,1.0,1.0,1.0,1.0,1.0,1.0,1.0],[0.0,0.0,0.0,0.0,1.0,0.0,1.0,1.0,1.0,1.0,1.0,1.0,1.0,1.0,1.0,1.0,1.0,1.0,1.0,1.0],[0.0,0.0,0.0,0.0,0.0,0.0,0.0,1.0,1.0,1.0,1.0,1.0,1.0,1.0,1.0,1.0,1.0,1.0,1.0,1.0],[0.0,0.0,0.0,0.0,0.0,0.0,0.0,0.0,1.0,1.0,1.0,1.0,1.0,1.0,1.0,1.0,1.0,1.0,1.0,1.0],[0.0,0.0,0.0,0.0,0.0,0.0,0.0,0.0,0.0,1.0,1.0,1.0,1.0,1.0,1.0,1.0,1.0,1.0,1.0,1.0],[0.0,0.0,0.0,0.0,0.0,0.0,0.0,0.0,0.0,0.0,1.0,0.0,0.0,0.0,1.0,1.0,1.0,1.0,1.0,1.0],[0.0,0.0,0.0,0.0,0.0,0.0,0.0,0.0,0.0,0.0,0.0,0.0,0.0,0.0,1.0,1.0,1.0,1.0,1.0,1.0],[0.0,0.0,0.0,0.0,0.0,0.0,0.0,0.0,0.0,1.0,1.0,0.0,0.0,1.0,1.0,1.0,1.0,1.0,1.0,1.0],[0.0,0.0,0.0,0.0,0.0,0.0,0.0,0.0,0.0,1.0,1.0,1.0,0.0,1.0,1.0,1.0,1.0,1.0,1.0,1.0],[0.0,0.0,0.0,0.0,0.0,0.0,0.0,0.0,0.0,1.0,1.0,0.0,0.0,0.0,1.0,1.0,1.0,1.0,1.0,1.0],[0.0,0.0,0.0,0.0,0.0,0.0,0.0,0.0,0.0,0.0,0.0,0.0,0.0,0.0,0.0,0.0,0.0,0.0,0.4910451677,0.0],[0.0,0.0,0.0,0.0,0.0,0.0,0.0,0.0,0.0,0.0,0.0,0.0,0.0,0.0,1.0,0.0,0.0,1.0,1.0,1.0],[0.0,0.0,0.0,0.0,0.0,0.0,0.0,0.0,0.0,0.0,0.0,0.0,0.0,0.0,1.0,1.0,0.0,1.0,1.0,1.0],[0.0,0.0,0.0,0.0,0.0,0.0,0.0,0.0,0.0,0.0,0.0,0.0,0.0,0.0,1.0,0.0,0.0,0.0,1.0,0.0],[0.0,0.0,0.0,0.0,0.0,0.0,0.0,0.0,0.0,0.0,0.0,0.0,0.0,0.0,0.5089548323,0.0,0.0,0.0,0.0,0.0],[0.0,0.0,0.0,0.0,0.0,0.0,0.0,0.0,0.0,0.0,0.0,0.0,0.0,0.0,1.0,0.0,0.0,1.0,1.0,0.0]],"outlier_solution":[1,2,0,3,5,4,6,7,8,12,11,13,9,10,16,15,19,17,14,18],"dataset_id":406,"source_dataset_id":453,"options":null,"D":{"0":{"0":0,"1":5,"2":0,"3":0,"4":1,"5":1,"6":0,"7":3,"8":0,"9":0,"10":4,"11":0,"12":1,"13":0,"14":0,"15":2,"16":5,"17":2,"18":1,"19":3},"1":{"0":3,"1":0,"2":0,"3":0,"4":1,"5":5,"6":0,"7":0,"8":5,"9":0,"10":0,"11":0,"12":0,"13":0,"14":4,"15":0,"16":0,"17":0,"18":0,"19":5},"2":{"0":5,"1":5,"2":0,"3":0,"4":0,"5":5,"6":0,"7":1,"8":4,"9":0,"10":0,"11":0,"12":0,"13":5,"14":0,"15":0,"16":0,"17":0,"18":3,"19":0},"3":{"0":5,"1":5,"2":4,"3":0,"4":1,"5":5,"6":0,"7":0,"8":0,"9":0,"10":0,"11":0,"12":0,"13":4,"14":0,"15":0,"16":0,"17":0,"18":0,"19":5},"4":{"0":1,"1":5,"2":5,"3":3,"4":0,"5":1,"6":0,"7":2,"8":0,"9":0,"10":0,"11":3,"12":4,"13":0,"14":1,"15":2,"16":0,"17":2,"18":0,"19":0},"5":{"0":5,"1":3,"2":3,"3":5,"4":5,"5":0,"6":0,"7":0,"8":0,"9":0,"10":1,"11":0,"12":1,"13":5,"14":0,"15":3,"16":0,"17":0,"18":0,"19":0},"6":{"0":3,"1":0,"2":4,"3":1,"4":0,"5":3,"6":0,"7":0,"8":3,"9":0,"10":0,"11":0,"12":0,"13":2,"14":0,"15":2,"16":5,"17":0,"18":1,"19":0},"7":{"0":4,"1":5,"2":5,"3":5,"4":5,"5":0,"6":4,"7":0,"8":0,"9":1,"10":0,"11":0,"12":3,"13":5,"14":0,"15":0,"16":0,"17":0,"18":2,"19":0},"8":{"0":5,"1":5,"2":4,"3":3,"4":0,"5":2,"6":1,"7":1,"8":0,"9":0,"10":1,"11":1,"12":0,"13":0,"14":0,"15":1,"16":0,"17":0,"18":0,"19":0},"9":{"0":5,"1":3,"2":5,"3":1,"4":1,"5":5,"6":5,"7":5,"8":5,"9":0,"10":0,"11":0,"12":0,"13":3,"14":4,"15":3,"16":0,"17":0,"18":0,"19":5},"10":{"0":5,"1":5,"2":0,"3":3,"4":5,"5":5,"6":5,"7":2,"8":5,"9":5,"10":0,"11":0,"12":5,"13":0,"14":0,"15":0,"16":0,"17":4,"18":3,"19":0},"11":{"0":5,"1":3,"2":1,"3":5,"4":0,"5":5,"6":5,"7":5,"8":4,"9":5,"10":5,"11":0,"12":0,"13":0,"14":0,"15":0,"16":0,"17":1,"18":4,"19":2},"12":{"0":5,"1":4,"2":5,"3":5,"4":5,"5":2,"6":4,"7":5,"8":0,"9":5,"10":2,"11":5,"12":0,"13":1,"14":0,"15":0,"16":4,"17":0,"18":0,"19":0},"13":{"0":5,"1":5,"2":5,"3":0,"4":0,"5":0,"6":0,"7":0,"8":5,"9":5,"10":4,"11":5,"12":5,"13":0,"14":0,"15":0,"16":0,"17":5,"18":0,"19":0},"14":{"0":2,"1":2,"2":4,"3":5,"4":5,"5":2,"6":5,"7":5,"8":5,"9":5,"10":5,"11":5,"12":5,"13":2,"14":0,"15":0,"16":0,"17":0,"18":0,"19":4},"15":{"0":2,"1":5,"2":5,"3":5,"4":3,"5":0,"6":0,"7":5,"8":1,"9":5,"10":0,"11":5,"12":0,"13":5,"14":5,"15":0,"16":3,"17":0,"18":0,"19":0},"16":{"0":1,"1":4,"2":5,"3":1,"4":5,"5":5,"6":5,"7":3,"8":0,"9":5,"10":5,"11":4,"12":1,"13":0,"14":0,"15":1,"16":0,"17":0,"18":5,"19":0},"17":{"0":4,"1":0,"2":5,"3":5,"4":5,"5":5,"6":5,"7":5,"8":0,"9":5,"10":2,"11":5,"12":2,"13":0,"14":5,"15":2,"16":5,"17":0,"18":0,"19":2},"18":{"0":5,"1":4,"2":5,"3":5,"4":5,"5":0,"6":0,"7":5,"8":3,"9":0,"10":3,"11":5,"12":5,"13":2,"14":5,"15":3,"16":5,"17":5,"18":0,"19":2},"19":{"0":0,"1":0,"2":0,"3":0,"4":5,"5":5,"6":5,"7":4,"8":5,"9":4,"10":5,"11":4,"12":5,"13":0,"14":5,"15":5,"16":3,"17":5,"18":5,"19":0}},"method":"hillside","closest_pair":[[2,1,0,3,5,4,6,7,8,12,11,13,9,10,16,15,19,17,14,18],[2,1,0,3,5,4,6,7,8,12,11,13,9,10,16,15,19,17,18,14]],"farthest_pair":[[2,0,1,3,5,4,6,7,8,12,11,13,9,10,16,15,19,17,18,14],[1,2,0,3,5,4,6,7,8,12,11,13,9,10,16,15,19,17,14,18]],"tau_farthest_pair":0.9684210526,"tau_closest_pair":0.9894736842,"centroid_solution":[2,1,0,3,5,4,6,7,8,12,11,13,9,10,16,15,19,17,18,14]}