{"solutions":[[1,0,3,4,2,6,5,7,11,8,15,9,14,12,10,19,16,18,13,17],[1,0,3,4,2,6,5,7,11,8,15,9,10,14,12,19,16,18,13,17],[1,0,3,4,2,6,5,11,8,15,7,9,12,10,14,19,18,16,13,17],[1,0,3,4,2,6,5,11,8,7,15,9,10,14,12,19,16,18,13,17],[1,0,3,4,2,6,5,7,11,8,15,9,12,10,14,19,18,16,13,17],[1,0,3,4,2,6,5,11,8,15,7,9,12,10,14,19,16,18,13,17],[1,0,3,4,2,6,5,11,8,7,15,9,14,12,10,19,18,16,13,17],[1,0,3,4,2,6,5,11,8,15,7,9,14,12,10,19,16,18,13,17],[1,0,3,4,2,6,5,7,11,8,15,9,12,10,14,19,16,18,13,17],[1,0,3,4,2,6,5,11,8,15,7,9,14,12,10,19,18,16,13,17],[1,0,3,4,2,6,5,7,11,8,15,9,14,12,10,19,18,16,13,17],[1,0,3,4,2,6,5,11,8,15,7,9,10,14,12,19,16,18,13,17],[1,0,3,4,2,6,5,11,8,15,7,9,10,14,12,19,18,16,13,17],[1,0,3,4,2,6,5,11,8,7,15,9,12,10,14,19,18,16,13,17],[1,0,3,4,2,6,5,11,8,7,15,9,12,10,14,19,16,18,13,17],[1,0,3,4,2,6,5,7,11,8,15,9,10,14,12,19,18,16,13,17],[1,0,3,4,2,6,5,11,8,7,15,9,14,12,10,19,16,18,13,17],[1,0,3,4,2,6,5,11,8,7,15,9,10,14,12,19,18,16,13,17]],"obj":1592.0,"max_tau_solutions":null,"centroid_x":[[0.0,0.0,1.0,1.0,1.0,1.0,1.0,1.0,1.0,1.0,1.0,1.0,1.0,1.0,1.0,1.0,1.0,1.0,1.0,1.0],[1.0,0.0,1.0,1.0,1.0,1.0,1.0,1.0,1.0,1.0,1.0,1.0,1.0,1.0,1.0,1.0,1.0,1.0,1.0,1.0],[0.0,0.0,0.0,0.0,0.0,1.0,1.0,1.0,1.0,1.0,1.0,1.0,1.0,1.0,1.0,1.0,1.0,1.0,1.0,1.0],[0.0,0.0,1.0,0.0,1.0,1.0,1.0,1.0,1.0,1.0,1.0,1.0,1.0,1.0,1.0,1.0,1.0,1.0,1.0,1.0],[0.0,0.0,1.0,0.0,0.0,1.0,1.0,1.0,1.0,1.0,1.0,1.0,1.0,1.0,1.0,1.0,1.0,1.0,1.0,1.0],[0.0,0.0,0.0,0.0,0.0,0.0,0.0,1.0,1.0,1.0,1.0,1.0,1.0,1.0,1.0,1.0,1.0,1.0,1.0,1.0],[0.0,0.0,0.0,0.0,0.0,1.0,0.0,1.0,1.0,1.0,1.0,1.0,1.0,1.0,1.0,1.0,1.0,1.0,1.0,1.0],[0.0,0.0,0.0,0.0,0.0,0.0,0.0,0.0,0.4502117632,1.0,1.0,0.4502117634,1.0,1.0,1.0,0.5961828899,1.0,1.0,1.0,1.0],[0.0,0.0,0.0,0.0,0.0,0.0,0.0,0.5497882368,0.0,1.0,1.0,0.0,1.0,1.0,1.0,1.0,1.0,1.0,1.0,1.0],[0.0,0.0,0.0,0.0,0.0,0.0,0.0,0.0,0.0,0.0,1.0,0.0,1.0,1.0,1.0,0.0,1.0,1.0,1.0,1.0],[0.0,0.0,0.0,0.0,0.0,0.0,0.0,0.0,0.0,0.0,0.0,0.0,0.3319319117,1.0,0.6726477884,0.0,1.0,1.0,1.0,1.0],[0.0,0.0,0.0,0.0,0.0,0.0,0.0,0.5497882366,1.0,1.0,1.0,0.0,1.0,1.0,1.0,1.0,1.0,1.0,1.0,1.0],[0.0,0.0,0.0,0.0,0.0,0.0,0.0,0.0,0.0,0.0,0.6680680883,0.0,0.0,1.0,0.3407158767,0.0,1.0,1.0,1.0,1.0],[0.0,0.0,0.0,0.0,0.0,0.0,0.0,0.0,0.0,0.0,0.0,0.0,0.0,0.0,0.0,0.0,0.0,1.0,0.0,0.0],[0.0,0.0,0.0,0.0,0.0,0.0,0.0,0.0,0.0,0.0,0.3273522116,0.0,0.6592841233,1.0,0.0,0.0,1.0,1.0,1.0,1.0],[0.0,0.0,0.0,0.0,0.0,0.0,0.0,0.4038171101,0.0,1.0,1.0,0.0,1.0,1.0,1.0,0.0,1.0,1.0,1.0,1.0],[0.0,0.0,0.0,0.0,0.0,0.0,0.0,0.0,0.0,0.0,0.0,0.0,0.0,1.0,0.0,0.0,0.0,1.0,0.4958985346,0.0],[0.0,0.0,0.0,0.0,0.0,0.0,0.0,0.0,0.0,0.0,0.0,0.0,0.0,0.0,0.0,0.0,0.0,0.0,0.0,0.0],[0.0,0.0,0.0,0.0,0.0,0.0,0.0,0.0,0.0,0.0,0.0,0.0,0.0,1.0,0.0,0.0,0.5041014654,1.0,0.0,0.0],[0.0,0.0,0.0,0.0,0.0,0.0,0.0,0.0,0.0,0.0,0.0,0.0,0.0,1.0,0.0,0.0,1.0,1.0,1.0,0.0]],"outlier_solution":[1,0,3,4,2,6,5,7,11,8,15,9,14,12,10,19,16,18,13,17],"dataset_id":414,"source_dataset_id":461,"options":null,"D":{"0":{"0":0,"1":4,"2":4,"3":0,"4":0,"5":0,"6":0,"7":0,"8":5,"9":3,"10":0,"11":1,"12":2,"13":1,"14":0,"15":0,"16":5,"17":2,"18":0,"19":4},"1":{"0":0,"1":0,"2":0,"3":5,"4":0,"5":0,"6":0,"7":1,"8":0,"9":4,"10":0,"11":0,"12":0,"13":0,"14":0,"15":0,"16":0,"17":0,"18":0,"19":2},"2":{"0":1,"1":5,"2":0,"3":0,"4":4,"5":3,"6":0,"7":1,"8":0,"9":1,"10":0,"11":5,"12":4,"13":0,"14":0,"15":5,"16":0,"17":0,"18":0,"19":0},"3":{"0":5,"1":5,"2":5,"3":0,"4":1,"5":0,"6":0,"7":0,"8":0,"9":0,"10":2,"11":0,"12":0,"13":5,"14":2,"15":1,"16":0,"17":0,"18":1,"19":0},"4":{"0":5,"1":5,"2":0,"3":3,"4":0,"5":0,"6":3,"7":0,"8":0,"9":0,"10":0,"11":2,"12":0,"13":2,"14":0,"15":0,"16":0,"17":0,"18":5,"19":0},"5":{"0":5,"1":5,"2":4,"3":5,"4":5,"5":0,"6":0,"7":0,"8":0,"9":0,"10":0,"11":0,"12":0,"13":0,"14":2,"15":0,"16":0,"17":5,"18":5,"19":5},"6":{"0":0,"1":5,"2":0,"3":5,"4":5,"5":0,"6":0,"7":0,"8":0,"9":0,"10":1,"11":0,"12":3,"13":0,"14":0,"15":5,"16":0,"17":3,"18":0,"19":0},"7":{"0":5,"1":1,"2":4,"3":5,"4":5,"5":5,"6":0,"7":0,"8":3,"9":2,"10":0,"11":4,"12":0,"13":0,"14":0,"15":0,"16":0,"17":0,"18":3,"19":5},"8":{"0":5,"1":2,"2":4,"3":1,"4":5,"5":0,"6":0,"7":5,"8":0,"9":0,"10":4,"11":3,"12":0,"13":0,"14":3,"15":0,"16":2,"17":0,"18":0,"19":0},"9":{"0":5,"1":5,"2":5,"3":5,"4":5,"5":5,"6":4,"7":5,"8":5,"9":0,"10":0,"11":3,"12":3,"13":0,"14":0,"15":0,"16":3,"17":0,"18":0,"19":0},"10":{"0":5,"1":5,"2":5,"3":5,"4":4,"5":5,"6":5,"7":3,"8":5,"9":5,"10":0,"11":5,"12":3,"13":0,"14":1,"15":0,"16":0,"17":0,"18":0,"19":1},"11":{"0":5,"1":5,"2":5,"3":5,"4":5,"5":5,"6":5,"7":3,"8":5,"9":0,"10":0,"11":0,"12":0,"13":0,"14":0,"15":5,"16":1,"17":0,"18":0,"19":0},"12":{"0":0,"1":5,"2":5,"3":5,"4":3,"5":5,"6":0,"7":5,"8":0,"9":5,"10":2,"11":5,"12":0,"13":0,"14":3,"15":5,"16":0,"17":2,"18":0,"19":0},"13":{"0":5,"1":5,"2":5,"3":5,"4":5,"5":5,"6":5,"7":5,"8":5,"9":1,"10":5,"11":5,"12":5,"13":0,"14":2,"15":5,"16":2,"17":0,"18":0,"19":0},"14":{"0":1,"1":5,"2":5,"3":5,"4":0,"5":5,"6":5,"7":1,"8":5,"9":3,"10":1,"11":0,"12":0,"13":1,"14":0,"15":2,"16":0,"17":0,"18":0,"19":0},"15":{"0":3,"1":0,"2":5,"3":5,"4":5,"5":0,"6":5,"7":1,"8":0,"9":0,"10":5,"11":5,"12":5,"13":3,"14":0,"15":0,"16":0,"17":0,"18":4,"19":4},"16":{"0":5,"1":3,"2":0,"3":5,"4":4,"5":1,"6":5,"7":5,"8":0,"9":4,"10":5,"11":5,"12":1,"13":5,"14":2,"15":5,"16":0,"17":1,"18":2,"19":0},"17":{"0":5,"1":5,"2":5,"3":5,"4":5,"5":5,"6":5,"7":1,"8":3,"9":1,"10":5,"11":5,"12":5,"13":5,"14":4,"15":5,"16":5,"17":0,"18":2,"19":5},"18":{"0":5,"1":4,"2":5,"3":4,"4":0,"5":5,"6":2,"7":5,"8":5,"9":4,"10":3,"11":0,"12":4,"13":5,"14":0,"15":5,"16":4,"17":0,"18":0,"19":0},"19":{"0":3,"1":0,"2":0,"3":0,"4":5,"5":0,"6":1,"7":4,"8":3,"9":2,"10":5,"11":5,"12":1,"13":1,"14":2,"15":5,"16":5,"17":0,"18":4,"19":0}},"method":"hillside","closest_pair":[[1,0,3,4,2,6,5,11,8,15,7,9,14,12,10,19,18,16,13,17],[1,0,3,4,2,6,5,11,8,15,7,9,14,12,10,19,16,18,13,17]],"farthest_pair":[[1,0,3,4,2,6,5,7,11,8,15,9,10,14,12,19,18,16,13,17],[1,0,3,4,2,6,5,11,8,15,7,9,14,12,10,19,16,18,13,17]],"tau_farthest_pair":0.9368421053,"tau_closest_pair":0.9894736842,"centroid_solution":[1,0,3,4,2,6,5,11,8,7,15,9,12,10,14,19,18,16,13,17]}