{"solutions":[[19,18,17,16,15,13,14,10,8,9,7,12,11,5,6,2,3,0,1,4],[19,18,17,15,16,13,14,10,9,8,12,7,11,5,6,2,3,0,4,1],[19,18,17,15,16,13,14,10,9,12,8,7,11,5,6,2,3,1,0,4],[19,18,17,15,16,13,14,10,9,8,7,12,11,5,6,2,3,1,0,4],[19,18,17,16,15,13,14,10,9,8,7,12,11,5,6,2,3,1,0,4],[19,18,17,16,15,13,14,10,9,8,7,12,11,5,6,2,3,0,4,1],[19,18,17,16,15,13,14,10,8,9,7,12,11,5,6,2,3,1,0,4],[19,18,17,15,16,13,14,10,8,9,12,7,11,5,6,2,3,0,4,1],[19,18,17,15,16,13,14,10,9,12,8,7,11,5,6,2,3,0,4,1],[19,18,17,15,16,13,14,10,8,9,12,7,11,5,6,2,3,1,0,4],[19,18,17,16,15,13,14,10,9,8,12,7,11,5,6,2,3,0,1,4],[19,18,17,16,15,13,14,10,8,9,12,7,11,5,6,2,3,0,1,4],[19,18,17,15,16,13,14,10,8,9,7,12,11,5,6,2,3,1,0,4],[19,18,17,15,16,13,14,10,9,8,12,7,11,5,6,2,3,1,0,4],[19,18,17,16,15,13,14,10,9,12,8,7,11,5,6,2,3,0,4,1],[19,18,17,15,16,13,14,10,9,8,12,7,11,5,6,2,3,0,1,4],[19,18,17,15,16,13,14,10,9,8,7,12,11,5,6,2,3,0,4,1],[19,18,17,15,16,13,14,10,8,9,7,12,11,5,6,2,3,0,4,1],[19,18,17,16,15,13,14,10,9,8,7,12,11,5,6,2,3,0,1,4],[19,18,17,15,16,13,14,10,8,9,12,7,11,5,6,2,3,0,1,4],[19,18,17,16,15,13,14,10,9,8,12,7,11,5,6,2,3,1,0,4],[19,18,17,15,16,13,14,10,9,12,8,7,11,5,6,2,3,0,1,4],[19,18,17,16,15,13,14,10,9,12,8,7,11,5,6,2,3,0,1,4],[19,18,17,16,15,13,14,10,8,9,7,12,11,5,6,2,3,0,4,1],[19,18,17,16,15,13,14,10,8,9,12,7,11,5,6,2,3,1,0,4],[19,18,17,16,15,13,14,10,8,9,12,7,11,5,6,2,3,0,4,1],[19,18,17,16,15,13,14,10,9,12,8,7,11,5,6,2,3,1,0,4],[19,18,17,15,16,13,14,10,8,9,7,12,11,5,6,2,3,0,1,4],[19,18,17,16,15,13,14,10,9,8,12,7,11,5,6,2,3,0,4,1],[19,18,17,15,16,13,14,10,9,8,7,12,11,5,6,2,3,0,1,4]],"obj":1461.0,"max_tau_solutions":null,"centroid_x":[[0.0,0.4891802429,0.0,0.0,1.0,0.0,0.0,0.0,0.0,0.0,0.0,0.0,0.0,0.0,0.0,0.0,0.0,0.0,0.0,0.0],[0.5108197571,0.0,0.0,0.0,0.5207357697,0.0,0.0,0.0,0.0,0.0,0.0,0.0,0.0,0.0,0.0,0.0,0.0,0.0,0.0,0.0],[1.0,1.0,0.0,1.0,1.0,0.0,0.0,0.0,0.0,0.0,0.0,0.0,0.0,0.0,0.0,0.0,0.0,0.0,0.0,0.0],[1.0,1.0,0.0,0.0,1.0,0.0,0.0,0.0,0.0,0.0,0.0,0.0,0.0,0.0,0.0,0.0,0.0,0.0,0.0,0.0],[0.0,0.4792642303,0.0,0.0,0.0,0.0,0.0,0.0,0.0,0.0,0.0,0.0,0.0,0.0,0.0,0.0,0.0,0.0,0.0,0.0],[1.0,1.0,1.0,1.0,1.0,0.0,1.0,0.0,0.0,0.0,0.0,0.0,0.0,0.0,0.0,0.0,0.0,0.0,0.0,0.0],[1.0,1.0,1.0,1.0,1.0,0.0,0.0,0.0,0.0,0.0,0.0,0.0,0.0,0.0,0.0,0.0,0.0,0.0,0.0,0.0],[1.0,1.0,1.0,1.0,1.0,1.0,1.0,0.0,0.0,0.0,0.0,1.0,0.3502715638,0.0,0.0,0.0,0.0,0.0,0.0,0.0],[1.0,1.0,1.0,1.0,1.0,1.0,1.0,1.0,0.0,0.2846531177,0.0,1.0,0.4700090717,0.0,0.0,0.0,0.0,0.0,0.0,0.0],[1.0,1.0,1.0,1.0,1.0,1.0,1.0,1.0,0.7153468823,0.0,0.0,1.0,1.0,0.0,0.0,0.0,0.0,0.0,0.0,0.0],[1.0,1.0,1.0,1.0,1.0,1.0,1.0,1.0,1.0,1.0,0.0,1.0,1.0,0.0,0.0,0.0,0.0,0.0,0.0,0.0],[1.0,1.0,1.0,1.0,1.0,1.0,1.0,0.0,0.0,0.0,0.0,0.0,0.0,0.0,0.0,0.0,0.0,0.0,0.0,0.0],[1.0,1.0,1.0,1.0,1.0,1.0,1.0,0.6497284362,0.5299909283,0.0,0.0,1.0,0.0,0.0,0.0,0.0,0.0,0.0,0.0,0.0],[1.0,1.0,1.0,1.0,1.0,1.0,1.0,1.0,1.0,1.0,1.0,1.0,1.0,0.0,1.0,0.0,0.0,0.0,0.0,0.0],[1.0,1.0,1.0,1.0,1.0,1.0,1.0,1.0,1.0,1.0,1.0,1.0,1.0,0.0,0.0,0.0,0.0,0.0,0.0,0.0],[1.0,1.0,1.0,1.0,1.0,1.0,1.0,1.0,1.0,1.0,1.0,1.0,1.0,1.0,1.0,0.0,0.3335452394,0.0,0.0,0.0],[1.0,1.0,1.0,1.0,1.0,1.0,1.0,1.0,1.0,1.0,1.0,1.0,1.0,1.0,1.0,0.6664547606,0.0,0.0,0.0,0.0],[1.0,1.0,1.0,1.0,1.0,1.0,1.0,1.0,1.0,1.0,1.0,1.0,1.0,1.0,1.0,1.0,1.0,0.0,0.0,0.0],[1.0,1.0,1.0,1.0,1.0,1.0,1.0,1.0,1.0,1.0,1.0,1.0,1.0,1.0,1.0,1.0,1.0,1.0,0.0,0.0],[1.0,1.0,1.0,1.0,1.0,1.0,1.0,1.0,1.0,1.0,1.0,1.0,1.0,1.0,1.0,1.0,1.0,1.0,1.0,0.0]],"outlier_solution":[19,18,17,15,16,13,14,10,8,9,7,12,11,5,6,2,3,0,4,1],"dataset_id":415,"source_dataset_id":462,"options":null,"D":{"0":{"0":0,"1":1,"2":3,"3":5,"4":5,"5":5,"6":5,"7":5,"8":2,"9":0,"10":4,"11":5,"12":5,"13":2,"14":5,"15":3,"16":0,"17":5,"18":5,"19":0},"1":{"0":0,"1":0,"2":5,"3":4,"4":5,"5":5,"6":5,"7":5,"8":5,"9":1,"10":5,"11":3,"12":0,"13":5,"14":5,"15":5,"16":4,"17":0,"18":5,"19":5},"2":{"0":0,"1":0,"2":0,"3":3,"4":5,"5":5,"6":1,"7":5,"8":5,"9":0,"10":0,"11":3,"12":5,"13":0,"14":1,"15":5,"16":5,"17":5,"18":5,"19":2},"3":{"0":4,"1":1,"2":3,"3":0,"4":5,"5":3,"6":0,"7":5,"8":5,"9":5,"10":5,"11":0,"12":5,"13":0,"14":5,"15":0,"16":1,"17":5,"18":5,"19":5},"4":{"0":1,"1":3,"2":0,"3":0,"4":0,"5":5,"6":5,"7":5,"8":5,"9":3,"10":5,"11":1,"12":5,"13":4,"14":5,"15":5,"16":5,"17":5,"18":5,"19":5},"5":{"0":0,"1":2,"2":1,"3":0,"4":0,"5":0,"6":2,"7":5,"8":5,"9":1,"10":5,"11":5,"12":2,"13":1,"14":0,"15":2,"16":5,"17":5,"18":1,"19":3},"6":{"0":2,"1":2,"2":0,"3":0,"4":0,"5":0,"6":0,"7":5,"8":0,"9":5,"10":0,"11":4,"12":5,"13":5,"14":0,"15":1,"16":5,"17":5,"18":5,"19":5},"7":{"0":0,"1":1,"2":3,"3":5,"4":1,"5":0,"6":0,"7":0,"8":1,"9":5,"10":5,"11":5,"12":0,"13":5,"14":5,"15":0,"16":3,"17":4,"18":5,"19":0},"8":{"0":0,"1":0,"2":0,"3":0,"4":0,"5":0,"6":3,"7":3,"8":0,"9":5,"10":0,"11":5,"12":0,"13":5,"14":5,"15":5,"16":0,"17":5,"18":5,"19":0},"9":{"0":5,"1":1,"2":0,"3":0,"4":0,"5":0,"6":0,"7":0,"8":0,"9":0,"10":0,"11":0,"12":5,"13":5,"14":5,"15":5,"16":5,"17":5,"18":1,"19":0},"10":{"0":1,"1":0,"2":0,"3":0,"4":0,"5":0,"6":0,"7":0,"8":0,"9":4,"10":0,"11":5,"12":0,"13":5,"14":0,"15":2,"16":3,"17":2,"18":5,"19":0},"11":{"0":0,"1":1,"2":3,"3":2,"4":0,"5":0,"6":0,"7":5,"8":4,"9":0,"10":1,"11":0,"12":5,"13":5,"14":0,"15":5,"16":5,"17":4,"18":0,"19":5},"12":{"0":0,"1":0,"2":0,"3":0,"4":0,"5":4,"6":1,"7":0,"8":3,"9":1,"10":0,"11":5,"12":0,"13":5,"14":5,"15":0,"16":5,"17":2,"18":5,"19":5},"13":{"0":0,"1":0,"2":0,"3":0,"4":3,"5":0,"6":0,"7":0,"8":1,"9":4,"10":0,"11":0,"12":0,"13":0,"14":0,"15":1,"16":1,"17":5,"18":5,"19":0},"14":{"0":0,"1":0,"2":2,"3":0,"4":5,"5":3,"6":0,"7":0,"8":0,"9":2,"10":0,"11":0,"12":0,"13":3,"14":0,"15":0,"16":5,"17":1,"18":1,"19":5},"15":{"0":0,"1":0,"2":0,"3":0,"4":0,"5":1,"6":0,"7":0,"8":0,"9":0,"10":0,"11":0,"12":0,"13":5,"14":5,"15":0,"16":0,"17":4,"18":0,"19":0},"16":{"0":0,"1":0,"2":0,"3":1,"4":0,"5":0,"6":2,"7":0,"8":0,"9":0,"10":0,"11":0,"12":1,"13":0,"14":0,"15":0,"16":0,"17":5,"18":3,"19":5},"17":{"0":0,"1":0,"2":0,"3":0,"4":3,"5":0,"6":2,"7":0,"8":2,"9":2,"10":0,"11":0,"12":0,"13":0,"14":4,"15":0,"16":0,"17":0,"18":1,"19":5},"18":{"0":0,"1":2,"2":0,"3":4,"4":0,"5":3,"6":0,"7":3,"8":0,"9":0,"10":0,"11":0,"12":0,"13":0,"14":0,"15":0,"16":0,"17":0,"18":0,"19":5},"19":{"0":0,"1":0,"2":0,"3":0,"4":0,"5":0,"6":0,"7":0,"8":0,"9":0,"10":4,"11":0,"12":0,"13":0,"14":0,"15":4,"16":0,"17":0,"18":0,"19":0}},"method":"hillside","closest_pair":[[19,18,17,16,15,13,14,10,9,8,7,12,11,5,6,2,3,0,4,1],[19,18,17,16,15,13,14,10,9,8,12,7,11,5,6,2,3,0,4,1]],"farthest_pair":[[19,18,17,16,15,13,14,10,8,9,7,12,11,5,6,2,3,0,4,1],[19,18,17,15,16,13,14,10,9,12,8,7,11,5,6,2,3,1,0,4]],"tau_farthest_pair":0.9368421053,"tau_closest_pair":0.9894736842,"centroid_solution":[19,18,17,16,15,13,14,10,9,12,8,7,11,5,6,2,3,1,0,4]}