{"solutions":[[2,4,0,7,5,1,3,9,6,15,14,8,13,11,10,18,12,16,19,17],[2,4,0,7,5,1,3,9,6,15,8,14,13,11,10,18,12,16,19,17],[2,4,0,1,7,5,3,9,6,15,8,14,13,11,10,18,12,16,19,17],[2,4,0,1,7,5,3,9,6,15,14,8,13,11,10,18,12,16,19,17]],"obj":1713.0,"max_tau_solutions":null,"centroid_x":[[0.0,1.0,0.0,1.0,0.0,1.0,1.0,1.0,1.0,1.0,1.0,1.0,1.0,1.0,1.0,1.0,1.0,1.0,1.0,1.0],[0.0,0.0,0.0,1.0,0.0,0.4896100716,1.0,0.4896100716,1.0,1.0,1.0,1.0,1.0,1.0,1.0,1.0,1.0,1.0,1.0,1.0],[1.0,1.0,0.0,1.0,1.0,1.0,1.0,1.0,1.0,1.0,1.0,1.0,1.0,1.0,1.0,1.0,1.0,1.0,1.0,1.0],[0.0,0.0,0.0,0.0,0.0,0.0,1.0,0.0,1.0,1.0,1.0,1.0,1.0,1.0,1.0,1.0,1.0,1.0,1.0,1.0],[1.0,1.0,0.0,1.0,0.0,1.0,1.0,1.0,1.0,1.0,1.0,1.0,1.0,1.0,1.0,1.0,1.0,1.0,1.0,1.0],[0.0,0.5103899284,0.0,1.0,0.0,0.0,1.0,0.0,1.0,1.0,1.0,1.0,1.0,1.0,1.0,1.0,1.0,1.0,1.0,1.0],[0.0,0.0,0.0,0.0,0.0,0.0,0.0,0.0,1.0,0.0,1.0,1.0,1.0,1.0,1.0,1.0,1.0,1.0,1.0,1.0],[0.0,0.5103899284,0.0,1.0,0.0,1.0,1.0,0.0,1.0,1.0,1.0,1.0,1.0,1.0,1.0,1.0,1.0,1.0,1.0,1.0],[0.0,0.0,0.0,0.0,0.0,0.0,0.0,0.0,0.0,0.0,1.0,1.0,1.0,1.0,0.4845246755,0.0,1.0,1.0,1.0,1.0],[0.0,0.0,0.0,0.0,0.0,0.0,1.0,0.0,1.0,0.0,1.0,1.0,1.0,1.0,1.0,1.0,1.0,1.0,1.0,1.0],[0.0,0.0,0.0,0.0,0.0,0.0,0.0,0.0,0.0,0.0,0.0,0.0,1.0,0.0,0.0,0.0,1.0,1.0,1.0,1.0],[0.0,0.0,0.0,0.0,0.0,0.0,0.0,0.0,0.0,0.0,1.0,0.0,1.0,0.0,0.0,0.0,1.0,1.0,1.0,1.0],[0.0,0.0,0.0,0.0,0.0,0.0,0.0,0.0,0.0,0.0,0.0,0.0,0.0,0.0,0.0,0.0,1.0,1.0,0.0,1.0],[0.0,0.0,0.0,0.0,0.0,0.0,0.0,0.0,0.0,0.0,1.0,1.0,1.0,0.0,0.0,0.0,1.0,1.0,1.0,1.0],[0.0,0.0,0.0,0.0,0.0,0.0,0.0,0.0,0.5154753245,0.0,1.0,1.0,1.0,1.0,0.0,0.0,1.0,1.0,1.0,1.0],[0.0,0.0,0.0,0.0,0.0,0.0,0.0,0.0,1.0,0.0,1.0,1.0,1.0,1.0,1.0,0.0,1.0,1.0,1.0,1.0],[0.0,0.0,0.0,0.0,0.0,0.0,0.0,0.0,0.0,0.0,0.0,0.0,0.0,0.0,0.0,0.0,0.0,1.0,0.0,1.0],[0.0,0.0,0.0,0.0,0.0,0.0,0.0,0.0,0.0,0.0,0.0,0.0,0.0,0.0,0.0,0.0,0.0,0.0,0.0,0.0],[0.0,0.0,0.0,0.0,0.0,0.0,0.0,0.0,0.0,0.0,0.0,0.0,1.0,0.0,0.0,0.0,1.0,1.0,0.0,1.0],[0.0,0.0,0.0,0.0,0.0,0.0,0.0,0.0,0.0,0.0,0.0,0.0,0.0,0.0,0.0,0.0,0.0,1.0,0.0,0.0]],"outlier_solution":[2,4,0,1,7,5,3,9,6,15,8,14,13,11,10,18,12,16,19,17],"dataset_id":418,"source_dataset_id":465,"options":null,"D":{"0":{"0":0,"1":5,"2":1,"3":0,"4":0,"5":4,"6":2,"7":0,"8":0,"9":0,"10":5,"11":0,"12":0,"13":2,"14":0,"15":0,"16":0,"17":0,"18":0,"19":3},"1":{"0":5,"1":0,"2":0,"3":0,"4":0,"5":3,"6":4,"7":3,"8":0,"9":0,"10":5,"11":0,"12":3,"13":0,"14":2,"15":2,"16":0,"17":4,"18":5,"19":0},"2":{"0":1,"1":3,"2":0,"3":0,"4":0,"5":0,"6":0,"7":0,"8":0,"9":0,"10":0,"11":1,"12":2,"13":0,"14":0,"15":2,"16":0,"17":0,"18":4,"19":0},"3":{"0":5,"1":1,"2":5,"3":0,"4":0,"5":0,"6":0,"7":1,"8":0,"9":0,"10":0,"11":2,"12":0,"13":0,"14":5,"15":0,"16":0,"17":4,"18":2,"19":0},"4":{"0":5,"1":0,"2":5,"3":5,"4":0,"5":3,"6":0,"7":0,"8":0,"9":0,"10":1,"11":0,"12":5,"13":0,"14":0,"15":0,"16":1,"17":3,"18":0,"19":0},"5":{"0":5,"1":5,"2":5,"3":5,"4":5,"5":0,"6":0,"7":1,"8":0,"9":5,"10":0,"11":3,"12":0,"13":0,"14":1,"15":0,"16":0,"17":0,"18":3,"19":0},"6":{"0":5,"1":3,"2":5,"3":0,"4":5,"5":5,"6":0,"7":0,"8":0,"9":0,"10":0,"11":3,"12":0,"13":0,"14":0,"15":4,"16":3,"17":5,"18":0,"19":2},"7":{"0":3,"1":5,"2":4,"3":5,"4":5,"5":5,"6":5,"7":0,"8":0,"9":3,"10":0,"11":0,"12":0,"13":0,"14":2,"15":0,"16":4,"17":0,"18":0,"19":0},"8":{"0":4,"1":5,"2":5,"3":3,"4":5,"5":0,"6":0,"7":4,"8":0,"9":0,"10":0,"11":5,"12":0,"13":0,"14":0,"15":4,"16":0,"17":1,"18":0,"19":5},"9":{"0":0,"1":3,"2":5,"3":0,"4":5,"5":0,"6":3,"7":5,"8":0,"9":0,"10":0,"11":0,"12":0,"13":0,"14":0,"15":1,"16":2,"17":0,"18":1,"19":4},"10":{"0":5,"1":5,"2":0,"3":2,"4":5,"5":5,"6":3,"7":5,"8":5,"9":5,"10":0,"11":0,"12":4,"13":0,"14":0,"15":0,"16":0,"17":0,"18":0,"19":1},"11":{"0":5,"1":4,"2":5,"3":4,"4":5,"5":5,"6":3,"7":5,"8":4,"9":4,"10":0,"11":0,"12":1,"13":0,"14":1,"15":3,"16":0,"17":0,"18":1,"19":1},"12":{"0":5,"1":5,"2":5,"3":5,"4":5,"5":4,"6":1,"7":5,"8":5,"9":5,"10":5,"11":3,"12":0,"13":0,"14":0,"15":2,"16":0,"17":0,"18":0,"19":0},"13":{"0":1,"1":0,"2":5,"3":3,"4":5,"5":5,"6":0,"7":5,"8":2,"9":1,"10":5,"11":5,"12":0,"13":0,"14":0,"15":5,"16":0,"17":3,"18":0,"19":0},"14":{"0":2,"1":3,"2":5,"3":1,"4":3,"5":5,"6":5,"7":5,"8":0,"9":1,"10":5,"11":5,"12":5,"13":5,"14":0,"15":0,"16":0,"17":0,"18":0,"19":0},"15":{"0":1,"1":3,"2":5,"3":0,"4":5,"5":1,"6":1,"7":5,"8":5,"9":5,"10":1,"11":4,"12":0,"13":3,"14":5,"15":0,"16":0,"17":0,"18":0,"19":0},"16":{"0":5,"1":5,"2":5,"3":2,"4":5,"5":5,"6":3,"7":0,"8":2,"9":2,"10":0,"11":0,"12":5,"13":5,"14":1,"15":5,"16":0,"17":0,"18":0,"19":3},"17":{"0":2,"1":5,"2":0,"3":5,"4":0,"5":5,"6":5,"7":5,"8":0,"9":5,"10":5,"11":5,"12":5,"13":5,"14":5,"15":5,"16":5,"17":0,"18":0,"19":4},"18":{"0":2,"1":5,"2":2,"3":2,"4":5,"5":4,"6":0,"7":5,"8":5,"9":3,"10":2,"11":0,"12":0,"13":3,"14":5,"15":5,"16":3,"17":4,"18":0,"19":0},"19":{"0":5,"1":0,"2":5,"3":5,"4":0,"5":5,"6":5,"7":5,"8":5,"9":5,"10":0,"11":4,"12":0,"13":5,"14":5,"15":2,"16":2,"17":3,"18":3,"19":0}},"method":"hillside","closest_pair":[[2,4,0,7,5,1,3,9,6,15,8,14,13,11,10,18,12,16,19,17],[2,4,0,7,5,1,3,9,6,15,14,8,13,11,10,18,12,16,19,17]],"farthest_pair":[[2,4,0,1,7,5,3,9,6,15,14,8,13,11,10,18,12,16,19,17],[2,4,0,7,5,1,3,9,6,15,8,14,13,11,10,18,12,16,19,17]],"tau_farthest_pair":0.9684210526,"tau_closest_pair":0.9894736842,"centroid_solution":[2,4,0,7,5,1,3,9,6,15,14,8,13,11,10,18,12,16,19,17]}