{"solutions":[[18,17,15,19,9,14,13,10,12,16,8,11,2,7,6,0,5,3,4,1],[18,17,15,19,9,14,13,10,12,16,8,11,2,6,7,5,4,0,3,1],[18,17,15,19,9,14,13,10,12,16,8,11,2,6,7,0,5,4,3,1],[18,17,15,19,9,14,13,10,12,16,8,11,6,2,7,4,0,5,3,1],[18,17,15,19,9,14,13,10,12,16,8,11,2,7,6,0,5,4,3,1],[18,17,15,19,9,14,13,10,12,16,8,11,6,2,7,0,5,4,3,1],[18,17,15,19,9,14,13,10,12,16,8,11,2,7,6,4,0,5,3,1],[18,17,15,19,9,14,13,10,12,16,8,11,6,2,7,5,4,0,3,1],[18,17,15,19,9,14,13,10,12,16,8,11,2,7,6,5,4,0,3,1],[18,17,15,19,9,14,13,10,12,16,8,11,2,6,7,0,5,3,4,1],[18,17,15,19,9,14,13,10,12,16,8,11,6,2,7,0,5,3,4,1],[18,17,15,19,9,14,13,10,12,16,8,11,2,6,7,4,0,5,3,1]],"obj":1784.0,"max_tau_solutions":null,"centroid_x":[[0.0,1.0,0.0,1.0,0.3382632678,0.5557938576,0.0,0.0,0.0,0.0,0.0,0.0,0.0,0.0,0.0,0.0,0.0,0.0,0.0,0.0],[0.0,0.0,0.0,0.0,0.0,0.0,0.0,0.0,0.0,0.0,0.0,0.0,0.0,0.0,0.0,0.0,0.0,0.0,0.0,0.0],[1.0,1.0,0.0,1.0,1.0,1.0,0.5397460166,1.0,0.0,0.0,0.0,0.0,0.0,0.0,0.0,0.0,0.0,0.0,0.0,0.0],[0.0,1.0,0.0,0.0,0.2240559813,0.0,0.0,0.0,0.0,0.0,0.0,0.0,0.0,0.0,0.0,0.0,0.0,0.0,0.0,0.0],[0.6617367322,1.0,0.0,0.7759440187,0.0,0.2175305898,0.0,0.0,0.0,0.0,0.0,0.0,0.0,0.0,0.0,0.0,0.0,0.0,0.0,0.0],[0.4442061424,1.0,0.0,1.0,0.7824694102,0.0,0.0,0.0,0.0,0.0,0.0,0.0,0.0,0.0,0.0,0.0,0.0,0.0,0.0,0.0],[1.0,1.0,0.4602539834,1.0,1.0,1.0,0.0,0.5282857772,0.0,0.0,0.0,0.0,0.0,0.0,0.0,0.0,0.0,0.0,0.0,0.0],[1.0,1.0,0.0,1.0,1.0,1.0,0.4717142228,0.0,0.0,0.0,0.0,0.0,0.0,0.0,0.0,0.0,0.0,0.0,0.0,0.0],[1.0,1.0,1.0,1.0,1.0,1.0,1.0,1.0,0.0,0.0,0.0,1.0,0.0,0.0,0.0,0.0,0.0,0.0,0.0,0.0],[1.0,1.0,1.0,1.0,1.0,1.0,1.0,1.0,1.0,0.0,1.0,1.0,1.0,1.0,1.0,0.0,1.0,0.0,0.0,0.0],[1.0,1.0,1.0,1.0,1.0,1.0,1.0,1.0,1.0,0.0,0.0,1.0,1.0,0.0,0.0,0.0,1.0,0.0,0.0,0.0],[1.0,1.0,1.0,1.0,1.0,1.0,1.0,1.0,0.0,0.0,0.0,0.0,0.0,0.0,0.0,0.0,0.0,0.0,0.0,0.0],[1.0,1.0,1.0,1.0,1.0,1.0,1.0,1.0,1.0,0.0,0.0,1.0,0.0,0.0,0.0,0.0,1.0,0.0,0.0,0.0],[1.0,1.0,1.0,1.0,1.0,1.0,1.0,1.0,1.0,0.0,1.0,1.0,1.0,0.0,0.0,0.0,1.0,0.0,0.0,0.0],[1.0,1.0,1.0,1.0,1.0,1.0,1.0,1.0,1.0,0.0,1.0,1.0,1.0,1.0,0.0,0.0,1.0,0.0,0.0,0.0],[1.0,1.0,1.0,1.0,1.0,1.0,1.0,1.0,1.0,1.0,1.0,1.0,1.0,1.0,1.0,0.0,1.0,0.0,0.0,1.0],[1.0,1.0,1.0,1.0,1.0,1.0,1.0,1.0,1.0,0.0,0.0,1.0,0.0,0.0,0.0,0.0,0.0,0.0,0.0,0.0],[1.0,1.0,1.0,1.0,1.0,1.0,1.0,1.0,1.0,1.0,1.0,1.0,1.0,1.0,1.0,1.0,1.0,0.0,0.0,1.0],[1.0,1.0,1.0,1.0,1.0,1.0,1.0,1.0,1.0,1.0,1.0,1.0,1.0,1.0,1.0,1.0,1.0,1.0,0.0,1.0],[1.0,1.0,1.0,1.0,1.0,1.0,1.0,1.0,1.0,1.0,1.0,1.0,1.0,1.0,1.0,0.0,1.0,0.0,0.0,0.0]],"outlier_solution":[18,17,15,19,9,14,13,10,12,16,8,11,6,2,7,0,5,3,4,1],"dataset_id":420,"source_dataset_id":467,"options":null,"D":{"0":{"0":0,"1":0,"2":5,"3":5,"4":5,"5":2,"6":3,"7":5,"8":5,"9":2,"10":5,"11":5,"12":3,"13":0,"14":5,"15":3,"16":5,"17":2,"18":5,"19":1},"1":{"0":1,"1":0,"2":1,"3":5,"4":1,"5":1,"6":5,"7":0,"8":5,"9":5,"10":2,"11":0,"12":0,"13":0,"14":0,"15":5,"16":0,"17":5,"18":5,"19":5},"2":{"0":0,"1":3,"2":0,"3":0,"4":3,"5":5,"6":1,"7":0,"8":0,"9":5,"10":1,"11":5,"12":5,"13":0,"14":5,"15":0,"16":5,"17":5,"18":0,"19":5},"3":{"0":1,"1":0,"2":5,"3":0,"4":5,"5":5,"6":5,"7":5,"8":5,"9":2,"10":0,"11":0,"12":5,"13":5,"14":5,"15":5,"16":5,"17":0,"18":5,"19":5},"4":{"0":3,"1":2,"2":0,"3":1,"4":0,"5":2,"6":5,"7":5,"8":5,"9":3,"10":5,"11":0,"12":0,"13":5,"14":5,"15":5,"16":0,"17":5,"18":1,"19":5},"5":{"0":1,"1":0,"2":5,"3":0,"4":3,"5":0,"6":5,"7":5,"8":5,"9":5,"10":5,"11":0,"12":5,"13":5,"14":3,"15":5,"16":5,"17":5,"18":5,"19":4},"6":{"0":0,"1":5,"2":0,"3":0,"4":2,"5":0,"6":0,"7":5,"8":1,"9":5,"10":3,"11":4,"12":5,"13":5,"14":2,"15":3,"16":5,"17":5,"18":5,"19":3},"7":{"0":0,"1":0,"2":0,"3":1,"4":0,"5":5,"6":3,"7":0,"8":0,"9":5,"10":5,"11":0,"12":5,"13":5,"14":5,"15":5,"16":5,"17":5,"18":5,"19":3},"8":{"0":0,"1":0,"2":0,"3":5,"4":0,"5":0,"6":3,"7":5,"8":0,"9":0,"10":5,"11":2,"12":3,"13":5,"14":5,"15":5,"16":2,"17":4,"18":5,"19":5},"9":{"0":0,"1":0,"2":2,"3":0,"4":0,"5":0,"6":0,"7":1,"8":0,"9":0,"10":5,"11":0,"12":4,"13":5,"14":5,"15":1,"16":0,"17":5,"18":5,"19":0},"10":{"0":0,"1":0,"2":0,"3":0,"4":0,"5":2,"6":0,"7":0,"8":1,"9":1,"10":0,"11":5,"12":2,"13":1,"14":1,"15":3,"16":1,"17":5,"18":0,"19":5},"11":{"0":3,"1":0,"2":4,"3":0,"4":0,"5":0,"6":0,"7":0,"8":0,"9":2,"10":0,"11":0,"12":5,"13":0,"14":0,"15":0,"16":0,"17":5,"18":0,"19":5},"12":{"0":1,"1":0,"2":4,"3":0,"4":2,"5":0,"6":0,"7":0,"8":2,"9":3,"10":0,"11":0,"12":0,"13":5,"14":1,"15":5,"16":5,"17":0,"18":5,"19":5},"13":{"0":5,"1":0,"2":0,"3":3,"4":0,"5":1,"6":0,"7":0,"8":5,"9":3,"10":0,"11":0,"12":0,"13":0,"14":1,"15":5,"16":0,"17":5,"18":5,"19":2},"14":{"0":0,"1":0,"2":3,"3":0,"4":0,"5":0,"6":0,"7":3,"8":3,"9":3,"10":0,"11":0,"12":1,"13":0,"14":0,"15":2,"16":4,"17":3,"18":0,"19":0},"15":{"0":0,"1":2,"2":0,"3":3,"4":0,"5":1,"6":5,"7":0,"8":0,"9":0,"10":0,"11":0,"12":0,"13":0,"14":0,"15":0,"16":3,"17":5,"18":5,"19":0},"16":{"0":0,"1":1,"2":0,"3":3,"4":5,"5":3,"6":3,"7":1,"8":4,"9":0,"10":0,"11":0,"12":0,"13":2,"14":2,"15":0,"16":0,"17":5,"18":0,"19":5},"17":{"0":1,"1":0,"2":0,"3":1,"4":0,"5":2,"6":0,"7":0,"8":4,"9":0,"10":0,"11":2,"12":3,"13":5,"14":0,"15":0,"16":0,"17":0,"18":2,"19":5},"18":{"0":0,"1":0,"2":0,"3":0,"4":0,"5":0,"6":0,"7":0,"8":3,"9":0,"10":2,"11":2,"12":5,"13":2,"14":4,"15":0,"16":0,"17":0,"18":0,"19":1},"19":{"0":4,"1":0,"2":5,"3":0,"4":1,"5":0,"6":0,"7":4,"8":5,"9":3,"10":4,"11":0,"12":0,"13":1,"14":2,"15":0,"16":0,"17":0,"18":0,"19":0}},"method":"hillside","closest_pair":[[18,17,15,19,9,14,13,10,12,16,8,11,2,6,7,0,5,3,4,1],[18,17,15,19,9,14,13,10,12,16,8,11,6,2,7,0,5,3,4,1]],"farthest_pair":[[18,17,15,19,9,14,13,10,12,16,8,11,6,2,7,5,4,0,3,1],[18,17,15,19,9,14,13,10,12,16,8,11,2,7,6,0,5,3,4,1]],"tau_farthest_pair":0.9473684211,"tau_closest_pair":0.9894736842,"centroid_solution":[18,17,15,19,9,14,13,10,12,16,8,11,2,6,7,5,4,0,3,1]}