{"solutions":[[16,19,18,12,14,13,15,9,11,7,17,5,6,4,8,10,3,2,1,0],[16,19,18,12,14,15,9,13,11,17,7,5,6,4,8,10,3,1,2,0],[16,19,18,14,9,12,13,15,11,17,7,5,6,4,8,10,3,1,2,0],[16,19,18,12,14,15,9,13,11,7,17,5,6,4,8,10,3,2,1,0],[16,19,18,14,9,12,13,15,11,17,7,5,6,4,8,10,3,2,1,0],[16,19,18,12,14,13,15,9,11,7,17,5,6,4,8,10,3,1,2,0],[16,19,18,14,9,12,13,15,11,7,17,5,6,4,8,10,3,2,1,0],[16,19,18,12,14,15,9,13,11,17,7,5,6,4,8,10,3,2,1,0],[16,19,18,12,14,13,15,9,11,17,7,5,6,4,8,10,3,1,2,0],[16,19,18,12,14,15,9,13,11,7,17,5,6,4,8,10,3,1,2,0],[16,19,18,14,9,12,13,15,11,7,17,5,6,4,8,10,3,1,2,0],[16,19,18,12,14,13,15,9,11,17,7,5,6,4,8,10,3,2,1,0]],"obj":1750.0,"max_tau_solutions":null,"centroid_x":[[0.0,0.0,0.0,0.0,0.0,0.0,0.0,0.0,0.0,0.0,0.0,0.0,0.0,0.0,0.0,0.0,0.0,0.0,0.0,0.0],[1.0,0.0,0.3491783573,0.0,0.0,0.0,0.0,0.0,0.0,0.0,0.0,0.0,0.0,0.0,0.0,0.0,0.0,0.0,0.0,0.0],[1.0,0.6508216427,0.0,0.0,0.0,0.0,0.0,0.0,0.0,0.0,0.0,0.0,0.0,0.0,0.0,0.0,0.0,0.0,0.0,0.0],[1.0,1.0,1.0,0.0,0.0,0.0,0.0,0.0,0.0,0.0,0.0,0.0,0.0,0.0,0.0,0.0,0.0,0.0,0.0,0.0],[1.0,1.0,1.0,1.0,0.0,0.0,0.0,0.0,1.0,0.0,1.0,0.0,0.0,0.0,0.0,0.0,0.0,0.0,0.0,0.0],[1.0,1.0,1.0,1.0,1.0,0.0,1.0,0.0,1.0,0.0,1.0,0.0,0.0,0.0,0.0,0.0,0.0,0.0,0.0,0.0],[1.0,1.0,1.0,1.0,1.0,0.0,0.0,0.0,1.0,0.0,1.0,0.0,0.0,0.0,0.0,0.0,0.0,0.0,0.0,0.0],[1.0,1.0,1.0,1.0,1.0,1.0,1.0,0.0,1.0,0.0,1.0,0.0,0.0,0.0,0.0,0.0,0.0,0.4845578066,0.0,0.0],[1.0,1.0,1.0,1.0,0.0,0.0,0.0,0.0,0.0,0.0,1.0,0.0,0.0,0.0,0.0,0.0,0.0,0.0,0.0,0.0],[1.0,1.0,1.0,1.0,1.0,1.0,1.0,1.0,1.0,0.0,1.0,1.0,0.3501950766,0.7030289247,0.0,0.3501950766,0.0,1.0,0.0,0.0],[1.0,1.0,1.0,1.0,0.0,0.0,0.0,0.0,0.0,0.0,0.0,0.0,0.0,0.0,0.0,0.0,0.0,0.0,0.0,0.0],[1.0,1.0,1.0,1.0,1.0,1.0,1.0,1.0,1.0,0.0,1.0,0.0,0.0,0.0,0.0,0.0,0.0,1.0,0.0,0.0],[1.0,1.0,1.0,1.0,1.0,1.0,1.0,1.0,1.0,0.6498049234,1.0,1.0,0.0,1.0,0.6498049233,1.0,0.0,1.0,0.0,0.0],[1.0,1.0,1.0,1.0,1.0,1.0,1.0,1.0,1.0,0.2969710753,1.0,1.0,0.0,0.0,0.0,0.6471661516,0.0,1.0,0.0,0.0],[1.0,1.0,1.0,1.0,1.0,1.0,1.0,1.0,1.0,1.0,1.0,1.0,0.3501950767,1.0,0.0,1.0,0.0,1.0,0.0,0.0],[1.0,1.0,1.0,1.0,1.0,1.0,1.0,1.0,1.0,0.6498049234,1.0,1.0,0.0,0.3528338484,0.0,0.0,0.0,1.0,0.0,0.0],[1.0,1.0,1.0,1.0,1.0,1.0,1.0,1.0,1.0,1.0,1.0,1.0,1.0,1.0,1.0,1.0,0.0,1.0,1.0,1.0],[1.0,1.0,1.0,1.0,1.0,1.0,1.0,0.5154421934,1.0,0.0,1.0,0.0,0.0,0.0,0.0,0.0,0.0,0.0,0.0,0.0],[1.0,1.0,1.0,1.0,1.0,1.0,1.0,1.0,1.0,1.0,1.0,1.0,1.0,1.0,1.0,1.0,0.0,1.0,0.0,0.0],[1.0,1.0,1.0,1.0,1.0,1.0,1.0,1.0,1.0,1.0,1.0,1.0,1.0,1.0,1.0,1.0,0.0,1.0,1.0,0.0]],"outlier_solution":[16,19,18,14,9,12,13,15,11,7,17,5,6,4,8,10,3,1,2,0],"dataset_id":421,"source_dataset_id":468,"options":null,"D":{"0":{"0":0,"1":1,"2":5,"3":5,"4":3,"5":5,"6":5,"7":5,"8":5,"9":0,"10":4,"11":5,"12":0,"13":0,"14":0,"15":5,"16":5,"17":5,"18":5,"19":5},"1":{"0":0,"1":0,"2":5,"3":5,"4":3,"5":5,"6":3,"7":5,"8":5,"9":5,"10":5,"11":5,"12":0,"13":5,"14":5,"15":5,"16":4,"17":0,"18":5,"19":5},"2":{"0":0,"1":0,"2":0,"3":1,"4":5,"5":3,"6":4,"7":5,"8":0,"9":5,"10":5,"11":5,"12":5,"13":5,"14":2,"15":5,"16":5,"17":5,"18":2,"19":2},"3":{"0":0,"1":0,"2":0,"3":0,"4":5,"5":5,"6":5,"7":5,"8":1,"9":5,"10":0,"11":4,"12":5,"13":5,"14":5,"15":5,"16":0,"17":0,"18":5,"19":5},"4":{"0":0,"1":0,"2":0,"3":0,"4":0,"5":0,"6":4,"7":2,"8":5,"9":5,"10":5,"11":5,"12":0,"13":4,"14":5,"15":3,"16":5,"17":3,"18":1,"19":1},"5":{"0":2,"1":4,"2":0,"3":2,"4":5,"5":0,"6":5,"7":5,"8":5,"9":5,"10":0,"11":5,"12":5,"13":0,"14":5,"15":3,"16":0,"17":0,"18":5,"19":0},"6":{"0":4,"1":0,"2":0,"3":5,"4":1,"5":0,"6":0,"7":1,"8":4,"9":2,"10":4,"11":3,"12":2,"13":0,"14":5,"15":3,"16":5,"17":0,"18":0,"19":5},"7":{"0":2,"1":0,"2":0,"3":0,"4":4,"5":4,"6":3,"7":0,"8":4,"9":0,"10":1,"11":5,"12":5,"13":0,"14":1,"15":1,"16":5,"17":2,"18":4,"19":5},"8":{"0":0,"1":0,"2":3,"3":0,"4":0,"5":4,"6":0,"7":5,"8":0,"9":5,"10":0,"11":4,"12":5,"13":5,"14":1,"15":4,"16":5,"17":2,"18":5,"19":5},"9":{"0":0,"1":1,"2":0,"3":4,"4":0,"5":5,"6":0,"7":0,"8":0,"9":0,"10":5,"11":0,"12":5,"13":5,"14":5,"15":4,"16":5,"17":0,"18":1,"19":0},"10":{"0":0,"1":5,"2":2,"3":1,"4":1,"5":2,"6":0,"7":0,"8":0,"9":5,"10":0,"11":4,"12":5,"13":5,"14":5,"15":5,"16":5,"17":5,"18":5,"19":4},"11":{"0":3,"1":0,"2":0,"3":0,"4":0,"5":3,"6":0,"7":0,"8":0,"9":5,"10":2,"11":0,"12":5,"13":5,"14":4,"15":5,"16":5,"17":0,"18":5,"19":1},"12":{"0":0,"1":0,"2":0,"3":5,"4":2,"5":0,"6":2,"7":0,"8":0,"9":3,"10":0,"11":0,"12":0,"13":5,"14":1,"15":5,"16":0,"17":0,"18":3,"19":5},"13":{"0":0,"1":4,"2":1,"3":2,"4":0,"5":0,"6":0,"7":0,"8":0,"9":0,"10":3,"11":5,"12":2,"13":0,"14":0,"15":5,"16":0,"17":3,"18":5,"19":0},"14":{"0":0,"1":0,"2":0,"3":0,"4":0,"5":1,"6":0,"7":0,"8":1,"9":4,"10":0,"11":0,"12":0,"13":0,"14":0,"15":5,"16":5,"17":4,"18":5,"19":5},"15":{"0":0,"1":2,"2":1,"3":0,"4":4,"5":5,"6":3,"7":1,"8":0,"9":0,"10":0,"11":0,"12":5,"13":5,"14":1,"15":0,"16":5,"17":5,"18":5,"19":0},"16":{"0":0,"1":0,"2":0,"3":0,"4":0,"5":0,"6":2,"7":0,"8":0,"9":0,"10":0,"11":0,"12":0,"13":0,"14":5,"15":1,"16":0,"17":0,"18":5,"19":5},"17":{"0":1,"1":2,"2":1,"3":0,"4":0,"5":3,"6":0,"7":4,"8":0,"9":0,"10":4,"11":0,"12":0,"13":0,"14":2,"15":5,"16":0,"17":0,"18":5,"19":5},"18":{"0":2,"1":0,"2":3,"3":5,"4":5,"5":0,"6":0,"7":2,"8":0,"9":3,"10":5,"11":0,"12":1,"13":1,"14":0,"15":0,"16":0,"17":0,"18":0,"19":5},"19":{"0":0,"1":0,"2":0,"3":0,"4":0,"5":3,"6":2,"7":1,"8":0,"9":0,"10":0,"11":5,"12":0,"13":0,"14":2,"15":0,"16":4,"17":0,"18":1,"19":0}},"method":"hillside","closest_pair":[[16,19,18,14,9,12,13,15,11,7,17,5,6,4,8,10,3,2,1,0],[16,19,18,14,9,12,13,15,11,7,17,5,6,4,8,10,3,1,2,0]],"farthest_pair":[[16,19,18,14,9,12,13,15,11,17,7,5,6,4,8,10,3,2,1,0],[16,19,18,12,14,15,9,13,11,7,17,5,6,4,8,10,3,1,2,0]],"tau_farthest_pair":0.9368421053,"tau_closest_pair":0.9894736842,"centroid_solution":[16,19,18,12,14,15,9,13,11,17,7,5,6,4,8,10,3,2,1,0]}