{"solutions":[[18,15,17,19,14,8,16,6,12,9,11,13,7,5,10,0,3,2,4,1],[18,15,17,19,14,8,16,6,12,9,11,13,7,5,10,0,3,4,2,1]],"obj":1875.0,"max_tau_solutions":null,"centroid_x":[[0.0,1.0,1.0,1.0,1.0,0.0,0.0,0.0,0.0,0.0,0.0,0.0,0.0,0.0,0.0,0.0,0.0,0.0,0.0,0.0],[0.0,0.0,0.0,0.0,0.0,0.0,0.0,0.0,0.0,0.0,0.0,0.0,0.0,0.0,0.0,0.0,0.0,0.0,0.0,0.0],[0.0,1.0,0.0,0.0,0.3705220667,0.0,0.0,0.0,0.0,0.0,0.0,0.0,0.0,0.0,0.0,0.0,0.0,0.0,0.0,0.0],[0.0,1.0,1.0,0.0,1.0,0.0,0.0,0.0,0.0,0.0,0.0,0.0,0.0,0.0,0.0,0.0,0.0,0.0,0.0,0.0],[0.0,1.0,0.6294779333,0.0,0.0,0.0,0.0,0.0,0.0,0.0,0.0,0.0,0.0,0.0,0.0,0.0,0.0,0.0,0.0,0.0],[1.0,1.0,1.0,1.0,1.0,0.0,0.0,0.0,0.0,0.0,1.0,0.0,0.0,0.0,0.0,0.0,0.0,0.0,0.0,0.0],[1.0,1.0,1.0,1.0,1.0,1.0,0.0,1.0,0.0,1.0,1.0,1.0,1.0,1.0,0.0,0.0,0.0,0.0,0.0,0.0],[1.0,1.0,1.0,1.0,1.0,1.0,0.0,0.0,0.0,0.0,1.0,0.0,0.0,0.0,0.0,0.0,0.0,0.0,0.0,0.0],[1.0,1.0,1.0,1.0,1.0,1.0,1.0,1.0,0.0,1.0,1.0,1.0,1.0,1.0,0.0,0.0,1.0,0.0,0.0,0.0],[1.0,1.0,1.0,1.0,1.0,1.0,0.0,1.0,0.0,0.0,1.0,1.0,0.0,1.0,0.0,0.0,0.0,0.0,0.0,0.0],[1.0,1.0,1.0,1.0,1.0,0.0,0.0,0.0,0.0,0.0,0.0,0.0,0.0,0.0,0.0,0.0,0.0,0.0,0.0,0.0],[1.0,1.0,1.0,1.0,1.0,1.0,0.0,1.0,0.0,0.0,1.0,0.0,0.0,1.0,0.0,0.0,0.0,0.0,0.0,0.0],[1.0,1.0,1.0,1.0,1.0,1.0,0.0,1.0,0.0,1.0,1.0,1.0,0.0,1.0,0.0,0.0,0.0,0.0,0.0,0.0],[1.0,1.0,1.0,1.0,1.0,1.0,0.0,1.0,0.0,0.0,1.0,0.0,0.0,0.0,0.0,0.0,0.0,0.0,0.0,0.0],[1.0,1.0,1.0,1.0,1.0,1.0,1.0,1.0,1.0,1.0,1.0,1.0,1.0,1.0,0.0,0.0,1.0,0.0,0.0,0.0],[1.0,1.0,1.0,1.0,1.0,1.0,1.0,1.0,1.0,1.0,1.0,1.0,1.0,1.0,1.0,0.0,1.0,1.0,0.0,1.0],[1.0,1.0,1.0,1.0,1.0,1.0,1.0,1.0,0.0,1.0,1.0,1.0,1.0,1.0,0.0,0.0,0.0,0.0,0.0,0.0],[1.0,1.0,1.0,1.0,1.0,1.0,1.0,1.0,1.0,1.0,1.0,1.0,1.0,1.0,1.0,0.0,1.0,0.0,0.0,1.0],[1.0,1.0,1.0,1.0,1.0,1.0,1.0,1.0,1.0,1.0,1.0,1.0,1.0,1.0,1.0,1.0,1.0,1.0,0.0,1.0],[1.0,1.0,1.0,1.0,1.0,1.0,1.0,1.0,1.0,1.0,1.0,1.0,1.0,1.0,1.0,0.0,1.0,0.0,0.0,0.0]],"outlier_solution":[18,15,17,19,14,8,16,6,12,9,11,13,7,5,10,0,3,2,4,1],"dataset_id":423,"source_dataset_id":470,"options":null,"D":{"0":{"0":0,"1":5,"2":0,"3":5,"4":2,"5":5,"6":5,"7":0,"8":5,"9":5,"10":5,"11":0,"12":5,"13":5,"14":0,"15":0,"16":5,"17":4,"18":0,"19":5},"1":{"0":4,"1":0,"2":5,"3":5,"4":2,"5":5,"6":5,"7":5,"8":5,"9":2,"10":4,"11":2,"12":0,"13":5,"14":1,"15":5,"16":3,"17":5,"18":5,"19":3},"2":{"0":3,"1":2,"2":0,"3":0,"4":2,"5":2,"6":5,"7":3,"8":5,"9":5,"10":0,"11":5,"12":1,"13":5,"14":5,"15":0,"16":1,"17":5,"18":3,"19":3},"3":{"0":0,"1":0,"2":0,"3":0,"4":5,"5":5,"6":5,"7":0,"8":5,"9":2,"10":4,"11":5,"12":5,"13":2,"14":1,"15":5,"16":1,"17":0,"18":5,"19":5},"4":{"0":0,"1":0,"2":0,"3":0,"4":0,"5":5,"6":0,"7":5,"8":5,"9":5,"10":5,"11":5,"12":0,"13":2,"14":5,"15":5,"16":4,"17":5,"18":5,"19":1},"5":{"0":4,"1":0,"2":0,"3":0,"4":4,"5":0,"6":5,"7":5,"8":5,"9":1,"10":0,"11":5,"12":3,"13":4,"14":5,"15":5,"16":2,"17":0,"18":1,"19":5},"6":{"0":0,"1":0,"2":1,"3":0,"4":0,"5":0,"6":0,"7":4,"8":5,"9":5,"10":4,"11":5,"12":0,"13":2,"14":5,"15":4,"16":5,"17":5,"18":5,"19":1},"7":{"0":3,"1":4,"2":0,"3":5,"4":0,"5":0,"6":0,"7":0,"8":2,"9":0,"10":5,"11":0,"12":5,"13":0,"14":1,"15":5,"16":5,"17":0,"18":5,"19":5},"8":{"0":1,"1":0,"2":0,"3":0,"4":0,"5":0,"6":0,"7":3,"8":0,"9":5,"10":0,"11":3,"12":5,"13":5,"14":5,"15":0,"16":5,"17":5,"18":5,"19":5},"9":{"0":5,"1":0,"2":0,"3":1,"4":0,"5":1,"6":5,"7":0,"8":1,"9":0,"10":0,"11":5,"12":5,"13":3,"14":5,"15":5,"16":3,"17":5,"18":5,"19":4},"10":{"0":0,"1":0,"2":5,"3":0,"4":0,"5":1,"6":0,"7":3,"8":0,"9":5,"10":0,"11":5,"12":5,"13":5,"14":5,"15":4,"16":0,"17":5,"18":5,"19":2},"11":{"0":0,"1":5,"2":0,"3":0,"4":0,"5":1,"6":1,"7":4,"8":0,"9":0,"10":4,"11":0,"12":4,"13":5,"14":0,"15":5,"16":0,"17":5,"18":5,"19":5},"12":{"0":2,"1":0,"2":0,"3":2,"4":0,"5":0,"6":0,"7":0,"8":0,"9":0,"10":5,"11":0,"12":0,"13":5,"14":3,"15":5,"16":0,"17":5,"18":5,"19":4},"13":{"0":0,"1":0,"2":5,"3":0,"4":2,"5":2,"6":3,"7":0,"8":5,"9":1,"10":0,"11":0,"12":0,"13":0,"14":5,"15":3,"16":4,"17":0,"18":5,"19":5},"14":{"0":4,"1":4,"2":0,"3":0,"4":5,"5":0,"6":0,"7":0,"8":0,"9":0,"10":0,"11":0,"12":0,"13":0,"14":0,"15":5,"16":5,"17":3,"18":5,"19":0},"15":{"0":0,"1":1,"2":0,"3":0,"4":2,"5":1,"6":0,"7":4,"8":0,"9":2,"10":0,"11":0,"12":3,"13":0,"14":0,"15":0,"16":5,"17":0,"18":5,"19":3},"16":{"0":0,"1":0,"2":3,"3":0,"4":1,"5":3,"6":5,"7":3,"8":3,"9":4,"10":3,"11":0,"12":0,"13":0,"14":2,"15":0,"16":0,"17":5,"18":5,"19":5},"17":{"0":4,"1":5,"2":0,"3":2,"4":0,"5":5,"6":0,"7":0,"8":0,"9":4,"10":0,"11":1,"12":0,"13":0,"14":0,"15":0,"16":0,"17":0,"18":5,"19":0},"18":{"0":1,"1":0,"2":1,"3":0,"4":0,"5":0,"6":5,"7":0,"8":4,"9":0,"10":5,"11":0,"12":0,"13":0,"14":0,"15":1,"16":2,"17":0,"18":0,"19":1},"19":{"0":0,"1":0,"2":1,"3":3,"4":0,"5":0,"6":4,"7":5,"8":1,"9":3,"10":0,"11":0,"12":0,"13":0,"14":2,"15":0,"16":0,"17":0,"18":4,"19":0}},"method":"hillside","closest_pair":[[18,15,17,19,14,8,16,6,12,9,11,13,7,5,10,0,3,2,4,1],[18,15,17,19,14,8,16,6,12,9,11,13,7,5,10,0,3,4,2,1]],"farthest_pair":[[18,15,17,19,14,8,16,6,12,9,11,13,7,5,10,0,3,4,2,1],[18,15,17,19,14,8,16,6,12,9,11,13,7,5,10,0,3,2,4,1]],"tau_farthest_pair":0.9894736842,"tau_closest_pair":0.9894736842,"centroid_solution":[18,15,17,19,14,8,16,6,12,9,11,13,7,5,10,0,3,4,2,1]}