{"solutions":[[1,2,4,3,0,10,5,7,13,11,9,12,6,16,8,14,19,17,15,18],[1,4,2,3,0,10,5,7,13,11,9,12,6,16,8,14,19,17,15,18]],"obj":1875.0,"max_tau_solutions":null,"centroid_x":[[0.0,0.0,0.0,0.0,0.0,1.0,1.0,1.0,1.0,1.0,1.0,1.0,1.0,1.0,1.0,1.0,1.0,1.0,1.0,1.0],[1.0,0.0,1.0,1.0,1.0,1.0,1.0,1.0,1.0,1.0,1.0,1.0,1.0,1.0,1.0,1.0,1.0,1.0,1.0,1.0],[1.0,0.0,0.0,1.0,0.492661747,1.0,1.0,1.0,1.0,1.0,1.0,1.0,1.0,1.0,1.0,1.0,1.0,1.0,1.0,1.0],[1.0,0.0,0.0,0.0,0.0,1.0,1.0,1.0,1.0,1.0,1.0,1.0,1.0,1.0,1.0,1.0,1.0,1.0,1.0,1.0],[1.0,0.0,0.507338253,1.0,0.0,1.0,1.0,1.0,1.0,1.0,1.0,1.0,1.0,1.0,1.0,1.0,1.0,1.0,1.0,1.0],[0.0,0.0,0.0,0.0,0.0,0.0,1.0,1.0,1.0,1.0,0.0,1.0,1.0,1.0,1.0,1.0,1.0,1.0,1.0,1.0],[0.0,0.0,0.0,0.0,0.0,0.0,0.0,0.0,1.0,0.0,0.0,0.0,0.0,0.0,1.0,1.0,1.0,1.0,1.0,1.0],[0.0,0.0,0.0,0.0,0.0,0.0,1.0,0.0,1.0,1.0,0.0,1.0,1.0,1.0,1.0,1.0,1.0,1.0,1.0,1.0],[0.0,0.0,0.0,0.0,0.0,0.0,0.0,0.0,0.0,0.0,0.0,0.0,0.0,0.0,1.0,1.0,0.0,1.0,1.0,1.0],[0.0,0.0,0.0,0.0,0.0,0.0,1.0,0.0,1.0,0.0,0.0,0.0,1.0,0.0,1.0,1.0,1.0,1.0,1.0,1.0],[0.0,0.0,0.0,0.0,0.0,1.0,1.0,1.0,1.0,1.0,0.0,1.0,1.0,1.0,1.0,1.0,1.0,1.0,1.0,1.0],[0.0,0.0,0.0,0.0,0.0,0.0,1.0,0.0,1.0,1.0,0.0,0.0,1.0,0.0,1.0,1.0,1.0,1.0,1.0,1.0],[0.0,0.0,0.0,0.0,0.0,0.0,1.0,0.0,1.0,0.0,0.0,0.0,0.0,0.0,1.0,1.0,1.0,1.0,1.0,1.0],[0.0,0.0,0.0,0.0,0.0,0.0,1.0,0.0,1.0,1.0,0.0,1.0,1.0,0.0,1.0,1.0,1.0,1.0,1.0,1.0],[0.0,0.0,0.0,0.0,0.0,0.0,0.0,0.0,0.0,0.0,0.0,0.0,0.0,0.0,0.0,1.0,0.0,1.0,1.0,1.0],[0.0,0.0,0.0,0.0,0.0,0.0,0.0,0.0,0.0,0.0,0.0,0.0,0.0,0.0,0.0,0.0,0.0,0.0,1.0,0.0],[0.0,0.0,0.0,0.0,0.0,0.0,0.0,0.0,1.0,0.0,0.0,0.0,0.0,0.0,1.0,1.0,0.0,1.0,1.0,1.0],[0.0,0.0,0.0,0.0,0.0,0.0,0.0,0.0,0.0,0.0,0.0,0.0,0.0,0.0,0.0,1.0,0.0,0.0,1.0,0.0],[0.0,0.0,0.0,0.0,0.0,0.0,0.0,0.0,0.0,0.0,0.0,0.0,0.0,0.0,0.0,0.0,0.0,0.0,0.0,0.0],[0.0,0.0,0.0,0.0,0.0,0.0,0.0,0.0,0.0,0.0,0.0,0.0,0.0,0.0,0.0,1.0,0.0,1.0,1.0,0.0]],"outlier_solution":[1,2,4,3,0,10,5,7,13,11,9,12,6,16,8,14,19,17,15,18],"dataset_id":423,"source_dataset_id":470,"options":null,"D":{"0":{"0":0,"1":4,"2":3,"3":0,"4":0,"5":4,"6":0,"7":3,"8":1,"9":5,"10":0,"11":0,"12":2,"13":0,"14":4,"15":0,"16":0,"17":4,"18":1,"19":0},"1":{"0":5,"1":0,"2":2,"3":0,"4":0,"5":0,"6":0,"7":4,"8":0,"9":0,"10":0,"11":5,"12":0,"13":0,"14":4,"15":1,"16":0,"17":5,"18":0,"19":0},"2":{"0":0,"1":5,"2":0,"3":0,"4":0,"5":0,"6":1,"7":0,"8":0,"9":0,"10":5,"11":0,"12":0,"13":5,"14":0,"15":0,"16":3,"17":0,"18":1,"19":1},"3":{"0":5,"1":5,"2":0,"3":0,"4":0,"5":0,"6":0,"7":5,"8":0,"9":1,"10":0,"11":0,"12":2,"13":0,"14":0,"15":0,"16":0,"17":2,"18":0,"19":3},"4":{"0":2,"1":2,"2":2,"3":5,"4":0,"5":4,"6":0,"7":0,"8":0,"9":0,"10":0,"11":0,"12":0,"13":2,"14":5,"15":2,"16":1,"17":0,"18":0,"19":0},"5":{"0":5,"1":5,"2":2,"3":5,"4":5,"5":0,"6":0,"7":0,"8":0,"9":1,"10":1,"11":1,"12":0,"13":2,"14":0,"15":1,"16":3,"17":5,"18":0,"19":0},"6":{"0":5,"1":5,"2":5,"3":5,"4":0,"5":5,"6":0,"7":0,"8":0,"9":5,"10":0,"11":1,"12":0,"13":3,"14":0,"15":0,"16":5,"17":0,"18":5,"19":4},"7":{"0":0,"1":5,"2":3,"3":0,"4":5,"5":5,"6":4,"7":0,"8":3,"9":0,"10":3,"11":4,"12":0,"13":0,"14":0,"15":4,"16":3,"17":0,"18":0,"19":5},"8":{"0":5,"1":5,"2":5,"3":5,"4":5,"5":5,"6":5,"7":2,"8":0,"9":1,"10":0,"11":0,"12":0,"13":5,"14":0,"15":0,"16":3,"17":0,"18":4,"19":1},"9":{"0":5,"1":2,"2":5,"3":2,"4":5,"5":1,"6":5,"7":0,"8":5,"9":0,"10":5,"11":0,"12":0,"13":1,"14":0,"15":2,"16":4,"17":4,"18":0,"19":3},"10":{"0":5,"1":4,"2":0,"3":4,"4":5,"5":0,"6":4,"7":5,"8":0,"9":0,"10":0,"11":4,"12":5,"13":0,"14":0,"15":0,"16":3,"17":0,"18":5,"19":0},"11":{"0":0,"1":2,"2":5,"3":5,"4":5,"5":5,"6":5,"7":0,"8":3,"9":5,"10":5,"11":0,"12":0,"13":0,"14":0,"15":0,"16":0,"17":1,"18":0,"19":0},"12":{"0":5,"1":0,"2":1,"3":5,"4":0,"5":3,"6":0,"7":5,"8":5,"9":5,"10":5,"11":4,"12":0,"13":0,"14":0,"15":3,"16":0,"17":0,"18":0,"19":0},"13":{"0":5,"1":5,"2":5,"3":2,"4":2,"5":4,"6":2,"7":0,"8":5,"9":3,"10":5,"11":5,"12":5,"13":0,"14":0,"15":0,"16":0,"17":0,"18":0,"19":0},"14":{"0":0,"1":1,"2":5,"3":1,"4":5,"5":5,"6":5,"7":1,"8":5,"9":5,"10":5,"11":0,"12":3,"13":5,"14":0,"15":0,"16":2,"17":0,"18":0,"19":2},"15":{"0":0,"1":5,"2":0,"3":5,"4":5,"5":5,"6":4,"7":5,"8":0,"9":5,"10":4,"11":5,"12":5,"13":3,"14":5,"15":0,"16":0,"17":0,"18":1,"19":0},"16":{"0":5,"1":3,"2":1,"3":1,"4":4,"5":2,"6":5,"7":5,"8":5,"9":3,"10":0,"11":0,"12":0,"13":4,"14":5,"15":5,"16":0,"17":0,"18":2,"19":0},"17":{"0":4,"1":5,"2":5,"3":0,"4":5,"5":0,"6":5,"7":0,"8":5,"9":5,"10":5,"11":5,"12":5,"13":0,"14":3,"15":0,"16":5,"17":0,"18":0,"19":0},"18":{"0":0,"1":5,"2":3,"3":5,"4":5,"5":1,"6":5,"7":5,"8":5,"9":5,"10":5,"11":5,"12":5,"13":5,"14":5,"15":5,"16":5,"17":5,"18":0,"19":4},"19":{"0":5,"1":3,"2":3,"3":5,"4":1,"5":5,"6":1,"7":5,"8":5,"9":4,"10":2,"11":5,"12":4,"13":5,"14":0,"15":3,"16":5,"17":0,"18":1,"19":0}},"method":"hillside","closest_pair":[[1,2,4,3,0,10,5,7,13,11,9,12,6,16,8,14,19,17,15,18],[1,4,2,3,0,10,5,7,13,11,9,12,6,16,8,14,19,17,15,18]],"farthest_pair":[[1,4,2,3,0,10,5,7,13,11,9,12,6,16,8,14,19,17,15,18],[1,2,4,3,0,10,5,7,13,11,9,12,6,16,8,14,19,17,15,18]],"centroid_solution":[1,4,2,3,0,10,5,7,13,11,9,12,6,16,8,14,19,17,15,18]}