{"solutions":[[18,19,17,13,16,14,12,15,9,10,11,7,6,8,5,4,2,3,0,1],[18,19,13,17,16,14,12,15,9,10,11,7,8,5,6,4,2,3,0,1],[18,19,17,13,16,14,12,15,9,10,11,7,8,5,6,4,2,3,0,1],[18,19,17,13,16,14,12,15,9,11,10,7,8,5,6,4,2,3,0,1],[18,19,13,17,16,14,12,15,9,11,10,7,5,6,8,4,2,3,0,1],[18,19,13,16,17,14,12,15,9,10,11,7,6,8,5,4,2,3,0,1],[18,19,13,17,16,14,12,15,9,11,10,7,6,8,5,4,2,3,0,1],[18,19,17,13,16,14,12,15,9,10,11,7,5,6,8,4,2,3,0,1],[18,19,13,17,16,14,12,15,9,11,10,7,8,5,6,4,2,3,0,1],[18,19,13,17,16,14,12,15,9,10,11,7,5,6,8,4,2,3,0,1],[18,19,13,16,17,14,12,15,9,10,11,7,8,5,6,4,2,3,0,1],[18,19,13,16,17,14,12,15,9,11,10,7,8,5,6,4,2,3,0,1],[18,19,13,16,17,14,12,15,9,11,10,7,5,6,8,4,2,3,0,1],[18,19,17,13,16,14,12,15,9,11,10,7,6,8,5,4,2,3,0,1],[18,19,13,16,17,14,12,15,9,10,11,7,5,6,8,4,2,3,0,1],[18,19,17,13,16,14,12,15,9,11,10,7,5,6,8,4,2,3,0,1],[18,19,13,17,16,14,12,15,9,10,11,7,6,8,5,4,2,3,0,1],[18,19,13,16,17,14,12,15,9,11,10,7,6,8,5,4,2,3,0,1]],"obj":1597.0,"max_tau_solutions":null,"centroid_x":[[0.0,1.0,0.0,0.0,0.0,0.0,0.0,0.0,0.0,0.0,0.0,0.0,0.0,0.0,0.0,0.0,0.0,0.0,0.0,0.0],[0.0,0.0,0.0,0.0,0.0,0.0,0.0,0.0,0.0,0.0,0.0,0.0,0.0,0.0,0.0,0.0,0.0,0.0,0.0,0.0],[1.0,1.0,0.0,1.0,0.0,0.0,0.0,0.0,0.0,0.0,0.0,0.0,0.0,0.0,0.0,0.0,0.0,0.0,0.0,0.0],[1.0,1.0,0.0,0.0,0.0,0.0,0.0,0.0,0.0,0.0,0.0,0.0,0.0,0.0,0.0,0.0,0.0,0.0,0.0,0.0],[1.0,1.0,1.0,1.0,0.0,0.0,0.0,0.0,0.0,0.0,0.0,0.0,0.0,0.0,0.0,0.0,0.0,0.0,0.0,0.0],[1.0,1.0,1.0,1.0,1.0,0.0,0.5949636691,0.0,0.2073456313,0.0,0.0,0.0,0.0,0.0,0.0,0.0,0.0,0.0,0.0,0.0],[1.0,1.0,1.0,1.0,1.0,0.4050363309,0.0,0.0,0.6123819622,0.0,0.0,0.0,0.0,0.0,0.0,0.0,0.0,0.0,0.0,0.0],[1.0,1.0,1.0,1.0,1.0,1.0,1.0,0.0,1.0,0.0,0.0,0.0,0.0,0.0,0.0,0.0,0.0,0.0,0.0,0.0],[1.0,1.0,1.0,1.0,1.0,0.7926543687,0.3876180378,0.0,0.0,0.0,0.0,0.0,0.0,0.0,0.0,0.0,0.0,0.0,0.0,0.0],[1.0,1.0,1.0,1.0,1.0,1.0,1.0,1.0,1.0,0.0,1.0,1.0,0.0,0.0,0.0,0.0,0.0,0.0,0.0,0.0],[1.0,1.0,1.0,1.0,1.0,1.0,1.0,1.0,1.0,0.0,0.0,0.3366931293,0.0,0.0,0.0,0.0,0.0,0.0,0.0,0.0],[1.0,1.0,1.0,1.0,1.0,1.0,1.0,1.0,1.0,0.0,0.6633068707,0.0,0.0,0.0,0.0,0.0,0.0,0.0,0.0,0.0],[1.0,1.0,1.0,1.0,1.0,1.0,1.0,1.0,1.0,1.0,1.0,1.0,0.0,0.0,0.0,1.0,0.0,0.0,0.0,0.0],[1.0,1.0,1.0,1.0,1.0,1.0,1.0,1.0,1.0,1.0,1.0,1.0,1.0,0.0,1.0,1.0,1.0,0.4581961184,0.0,0.0],[1.0,1.0,1.0,1.0,1.0,1.0,1.0,1.0,1.0,1.0,1.0,1.0,1.0,0.0,0.0,1.0,0.0,0.0,0.0,0.0],[1.0,1.0,1.0,1.0,1.0,1.0,1.0,1.0,1.0,1.0,1.0,1.0,0.0,0.0,0.0,0.0,0.0,0.0,0.0,0.0],[1.0,1.0,1.0,1.0,1.0,1.0,1.0,1.0,1.0,1.0,1.0,1.0,1.0,0.0,1.0,1.0,0.0,0.2895563537,0.0,0.0],[1.0,1.0,1.0,1.0,1.0,1.0,1.0,1.0,1.0,1.0,1.0,1.0,1.0,0.5418038816,1.0,1.0,0.7104436463,0.0,0.0,0.0],[1.0,1.0,1.0,1.0,1.0,1.0,1.0,1.0,1.0,1.0,1.0,1.0,1.0,1.0,1.0,1.0,1.0,1.0,0.0,1.0],[1.0,1.0,1.0,1.0,1.0,1.0,1.0,1.0,1.0,1.0,1.0,1.0,1.0,1.0,1.0,1.0,1.0,1.0,0.0,0.0]],"outlier_solution":[18,19,13,16,17,14,12,15,9,10,11,7,5,6,8,4,2,3,0,1],"dataset_id":424,"source_dataset_id":471,"options":null,"D":{"0":{"0":0,"1":5,"2":5,"3":0,"4":5,"5":5,"6":4,"7":5,"8":3,"9":5,"10":3,"11":1,"12":5,"13":5,"14":5,"15":5,"16":5,"17":5,"18":4,"19":5},"1":{"0":2,"1":0,"2":5,"3":0,"4":5,"5":5,"6":5,"7":0,"8":1,"9":2,"10":5,"11":3,"12":5,"13":5,"14":0,"15":0,"16":5,"17":5,"18":5,"19":5},"2":{"0":3,"1":0,"2":0,"3":5,"4":5,"5":5,"6":4,"7":3,"8":0,"9":2,"10":5,"11":3,"12":5,"13":5,"14":5,"15":5,"16":5,"17":0,"18":5,"19":5},"3":{"0":0,"1":0,"2":0,"3":0,"4":0,"5":5,"6":5,"7":4,"8":0,"9":5,"10":5,"11":5,"12":5,"13":5,"14":5,"15":5,"16":2,"17":5,"18":5,"19":0},"4":{"0":2,"1":0,"2":2,"3":3,"4":0,"5":5,"6":5,"7":5,"8":3,"9":5,"10":0,"11":0,"12":5,"13":2,"14":5,"15":5,"16":0,"17":0,"18":0,"19":5},"5":{"0":0,"1":0,"2":0,"3":4,"4":1,"5":0,"6":2,"7":3,"8":5,"9":5,"10":5,"11":5,"12":5,"13":1,"14":4,"15":1,"16":5,"17":5,"18":5,"19":5},"6":{"0":0,"1":2,"2":0,"3":0,"4":5,"5":0,"6":0,"7":5,"8":0,"9":3,"10":5,"11":0,"12":5,"13":5,"14":0,"15":4,"16":5,"17":5,"18":5,"19":1},"7":{"0":1,"1":0,"2":0,"3":0,"4":0,"5":0,"6":4,"7":0,"8":5,"9":5,"10":4,"11":0,"12":4,"13":5,"14":3,"15":2,"16":5,"17":5,"18":5,"19":4},"8":{"0":4,"1":1,"2":0,"3":0,"4":0,"5":0,"6":0,"7":0,"8":0,"9":5,"10":0,"11":5,"12":3,"13":5,"14":5,"15":0,"16":3,"17":0,"18":5,"19":4},"9":{"0":0,"1":0,"2":0,"3":0,"4":1,"5":3,"6":1,"7":4,"8":0,"9":0,"10":3,"11":0,"12":3,"13":5,"14":4,"15":5,"16":5,"17":5,"18":5,"19":5},"10":{"0":2,"1":5,"2":3,"3":2,"4":0,"5":3,"6":0,"7":0,"8":0,"9":0,"10":0,"11":5,"12":1,"13":5,"14":0,"15":5,"16":5,"17":5,"18":0,"19":5},"11":{"0":0,"1":0,"2":2,"3":0,"4":0,"5":1,"6":0,"7":0,"8":0,"9":0,"10":3,"11":0,"12":5,"13":0,"14":5,"15":3,"16":5,"17":5,"18":5,"19":5},"12":{"0":0,"1":0,"2":0,"3":0,"4":0,"5":0,"6":0,"7":2,"8":0,"9":0,"10":0,"11":0,"12":0,"13":2,"14":1,"15":5,"16":1,"17":2,"18":3,"19":5},"13":{"0":0,"1":0,"2":0,"3":0,"4":0,"5":3,"6":0,"7":4,"8":0,"9":4,"10":0,"11":3,"12":0,"13":0,"14":5,"15":3,"16":1,"17":5,"18":1,"19":4},"14":{"0":0,"1":2,"2":0,"3":0,"4":0,"5":0,"6":0,"7":0,"8":0,"9":5,"10":4,"11":0,"12":0,"13":0,"14":0,"15":4,"16":5,"17":5,"18":1,"19":5},"15":{"0":0,"1":0,"2":1,"3":0,"4":1,"5":3,"6":0,"7":0,"8":0,"9":3,"10":0,"11":4,"12":0,"13":0,"14":4,"15":0,"16":5,"17":5,"18":5,"19":2},"16":{"0":0,"1":0,"2":0,"3":4,"4":0,"5":0,"6":0,"7":0,"8":1,"9":5,"10":0,"11":4,"12":0,"13":1,"14":3,"15":0,"16":0,"17":5,"18":5,"19":5},"17":{"0":0,"1":0,"2":5,"3":3,"4":2,"5":0,"6":0,"7":5,"8":5,"9":3,"10":3,"11":2,"12":0,"13":2,"14":3,"15":4,"16":0,"17":0,"18":3,"19":2},"18":{"0":4,"1":0,"2":5,"3":0,"4":0,"5":0,"6":4,"7":0,"8":0,"9":3,"10":0,"11":0,"12":0,"13":0,"14":0,"15":0,"16":0,"17":0,"18":0,"19":5},"19":{"0":1,"1":0,"2":1,"3":0,"4":0,"5":0,"6":2,"7":1,"8":0,"9":4,"10":2,"11":2,"12":0,"13":0,"14":0,"15":2,"16":1,"17":0,"18":0,"19":0}},"method":"hillside","closest_pair":[[18,19,13,17,16,14,12,15,9,11,10,7,8,5,6,4,2,3,0,1],[18,19,13,16,17,14,12,15,9,11,10,7,8,5,6,4,2,3,0,1]],"farthest_pair":[[18,19,13,16,17,14,12,15,9,11,10,7,8,5,6,4,2,3,0,1],[18,19,17,13,16,14,12,15,9,10,11,7,6,8,5,4,2,3,0,1]],"tau_farthest_pair":0.9473684211,"tau_closest_pair":0.9894736842,"centroid_solution":[18,19,17,13,16,14,12,15,9,11,10,7,6,8,5,4,2,3,0,1]}