{"solutions":[[1,0,3,2,4,6,5,8,7,10,11,9,15,12,14,16,17,13,19,18],[1,0,3,2,4,6,5,8,7,11,10,9,15,12,14,16,17,13,19,18],[1,0,3,2,4,6,5,8,7,11,10,9,15,12,14,17,16,13,19,18],[1,0,3,2,4,6,5,8,7,11,10,9,15,12,14,16,13,17,19,18],[1,0,3,2,4,5,8,6,7,10,11,9,15,12,14,16,13,17,19,18],[1,0,3,2,4,8,6,5,7,10,11,9,15,12,14,16,13,17,19,18],[1,0,3,2,4,8,6,5,7,11,10,9,15,12,14,17,16,13,19,18],[1,0,3,2,4,5,8,6,7,11,10,9,15,12,14,16,17,13,19,18],[1,0,3,2,4,8,6,5,7,10,11,9,15,12,14,16,17,13,19,18],[1,0,3,2,4,5,8,6,7,10,11,9,15,12,14,16,17,13,19,18],[1,0,3,2,4,5,8,6,7,10,11,9,15,12,14,17,16,13,19,18],[1,0,3,2,4,8,6,5,7,10,11,9,15,12,14,17,16,13,19,18],[1,0,3,2,4,8,6,5,7,11,10,9,15,12,14,16,13,17,19,18],[1,0,3,2,4,6,5,8,7,10,11,9,15,12,14,17,16,13,19,18],[1,0,3,2,4,8,6,5,7,11,10,9,15,12,14,16,17,13,19,18],[1,0,3,2,4,5,8,6,7,11,10,9,15,12,14,16,13,17,19,18],[1,0,3,2,4,5,8,6,7,11,10,9,15,12,14,17,16,13,19,18],[1,0,3,2,4,6,5,8,7,10,11,9,15,12,14,16,13,17,19,18]],"obj":1597.0,"max_tau_solutions":null,"centroid_x":[[0.0,0.0,1.0,1.0,1.0,1.0,1.0,1.0,1.0,1.0,1.0,1.0,1.0,1.0,1.0,1.0,1.0,1.0,1.0,1.0],[1.0,0.0,1.0,1.0,1.0,1.0,1.0,1.0,1.0,1.0,1.0,1.0,1.0,1.0,1.0,1.0,1.0,1.0,1.0,1.0],[0.0,0.0,0.0,0.0,1.0,1.0,1.0,1.0,1.0,1.0,1.0,1.0,1.0,1.0,1.0,1.0,1.0,1.0,1.0,1.0],[0.0,0.0,1.0,0.0,1.0,1.0,1.0,1.0,1.0,1.0,1.0,1.0,1.0,1.0,1.0,1.0,1.0,1.0,1.0,1.0],[0.0,0.0,0.0,0.0,0.0,1.0,1.0,1.0,1.0,1.0,1.0,1.0,1.0,1.0,1.0,1.0,1.0,1.0,1.0,1.0],[0.0,0.0,0.0,0.0,0.0,0.0,0.3172299705,1.0,0.6521470499,1.0,1.0,1.0,1.0,1.0,1.0,1.0,1.0,1.0,1.0,1.0],[0.0,0.0,0.0,0.0,0.0,0.6827700295,0.0,1.0,0.3349170793,1.0,1.0,1.0,1.0,1.0,1.0,1.0,1.0,1.0,1.0,1.0],[0.0,0.0,0.0,0.0,0.0,0.0,0.0,0.0,0.0,1.0,1.0,1.0,1.0,1.0,1.0,1.0,1.0,1.0,1.0,1.0],[0.0,0.0,0.0,0.0,0.0,0.3478529501,0.6650829207,1.0,0.0,1.0,1.0,1.0,1.0,1.0,1.0,1.0,1.0,1.0,1.0,1.0],[0.0,0.0,0.0,0.0,0.0,0.0,0.0,0.0,0.0,0.0,0.0,0.0,1.0,1.0,1.0,1.0,1.0,1.0,1.0,1.0],[0.0,0.0,0.0,0.0,0.0,0.0,0.0,0.0,0.0,1.0,0.0,0.4998961865,1.0,1.0,1.0,1.0,1.0,1.0,1.0,1.0],[0.0,0.0,0.0,0.0,0.0,0.0,0.0,0.0,0.0,1.0,0.5001038135,0.0,1.0,1.0,1.0,1.0,1.0,1.0,1.0,1.0],[0.0,0.0,0.0,0.0,0.0,0.0,0.0,0.0,0.0,0.0,0.0,0.0,0.0,1.0,1.0,0.0,1.0,1.0,1.0,1.0],[0.0,0.0,0.0,0.0,0.0,0.0,0.0,0.0,0.0,0.0,0.0,0.0,0.0,0.0,0.0,0.0,0.0,0.4194686486,1.0,1.0],[0.0,0.0,0.0,0.0,0.0,0.0,0.0,0.0,0.0,0.0,0.0,0.0,0.0,1.0,0.0,0.0,1.0,1.0,1.0,1.0],[0.0,0.0,0.0,0.0,0.0,0.0,0.0,0.0,0.0,0.0,0.0,0.0,1.0,1.0,1.0,0.0,1.0,1.0,1.0,1.0],[0.0,0.0,0.0,0.0,0.0,0.0,0.0,0.0,0.0,0.0,0.0,0.0,0.0,1.0,0.0,0.0,0.0,0.570038437,1.0,1.0],[0.0,0.0,0.0,0.0,0.0,0.0,0.0,0.0,0.0,0.0,0.0,0.0,0.0,0.5805313514,0.0,0.0,0.429961563,0.0,1.0,1.0],[0.0,0.0,0.0,0.0,0.0,0.0,0.0,0.0,0.0,0.0,0.0,0.0,0.0,0.0,0.0,0.0,0.0,0.0,0.0,0.0],[0.0,0.0,0.0,0.0,0.0,0.0,0.0,0.0,0.0,0.0,0.0,0.0,0.0,0.0,0.0,0.0,0.0,0.0,1.0,0.0]],"outlier_solution":[1,0,3,2,4,5,8,6,7,10,11,9,15,12,14,16,13,17,19,18],"dataset_id":424,"source_dataset_id":471,"options":null,"D":{"0":{"0":0,"1":2,"2":3,"3":0,"4":2,"5":0,"6":0,"7":1,"8":4,"9":0,"10":2,"11":0,"12":0,"13":0,"14":0,"15":0,"16":0,"17":0,"18":4,"19":1},"1":{"0":5,"1":0,"2":0,"3":0,"4":0,"5":0,"6":2,"7":0,"8":1,"9":0,"10":5,"11":0,"12":0,"13":0,"14":2,"15":0,"16":0,"17":0,"18":0,"19":0},"2":{"0":5,"1":5,"2":0,"3":0,"4":2,"5":0,"6":0,"7":0,"8":0,"9":0,"10":3,"11":2,"12":0,"13":0,"14":0,"15":1,"16":0,"17":5,"18":5,"19":1},"3":{"0":0,"1":0,"2":5,"3":0,"4":3,"5":4,"6":0,"7":0,"8":0,"9":0,"10":2,"11":0,"12":0,"13":0,"14":0,"15":0,"16":4,"17":3,"18":0,"19":0},"4":{"0":5,"1":5,"2":5,"3":0,"4":0,"5":1,"6":5,"7":0,"8":0,"9":1,"10":0,"11":0,"12":0,"13":0,"14":0,"15":1,"16":0,"17":2,"18":0,"19":0},"5":{"0":5,"1":5,"2":5,"3":5,"4":5,"5":0,"6":0,"7":0,"8":0,"9":3,"10":3,"11":1,"12":0,"13":3,"14":0,"15":3,"16":0,"17":0,"18":0,"19":0},"6":{"0":4,"1":5,"2":4,"3":5,"4":5,"5":2,"6":0,"7":4,"8":0,"9":1,"10":0,"11":0,"12":0,"13":0,"14":0,"15":0,"16":0,"17":0,"18":4,"19":2},"7":{"0":5,"1":0,"2":3,"3":4,"4":5,"5":3,"6":5,"7":0,"8":0,"9":4,"10":0,"11":0,"12":2,"13":4,"14":0,"15":0,"16":0,"17":5,"18":0,"19":1},"8":{"0":3,"1":1,"2":0,"3":0,"4":3,"5":5,"6":0,"7":5,"8":0,"9":0,"10":0,"11":0,"12":0,"13":0,"14":0,"15":0,"16":1,"17":5,"18":0,"19":0},"9":{"0":5,"1":2,"2":2,"3":5,"4":5,"5":5,"6":3,"7":5,"8":5,"9":0,"10":0,"11":0,"12":0,"13":4,"14":5,"15":3,"16":5,"17":3,"18":3,"19":4},"10":{"0":3,"1":5,"2":5,"3":5,"4":0,"5":5,"6":5,"7":4,"8":0,"9":3,"10":0,"11":3,"12":0,"13":0,"14":4,"15":0,"16":0,"17":3,"18":0,"19":2},"11":{"0":1,"1":3,"2":3,"3":5,"4":0,"5":5,"6":0,"7":0,"8":5,"9":0,"10":5,"11":0,"12":0,"13":3,"14":0,"15":4,"16":4,"17":2,"18":0,"19":2},"12":{"0":5,"1":5,"2":5,"3":5,"4":5,"5":5,"6":5,"7":4,"8":3,"9":3,"10":1,"11":5,"12":0,"13":0,"14":0,"15":0,"16":0,"17":0,"18":0,"19":0},"13":{"0":5,"1":5,"2":5,"3":5,"4":2,"5":1,"6":5,"7":5,"8":5,"9":5,"10":5,"11":0,"12":2,"13":0,"14":0,"15":0,"16":1,"17":2,"18":0,"19":0},"14":{"0":5,"1":0,"2":5,"3":5,"4":5,"5":4,"6":0,"7":3,"8":5,"9":4,"10":0,"11":5,"12":1,"13":5,"14":0,"15":4,"16":3,"17":3,"18":0,"19":0},"15":{"0":5,"1":0,"2":5,"3":5,"4":5,"5":1,"6":4,"7":2,"8":0,"9":5,"10":5,"11":3,"12":5,"13":3,"14":4,"15":0,"16":0,"17":4,"18":0,"19":2},"16":{"0":5,"1":5,"2":5,"3":2,"4":0,"5":5,"6":5,"7":5,"8":3,"9":5,"10":5,"11":5,"12":1,"13":1,"14":5,"15":5,"16":0,"17":0,"18":0,"19":1},"17":{"0":5,"1":5,"2":0,"3":5,"4":0,"5":5,"6":5,"7":5,"8":0,"9":5,"10":5,"11":5,"12":2,"13":5,"14":5,"15":5,"16":5,"17":0,"18":0,"19":0},"18":{"0":4,"1":5,"2":5,"3":5,"4":0,"5":5,"6":5,"7":5,"8":5,"9":5,"10":0,"11":5,"12":3,"13":1,"14":1,"15":5,"16":5,"17":3,"18":0,"19":0},"19":{"0":5,"1":5,"2":5,"3":0,"4":5,"5":5,"6":1,"7":4,"8":4,"9":5,"10":5,"11":5,"12":5,"13":4,"14":5,"15":2,"16":5,"17":2,"18":5,"19":0}},"method":"hillside","closest_pair":[[1,0,3,2,4,8,6,5,7,11,10,9,15,12,14,17,16,13,19,18],[1,0,3,2,4,8,6,5,7,11,10,9,15,12,14,16,17,13,19,18]],"farthest_pair":[[1,0,3,2,4,8,6,5,7,11,10,9,15,12,14,16,13,17,19,18],[1,0,3,2,4,6,5,8,7,10,11,9,15,12,14,17,16,13,19,18]],"centroid_solution":[1,0,3,2,4,8,6,5,7,11,10,9,15,12,14,16,17,13,19,18]}