{"solutions":[[19,17,18,16,14,12,13,15,7,10,11,8,9,4,6,5,3,2,1,0],[19,17,18,16,14,12,15,13,10,7,11,8,9,4,6,5,3,2,1,0],[19,17,18,16,14,12,13,15,10,7,11,8,9,4,6,5,3,2,1,0],[19,17,18,16,14,12,15,13,7,10,11,8,9,4,6,5,3,2,1,0]],"obj":738.0,"max_tau_solutions":null,"centroid_x":[[0.0,0.0,0.0,0.0,0.0,0.0,0.0,0.0,0.0,0.0,0.0,0.0,0.0,0.0,0.0,0.0,0.0,0.0,0.0,0.0],[1.0,0.0,0.0,0.0,0.0,0.0,0.0,0.0,0.0,0.0,0.0,0.0,0.0,0.0,0.0,0.0,0.0,0.0,0.0,0.0],[1.0,1.0,0.0,0.0,0.0,0.0,0.0,0.0,0.0,0.0,0.0,0.0,0.0,0.0,0.0,0.0,0.0,0.0,0.0,0.0],[1.0,1.0,1.0,0.0,0.0,0.0,0.0,0.0,0.0,0.0,0.0,0.0,0.0,0.0,0.0,0.0,0.0,0.0,0.0,0.0],[1.0,1.0,1.0,1.0,0.0,1.0,1.0,0.0,0.0,0.0,0.0,0.0,0.0,0.0,0.0,0.0,0.0,0.0,0.0,0.0],[1.0,1.0,1.0,1.0,0.0,0.0,0.0,0.0,0.0,0.0,0.0,0.0,0.0,0.0,0.0,0.0,0.0,0.0,0.0,0.0],[1.0,1.0,1.0,1.0,0.0,1.0,0.0,0.0,0.0,0.0,0.0,0.0,0.0,0.0,0.0,0.0,0.0,0.0,0.0,0.0],[1.0,1.0,1.0,1.0,1.0,1.0,1.0,0.0,1.0,1.0,0.3654141717,1.0,0.0,0.0,0.0,0.0,0.0,0.0,0.0,0.0],[1.0,1.0,1.0,1.0,1.0,1.0,1.0,0.0,0.0,1.0,0.0,0.0,0.0,0.0,0.0,0.0,0.0,0.0,0.0,0.0],[1.0,1.0,1.0,1.0,1.0,1.0,1.0,0.0,0.0,0.0,0.0,0.0,0.0,0.0,0.0,0.0,0.0,0.0,0.0,0.0],[1.0,1.0,1.0,1.0,1.0,1.0,1.0,0.6345858283,1.0,1.0,0.0,1.0,0.0,0.0,0.0,0.0,0.0,0.0,0.0,0.0],[1.0,1.0,1.0,1.0,1.0,1.0,1.0,0.0,1.0,1.0,0.0,0.0,0.0,0.0,0.0,0.0,0.0,0.0,0.0,0.0],[1.0,1.0,1.0,1.0,1.0,1.0,1.0,1.0,1.0,1.0,1.0,1.0,0.0,1.0,0.0,1.0,0.0,0.0,0.0,0.0],[1.0,1.0,1.0,1.0,1.0,1.0,1.0,1.0,1.0,1.0,1.0,1.0,0.0,0.0,0.0,0.3533457959,0.0,0.0,0.0,0.0],[1.0,1.0,1.0,1.0,1.0,1.0,1.0,1.0,1.0,1.0,1.0,1.0,1.0,1.0,0.0,1.0,0.0,0.0,0.0,0.0],[1.0,1.0,1.0,1.0,1.0,1.0,1.0,1.0,1.0,1.0,1.0,1.0,0.0,0.6466542041,0.0,0.0,0.0,0.0,0.0,0.0],[1.0,1.0,1.0,1.0,1.0,1.0,1.0,1.0,1.0,1.0,1.0,1.0,1.0,1.0,1.0,1.0,0.0,0.0,0.0,0.0],[1.0,1.0,1.0,1.0,1.0,1.0,1.0,1.0,1.0,1.0,1.0,1.0,1.0,1.0,1.0,1.0,1.0,0.0,1.0,0.0],[1.0,1.0,1.0,1.0,1.0,1.0,1.0,1.0,1.0,1.0,1.0,1.0,1.0,1.0,1.0,1.0,1.0,0.0,0.0,0.0],[1.0,1.0,1.0,1.0,1.0,1.0,1.0,1.0,1.0,1.0,1.0,1.0,1.0,1.0,1.0,1.0,1.0,1.0,1.0,0.0]],"outlier_solution":[19,17,18,16,14,12,13,15,7,10,11,8,9,4,6,5,3,2,1,0],"dataset_id":425,"source_dataset_id":472,"options":null,"D":{"0":{"0":0,"1":5,"2":0,"3":5,"4":5,"5":5,"6":2,"7":5,"8":5,"9":5,"10":5,"11":5,"12":5,"13":5,"14":5,"15":5,"16":5,"17":5,"18":5,"19":5},"1":{"0":0,"1":0,"2":5,"3":5,"4":5,"5":0,"6":5,"7":5,"8":0,"9":5,"10":5,"11":5,"12":5,"13":5,"14":5,"15":2,"16":5,"17":5,"18":5,"19":5},"2":{"0":0,"1":0,"2":0,"3":0,"4":5,"5":5,"6":5,"7":5,"8":5,"9":0,"10":5,"11":5,"12":5,"13":1,"14":0,"15":5,"16":5,"17":5,"18":5,"19":5},"3":{"0":0,"1":0,"2":0,"3":0,"4":5,"5":4,"6":5,"7":5,"8":5,"9":5,"10":5,"11":0,"12":5,"13":0,"14":5,"15":0,"16":0,"17":2,"18":5,"19":5},"4":{"0":0,"1":1,"2":0,"3":0,"4":0,"5":0,"6":0,"7":5,"8":5,"9":5,"10":5,"11":3,"12":5,"13":5,"14":5,"15":5,"16":5,"17":5,"18":5,"19":2},"5":{"0":0,"1":0,"2":3,"3":0,"4":1,"5":0,"6":5,"7":5,"8":5,"9":0,"10":5,"11":5,"12":5,"13":5,"14":5,"15":0,"16":5,"17":5,"18":5,"19":5},"6":{"0":0,"1":0,"2":0,"3":1,"4":0,"5":0,"6":0,"7":5,"8":4,"9":5,"10":5,"11":5,"12":5,"13":5,"14":4,"15":5,"16":5,"17":5,"18":5,"19":5},"7":{"0":0,"1":0,"2":0,"3":0,"4":0,"5":0,"6":0,"7":0,"8":5,"9":0,"10":5,"11":5,"12":1,"13":5,"14":5,"15":5,"16":5,"17":5,"18":4,"19":4},"8":{"0":2,"1":0,"2":0,"3":0,"4":0,"5":2,"6":0,"7":0,"8":0,"9":5,"10":5,"11":5,"12":3,"13":5,"14":5,"15":5,"16":5,"17":5,"18":5,"19":2},"9":{"0":0,"1":0,"2":0,"3":0,"4":5,"5":4,"6":0,"7":0,"8":0,"9":0,"10":5,"11":5,"12":5,"13":5,"14":5,"15":5,"16":5,"17":5,"18":5,"19":5},"10":{"0":1,"1":0,"2":0,"3":0,"4":0,"5":0,"6":0,"7":0,"8":0,"9":4,"10":0,"11":5,"12":5,"13":0,"14":5,"15":5,"16":3,"17":5,"18":5,"19":5},"11":{"0":0,"1":0,"2":0,"3":0,"4":0,"5":0,"6":0,"7":1,"8":1,"9":5,"10":2,"11":0,"12":5,"13":5,"14":0,"15":5,"16":5,"17":5,"18":5,"19":5},"12":{"0":0,"1":0,"2":0,"3":0,"4":0,"5":0,"6":0,"7":0,"8":2,"9":0,"10":0,"11":1,"12":0,"13":5,"14":0,"15":5,"16":5,"17":5,"18":5,"19":0},"13":{"0":0,"1":0,"2":4,"3":0,"4":0,"5":0,"6":0,"7":3,"8":0,"9":0,"10":2,"11":1,"12":0,"13":0,"14":2,"15":5,"16":5,"17":4,"18":0,"19":5},"14":{"0":0,"1":0,"2":0,"3":0,"4":0,"5":0,"6":0,"7":0,"8":0,"9":0,"10":0,"11":0,"12":0,"13":0,"14":0,"15":0,"16":4,"17":5,"18":5,"19":5},"15":{"0":0,"1":0,"2":0,"3":0,"4":0,"5":0,"6":0,"7":5,"8":0,"9":3,"10":0,"11":3,"12":0,"13":0,"14":0,"15":0,"16":5,"17":5,"18":5,"19":5},"16":{"0":0,"1":0,"2":0,"3":0,"4":3,"5":0,"6":0,"7":0,"8":5,"9":0,"10":0,"11":0,"12":0,"13":0,"14":0,"15":0,"16":0,"17":1,"18":5,"19":5},"17":{"0":0,"1":0,"2":0,"3":0,"4":0,"5":0,"6":4,"7":0,"8":0,"9":0,"10":0,"11":0,"12":0,"13":0,"14":0,"15":0,"16":0,"17":0,"18":5,"19":1},"18":{"0":0,"1":0,"2":0,"3":0,"4":0,"5":4,"6":0,"7":0,"8":4,"9":0,"10":0,"11":0,"12":5,"13":0,"14":0,"15":0,"16":1,"17":0,"18":0,"19":2},"19":{"0":0,"1":0,"2":0,"3":0,"4":0,"5":0,"6":0,"7":3,"8":0,"9":5,"10":0,"11":0,"12":0,"13":0,"14":2,"15":0,"16":0,"17":0,"18":0,"19":0}},"method":"hillside","closest_pair":[[19,17,18,16,14,12,13,15,10,7,11,8,9,4,6,5,3,2,1,0],[19,17,18,16,14,12,15,13,10,7,11,8,9,4,6,5,3,2,1,0]],"farthest_pair":[[19,17,18,16,14,12,15,13,10,7,11,8,9,4,6,5,3,2,1,0],[19,17,18,16,14,12,13,15,7,10,11,8,9,4,6,5,3,2,1,0]],"tau_farthest_pair":0.9789473684,"tau_closest_pair":0.9894736842,"centroid_solution":[19,17,18,16,14,12,15,13,10,7,11,8,9,4,6,5,3,2,1,0]}