{"solutions":[[19,18,15,14,17,16,13,12,11,10,9,4,7,5,6,8,3,2,0,1],[19,18,15,14,16,17,13,12,11,10,9,4,7,5,6,8,3,2,0,1],[19,18,15,14,16,17,13,12,10,11,9,4,7,5,6,8,3,2,0,1],[19,18,15,14,16,17,13,12,10,11,9,4,7,5,6,3,8,2,0,1],[19,18,15,16,14,17,13,12,10,11,9,4,7,5,6,8,3,2,0,1],[19,18,15,14,17,16,13,12,11,10,9,4,7,5,6,3,8,2,0,1],[19,18,15,16,14,17,13,12,10,11,9,4,7,5,6,3,8,2,0,1],[19,18,15,14,17,16,13,12,10,11,9,4,7,5,6,8,3,2,0,1],[19,18,15,14,16,17,13,12,11,10,9,4,7,5,6,3,8,2,0,1],[19,18,15,16,14,17,13,12,11,10,9,4,7,5,6,8,3,2,0,1],[19,18,15,16,14,17,13,12,11,10,9,4,7,5,6,3,8,2,0,1],[19,18,15,14,17,16,13,12,10,11,9,4,7,5,6,3,8,2,0,1]],"obj":977.0,"max_tau_solutions":null,"centroid_x":[[0.0,1.0,0.0,0.0,0.0,0.0,0.0,0.0,0.0,0.0,0.0,0.0,0.0,0.0,0.0,0.0,0.0,0.0,0.0,0.0],[0.0,0.0,0.0,0.0,0.0,0.0,0.0,0.0,0.0,0.0,0.0,0.0,0.0,0.0,0.0,0.0,0.0,0.0,0.0,0.0],[1.0,1.0,0.0,0.0,0.0,0.0,0.0,0.0,0.0,0.0,0.0,0.0,0.0,0.0,0.0,0.0,0.0,0.0,0.0,0.0],[1.0,1.0,1.0,0.0,0.0,0.0,0.0,0.0,0.3908300996,0.0,0.0,0.0,0.0,0.0,0.0,0.0,0.0,0.0,0.0,0.0],[1.0,1.0,1.0,1.0,0.0,1.0,1.0,1.0,1.0,0.0,0.0,0.0,0.0,0.0,0.0,0.0,0.0,0.0,0.0,0.0],[1.0,1.0,1.0,1.0,0.0,0.0,1.0,0.0,1.0,0.0,0.0,0.0,0.0,0.0,0.0,0.0,0.0,0.0,0.0,0.0],[1.0,1.0,1.0,1.0,0.0,0.0,0.0,0.0,1.0,0.0,0.0,0.0,0.0,0.0,0.0,0.0,0.0,0.0,0.0,0.0],[1.0,1.0,1.0,1.0,0.0,1.0,1.0,0.0,1.0,0.0,0.0,0.0,0.0,0.0,0.0,0.0,0.0,0.0,0.0,0.0],[1.0,1.0,1.0,0.6091699004,0.0,0.0,0.0,0.0,0.0,0.0,0.0,0.0,0.0,0.0,0.0,0.0,0.0,0.0,0.0,0.0],[1.0,1.0,1.0,1.0,1.0,1.0,1.0,1.0,1.0,0.0,0.0,0.0,0.0,0.0,0.0,0.0,0.0,0.0,0.0,0.0],[1.0,1.0,1.0,1.0,1.0,1.0,1.0,1.0,1.0,1.0,0.0,0.3367500936,0.0,0.0,0.0,0.0,0.0,0.0,0.0,0.0],[1.0,1.0,1.0,1.0,1.0,1.0,1.0,1.0,1.0,1.0,0.6632499064,0.0,0.0,0.0,0.0,0.0,0.0,0.0,0.0,0.0],[1.0,1.0,1.0,1.0,1.0,1.0,1.0,1.0,1.0,1.0,1.0,1.0,0.0,0.0,0.0,0.0,0.0,0.0,0.0,0.0],[1.0,1.0,1.0,1.0,1.0,1.0,1.0,1.0,1.0,1.0,1.0,1.0,1.0,0.0,0.0,0.0,0.0,0.0,0.0,0.0],[1.0,1.0,1.0,1.0,1.0,1.0,1.0,1.0,1.0,1.0,1.0,1.0,1.0,1.0,0.0,0.0,0.502628272,1.0,0.0,0.0],[1.0,1.0,1.0,1.0,1.0,1.0,1.0,1.0,1.0,1.0,1.0,1.0,1.0,1.0,1.0,0.0,1.0,1.0,0.0,0.0],[1.0,1.0,1.0,1.0,1.0,1.0,1.0,1.0,1.0,1.0,1.0,1.0,1.0,1.0,0.497371728,0.0,0.0,0.5146032333,0.0,0.0],[1.0,1.0,1.0,1.0,1.0,1.0,1.0,1.0,1.0,1.0,1.0,1.0,1.0,1.0,0.0,0.0,0.4853967667,0.0,0.0,0.0],[1.0,1.0,1.0,1.0,1.0,1.0,1.0,1.0,1.0,1.0,1.0,1.0,1.0,1.0,1.0,1.0,1.0,1.0,0.0,0.0],[1.0,1.0,1.0,1.0,1.0,1.0,1.0,1.0,1.0,1.0,1.0,1.0,1.0,1.0,1.0,1.0,1.0,1.0,1.0,0.0]],"outlier_solution":[19,18,15,14,17,16,13,12,10,11,9,4,7,5,6,3,8,2,0,1],"dataset_id":426,"source_dataset_id":473,"options":null,"D":{"0":{"0":0,"1":3,"2":0,"3":5,"4":5,"5":5,"6":5,"7":5,"8":0,"9":5,"10":5,"11":5,"12":0,"13":5,"14":5,"15":5,"16":5,"17":5,"18":5,"19":0},"1":{"0":0,"1":0,"2":5,"3":5,"4":0,"5":5,"6":5,"7":5,"8":5,"9":5,"10":5,"11":5,"12":0,"13":5,"14":5,"15":5,"16":5,"17":5,"18":5,"19":4},"2":{"0":0,"1":0,"2":0,"3":5,"4":5,"5":5,"6":5,"7":0,"8":5,"9":5,"10":5,"11":5,"12":5,"13":5,"14":5,"15":0,"16":5,"17":0,"18":3,"19":5},"3":{"0":0,"1":0,"2":0,"3":0,"4":5,"5":5,"6":5,"7":5,"8":5,"9":5,"10":0,"11":5,"12":0,"13":5,"14":5,"15":5,"16":4,"17":5,"18":5,"19":0},"4":{"0":0,"1":0,"2":0,"3":0,"4":0,"5":0,"6":0,"7":5,"8":3,"9":0,"10":5,"11":0,"12":5,"13":5,"14":5,"15":5,"16":5,"17":0,"18":5,"19":4},"5":{"0":0,"1":0,"2":0,"3":0,"4":0,"5":0,"6":5,"7":1,"8":4,"9":1,"10":1,"11":5,"12":5,"13":5,"14":0,"15":5,"16":5,"17":0,"18":5,"19":5},"6":{"0":0,"1":0,"2":0,"3":0,"4":0,"5":2,"6":0,"7":5,"8":0,"9":5,"10":5,"11":0,"12":5,"13":5,"14":5,"15":5,"16":1,"17":5,"18":0,"19":5},"7":{"0":5,"1":4,"2":2,"3":0,"4":0,"5":0,"6":0,"7":0,"8":5,"9":0,"10":5,"11":5,"12":5,"13":5,"14":4,"15":5,"16":0,"17":5,"18":5,"19":1},"8":{"0":0,"1":0,"2":0,"3":0,"4":1,"5":0,"6":0,"7":0,"8":0,"9":5,"10":5,"11":5,"12":5,"13":5,"14":5,"15":5,"16":5,"17":5,"18":5,"19":5},"9":{"0":0,"1":0,"2":0,"3":0,"4":4,"5":0,"6":0,"7":0,"8":0,"9":0,"10":5,"11":5,"12":5,"13":5,"14":5,"15":0,"16":5,"17":5,"18":3,"19":0},"10":{"0":0,"1":0,"2":0,"3":0,"4":0,"5":0,"6":4,"7":0,"8":0,"9":0,"10":0,"11":5,"12":5,"13":5,"14":5,"15":5,"16":4,"17":4,"18":5,"19":5},"11":{"0":2,"1":0,"2":0,"3":3,"4":0,"5":0,"6":0,"7":0,"8":0,"9":0,"10":0,"11":0,"12":5,"13":5,"14":5,"15":5,"16":5,"17":5,"18":5,"19":5},"12":{"0":0,"1":0,"2":0,"3":2,"4":0,"5":0,"6":0,"7":2,"8":0,"9":0,"10":0,"11":0,"12":0,"13":5,"14":5,"15":5,"16":5,"17":5,"18":5,"19":5},"13":{"0":0,"1":4,"2":0,"3":0,"4":0,"5":0,"6":0,"7":5,"8":0,"9":0,"10":0,"11":0,"12":0,"13":0,"14":5,"15":5,"16":5,"17":5,"18":5,"19":5},"14":{"0":0,"1":0,"2":0,"3":0,"4":0,"5":0,"6":0,"7":0,"8":0,"9":0,"10":0,"11":0,"12":0,"13":0,"14":0,"15":5,"16":2,"17":2,"18":5,"19":5},"15":{"0":0,"1":0,"2":0,"3":0,"4":5,"5":3,"6":0,"7":0,"8":0,"9":0,"10":0,"11":0,"12":0,"13":1,"14":0,"15":0,"16":5,"17":0,"18":4,"19":5},"16":{"0":0,"1":0,"2":5,"3":4,"4":0,"5":0,"6":0,"7":0,"8":0,"9":0,"10":0,"11":0,"12":0,"13":0,"14":0,"15":4,"16":0,"17":5,"18":5,"19":2},"17":{"0":0,"1":0,"2":0,"3":0,"4":0,"5":0,"6":0,"7":0,"8":0,"9":0,"10":0,"11":4,"12":0,"13":0,"14":3,"15":0,"16":4,"17":0,"18":5,"19":5},"18":{"0":1,"1":0,"2":4,"3":5,"4":0,"5":0,"6":0,"7":0,"8":0,"9":0,"10":0,"11":0,"12":2,"13":0,"14":0,"15":0,"16":0,"17":1,"18":0,"19":5},"19":{"0":0,"1":0,"2":0,"3":0,"4":1,"5":0,"6":0,"7":0,"8":0,"9":0,"10":0,"11":0,"12":0,"13":0,"14":0,"15":5,"16":0,"17":0,"18":0,"19":0}},"method":"hillside","closest_pair":[[19,18,15,16,14,17,13,12,11,10,9,4,7,5,6,8,3,2,0,1],[19,18,15,14,16,17,13,12,11,10,9,4,7,5,6,8,3,2,0,1]],"farthest_pair":[[19,18,15,14,17,16,13,12,11,10,9,4,7,5,6,8,3,2,0,1],[19,18,15,16,14,17,13,12,10,11,9,4,7,5,6,3,8,2,0,1]],"tau_farthest_pair":0.9578947368,"tau_closest_pair":0.9894736842,"centroid_solution":[19,18,15,14,16,17,13,12,11,10,9,4,7,5,6,8,3,2,0,1]}