{"solutions":[[0,1,4,2,3,5,6,8,9,7,10,12,11,13,15,14,17,16,18,19],[0,1,4,2,3,5,6,8,9,7,10,12,11,15,13,14,17,18,16,19],[0,1,4,2,3,5,6,8,9,7,10,13,12,11,15,14,17,18,16,19],[0,1,4,2,3,5,6,8,9,7,10,12,11,15,13,14,17,16,18,19],[0,1,4,2,3,5,6,8,9,7,10,12,13,11,15,14,17,18,16,19],[0,1,4,2,3,5,6,8,9,7,10,13,12,11,15,14,17,16,18,19],[0,1,4,2,3,5,6,8,9,7,10,12,11,13,15,14,17,18,16,19],[0,1,4,2,3,5,6,8,9,7,10,12,13,11,15,14,17,16,18,19]],"obj":933.0,"max_tau_solutions":null,"centroid_x":[[0.0,1.0,1.0,1.0,1.0,1.0,1.0,1.0,1.0,1.0,1.0,1.0,1.0,1.0,1.0,1.0,1.0,1.0,1.0,1.0],[0.0,0.0,1.0,1.0,1.0,1.0,1.0,1.0,1.0,1.0,1.0,1.0,1.0,1.0,1.0,1.0,1.0,1.0,1.0,1.0],[0.0,0.0,0.0,1.0,0.0,1.0,1.0,1.0,1.0,1.0,1.0,1.0,1.0,1.0,1.0,1.0,1.0,1.0,1.0,1.0],[0.0,0.0,0.0,0.0,0.0,1.0,1.0,1.0,1.0,1.0,1.0,1.0,1.0,1.0,1.0,1.0,1.0,1.0,1.0,1.0],[0.0,0.0,1.0,1.0,0.0,1.0,1.0,1.0,1.0,1.0,1.0,1.0,1.0,1.0,1.0,1.0,1.0,1.0,1.0,1.0],[0.0,0.0,0.0,0.0,0.0,0.0,1.0,1.0,1.0,1.0,1.0,1.0,1.0,1.0,1.0,1.0,1.0,1.0,1.0,1.0],[0.0,0.0,0.0,0.0,0.0,0.0,0.0,1.0,1.0,1.0,1.0,1.0,1.0,1.0,1.0,1.0,1.0,1.0,1.0,1.0],[0.0,0.0,0.0,0.0,0.0,0.0,0.0,0.0,0.0,0.0,1.0,1.0,1.0,1.0,1.0,1.0,1.0,1.0,1.0,1.0],[0.0,0.0,0.0,0.0,0.0,0.0,0.0,1.0,0.0,1.0,1.0,1.0,1.0,1.0,1.0,1.0,1.0,1.0,1.0,1.0],[0.0,0.0,0.0,0.0,0.0,0.0,0.0,1.0,0.0,0.0,1.0,1.0,1.0,1.0,1.0,1.0,1.0,1.0,1.0,1.0],[0.0,0.0,0.0,0.0,0.0,0.0,0.0,0.0,0.0,0.0,0.0,1.0,1.0,1.0,1.0,1.0,1.0,1.0,1.0,1.0],[0.0,0.0,0.0,0.0,0.0,0.0,0.0,0.0,0.0,0.0,0.0,0.0,0.0,0.5030279764,1.0,1.0,1.0,1.0,1.0,1.0],[0.0,0.0,0.0,0.0,0.0,0.0,0.0,0.0,0.0,0.0,0.0,1.0,0.0,0.6043706719,1.0,1.0,1.0,1.0,1.0,1.0],[0.0,0.0,0.0,0.0,0.0,0.0,0.0,0.0,0.0,0.0,0.0,0.4969720236,0.3956293281,0.0,1.0,0.6002751194,1.0,1.0,1.0,1.0],[0.0,0.0,0.0,0.0,0.0,0.0,0.0,0.0,0.0,0.0,0.0,0.0,0.0,0.0,0.0,0.0,1.0,1.0,1.0,1.0],[0.0,0.0,0.0,0.0,0.0,0.0,0.0,0.0,0.0,0.0,0.0,0.0,0.0,0.3997248806,1.0,0.0,1.0,1.0,1.0,1.0],[0.0,0.0,0.0,0.0,0.0,0.0,0.0,0.0,0.0,0.0,0.0,0.0,0.0,0.0,0.0,0.0,0.0,0.0,0.4962562576,1.0],[0.0,0.0,0.0,0.0,0.0,0.0,0.0,0.0,0.0,0.0,0.0,0.0,0.0,0.0,0.0,0.0,1.0,0.0,1.0,1.0],[0.0,0.0,0.0,0.0,0.0,0.0,0.0,0.0,0.0,0.0,0.0,0.0,0.0,0.0,0.0,0.0,0.5037437424,0.0,0.0,1.0],[0.0,0.0,0.0,0.0,0.0,0.0,0.0,0.0,0.0,0.0,0.0,0.0,0.0,0.0,0.0,0.0,0.0,0.0,0.0,0.0]],"outlier_solution":[0,1,4,2,3,5,6,8,9,7,10,13,12,11,15,14,17,16,18,19],"dataset_id":427,"source_dataset_id":474,"options":null,"D":{"0":{"0":0,"1":0,"2":0,"3":0,"4":2,"5":0,"6":0,"7":0,"8":0,"9":0,"10":1,"11":0,"12":0,"13":0,"14":2,"15":0,"16":0,"17":3,"18":0,"19":0},"1":{"0":5,"1":0,"2":0,"3":5,"4":0,"5":0,"6":0,"7":0,"8":4,"9":0,"10":5,"11":0,"12":4,"13":0,"14":5,"15":0,"16":0,"17":0,"18":0,"19":3},"2":{"0":5,"1":5,"2":0,"3":0,"4":4,"5":0,"6":0,"7":0,"8":0,"9":0,"10":0,"11":0,"12":0,"13":0,"14":3,"15":2,"16":3,"17":0,"18":0,"19":0},"3":{"0":5,"1":5,"2":2,"3":0,"4":0,"5":4,"6":0,"7":0,"8":0,"9":4,"10":0,"11":0,"12":0,"13":0,"14":0,"15":0,"16":0,"17":1,"18":0,"19":2},"4":{"0":5,"1":5,"2":5,"3":5,"4":0,"5":4,"6":0,"7":0,"8":0,"9":0,"10":0,"11":0,"12":0,"13":0,"14":0,"15":0,"16":1,"17":0,"18":0,"19":0},"5":{"0":5,"1":5,"2":5,"3":2,"4":5,"5":0,"6":3,"7":0,"8":0,"9":0,"10":0,"11":0,"12":0,"13":0,"14":0,"15":0,"16":0,"17":0,"18":0,"19":0},"6":{"0":5,"1":5,"2":5,"3":5,"4":5,"5":5,"6":0,"7":2,"8":0,"9":0,"10":0,"11":0,"12":0,"13":0,"14":0,"15":0,"16":0,"17":0,"18":0,"19":0},"7":{"0":5,"1":5,"2":5,"3":5,"4":5,"5":5,"6":5,"7":0,"8":3,"9":0,"10":0,"11":0,"12":0,"13":0,"14":0,"15":3,"16":0,"17":0,"18":0,"19":0},"8":{"0":5,"1":0,"2":5,"3":5,"4":5,"5":5,"6":0,"7":5,"8":0,"9":0,"10":0,"11":0,"12":0,"13":0,"14":0,"15":0,"16":0,"17":0,"18":0,"19":0},"9":{"0":5,"1":5,"2":5,"3":5,"4":5,"5":4,"6":5,"7":5,"8":0,"9":0,"10":0,"11":0,"12":1,"13":2,"14":0,"15":2,"16":0,"17":0,"18":0,"19":0},"10":{"0":5,"1":5,"2":5,"3":5,"4":5,"5":5,"6":5,"7":1,"8":3,"9":4,"10":0,"11":0,"12":0,"13":1,"14":0,"15":0,"16":0,"17":0,"18":3,"19":0},"11":{"0":5,"1":5,"2":5,"3":5,"4":5,"5":2,"6":5,"7":0,"8":0,"9":5,"10":5,"11":0,"12":0,"13":0,"14":0,"15":0,"16":0,"17":0,"18":0,"19":0},"12":{"0":1,"1":3,"2":5,"3":5,"4":5,"5":5,"6":5,"7":1,"8":5,"9":1,"10":5,"11":5,"12":0,"13":0,"14":0,"15":0,"16":0,"17":0,"18":0,"19":2},"13":{"0":5,"1":5,"2":5,"3":0,"4":0,"5":5,"6":5,"7":5,"8":2,"9":5,"10":5,"11":5,"12":5,"13":0,"14":0,"15":0,"16":0,"17":0,"18":0,"19":0},"14":{"0":0,"1":5,"2":3,"3":0,"4":5,"5":5,"6":5,"7":5,"8":5,"9":5,"10":5,"11":0,"12":5,"13":5,"14":0,"15":1,"16":0,"17":0,"18":0,"19":3},"15":{"0":5,"1":5,"2":0,"3":5,"4":5,"5":5,"6":5,"7":2,"8":1,"9":5,"10":2,"11":5,"12":0,"13":5,"14":5,"15":0,"16":0,"17":0,"18":0,"19":0},"16":{"0":5,"1":5,"2":5,"3":5,"4":0,"5":1,"6":5,"7":5,"8":5,"9":5,"10":5,"11":5,"12":5,"13":5,"14":2,"15":5,"16":0,"17":0,"18":0,"19":0},"17":{"0":5,"1":5,"2":0,"3":5,"4":5,"5":0,"6":5,"7":5,"8":5,"9":5,"10":5,"11":3,"12":5,"13":5,"14":5,"15":0,"16":0,"17":0,"18":0,"19":0},"18":{"0":5,"1":5,"2":0,"3":0,"4":5,"5":5,"6":5,"7":5,"8":5,"9":5,"10":3,"11":0,"12":0,"13":5,"14":5,"15":5,"16":0,"17":5,"18":0,"19":0},"19":{"0":5,"1":5,"2":5,"3":5,"4":5,"5":5,"6":5,"7":5,"8":5,"9":5,"10":5,"11":0,"12":5,"13":0,"14":5,"15":5,"16":5,"17":5,"18":5,"19":0}},"method":"hillside","closest_pair":[[0,1,4,2,3,5,6,8,9,7,10,12,11,13,15,14,17,18,16,19],[0,1,4,2,3,5,6,8,9,7,10,12,13,11,15,14,17,18,16,19]],"farthest_pair":[[0,1,4,2,3,5,6,8,9,7,10,12,11,15,13,14,17,18,16,19],[0,1,4,2,3,5,6,8,9,7,10,13,12,11,15,14,17,16,18,19]],"centroid_solution":[0,1,4,2,3,5,6,8,9,7,10,12,11,13,15,14,17,18,16,19]}