{"solutions":[[0,2,1,3,4,8,5,7,6,12,9,10,13,11,17,15,14,16,18,19],[0,2,1,3,4,8,5,7,6,12,9,10,13,11,17,14,15,16,18,19],[0,2,1,3,4,8,5,7,6,9,12,10,13,11,15,17,14,16,18,19],[0,2,1,3,4,8,5,7,6,12,9,10,13,11,15,17,14,16,18,19],[0,2,1,3,4,5,8,7,6,12,9,10,13,11,17,15,14,16,18,19],[0,2,1,3,4,5,8,7,6,12,10,9,13,11,17,15,14,16,18,19],[0,2,1,3,4,5,8,7,6,12,9,10,13,11,17,14,15,16,18,19],[0,2,1,3,4,8,5,7,6,12,10,9,13,11,17,15,14,16,18,19],[0,2,1,3,4,8,5,7,6,9,12,10,13,11,17,14,15,16,18,19],[0,2,1,3,4,5,8,7,6,12,10,9,13,11,17,14,15,16,18,19],[0,2,1,3,4,5,8,7,6,12,10,9,13,11,15,17,14,16,18,19],[0,2,1,3,4,5,8,7,6,9,12,10,13,11,17,15,14,16,18,19],[0,2,1,3,4,8,5,7,6,12,10,9,13,11,17,14,15,16,18,19],[0,2,1,3,4,5,8,7,6,12,9,10,13,11,15,17,14,16,18,19],[0,2,1,3,4,8,5,7,6,12,10,9,13,11,15,17,14,16,18,19],[0,2,1,3,4,8,5,7,6,9,12,10,13,11,17,15,14,16,18,19],[0,2,1,3,4,5,8,7,6,9,12,10,13,11,15,17,14,16,18,19],[0,2,1,3,4,5,8,7,6,9,12,10,13,11,17,14,15,16,18,19]],"obj":695.0,"max_tau_solutions":null,"centroid_x":[[0.0,1.0,1.0,1.0,1.0,1.0,1.0,1.0,1.0,1.0,1.0,1.0,1.0,1.0,1.0,1.0,1.0,1.0,1.0,1.0],[0.0,0.0,0.0,1.0,1.0,1.0,1.0,1.0,1.0,1.0,1.0,1.0,1.0,1.0,1.0,1.0,1.0,1.0,1.0,1.0],[0.0,1.0,0.0,1.0,1.0,1.0,1.0,1.0,1.0,1.0,1.0,1.0,1.0,1.0,1.0,1.0,1.0,1.0,1.0,1.0],[0.0,0.0,0.0,0.0,1.0,1.0,1.0,1.0,1.0,1.0,1.0,1.0,1.0,1.0,1.0,1.0,1.0,1.0,1.0,1.0],[0.0,0.0,0.0,0.0,0.0,1.0,1.0,1.0,1.0,1.0,1.0,1.0,1.0,1.0,1.0,1.0,1.0,1.0,1.0,1.0],[0.0,0.0,0.0,0.0,0.0,0.0,1.0,1.0,0.5037404353,1.0,1.0,1.0,1.0,1.0,1.0,1.0,1.0,1.0,1.0,1.0],[0.0,0.0,0.0,0.0,0.0,0.0,0.0,0.0,0.0,1.0,1.0,1.0,1.0,1.0,1.0,1.0,1.0,1.0,1.0,1.0],[0.0,0.0,0.0,0.0,0.0,0.0,1.0,0.0,0.0,1.0,1.0,1.0,1.0,1.0,1.0,1.0,1.0,1.0,1.0,1.0],[0.0,0.0,0.0,0.0,0.0,0.4962595647,1.0,1.0,0.0,1.0,1.0,1.0,1.0,1.0,1.0,1.0,1.0,1.0,1.0,1.0],[0.0,0.0,0.0,0.0,0.0,0.0,0.0,0.0,0.0,0.0,0.5481023915,1.0,0.4402298884,1.0,1.0,1.0,1.0,1.0,1.0,1.0],[0.0,0.0,0.0,0.0,0.0,0.0,0.0,0.0,0.0,0.4518976085,0.0,1.0,0.0,1.0,1.0,1.0,1.0,1.0,1.0,1.0],[0.0,0.0,0.0,0.0,0.0,0.0,0.0,0.0,0.0,0.0,0.0,0.0,0.0,0.0,1.0,1.0,1.0,1.0,1.0,1.0],[0.0,0.0,0.0,0.0,0.0,0.0,0.0,0.0,0.0,0.5597701116,1.0,1.0,0.0,1.0,1.0,1.0,1.0,1.0,1.0,1.0],[0.0,0.0,0.0,0.0,0.0,0.0,0.0,0.0,0.0,0.0,0.0,1.0,0.0,0.0,1.0,1.0,1.0,1.0,1.0,1.0],[0.0,0.0,0.0,0.0,0.0,0.0,0.0,0.0,0.0,0.0,0.0,0.0,0.0,0.0,0.0,0.439833669,1.0,0.0,1.0,1.0],[0.0,0.0,0.0,0.0,0.0,0.0,0.0,0.0,0.0,0.0,0.0,0.0,0.0,0.0,0.560166331,0.0,1.0,0.445908832,1.0,1.0],[0.0,0.0,0.0,0.0,0.0,0.0,0.0,0.0,0.0,0.0,0.0,0.0,0.0,0.0,0.0,0.0,0.0,0.0,1.0,1.0],[0.0,0.0,0.0,0.0,0.0,0.0,0.0,0.0,0.0,0.0,0.0,0.0,0.0,0.0,1.0,0.554091168,1.0,0.0,1.0,1.0],[0.0,0.0,0.0,0.0,0.0,0.0,0.0,0.0,0.0,0.0,0.0,0.0,0.0,0.0,0.0,0.0,0.0,0.0,0.0,1.0],[0.0,0.0,0.0,0.0,0.0,0.0,0.0,0.0,0.0,0.0,0.0,0.0,0.0,0.0,0.0,0.0,0.0,0.0,0.0,0.0]],"outlier_solution":[0,2,1,3,4,8,5,7,6,9,12,10,13,11,17,14,15,16,18,19],"dataset_id":428,"source_dataset_id":475,"options":null,"D":{"0":{"0":0,"1":0,"2":0,"3":0,"4":3,"5":2,"6":0,"7":0,"8":0,"9":5,"10":0,"11":0,"12":0,"13":0,"14":0,"15":0,"16":0,"17":3,"18":0,"19":0},"1":{"0":5,"1":0,"2":0,"3":0,"4":0,"5":0,"6":0,"7":0,"8":2,"9":0,"10":0,"11":0,"12":2,"13":0,"14":0,"15":0,"16":0,"17":0,"18":0,"19":0},"2":{"0":5,"1":2,"2":0,"3":0,"4":0,"5":0,"6":5,"7":0,"8":0,"9":0,"10":2,"11":0,"12":0,"13":0,"14":0,"15":0,"16":0,"17":0,"18":0,"19":0},"3":{"0":5,"1":5,"2":5,"3":0,"4":0,"5":0,"6":0,"7":0,"8":3,"9":0,"10":0,"11":0,"12":1,"13":0,"14":0,"15":0,"16":0,"17":0,"18":0,"19":0},"4":{"0":5,"1":5,"2":5,"3":3,"4":0,"5":0,"6":0,"7":0,"8":0,"9":0,"10":5,"11":0,"12":4,"13":0,"14":0,"15":0,"16":0,"17":0,"18":0,"19":0},"5":{"0":5,"1":0,"2":5,"3":5,"4":0,"5":0,"6":0,"7":0,"8":0,"9":0,"10":0,"11":0,"12":0,"13":4,"14":0,"15":0,"16":0,"17":4,"18":4,"19":1},"6":{"0":5,"1":5,"2":5,"3":5,"4":5,"5":5,"6":0,"7":0,"8":0,"9":0,"10":3,"11":0,"12":0,"13":0,"14":0,"15":0,"16":0,"17":0,"18":0,"19":0},"7":{"0":5,"1":5,"2":5,"3":5,"4":5,"5":4,"6":0,"7":0,"8":0,"9":0,"10":1,"11":0,"12":4,"13":0,"14":0,"15":0,"16":0,"17":0,"18":0,"19":0},"8":{"0":5,"1":0,"2":5,"3":0,"4":5,"5":5,"6":5,"7":5,"8":0,"9":0,"10":0,"11":0,"12":0,"13":4,"14":0,"15":0,"16":0,"17":0,"18":0,"19":0},"9":{"0":4,"1":0,"2":5,"3":5,"4":5,"5":5,"6":5,"7":0,"8":5,"9":0,"10":0,"11":0,"12":0,"13":1,"14":0,"15":0,"16":0,"17":0,"18":0,"19":0},"10":{"0":5,"1":0,"2":0,"3":5,"4":5,"5":5,"6":5,"7":5,"8":5,"9":5,"10":0,"11":0,"12":0,"13":0,"14":0,"15":5,"16":0,"17":0,"18":0,"19":0},"11":{"0":5,"1":5,"2":5,"3":5,"4":0,"5":5,"6":5,"7":5,"8":5,"9":0,"10":5,"11":0,"12":0,"13":4,"14":0,"15":0,"16":0,"17":0,"18":0,"19":0},"12":{"0":5,"1":3,"2":5,"3":5,"4":5,"5":5,"6":5,"7":5,"8":5,"9":0,"10":0,"11":0,"12":0,"13":0,"14":0,"15":0,"16":2,"17":0,"18":0,"19":0},"13":{"0":5,"1":5,"2":5,"3":5,"4":5,"5":2,"6":4,"7":5,"8":5,"9":5,"10":2,"11":5,"12":5,"13":0,"14":0,"15":0,"16":0,"17":2,"18":0,"19":0},"14":{"0":5,"1":5,"2":5,"3":0,"4":5,"5":5,"6":5,"7":5,"8":5,"9":5,"10":5,"11":3,"12":5,"13":5,"14":0,"15":0,"16":0,"17":0,"18":1,"19":0},"15":{"0":5,"1":5,"2":5,"3":5,"4":5,"5":3,"6":5,"7":5,"8":5,"9":5,"10":5,"11":0,"12":5,"13":1,"14":0,"15":0,"16":0,"17":2,"18":0,"19":0},"16":{"0":0,"1":5,"2":5,"3":2,"4":5,"5":5,"6":0,"7":5,"8":5,"9":5,"10":5,"11":5,"12":5,"13":5,"14":5,"15":3,"16":0,"17":0,"18":5,"19":0},"17":{"0":5,"1":5,"2":5,"3":5,"4":5,"5":5,"6":5,"7":5,"8":5,"9":0,"10":4,"11":1,"12":5,"13":5,"14":5,"15":0,"16":5,"17":0,"18":1,"19":0},"18":{"0":5,"1":5,"2":5,"3":5,"4":5,"5":5,"6":3,"7":5,"8":5,"9":5,"10":0,"11":0,"12":5,"13":5,"14":5,"15":5,"16":1,"17":5,"18":0,"19":0},"19":{"0":5,"1":5,"2":5,"3":5,"4":5,"5":5,"6":5,"7":5,"8":5,"9":5,"10":5,"11":5,"12":5,"13":2,"14":5,"15":4,"16":0,"17":5,"18":5,"19":0}},"method":"hillside","closest_pair":[[0,2,1,3,4,8,5,7,6,12,9,10,13,11,17,15,14,16,18,19],[0,2,1,3,4,8,5,7,6,12,10,9,13,11,17,15,14,16,18,19]],"farthest_pair":[[0,2,1,3,4,8,5,7,6,12,10,9,13,11,17,14,15,16,18,19],[0,2,1,3,4,5,8,7,6,9,12,10,13,11,15,17,14,16,18,19]],"centroid_solution":[0,2,1,3,4,5,8,7,6,12,9,10,13,11,17,15,14,16,18,19]}