{"solutions":[[0,3,1,6,4,2,5,8,7,9,10,12,11,13,14,16,18,15,17,19],[0,3,1,6,4,2,8,5,7,9,10,12,11,13,14,18,16,15,17,19],[0,3,1,6,4,2,5,8,7,9,10,12,11,13,14,18,16,15,17,19],[0,3,1,6,4,2,8,5,7,9,10,12,11,13,14,16,18,15,17,19]],"obj":792.0,"max_tau_solutions":null,"centroid_x":[[0.0,1.0,1.0,1.0,1.0,1.0,1.0,1.0,1.0,1.0,1.0,1.0,1.0,1.0,1.0,1.0,1.0,1.0,1.0,1.0],[0.0,0.0,1.0,0.0,1.0,1.0,1.0,1.0,1.0,1.0,1.0,1.0,1.0,1.0,1.0,1.0,1.0,1.0,1.0,1.0],[0.0,0.0,0.0,0.0,0.0,1.0,0.0,1.0,1.0,1.0,1.0,1.0,1.0,1.0,1.0,1.0,1.0,1.0,1.0,1.0],[0.0,1.0,1.0,0.0,1.0,1.0,1.0,1.0,1.0,1.0,1.0,1.0,1.0,1.0,1.0,1.0,1.0,1.0,1.0,1.0],[0.0,0.0,1.0,0.0,0.0,1.0,0.0,1.0,1.0,1.0,1.0,1.0,1.0,1.0,1.0,1.0,1.0,1.0,1.0,1.0],[0.0,0.0,0.0,0.0,0.0,0.0,0.0,1.0,0.5051196658,1.0,1.0,1.0,1.0,1.0,1.0,1.0,1.0,1.0,1.0,1.0],[0.0,0.0,1.0,0.0,1.0,1.0,0.0,1.0,1.0,1.0,1.0,1.0,1.0,1.0,1.0,1.0,1.0,1.0,1.0,1.0],[0.0,0.0,0.0,0.0,0.0,0.0,0.0,0.0,0.0,1.0,1.0,1.0,1.0,1.0,1.0,1.0,1.0,1.0,1.0,1.0],[0.0,0.0,0.0,0.0,0.0,0.4948803342,0.0,1.0,0.0,1.0,1.0,1.0,1.0,1.0,1.0,1.0,1.0,1.0,1.0,1.0],[0.0,0.0,0.0,0.0,0.0,0.0,0.0,0.0,0.0,0.0,1.0,1.0,1.0,1.0,1.0,1.0,1.0,1.0,1.0,1.0],[0.0,0.0,0.0,0.0,0.0,0.0,0.0,0.0,0.0,0.0,0.0,1.0,1.0,1.0,1.0,1.0,1.0,1.0,1.0,1.0],[0.0,0.0,0.0,0.0,0.0,0.0,0.0,0.0,0.0,0.0,0.0,0.0,0.0,1.0,1.0,1.0,1.0,1.0,1.0,1.0],[0.0,0.0,0.0,0.0,0.0,0.0,0.0,0.0,0.0,0.0,0.0,1.0,0.0,1.0,1.0,1.0,1.0,1.0,1.0,1.0],[0.0,0.0,0.0,0.0,0.0,0.0,0.0,0.0,0.0,0.0,0.0,0.0,0.0,0.0,1.0,1.0,1.0,1.0,1.0,1.0],[0.0,0.0,0.0,0.0,0.0,0.0,0.0,0.0,0.0,0.0,0.0,0.0,0.0,0.0,0.0,1.0,1.0,1.0,1.0,1.0],[0.0,0.0,0.0,0.0,0.0,0.0,0.0,0.0,0.0,0.0,0.0,0.0,0.0,0.0,0.0,0.0,0.0,1.0,0.0,1.0],[0.0,0.0,0.0,0.0,0.0,0.0,0.0,0.0,0.0,0.0,0.0,0.0,0.0,0.0,0.0,1.0,0.0,1.0,0.5070554003,1.0],[0.0,0.0,0.0,0.0,0.0,0.0,0.0,0.0,0.0,0.0,0.0,0.0,0.0,0.0,0.0,0.0,0.0,0.0,0.0,1.0],[0.0,0.0,0.0,0.0,0.0,0.0,0.0,0.0,0.0,0.0,0.0,0.0,0.0,0.0,0.0,1.0,0.4929445997,1.0,0.0,1.0],[0.0,0.0,0.0,0.0,0.0,0.0,0.0,0.0,0.0,0.0,0.0,0.0,0.0,0.0,0.0,0.0,0.0,0.0,0.0,0.0]],"outlier_solution":[0,3,1,6,4,2,8,5,7,9,10,12,11,13,14,18,16,15,17,19],"dataset_id":430,"source_dataset_id":477,"options":null,"D":{"0":{"0":0,"1":0,"2":0,"3":0,"4":0,"5":0,"6":1,"7":0,"8":4,"9":0,"10":0,"11":0,"12":0,"13":0,"14":0,"15":0,"16":0,"17":0,"18":4,"19":0},"1":{"0":5,"1":0,"2":0,"3":0,"4":0,"5":5,"6":0,"7":0,"8":5,"9":4,"10":0,"11":0,"12":1,"13":0,"14":0,"15":0,"16":0,"17":0,"18":4,"19":0},"2":{"0":5,"1":5,"2":0,"3":0,"4":0,"5":0,"6":0,"7":0,"8":4,"9":0,"10":0,"11":0,"12":0,"13":0,"14":0,"15":0,"16":0,"17":0,"18":0,"19":0},"3":{"0":2,"1":5,"2":4,"3":0,"4":0,"5":0,"6":0,"7":0,"8":0,"9":0,"10":0,"11":0,"12":2,"13":0,"14":0,"15":0,"16":0,"17":0,"18":0,"19":0},"4":{"0":5,"1":5,"2":5,"3":5,"4":0,"5":0,"6":0,"7":0,"8":0,"9":2,"10":0,"11":5,"12":0,"13":0,"14":0,"15":0,"16":4,"17":0,"18":0,"19":0},"5":{"0":5,"1":3,"2":5,"3":5,"4":5,"5":0,"6":0,"7":0,"8":0,"9":5,"10":0,"11":0,"12":0,"13":4,"14":3,"15":0,"16":0,"17":0,"18":0,"19":0},"6":{"0":5,"1":2,"2":2,"3":5,"4":5,"5":5,"6":0,"7":0,"8":0,"9":0,"10":0,"11":3,"12":0,"13":0,"14":0,"15":0,"16":0,"17":0,"18":0,"19":0},"7":{"0":5,"1":5,"2":0,"3":1,"4":0,"5":5,"6":3,"7":0,"8":0,"9":0,"10":0,"11":0,"12":0,"13":5,"14":2,"15":0,"16":0,"17":0,"18":0,"19":0},"8":{"0":5,"1":5,"2":5,"3":5,"4":5,"5":2,"6":5,"7":0,"8":0,"9":0,"10":0,"11":0,"12":0,"13":0,"14":0,"15":0,"16":0,"17":0,"18":0,"19":0},"9":{"0":5,"1":5,"2":5,"3":5,"4":5,"5":5,"6":5,"7":5,"8":5,"9":0,"10":0,"11":0,"12":0,"13":0,"14":0,"15":0,"16":5,"17":0,"18":0,"19":0},"10":{"0":0,"1":5,"2":0,"3":5,"4":5,"5":5,"6":5,"7":1,"8":5,"9":0,"10":0,"11":3,"12":5,"13":0,"14":0,"15":0,"16":0,"17":0,"18":0,"19":0},"11":{"0":5,"1":5,"2":5,"3":5,"4":5,"5":5,"6":5,"7":5,"8":5,"9":5,"10":5,"11":0,"12":0,"13":0,"14":0,"15":0,"16":0,"17":0,"18":0,"19":4},"12":{"0":1,"1":0,"2":0,"3":5,"4":5,"5":0,"6":5,"7":5,"8":5,"9":5,"10":2,"11":0,"12":0,"13":0,"14":0,"15":0,"16":0,"17":0,"18":0,"19":0},"13":{"0":5,"1":5,"2":0,"3":5,"4":5,"5":0,"6":5,"7":5,"8":5,"9":0,"10":5,"11":5,"12":5,"13":0,"14":0,"15":0,"16":0,"17":0,"18":3,"19":0},"14":{"0":5,"1":5,"2":5,"3":5,"4":5,"5":5,"6":5,"7":5,"8":4,"9":5,"10":5,"11":5,"12":3,"13":5,"14":0,"15":0,"16":0,"17":0,"18":0,"19":0},"15":{"0":5,"1":5,"2":5,"3":5,"4":5,"5":5,"6":5,"7":5,"8":2,"9":5,"10":5,"11":4,"12":5,"13":5,"14":3,"15":0,"16":0,"17":0,"18":0,"19":0},"16":{"0":5,"1":5,"2":3,"3":5,"4":5,"5":5,"6":0,"7":5,"8":5,"9":5,"10":5,"11":5,"12":5,"13":5,"14":5,"15":0,"16":0,"17":0,"18":0,"19":0},"17":{"0":5,"1":5,"2":1,"3":5,"4":5,"5":1,"6":5,"7":5,"8":5,"9":4,"10":5,"11":5,"12":5,"13":5,"14":5,"15":0,"16":4,"17":0,"18":0,"19":0},"18":{"0":1,"1":5,"2":0,"3":5,"4":5,"5":5,"6":5,"7":2,"8":5,"9":5,"10":1,"11":5,"12":0,"13":5,"14":5,"15":5,"16":2,"17":5,"18":0,"19":0},"19":{"0":5,"1":5,"2":3,"3":0,"4":5,"5":5,"6":5,"7":5,"8":5,"9":5,"10":5,"11":5,"12":5,"13":1,"14":4,"15":0,"16":5,"17":0,"18":5,"19":0}},"method":"hillside","closest_pair":[[0,3,1,6,4,2,8,5,7,9,10,12,11,13,14,16,18,15,17,19],[0,3,1,6,4,2,8,5,7,9,10,12,11,13,14,18,16,15,17,19]],"farthest_pair":[[0,3,1,6,4,2,8,5,7,9,10,12,11,13,14,18,16,15,17,19],[0,3,1,6,4,2,5,8,7,9,10,12,11,13,14,16,18,15,17,19]],"tau_farthest_pair":0.9789473684,"tau_closest_pair":0.9894736842,"centroid_solution":[0,3,1,6,4,2,5,8,7,9,10,12,11,13,14,16,18,15,17,19]}