{"solutions":[[19,18,16,17,14,15,13,11,12,8,9,10,7,6,5,4,3,2,1,0],[19,18,16,17,15,14,13,11,12,8,9,10,7,6,5,4,3,2,1,0]],"obj":797.0,"max_tau_solutions":null,"centroid_x":[[0.0,0.0,0.0,0.0,0.0,0.0,0.0,0.0,0.0,0.0,0.0,0.0,0.0,0.0,0.0,0.0,0.0,0.0,0.0,0.0],[1.0,0.0,0.0,0.0,0.0,0.0,0.0,0.0,0.0,0.0,0.0,0.0,0.0,0.0,0.0,0.0,0.0,0.0,0.0,0.0],[1.0,1.0,0.0,0.0,0.0,0.0,0.0,0.0,0.0,0.0,0.0,0.0,0.0,0.0,0.0,0.0,0.0,0.0,0.0,0.0],[1.0,1.0,1.0,0.0,0.0,0.0,0.0,0.0,0.0,0.0,0.0,0.0,0.0,0.0,0.0,0.0,0.0,0.0,0.0,0.0],[1.0,1.0,1.0,1.0,0.0,0.0,0.0,0.0,0.0,0.0,0.0,0.0,0.0,0.0,0.0,0.0,0.0,0.0,0.0,0.0],[1.0,1.0,1.0,1.0,1.0,0.0,0.0,0.0,0.0,0.0,0.0,0.0,0.0,0.0,0.0,0.0,0.0,0.0,0.0,0.0],[1.0,1.0,1.0,1.0,1.0,1.0,0.0,0.0,0.0,0.0,0.0,0.0,0.0,0.0,0.0,0.0,0.0,0.0,0.0,0.0],[1.0,1.0,1.0,1.0,1.0,1.0,1.0,0.0,0.0,0.0,0.0,0.0,0.0,0.0,0.0,0.0,0.0,0.0,0.0,0.0],[1.0,1.0,1.0,1.0,1.0,1.0,1.0,1.0,0.0,1.0,1.0,0.0,0.0,0.0,0.0,0.0,0.0,0.0,0.0,0.0],[1.0,1.0,1.0,1.0,1.0,1.0,1.0,1.0,0.0,0.0,1.0,0.0,0.0,0.0,0.0,0.0,0.0,0.0,0.0,0.0],[1.0,1.0,1.0,1.0,1.0,1.0,1.0,1.0,0.0,0.0,0.0,0.0,0.0,0.0,0.0,0.0,0.0,0.0,0.0,0.0],[1.0,1.0,1.0,1.0,1.0,1.0,1.0,1.0,1.0,1.0,1.0,0.0,1.0,0.0,0.0,0.0,0.0,0.0,0.0,0.0],[1.0,1.0,1.0,1.0,1.0,1.0,1.0,1.0,1.0,1.0,1.0,0.0,0.0,0.0,0.0,0.0,0.0,0.0,0.0,0.0],[1.0,1.0,1.0,1.0,1.0,1.0,1.0,1.0,1.0,1.0,1.0,1.0,1.0,0.0,0.0,0.0,0.0,0.0,0.0,0.0],[1.0,1.0,1.0,1.0,1.0,1.0,1.0,1.0,1.0,1.0,1.0,1.0,1.0,1.0,0.0,0.3304051991,0.0,0.0,0.0,0.0],[1.0,1.0,1.0,1.0,1.0,1.0,1.0,1.0,1.0,1.0,1.0,1.0,1.0,1.0,0.6695948009,0.0,0.0,0.0,0.0,0.0],[1.0,1.0,1.0,1.0,1.0,1.0,1.0,1.0,1.0,1.0,1.0,1.0,1.0,1.0,1.0,1.0,0.0,1.0,0.0,0.0],[1.0,1.0,1.0,1.0,1.0,1.0,1.0,1.0,1.0,1.0,1.0,1.0,1.0,1.0,1.0,1.0,0.0,0.0,0.0,0.0],[1.0,1.0,1.0,1.0,1.0,1.0,1.0,1.0,1.0,1.0,1.0,1.0,1.0,1.0,1.0,1.0,1.0,1.0,0.0,0.0],[1.0,1.0,1.0,1.0,1.0,1.0,1.0,1.0,1.0,1.0,1.0,1.0,1.0,1.0,1.0,1.0,1.0,1.0,1.0,0.0]],"outlier_solution":[19,18,16,17,14,15,13,11,12,8,9,10,7,6,5,4,3,2,1,0],"dataset_id":431,"source_dataset_id":478,"options":null,"D":{"0":{"0":0,"1":2,"2":5,"3":5,"4":5,"5":5,"6":5,"7":5,"8":5,"9":5,"10":2,"11":5,"12":5,"13":5,"14":5,"15":0,"16":5,"17":4,"18":5,"19":5},"1":{"0":0,"1":0,"2":5,"3":5,"4":5,"5":5,"6":5,"7":5,"8":5,"9":5,"10":1,"11":5,"12":5,"13":5,"14":5,"15":0,"16":5,"17":5,"18":5,"19":0},"2":{"0":0,"1":0,"2":0,"3":5,"4":5,"5":5,"6":5,"7":5,"8":5,"9":5,"10":1,"11":5,"12":5,"13":5,"14":0,"15":5,"16":5,"17":5,"18":5,"19":5},"3":{"0":0,"1":0,"2":0,"3":0,"4":5,"5":5,"6":5,"7":5,"8":5,"9":4,"10":3,"11":2,"12":3,"13":5,"14":5,"15":5,"16":5,"17":5,"18":5,"19":5},"4":{"0":0,"1":0,"2":0,"3":0,"4":0,"5":5,"6":5,"7":5,"8":5,"9":5,"10":5,"11":2,"12":5,"13":5,"14":0,"15":5,"16":4,"17":5,"18":5,"19":1},"5":{"0":0,"1":0,"2":0,"3":0,"4":0,"5":0,"6":5,"7":5,"8":5,"9":5,"10":0,"11":5,"12":5,"13":5,"14":5,"15":5,"16":4,"17":2,"18":5,"19":5},"6":{"0":3,"1":0,"2":0,"3":0,"4":0,"5":0,"6":0,"7":5,"8":0,"9":5,"10":5,"11":5,"12":5,"13":5,"14":1,"15":5,"16":0,"17":0,"18":5,"19":5},"7":{"0":0,"1":0,"2":2,"3":0,"4":0,"5":5,"6":0,"7":0,"8":5,"9":5,"10":5,"11":5,"12":5,"13":5,"14":0,"15":5,"16":5,"17":5,"18":5,"19":5},"8":{"0":0,"1":0,"2":0,"3":0,"4":0,"5":0,"6":0,"7":1,"8":0,"9":0,"10":5,"11":5,"12":5,"13":5,"14":5,"15":5,"16":5,"17":5,"18":0,"19":5},"9":{"0":3,"1":0,"2":0,"3":0,"4":0,"5":0,"6":0,"7":5,"8":0,"9":0,"10":5,"11":5,"12":5,"13":5,"14":5,"15":0,"16":5,"17":5,"18":5,"19":5},"10":{"0":0,"1":0,"2":0,"3":0,"4":0,"5":0,"6":0,"7":0,"8":5,"9":2,"10":0,"11":5,"12":5,"13":5,"14":5,"15":0,"16":5,"17":5,"18":5,"19":5},"11":{"0":0,"1":0,"2":0,"3":0,"4":0,"5":3,"6":0,"7":0,"8":0,"9":2,"10":0,"11":0,"12":5,"13":2,"14":0,"15":5,"16":5,"17":5,"18":0,"19":2},"12":{"0":0,"1":0,"2":0,"3":1,"4":0,"5":0,"6":0,"7":0,"8":0,"9":4,"10":1,"11":0,"12":0,"13":5,"14":5,"15":5,"16":5,"17":5,"18":0,"19":5},"13":{"0":5,"1":0,"2":0,"3":0,"4":0,"5":5,"6":0,"7":0,"8":0,"9":0,"10":0,"11":0,"12":0,"13":0,"14":5,"15":5,"16":5,"17":5,"18":5,"19":3},"14":{"0":0,"1":2,"2":0,"3":0,"4":0,"5":0,"6":0,"7":0,"8":0,"9":0,"10":0,"11":0,"12":0,"13":0,"14":0,"15":1,"16":0,"17":0,"18":5,"19":5},"15":{"0":0,"1":0,"2":0,"3":0,"4":0,"5":0,"6":0,"7":3,"8":4,"9":0,"10":0,"11":0,"12":0,"13":0,"14":0,"15":0,"16":5,"17":5,"18":5,"19":5},"16":{"0":0,"1":0,"2":0,"3":0,"4":0,"5":0,"6":0,"7":0,"8":0,"9":0,"10":0,"11":0,"12":0,"13":0,"14":0,"15":0,"16":0,"17":5,"18":5,"19":0},"17":{"0":0,"1":0,"2":0,"3":0,"4":0,"5":0,"6":0,"7":0,"8":3,"9":0,"10":0,"11":2,"12":0,"13":0,"14":2,"15":1,"16":0,"17":0,"18":0,"19":5},"18":{"0":0,"1":0,"2":0,"3":0,"4":0,"5":0,"6":4,"7":0,"8":0,"9":0,"10":0,"11":0,"12":0,"13":0,"14":0,"15":1,"16":0,"17":0,"18":0,"19":5},"19":{"0":0,"1":0,"2":0,"3":0,"4":0,"5":0,"6":0,"7":0,"8":2,"9":0,"10":4,"11":0,"12":0,"13":0,"14":0,"15":0,"16":0,"17":0,"18":0,"19":0}},"method":"hillside","closest_pair":[[19,18,16,17,14,15,13,11,12,8,9,10,7,6,5,4,3,2,1,0],[19,18,16,17,15,14,13,11,12,8,9,10,7,6,5,4,3,2,1,0]],"farthest_pair":[[19,18,16,17,15,14,13,11,12,8,9,10,7,6,5,4,3,2,1,0],[19,18,16,17,14,15,13,11,12,8,9,10,7,6,5,4,3,2,1,0]],"tau_farthest_pair":0.9894736842,"tau_closest_pair":0.9894736842,"centroid_solution":[19,18,16,17,15,14,13,11,12,8,9,10,7,6,5,4,3,2,1,0]}