{"solutions":[[17,19,16,15,18,14,9,13,12,11,10,7,8,4,6,3,5,0,2,1],[17,19,16,18,15,14,9,13,12,11,10,7,8,4,6,3,5,0,2,1],[17,19,16,15,18,14,13,9,12,11,10,7,8,4,6,3,5,0,2,1],[19,17,16,18,15,14,13,9,12,11,10,7,8,4,6,3,5,0,2,1],[19,17,16,15,18,14,13,9,12,11,10,7,8,4,6,3,5,0,2,1],[17,19,16,18,15,14,13,9,12,11,10,7,8,4,6,3,5,0,2,1],[19,17,16,15,18,14,9,13,12,11,10,7,8,4,6,3,5,0,2,1],[19,17,16,18,15,14,9,13,12,11,10,7,8,4,6,3,5,0,2,1]],"obj":857.0,"max_tau_solutions":null,"centroid_x":[[0.0,1.0,1.0,0.0,0.0,0.0,0.0,0.0,0.0,0.0,0.0,0.0,0.0,0.0,0.0,0.0,0.0,0.0,0.0,0.0],[0.0,0.0,0.0,0.0,0.0,0.0,0.0,0.0,0.0,0.0,0.0,0.0,0.0,0.0,0.0,0.0,0.0,0.0,0.0,0.0],[0.0,1.0,0.0,0.0,0.0,0.0,0.0,0.0,0.0,0.0,0.0,0.0,0.0,0.0,0.0,0.0,0.0,0.0,0.0,0.0],[1.0,1.0,1.0,0.0,0.0,1.0,0.0,0.0,0.0,0.0,0.0,0.0,0.0,0.0,0.0,0.0,0.0,0.0,0.0,0.0],[1.0,1.0,1.0,1.0,0.0,1.0,1.0,0.0,0.0,0.0,0.0,0.0,0.0,0.0,0.0,0.0,0.0,0.0,0.0,0.0],[1.0,1.0,1.0,0.0,0.0,0.0,0.0,0.0,0.0,0.0,0.0,0.0,0.0,0.0,0.0,0.0,0.0,0.0,0.0,0.0],[1.0,1.0,1.0,1.0,0.0,1.0,0.0,0.0,0.0,0.0,0.0,0.0,0.0,0.0,0.0,0.0,0.0,0.0,0.0,0.0],[1.0,1.0,1.0,1.0,1.0,1.0,1.0,0.0,1.0,0.0,0.0,0.0,0.0,0.0,0.0,0.0,0.0,0.0,0.0,0.0],[1.0,1.0,1.0,1.0,1.0,1.0,1.0,0.0,0.0,0.0,0.0,0.0,0.0,0.0,0.0,0.0,0.0,0.0,0.0,0.0],[1.0,1.0,1.0,1.0,1.0,1.0,1.0,1.0,1.0,0.0,1.0,1.0,1.0,0.3894107614,0.0,0.0,0.0,0.0,0.0,0.0],[1.0,1.0,1.0,1.0,1.0,1.0,1.0,1.0,1.0,0.0,0.0,0.0,0.0,0.0,0.0,0.0,0.0,0.0,0.0,0.0],[1.0,1.0,1.0,1.0,1.0,1.0,1.0,1.0,1.0,0.0,1.0,0.0,0.0,0.0,0.0,0.0,0.0,0.0,0.0,0.0],[1.0,1.0,1.0,1.0,1.0,1.0,1.0,1.0,1.0,0.0,1.0,1.0,0.0,0.0,0.0,0.0,0.0,0.0,0.0,0.0],[1.0,1.0,1.0,1.0,1.0,1.0,1.0,1.0,1.0,0.6105892386,1.0,1.0,1.0,0.0,0.0,0.0,0.0,0.0,0.0,0.0],[1.0,1.0,1.0,1.0,1.0,1.0,1.0,1.0,1.0,1.0,1.0,1.0,1.0,1.0,0.0,0.0,0.0,0.0,0.0,0.0],[1.0,1.0,1.0,1.0,1.0,1.0,1.0,1.0,1.0,1.0,1.0,1.0,1.0,1.0,1.0,0.0,0.0,0.0,0.3708214458,0.0],[1.0,1.0,1.0,1.0,1.0,1.0,1.0,1.0,1.0,1.0,1.0,1.0,1.0,1.0,1.0,1.0,0.0,0.0,1.0,0.0],[1.0,1.0,1.0,1.0,1.0,1.0,1.0,1.0,1.0,1.0,1.0,1.0,1.0,1.0,1.0,1.0,1.0,0.0,1.0,0.348391581],[1.0,1.0,1.0,1.0,1.0,1.0,1.0,1.0,1.0,1.0,1.0,1.0,1.0,1.0,1.0,0.6291785542,0.0,0.0,0.0,0.0],[1.0,1.0,1.0,1.0,1.0,1.0,1.0,1.0,1.0,1.0,1.0,1.0,1.0,1.0,1.0,1.0,1.0,0.651608419,1.0,0.0]],"outlier_solution":[17,19,16,15,18,14,9,13,12,11,10,7,8,4,6,3,5,0,2,1],"dataset_id":433,"source_dataset_id":480,"options":null,"D":{"0":{"0":0,"1":0,"2":0,"3":5,"4":5,"5":0,"6":3,"7":5,"8":5,"9":5,"10":5,"11":5,"12":5,"13":5,"14":5,"15":5,"16":4,"17":5,"18":0,"19":5},"1":{"0":0,"1":0,"2":5,"3":5,"4":0,"5":5,"6":5,"7":5,"8":5,"9":5,"10":5,"11":0,"12":0,"13":5,"14":0,"15":5,"16":0,"17":5,"18":5,"19":3},"2":{"0":0,"1":0,"2":0,"3":5,"4":5,"5":5,"6":5,"7":0,"8":5,"9":5,"10":1,"11":5,"12":5,"13":1,"14":5,"15":5,"16":5,"17":5,"18":4,"19":5},"3":{"0":0,"1":0,"2":0,"3":0,"4":5,"5":5,"6":5,"7":5,"8":5,"9":5,"10":5,"11":0,"12":5,"13":5,"14":5,"15":5,"16":5,"17":5,"18":5,"19":5},"4":{"0":0,"1":0,"2":0,"3":3,"4":0,"5":0,"6":3,"7":5,"8":3,"9":5,"10":5,"11":5,"12":5,"13":5,"14":0,"15":1,"16":5,"17":5,"18":1,"19":5},"5":{"0":0,"1":0,"2":0,"3":4,"4":0,"5":0,"6":5,"7":5,"8":5,"9":5,"10":5,"11":5,"12":5,"13":5,"14":5,"15":5,"16":5,"17":5,"18":5,"19":5},"6":{"0":0,"1":0,"2":0,"3":0,"4":0,"5":0,"6":0,"7":5,"8":5,"9":5,"10":5,"11":5,"12":5,"13":5,"14":5,"15":5,"16":5,"17":5,"18":5,"19":5},"7":{"0":0,"1":0,"2":0,"3":0,"4":0,"5":0,"6":3,"7":0,"8":5,"9":5,"10":0,"11":5,"12":5,"13":0,"14":0,"15":1,"16":5,"17":5,"18":5,"19":5},"8":{"0":0,"1":0,"2":0,"3":0,"4":5,"5":0,"6":0,"7":0,"8":0,"9":5,"10":5,"11":5,"12":1,"13":5,"14":5,"15":1,"16":0,"17":5,"18":5,"19":5},"9":{"0":0,"1":0,"2":0,"3":0,"4":0,"5":0,"6":0,"7":0,"8":0,"9":0,"10":0,"11":5,"12":5,"13":0,"14":4,"15":5,"16":5,"17":5,"18":5,"19":5},"10":{"0":0,"1":0,"2":0,"3":0,"4":0,"5":0,"6":0,"7":3,"8":0,"9":1,"10":0,"11":5,"12":5,"13":5,"14":5,"15":5,"16":5,"17":5,"18":0,"19":5},"11":{"0":3,"1":0,"2":5,"3":0,"4":0,"5":5,"6":0,"7":0,"8":0,"9":0,"10":0,"11":0,"12":0,"13":5,"14":5,"15":0,"16":5,"17":5,"18":5,"19":5},"12":{"0":0,"1":0,"2":0,"3":2,"4":0,"5":2,"6":0,"7":0,"8":0,"9":0,"10":0,"11":0,"12":0,"13":4,"14":5,"15":5,"16":5,"17":5,"18":5,"19":5},"13":{"0":0,"1":0,"2":0,"3":1,"4":0,"5":0,"6":0,"7":0,"8":0,"9":0,"10":0,"11":2,"12":0,"13":0,"14":5,"15":5,"16":4,"17":5,"18":5,"19":5},"14":{"0":1,"1":0,"2":0,"3":0,"4":0,"5":0,"6":0,"7":0,"8":0,"9":2,"10":0,"11":0,"12":1,"13":0,"14":0,"15":0,"16":5,"17":5,"18":0,"19":5},"15":{"0":0,"1":0,"2":0,"3":4,"4":2,"5":0,"6":0,"7":0,"8":0,"9":0,"10":2,"11":0,"12":0,"13":3,"14":0,"15":0,"16":4,"17":5,"18":0,"19":5},"16":{"0":0,"1":0,"2":0,"3":0,"4":2,"5":0,"6":0,"7":0,"8":0,"9":5,"10":1,"11":0,"12":0,"13":0,"14":0,"15":0,"16":0,"17":5,"18":0,"19":0},"17":{"0":0,"1":0,"2":0,"3":0,"4":0,"5":0,"6":0,"7":0,"8":0,"9":4,"10":0,"11":1,"12":0,"13":0,"14":0,"15":0,"16":0,"17":0,"18":5,"19":5},"18":{"0":2,"1":0,"2":0,"3":0,"4":4,"5":4,"6":0,"7":1,"8":0,"9":0,"10":0,"11":0,"12":0,"13":0,"14":0,"15":0,"16":0,"17":5,"18":0,"19":5},"19":{"0":0,"1":0,"2":0,"3":0,"4":1,"5":0,"6":0,"7":0,"8":0,"9":0,"10":0,"11":0,"12":3,"13":0,"14":0,"15":4,"16":0,"17":0,"18":1,"19":0}},"method":"hillside","closest_pair":[[17,19,16,18,15,14,13,9,12,11,10,7,8,4,6,3,5,0,2,1],[19,17,16,18,15,14,13,9,12,11,10,7,8,4,6,3,5,0,2,1]],"farthest_pair":[[19,17,16,18,15,14,13,9,12,11,10,7,8,4,6,3,5,0,2,1],[17,19,16,15,18,14,9,13,12,11,10,7,8,4,6,3,5,0,2,1]],"tau_farthest_pair":0.9684210526,"tau_closest_pair":0.9894736842,"centroid_solution":[19,17,16,18,15,14,13,9,12,11,10,7,8,4,6,3,5,0,2,1]}