{"solutions":[[1,2,0,5,3,6,4,8,7,10,11,12,13,9,14,15,18,16,17,19],[1,2,0,5,3,6,4,8,7,10,11,12,9,13,14,15,18,16,17,19],[1,2,0,5,3,6,4,8,7,10,11,12,13,9,14,15,18,16,19,17],[1,2,0,5,3,6,4,8,7,10,11,12,9,13,14,15,18,16,19,17],[1,2,0,5,3,6,4,8,7,10,11,12,13,9,14,18,15,16,17,19],[1,2,0,5,3,6,4,8,7,10,11,12,9,13,14,18,15,16,19,17],[1,2,0,5,3,6,4,8,7,10,11,12,13,9,14,18,15,16,19,17],[1,2,0,5,3,6,4,8,7,10,11,12,9,13,14,18,15,16,17,19]],"obj":857.0,"max_tau_solutions":null,"centroid_x":[[0.0,0.0,0.0,1.0,1.0,1.0,1.0,1.0,1.0,1.0,1.0,1.0,1.0,1.0,1.0,1.0,1.0,1.0,1.0,1.0],[1.0,0.0,1.0,1.0,1.0,1.0,1.0,1.0,1.0,1.0,1.0,1.0,1.0,1.0,1.0,1.0,1.0,1.0,1.0,1.0],[1.0,0.0,0.0,1.0,1.0,1.0,1.0,1.0,1.0,1.0,1.0,1.0,1.0,1.0,1.0,1.0,1.0,1.0,1.0,1.0],[0.0,0.0,0.0,0.0,1.0,0.0,1.0,1.0,1.0,1.0,1.0,1.0,1.0,1.0,1.0,1.0,1.0,1.0,1.0,1.0],[0.0,0.0,0.0,0.0,0.0,0.0,0.0,1.0,1.0,1.0,1.0,1.0,1.0,1.0,1.0,1.0,1.0,1.0,1.0,1.0],[0.0,0.0,0.0,1.0,1.0,0.0,1.0,1.0,1.0,1.0,1.0,1.0,1.0,1.0,1.0,1.0,1.0,1.0,1.0,1.0],[0.0,0.0,0.0,0.0,1.0,0.0,0.0,1.0,1.0,1.0,1.0,1.0,1.0,1.0,1.0,1.0,1.0,1.0,1.0,1.0],[0.0,0.0,0.0,0.0,0.0,0.0,0.0,0.0,0.0,1.0,1.0,1.0,1.0,1.0,1.0,1.0,1.0,1.0,1.0,1.0],[0.0,0.0,0.0,0.0,0.0,0.0,0.0,1.0,0.0,1.0,1.0,1.0,1.0,1.0,1.0,1.0,1.0,1.0,1.0,1.0],[0.0,0.0,0.0,0.0,0.0,0.0,0.0,0.0,0.0,0.0,0.0,0.0,0.0,0.5061908961,1.0,1.0,1.0,1.0,1.0,1.0],[0.0,0.0,0.0,0.0,0.0,0.0,0.0,0.0,0.0,1.0,0.0,1.0,1.0,1.0,1.0,1.0,1.0,1.0,1.0,1.0],[0.0,0.0,0.0,0.0,0.0,0.0,0.0,0.0,0.0,1.0,0.0,0.0,1.0,1.0,1.0,1.0,1.0,1.0,1.0,1.0],[0.0,0.0,0.0,0.0,0.0,0.0,0.0,0.0,0.0,1.0,0.0,0.0,0.0,1.0,1.0,1.0,1.0,1.0,1.0,1.0],[0.0,0.0,0.0,0.0,0.0,0.0,0.0,0.0,0.0,0.4938091039,0.0,0.0,0.0,0.0,1.0,1.0,1.0,1.0,1.0,1.0],[0.0,0.0,0.0,0.0,0.0,0.0,0.0,0.0,0.0,0.0,0.0,0.0,0.0,0.0,0.0,1.0,1.0,1.0,1.0,1.0],[0.0,0.0,0.0,0.0,0.0,0.0,0.0,0.0,0.0,0.0,0.0,0.0,0.0,0.0,0.0,0.0,1.0,1.0,0.4965716758,1.0],[0.0,0.0,0.0,0.0,0.0,0.0,0.0,0.0,0.0,0.0,0.0,0.0,0.0,0.0,0.0,0.0,0.0,1.0,0.0,1.0],[0.0,0.0,0.0,0.0,0.0,0.0,0.0,0.0,0.0,0.0,0.0,0.0,0.0,0.0,0.0,0.0,0.0,0.0,0.0,0.5003916915],[0.0,0.0,0.0,0.0,0.0,0.0,0.0,0.0,0.0,0.0,0.0,0.0,0.0,0.0,0.0,0.5034283242,1.0,1.0,0.0,1.0],[0.0,0.0,0.0,0.0,0.0,0.0,0.0,0.0,0.0,0.0,0.0,0.0,0.0,0.0,0.0,0.0,0.0,0.4996083085,0.0,0.0]],"outlier_solution":[1,2,0,5,3,6,4,8,7,10,11,12,13,9,14,15,18,16,19,17],"dataset_id":433,"source_dataset_id":480,"options":null,"D":{"0":{"0":0,"1":0,"2":0,"3":0,"4":0,"5":0,"6":0,"7":0,"8":0,"9":0,"10":0,"11":3,"12":0,"13":0,"14":1,"15":0,"16":0,"17":0,"18":2,"19":0},"1":{"0":0,"1":0,"2":0,"3":0,"4":0,"5":0,"6":0,"7":0,"8":0,"9":0,"10":0,"11":0,"12":0,"13":0,"14":0,"15":0,"16":0,"17":0,"18":0,"19":0},"2":{"0":0,"1":5,"2":0,"3":0,"4":0,"5":0,"6":0,"7":0,"8":0,"9":0,"10":0,"11":5,"12":0,"13":0,"14":0,"15":0,"16":0,"17":0,"18":0,"19":0},"3":{"0":5,"1":5,"2":5,"3":0,"4":3,"5":4,"6":0,"7":0,"8":0,"9":0,"10":0,"11":0,"12":2,"13":1,"14":0,"15":4,"16":0,"17":0,"18":0,"19":0},"4":{"0":5,"1":0,"2":5,"3":5,"4":0,"5":0,"6":0,"7":0,"8":5,"9":0,"10":0,"11":0,"12":0,"13":0,"14":0,"15":2,"16":2,"17":0,"18":4,"19":1},"5":{"0":0,"1":5,"2":5,"3":5,"4":0,"5":0,"6":0,"7":0,"8":0,"9":0,"10":0,"11":5,"12":2,"13":0,"14":0,"15":0,"16":0,"17":0,"18":4,"19":0},"6":{"0":3,"1":5,"2":5,"3":5,"4":3,"5":5,"6":0,"7":3,"8":0,"9":0,"10":0,"11":0,"12":0,"13":0,"14":0,"15":0,"16":0,"17":0,"18":0,"19":0},"7":{"0":5,"1":5,"2":0,"3":5,"4":5,"5":5,"6":5,"7":0,"8":0,"9":0,"10":3,"11":0,"12":0,"13":0,"14":0,"15":0,"16":0,"17":0,"18":1,"19":0},"8":{"0":5,"1":5,"2":5,"3":5,"4":3,"5":5,"6":5,"7":5,"8":0,"9":0,"10":0,"11":0,"12":0,"13":0,"14":0,"15":0,"16":0,"17":0,"18":0,"19":0},"9":{"0":5,"1":5,"2":5,"3":5,"4":5,"5":5,"6":5,"7":5,"8":5,"9":0,"10":1,"11":0,"12":0,"13":0,"14":2,"15":0,"16":5,"17":4,"18":0,"19":0},"10":{"0":5,"1":5,"2":1,"3":5,"4":5,"5":5,"6":5,"7":0,"8":5,"9":0,"10":0,"11":0,"12":0,"13":0,"14":0,"15":2,"16":1,"17":0,"18":0,"19":0},"11":{"0":5,"1":0,"2":5,"3":0,"4":5,"5":5,"6":5,"7":5,"8":5,"9":5,"10":5,"11":0,"12":0,"13":2,"14":0,"15":0,"16":0,"17":1,"18":0,"19":0},"12":{"0":5,"1":0,"2":5,"3":5,"4":5,"5":5,"6":5,"7":5,"8":1,"9":5,"10":5,"11":0,"12":0,"13":0,"14":1,"15":0,"16":0,"17":0,"18":0,"19":3},"13":{"0":5,"1":5,"2":1,"3":5,"4":5,"5":5,"6":5,"7":0,"8":5,"9":0,"10":5,"11":5,"12":4,"13":0,"14":0,"15":3,"16":0,"17":0,"18":0,"19":0},"14":{"0":5,"1":0,"2":5,"3":5,"4":0,"5":5,"6":5,"7":0,"8":5,"9":4,"10":5,"11":5,"12":5,"13":5,"14":0,"15":0,"16":0,"17":0,"18":0,"19":0},"15":{"0":5,"1":5,"2":5,"3":5,"4":1,"5":5,"6":5,"7":1,"8":1,"9":5,"10":5,"11":0,"12":5,"13":5,"14":0,"15":0,"16":0,"17":0,"18":0,"19":4},"16":{"0":4,"1":0,"2":5,"3":5,"4":5,"5":5,"6":5,"7":5,"8":0,"9":5,"10":5,"11":5,"12":5,"13":4,"14":5,"15":4,"16":0,"17":0,"18":0,"19":0},"17":{"0":5,"1":5,"2":5,"3":5,"4":5,"5":5,"6":5,"7":5,"8":5,"9":5,"10":5,"11":5,"12":5,"13":5,"14":5,"15":5,"16":5,"17":0,"18":5,"19":0},"18":{"0":0,"1":5,"2":4,"3":5,"4":1,"5":5,"6":5,"7":5,"8":5,"9":5,"10":0,"11":5,"12":5,"13":5,"14":0,"15":0,"16":0,"17":5,"18":0,"19":1},"19":{"0":5,"1":3,"2":5,"3":5,"4":5,"5":5,"6":5,"7":5,"8":5,"9":5,"10":5,"11":5,"12":5,"13":5,"14":5,"15":5,"16":0,"17":5,"18":5,"19":0}},"method":"hillside","closest_pair":[[1,2,0,5,3,6,4,8,7,10,11,12,13,9,14,18,15,16,17,19],[1,2,0,5,3,6,4,8,7,10,11,12,13,9,14,18,15,16,19,17]],"farthest_pair":[[1,2,0,5,3,6,4,8,7,10,11,12,13,9,14,18,15,16,19,17],[1,2,0,5,3,6,4,8,7,10,11,12,9,13,14,15,18,16,17,19]],"centroid_solution":[1,2,0,5,3,6,4,8,7,10,11,12,9,13,14,18,15,16,17,19]}