{"solutions":[[19,17,18,13,16,12,15,11,14,9,10,7,8,6,4,5,1,2,3,0],[19,18,17,13,16,12,15,11,14,9,10,7,8,6,4,5,1,3,2,0],[19,17,18,13,16,12,15,11,14,9,10,7,8,6,4,5,1,3,2,0],[19,18,17,13,16,12,15,11,14,9,10,7,8,6,4,5,1,2,3,0]],"obj":858.0,"max_tau_solutions":null,"centroid_x":[[0.0,0.0,0.0,0.0,0.0,0.0,0.0,0.0,0.0,0.0,0.0,0.0,0.0,0.0,0.0,0.0,0.0,0.0,0.0,0.0],[1.0,0.0,1.0,1.0,0.0,0.0,0.0,0.0,0.0,0.0,0.0,0.0,0.0,0.0,0.0,0.0,0.0,0.0,0.0,0.0],[1.0,0.0,0.0,0.3403915264,0.0,0.0,0.0,0.0,0.0,0.0,0.0,0.0,0.0,0.0,0.0,0.0,0.0,0.0,0.0,0.0],[1.0,0.0,0.6596084736,0.0,0.0,0.0,0.0,0.0,0.0,0.0,0.0,0.0,0.0,0.0,0.0,0.0,0.0,0.0,0.0,0.0],[1.0,1.0,1.0,1.0,0.0,1.0,0.0,0.0,0.0,0.0,0.0,0.0,0.0,0.0,0.0,0.0,0.0,0.0,0.0,0.0],[1.0,1.0,1.0,1.0,0.0,0.0,0.0,0.0,0.0,0.0,0.0,0.0,0.0,0.0,0.0,0.0,0.0,0.0,0.0,0.0],[1.0,1.0,1.0,1.0,1.0,1.0,0.0,0.0,0.0,0.0,0.0,0.0,0.0,0.0,0.0,0.0,0.0,0.0,0.0,0.0],[1.0,1.0,1.0,1.0,1.0,1.0,1.0,0.0,1.0,0.0,0.0,0.0,0.0,0.0,0.0,0.0,0.0,0.0,0.0,0.0],[1.0,1.0,1.0,1.0,1.0,1.0,1.0,0.0,0.0,0.0,0.0,0.0,0.0,0.0,0.0,0.0,0.0,0.0,0.0,0.0],[1.0,1.0,1.0,1.0,1.0,1.0,1.0,1.0,1.0,0.0,1.0,0.0,0.0,0.0,0.0,0.0,0.0,0.0,0.0,0.0],[1.0,1.0,1.0,1.0,1.0,1.0,1.0,1.0,1.0,0.0,0.0,0.0,0.0,0.0,0.0,0.0,0.0,0.0,0.0,0.0],[1.0,1.0,1.0,1.0,1.0,1.0,1.0,1.0,1.0,1.0,1.0,0.0,0.0,0.0,1.0,0.0,0.0,0.0,0.0,0.0],[1.0,1.0,1.0,1.0,1.0,1.0,1.0,1.0,1.0,1.0,1.0,1.0,0.0,0.0,1.0,1.0,0.0,0.0,0.0,0.0],[1.0,1.0,1.0,1.0,1.0,1.0,1.0,1.0,1.0,1.0,1.0,1.0,1.0,0.0,1.0,1.0,1.0,0.0,0.0,0.0],[1.0,1.0,1.0,1.0,1.0,1.0,1.0,1.0,1.0,1.0,1.0,0.0,0.0,0.0,0.0,0.0,0.0,0.0,0.0,0.0],[1.0,1.0,1.0,1.0,1.0,1.0,1.0,1.0,1.0,1.0,1.0,1.0,0.0,0.0,1.0,0.0,0.0,0.0,0.0,0.0],[1.0,1.0,1.0,1.0,1.0,1.0,1.0,1.0,1.0,1.0,1.0,1.0,1.0,0.0,1.0,1.0,0.0,0.0,0.0,0.0],[1.0,1.0,1.0,1.0,1.0,1.0,1.0,1.0,1.0,1.0,1.0,1.0,1.0,1.0,1.0,1.0,1.0,0.0,0.337091628,0.0],[1.0,1.0,1.0,1.0,1.0,1.0,1.0,1.0,1.0,1.0,1.0,1.0,1.0,1.0,1.0,1.0,1.0,0.662908372,0.0,0.0],[1.0,1.0,1.0,1.0,1.0,1.0,1.0,1.0,1.0,1.0,1.0,1.0,1.0,1.0,1.0,1.0,1.0,1.0,1.0,0.0]],"outlier_solution":[19,17,18,13,16,12,15,11,14,9,10,7,8,6,4,5,1,2,3,0],"dataset_id":436,"source_dataset_id":483,"options":null,"D":{"0":{"0":0,"1":5,"2":5,"3":5,"4":5,"5":5,"6":5,"7":5,"8":1,"9":5,"10":5,"11":0,"12":5,"13":5,"14":5,"15":5,"16":5,"17":5,"18":5,"19":5},"1":{"0":0,"1":0,"2":5,"3":5,"4":5,"5":5,"6":5,"7":0,"8":5,"9":5,"10":0,"11":5,"12":5,"13":0,"14":5,"15":2,"16":0,"17":5,"18":5,"19":5},"2":{"0":0,"1":0,"2":0,"3":0,"4":5,"5":5,"6":5,"7":5,"8":5,"9":5,"10":5,"11":5,"12":5,"13":5,"14":2,"15":5,"16":5,"17":2,"18":2,"19":5},"3":{"0":2,"1":4,"2":0,"3":0,"4":5,"5":0,"6":5,"7":5,"8":5,"9":5,"10":5,"11":5,"12":0,"13":5,"14":5,"15":5,"16":0,"17":5,"18":5,"19":5},"4":{"0":0,"1":0,"2":0,"3":0,"4":0,"5":5,"6":5,"7":5,"8":5,"9":5,"10":5,"11":0,"12":5,"13":5,"14":5,"15":5,"16":0,"17":5,"18":5,"19":5},"5":{"0":0,"1":0,"2":0,"3":0,"4":0,"5":0,"6":5,"7":5,"8":2,"9":0,"10":5,"11":5,"12":0,"13":5,"14":5,"15":5,"16":5,"17":5,"18":5,"19":5},"6":{"0":0,"1":0,"2":0,"3":0,"4":0,"5":0,"6":0,"7":5,"8":5,"9":5,"10":5,"11":5,"12":0,"13":5,"14":0,"15":5,"16":5,"17":5,"18":5,"19":5},"7":{"0":1,"1":0,"2":0,"3":0,"4":0,"5":4,"6":3,"7":0,"8":5,"9":5,"10":5,"11":5,"12":1,"13":5,"14":5,"15":5,"16":5,"17":5,"18":5,"19":5},"8":{"0":0,"1":0,"2":0,"3":0,"4":0,"5":0,"6":0,"7":1,"8":0,"9":5,"10":5,"11":5,"12":5,"13":5,"14":0,"15":3,"16":5,"17":5,"18":5,"19":5},"9":{"0":0,"1":0,"2":0,"3":0,"4":2,"5":0,"6":0,"7":0,"8":0,"9":0,"10":5,"11":5,"12":2,"13":5,"14":5,"15":5,"16":5,"17":5,"18":5,"19":3},"10":{"0":1,"1":0,"2":0,"3":0,"4":0,"5":0,"6":0,"7":0,"8":0,"9":0,"10":0,"11":5,"12":5,"13":5,"14":5,"15":5,"16":5,"17":5,"18":0,"19":5},"11":{"0":0,"1":0,"2":0,"3":0,"4":1,"5":0,"6":0,"7":0,"8":0,"9":0,"10":0,"11":0,"12":5,"13":2,"14":5,"15":5,"16":5,"17":5,"18":5,"19":4},"12":{"0":0,"1":0,"2":0,"3":0,"4":0,"5":0,"6":0,"7":4,"8":0,"9":0,"10":0,"11":0,"12":0,"13":5,"14":0,"15":0,"16":5,"17":0,"18":0,"19":5},"13":{"0":0,"1":0,"2":0,"3":3,"4":0,"5":0,"6":0,"7":2,"8":0,"9":0,"10":0,"11":0,"12":0,"13":0,"14":5,"15":5,"16":0,"17":0,"18":5,"19":5},"14":{"0":4,"1":2,"2":0,"3":3,"4":0,"5":0,"6":0,"7":4,"8":0,"9":0,"10":0,"11":0,"12":0,"13":0,"14":0,"15":5,"16":5,"17":5,"18":5,"19":5},"15":{"0":0,"1":1,"2":0,"3":0,"4":5,"5":0,"6":0,"7":0,"8":0,"9":3,"10":0,"11":5,"12":4,"13":0,"14":0,"15":0,"16":5,"17":5,"18":5,"19":5},"16":{"0":0,"1":0,"2":0,"3":0,"4":0,"5":0,"6":0,"7":5,"8":0,"9":0,"10":0,"11":2,"12":0,"13":1,"14":2,"15":0,"16":0,"17":5,"18":5,"19":5},"17":{"0":0,"1":0,"2":0,"3":0,"4":0,"5":0,"6":0,"7":1,"8":0,"9":4,"10":0,"11":0,"12":0,"13":0,"14":0,"15":0,"16":0,"17":0,"18":5,"19":4},"18":{"0":0,"1":5,"2":0,"3":0,"4":0,"5":0,"6":0,"7":0,"8":0,"9":0,"10":0,"11":0,"12":4,"13":0,"14":0,"15":4,"16":0,"17":0,"18":0,"19":5},"19":{"0":0,"1":0,"2":0,"3":0,"4":3,"5":0,"6":0,"7":0,"8":5,"9":0,"10":0,"11":0,"12":0,"13":0,"14":0,"15":0,"16":0,"17":0,"18":0,"19":0}},"method":"hillside","closest_pair":[[19,17,18,13,16,12,15,11,14,9,10,7,8,6,4,5,1,3,2,0],[19,18,17,13,16,12,15,11,14,9,10,7,8,6,4,5,1,3,2,0]],"farthest_pair":[[19,18,17,13,16,12,15,11,14,9,10,7,8,6,4,5,1,3,2,0],[19,17,18,13,16,12,15,11,14,9,10,7,8,6,4,5,1,2,3,0]],"tau_farthest_pair":0.9789473684,"tau_closest_pair":0.9894736842,"centroid_solution":[19,18,17,13,16,12,15,11,14,9,10,7,8,6,4,5,1,3,2,0]}