{"solutions":[[0,2,1,3,8,5,7,4,11,6,9,10,12,15,14,13,17,18,19,16],[0,2,1,3,4,8,5,7,11,6,9,10,12,15,14,13,17,18,19,16],[0,2,1,3,8,4,5,7,11,6,9,10,12,15,14,13,17,18,16,19],[0,2,1,3,8,5,4,7,11,6,9,10,12,15,14,13,17,18,16,19],[0,2,1,3,8,7,5,4,11,6,9,10,12,15,14,13,17,18,19,16],[0,2,1,3,8,4,7,5,11,6,9,10,12,15,14,13,17,18,16,19],[0,2,1,3,8,7,4,5,11,6,9,10,12,15,14,13,17,18,16,19],[0,2,1,3,8,4,7,5,11,6,9,10,12,15,14,13,17,18,19,16],[0,2,1,3,8,5,4,7,11,6,9,10,12,15,14,13,17,18,19,16],[0,2,1,3,4,8,7,5,11,6,9,10,12,15,14,13,17,18,19,16],[0,2,1,3,8,7,4,5,11,6,9,10,12,15,14,13,17,18,19,16],[0,2,1,3,4,8,7,5,11,6,9,10,12,15,14,13,17,18,16,19],[0,2,1,3,8,5,7,4,11,6,9,10,12,15,14,13,17,18,16,19],[0,2,1,3,8,4,5,7,11,6,9,10,12,15,14,13,17,18,19,16],[0,2,1,3,8,7,5,4,11,6,9,10,12,15,14,13,17,18,16,19],[0,2,1,3,4,8,5,7,11,6,9,10,12,15,14,13,17,18,16,19]],"obj":903.0,"max_tau_solutions":null,"centroid_x":[[0.0,1.0,1.0,1.0,1.0,1.0,1.0,1.0,1.0,1.0,1.0,1.0,1.0,1.0,1.0,1.0,1.0,1.0,1.0,1.0],[0.0,0.0,0.0,1.0,1.0,1.0,1.0,1.0,1.0,1.0,1.0,1.0,1.0,1.0,1.0,1.0,1.0,1.0,1.0,1.0],[0.0,1.0,0.0,1.0,1.0,1.0,1.0,1.0,1.0,1.0,1.0,1.0,1.0,1.0,1.0,1.0,1.0,1.0,1.0,1.0],[0.0,0.0,0.0,0.0,1.0,1.0,1.0,1.0,1.0,1.0,1.0,1.0,1.0,1.0,1.0,1.0,1.0,1.0,1.0,1.0],[0.0,0.0,0.0,0.0,0.0,0.5558889019,1.0,0.55887487,0.3900072968,1.0,1.0,1.0,1.0,1.0,1.0,1.0,1.0,1.0,1.0,1.0],[0.0,0.0,0.0,0.0,0.4441110981,0.0,1.0,0.4938983659,0.0,1.0,1.0,1.0,1.0,1.0,1.0,1.0,1.0,1.0,1.0,1.0],[0.0,0.0,0.0,0.0,0.0,0.0,0.0,0.0,0.0,1.0,1.0,0.0,1.0,1.0,1.0,1.0,1.0,1.0,1.0,1.0],[0.0,0.0,0.0,0.0,0.44112513,0.5061016341,1.0,0.0,0.0,1.0,1.0,1.0,1.0,1.0,1.0,1.0,1.0,1.0,1.0,1.0],[0.0,0.0,0.0,0.0,0.6099927032,1.0,1.0,1.0,0.0,1.0,1.0,1.0,1.0,1.0,1.0,1.0,1.0,1.0,1.0,1.0],[0.0,0.0,0.0,0.0,0.0,0.0,0.0,0.0,0.0,0.0,1.0,0.0,1.0,1.0,1.0,1.0,1.0,1.0,1.0,1.0],[0.0,0.0,0.0,0.0,0.0,0.0,0.0,0.0,0.0,0.0,0.0,0.0,1.0,1.0,1.0,1.0,1.0,1.0,1.0,1.0],[0.0,0.0,0.0,0.0,0.0,0.0,1.0,0.0,0.0,1.0,1.0,0.0,1.0,1.0,1.0,1.0,1.0,1.0,1.0,1.0],[0.0,0.0,0.0,0.0,0.0,0.0,0.0,0.0,0.0,0.0,0.0,0.0,0.0,1.0,1.0,1.0,1.0,1.0,1.0,1.0],[0.0,0.0,0.0,0.0,0.0,0.0,0.0,0.0,0.0,0.0,0.0,0.0,0.0,0.0,0.0,0.0,1.0,1.0,1.0,1.0],[0.0,0.0,0.0,0.0,0.0,0.0,0.0,0.0,0.0,0.0,0.0,0.0,0.0,1.0,0.0,0.0,1.0,1.0,1.0,1.0],[0.0,0.0,0.0,0.0,0.0,0.0,0.0,0.0,0.0,0.0,0.0,0.0,0.0,1.0,1.0,0.0,1.0,1.0,1.0,1.0],[0.0,0.0,0.0,0.0,0.0,0.0,0.0,0.0,0.0,0.0,0.0,0.0,0.0,0.0,0.0,0.0,0.0,0.0,0.0,0.4961742736],[0.0,0.0,0.0,0.0,0.0,0.0,0.0,0.0,0.0,0.0,0.0,0.0,0.0,0.0,0.0,0.0,1.0,0.0,1.0,1.0],[0.0,0.0,0.0,0.0,0.0,0.0,0.0,0.0,0.0,0.0,0.0,0.0,0.0,0.0,0.0,0.0,1.0,0.0,0.0,1.0],[0.0,0.0,0.0,0.0,0.0,0.0,0.0,0.0,0.0,0.0,0.0,0.0,0.0,0.0,0.0,0.0,0.5038257264,0.0,0.0,0.0]],"outlier_solution":[0,2,1,3,8,5,7,4,11,6,9,10,12,15,14,13,17,18,16,19],"dataset_id":437,"source_dataset_id":484,"options":null,"D":{"0":{"0":0,"1":0,"2":5,"3":0,"4":0,"5":0,"6":0,"7":0,"8":0,"9":0,"10":4,"11":0,"12":4,"13":0,"14":0,"15":0,"16":0,"17":0,"18":2,"19":1},"1":{"0":5,"1":0,"2":0,"3":0,"4":0,"5":0,"6":0,"7":0,"8":0,"9":0,"10":0,"11":0,"12":0,"13":4,"14":0,"15":0,"16":0,"17":0,"18":0,"19":0},"2":{"0":5,"1":3,"2":0,"3":0,"4":0,"5":4,"6":0,"7":0,"8":5,"9":0,"10":0,"11":0,"12":0,"13":0,"14":0,"15":0,"16":0,"17":1,"18":0,"19":3},"3":{"0":5,"1":5,"2":5,"3":0,"4":0,"5":0,"6":0,"7":0,"8":4,"9":0,"10":0,"11":1,"12":2,"13":0,"14":0,"15":0,"16":0,"17":0,"18":0,"19":0},"4":{"0":5,"1":5,"2":5,"3":5,"4":0,"5":0,"6":0,"7":0,"8":2,"9":0,"10":3,"11":0,"12":0,"13":0,"14":0,"15":0,"16":0,"17":0,"18":0,"19":0},"5":{"0":5,"1":5,"2":5,"3":5,"4":5,"5":0,"6":0,"7":0,"8":0,"9":0,"10":0,"11":3,"12":4,"13":0,"14":0,"15":0,"16":0,"17":0,"18":0,"19":0},"6":{"0":5,"1":5,"2":5,"3":5,"4":2,"5":5,"6":0,"7":0,"8":0,"9":0,"10":0,"11":0,"12":0,"13":3,"14":0,"15":0,"16":0,"17":0,"18":0,"19":0},"7":{"0":5,"1":0,"2":4,"3":0,"4":0,"5":5,"6":5,"7":0,"8":0,"9":0,"10":0,"11":0,"12":0,"13":0,"14":0,"15":0,"16":0,"17":5,"18":0,"19":0},"8":{"0":5,"1":4,"2":5,"3":5,"4":5,"5":5,"6":0,"7":0,"8":0,"9":2,"10":0,"11":0,"12":0,"13":0,"14":0,"15":0,"16":0,"17":0,"18":0,"19":0},"9":{"0":5,"1":5,"2":4,"3":5,"4":5,"5":5,"6":0,"7":5,"8":5,"9":0,"10":0,"11":1,"12":0,"13":0,"14":0,"15":0,"16":5,"17":0,"18":0,"19":0},"10":{"0":5,"1":5,"2":5,"3":5,"4":0,"5":5,"6":2,"7":5,"8":5,"9":1,"10":0,"11":0,"12":0,"13":5,"14":0,"15":0,"16":0,"17":0,"18":0,"19":0},"11":{"0":5,"1":5,"2":5,"3":5,"4":5,"5":5,"6":5,"7":5,"8":0,"9":0,"10":5,"11":0,"12":0,"13":0,"14":0,"15":0,"16":0,"17":0,"18":0,"19":0},"12":{"0":5,"1":5,"2":5,"3":2,"4":5,"5":0,"6":0,"7":5,"8":5,"9":5,"10":1,"11":5,"12":0,"13":4,"14":0,"15":0,"16":0,"17":0,"18":0,"19":1},"13":{"0":5,"1":5,"2":5,"3":5,"4":5,"5":3,"6":3,"7":5,"8":5,"9":5,"10":5,"11":5,"12":5,"13":0,"14":0,"15":1,"16":0,"17":0,"18":0,"19":0},"14":{"0":5,"1":5,"2":5,"3":5,"4":0,"5":5,"6":5,"7":4,"8":5,"9":0,"10":5,"11":5,"12":5,"13":0,"14":0,"15":0,"16":0,"17":0,"18":0,"19":0},"15":{"0":5,"1":4,"2":5,"3":3,"4":5,"5":5,"6":5,"7":0,"8":2,"9":1,"10":5,"11":5,"12":5,"13":0,"14":5,"15":0,"16":0,"17":0,"18":0,"19":0},"16":{"0":4,"1":5,"2":5,"3":5,"4":5,"5":5,"6":0,"7":5,"8":5,"9":5,"10":5,"11":5,"12":5,"13":4,"14":5,"15":5,"16":0,"17":0,"18":1,"19":0},"17":{"0":5,"1":2,"2":5,"3":5,"4":5,"5":5,"6":0,"7":5,"8":5,"9":5,"10":5,"11":2,"12":5,"13":5,"14":5,"15":5,"16":0,"17":0,"18":0,"19":0},"18":{"0":0,"1":3,"2":5,"3":5,"4":5,"5":5,"6":0,"7":5,"8":5,"9":5,"10":2,"11":5,"12":0,"13":0,"14":5,"15":5,"16":0,"17":5,"18":0,"19":4},"19":{"0":5,"1":1,"2":3,"3":5,"4":5,"5":2,"6":5,"7":5,"8":5,"9":5,"10":0,"11":5,"12":5,"13":5,"14":5,"15":5,"16":5,"17":5,"18":5,"19":0}},"method":"hillside","closest_pair":[[0,2,1,3,4,8,7,5,11,6,9,10,12,15,14,13,17,18,19,16],[0,2,1,3,8,4,7,5,11,6,9,10,12,15,14,13,17,18,19,16]],"farthest_pair":[[0,2,1,3,4,8,5,7,11,6,9,10,12,15,14,13,17,18,19,16],[0,2,1,3,8,7,5,4,11,6,9,10,12,15,14,13,17,18,16,19]],"tau_farthest_pair":0.9473684211,"tau_closest_pair":0.9894736842,"centroid_solution":[0,2,1,3,8,4,7,5,11,6,9,10,12,15,14,13,17,18,19,16]}