{"solutions":[[0,2,1,3,5,7,6,4,9,8,12,13,11,14,17,15,10,18,16,19],[0,2,1,3,5,6,4,7,9,8,12,13,11,14,17,15,10,18,16,19],[0,2,1,3,5,4,7,6,9,8,12,13,11,14,17,15,10,18,16,19],[0,2,1,3,5,6,4,9,7,8,12,13,11,14,17,15,10,18,16,19]],"obj":729.0,"max_tau_solutions":null,"centroid_x":[[0.0,1.0,1.0,1.0,1.0,1.0,1.0,1.0,1.0,1.0,1.0,1.0,1.0,1.0,1.0,1.0,1.0,1.0,1.0,1.0],[0.0,0.0,0.0,1.0,1.0,1.0,1.0,1.0,1.0,1.0,1.0,1.0,1.0,1.0,1.0,1.0,1.0,1.0,1.0,1.0],[0.0,1.0,0.0,1.0,1.0,1.0,1.0,1.0,1.0,1.0,1.0,1.0,1.0,1.0,1.0,1.0,1.0,1.0,1.0,1.0],[0.0,0.0,0.0,0.0,1.0,1.0,1.0,1.0,1.0,1.0,1.0,1.0,1.0,1.0,1.0,1.0,1.0,1.0,1.0,1.0],[0.0,0.0,0.0,0.0,0.0,0.0,0.299722959,0.6963950305,1.0,1.0,1.0,1.0,1.0,1.0,1.0,1.0,1.0,1.0,1.0,1.0],[0.0,0.0,0.0,0.0,1.0,0.0,1.0,1.0,1.0,1.0,1.0,1.0,1.0,1.0,1.0,1.0,1.0,1.0,1.0,1.0],[0.0,0.0,0.0,0.0,0.700277041,0.0,0.0,0.3966720714,1.0,1.0,1.0,1.0,1.0,1.0,1.0,1.0,1.0,1.0,1.0,1.0],[0.0,0.0,0.0,0.0,0.3036049695,0.0,0.6033279286,0.0,1.0,0.6694154019,1.0,1.0,1.0,1.0,1.0,1.0,1.0,1.0,1.0,1.0],[0.0,0.0,0.0,0.0,0.0,0.0,0.0,0.0,0.0,0.0,1.0,1.0,1.0,1.0,1.0,1.0,1.0,1.0,1.0,1.0],[0.0,0.0,0.0,0.0,0.0,0.0,0.0,0.3305845981,1.0,0.0,1.0,1.0,1.0,1.0,1.0,1.0,1.0,1.0,1.0,1.0],[0.0,0.0,0.0,0.0,0.0,0.0,0.0,0.0,0.0,0.0,0.0,0.0,0.0,0.0,0.0,0.0,1.0,0.0,1.0,1.0],[0.0,0.0,0.0,0.0,0.0,0.0,0.0,0.0,0.0,0.0,1.0,0.0,0.0,0.0,1.0,1.0,1.0,1.0,1.0,1.0],[0.0,0.0,0.0,0.0,0.0,0.0,0.0,0.0,0.0,0.0,1.0,1.0,0.0,1.0,1.0,1.0,1.0,1.0,1.0,1.0],[0.0,0.0,0.0,0.0,0.0,0.0,0.0,0.0,0.0,0.0,1.0,1.0,0.0,0.0,1.0,1.0,1.0,1.0,1.0,1.0],[0.0,0.0,0.0,0.0,0.0,0.0,0.0,0.0,0.0,0.0,1.0,0.0,0.0,0.0,0.0,1.0,1.0,1.0,1.0,1.0],[0.0,0.0,0.0,0.0,0.0,0.0,0.0,0.0,0.0,0.0,1.0,0.0,0.0,0.0,0.0,0.0,1.0,0.0,1.0,1.0],[0.0,0.0,0.0,0.0,0.0,0.0,0.0,0.0,0.0,0.0,0.0,0.0,0.0,0.0,0.0,0.0,0.0,0.0,0.0,1.0],[0.0,0.0,0.0,0.0,0.0,0.0,0.0,0.0,0.0,0.0,1.0,0.0,0.0,0.0,0.0,1.0,1.0,0.0,1.0,1.0],[0.0,0.0,0.0,0.0,0.0,0.0,0.0,0.0,0.0,0.0,0.0,0.0,0.0,0.0,0.0,0.0,1.0,0.0,0.0,1.0],[0.0,0.0,0.0,0.0,0.0,0.0,0.0,0.0,0.0,0.0,0.0,0.0,0.0,0.0,0.0,0.0,0.0,0.0,0.0,0.0]],"outlier_solution":[0,2,1,3,5,6,4,9,7,8,12,13,11,14,17,15,10,18,16,19],"dataset_id":438,"source_dataset_id":485,"options":null,"D":{"0":{"0":0,"1":0,"2":0,"3":0,"4":0,"5":0,"6":0,"7":1,"8":0,"9":1,"10":0,"11":4,"12":0,"13":0,"14":0,"15":0,"16":0,"17":0,"18":0,"19":0},"1":{"0":5,"1":0,"2":4,"3":3,"4":0,"5":0,"6":0,"7":1,"8":0,"9":4,"10":0,"11":0,"12":0,"13":0,"14":0,"15":3,"16":0,"17":0,"18":1,"19":0},"2":{"0":5,"1":5,"2":0,"3":0,"4":0,"5":0,"6":0,"7":0,"8":0,"9":0,"10":0,"11":0,"12":0,"13":0,"14":0,"15":0,"16":0,"17":0,"18":0,"19":0},"3":{"0":5,"1":2,"2":5,"3":0,"4":0,"5":0,"6":0,"7":0,"8":0,"9":0,"10":0,"11":0,"12":5,"13":0,"14":0,"15":5,"16":0,"17":0,"18":0,"19":0},"4":{"0":5,"1":5,"2":5,"3":5,"4":0,"5":0,"6":0,"7":0,"8":0,"9":0,"10":0,"11":0,"12":5,"13":2,"14":0,"15":0,"16":0,"17":0,"18":0,"19":4},"5":{"0":5,"1":5,"2":5,"3":5,"4":5,"5":0,"6":0,"7":0,"8":0,"9":0,"10":0,"11":0,"12":2,"13":0,"14":0,"15":0,"16":0,"17":0,"18":0,"19":0},"6":{"0":5,"1":5,"2":5,"3":5,"4":0,"5":0,"6":0,"7":0,"8":1,"9":0,"10":0,"11":0,"12":3,"13":0,"14":0,"15":0,"16":0,"17":0,"18":0,"19":0},"7":{"0":5,"1":5,"2":5,"3":0,"4":5,"5":5,"6":0,"7":0,"8":0,"9":0,"10":0,"11":0,"12":0,"13":3,"14":0,"15":0,"16":0,"17":0,"18":0,"19":0},"8":{"0":5,"1":5,"2":5,"3":5,"4":4,"5":5,"6":5,"7":5,"8":0,"9":0,"10":0,"11":0,"12":0,"13":3,"14":0,"15":0,"16":0,"17":0,"18":0,"19":0},"9":{"0":5,"1":1,"2":0,"3":5,"4":5,"5":5,"6":0,"7":0,"8":5,"9":0,"10":0,"11":0,"12":0,"13":1,"14":0,"15":0,"16":5,"17":0,"18":0,"19":0},"10":{"0":5,"1":5,"2":5,"3":5,"4":3,"5":5,"6":4,"7":5,"8":5,"9":5,"10":0,"11":0,"12":0,"13":4,"14":4,"15":0,"16":0,"17":5,"18":3,"19":0},"11":{"0":5,"1":5,"2":5,"3":5,"4":5,"5":5,"6":5,"7":5,"8":5,"9":5,"10":5,"11":0,"12":0,"13":5,"14":0,"15":0,"16":0,"17":4,"18":0,"19":0},"12":{"0":5,"1":5,"2":5,"3":0,"4":5,"5":5,"6":5,"7":5,"8":1,"9":5,"10":0,"11":5,"12":0,"13":0,"14":0,"15":0,"16":0,"17":0,"18":0,"19":0},"13":{"0":5,"1":5,"2":5,"3":5,"4":5,"5":5,"6":5,"7":2,"8":2,"9":5,"10":0,"11":5,"12":5,"13":0,"14":0,"15":0,"16":0,"17":0,"18":0,"19":0},"14":{"0":5,"1":5,"2":5,"3":0,"4":5,"5":5,"6":5,"7":0,"8":5,"9":5,"10":5,"11":5,"12":5,"13":5,"14":0,"15":0,"16":0,"17":0,"18":0,"19":0},"15":{"0":5,"1":4,"2":5,"3":5,"4":5,"5":5,"6":0,"7":5,"8":5,"9":0,"10":0,"11":5,"12":5,"13":5,"14":1,"15":0,"16":0,"17":0,"18":1,"19":0},"16":{"0":5,"1":5,"2":5,"3":5,"4":5,"5":5,"6":5,"7":0,"8":5,"9":0,"10":5,"11":5,"12":5,"13":1,"14":5,"15":5,"16":0,"17":0,"18":0,"19":0},"17":{"0":5,"1":3,"2":5,"3":1,"4":0,"5":5,"6":5,"7":5,"8":5,"9":5,"10":0,"11":5,"12":5,"13":0,"14":5,"15":5,"16":0,"17":0,"18":0,"19":0},"18":{"0":5,"1":5,"2":5,"3":5,"4":5,"5":0,"6":5,"7":5,"8":5,"9":5,"10":2,"11":5,"12":0,"13":5,"14":5,"15":0,"16":5,"17":5,"18":0,"19":0},"19":{"0":5,"1":5,"2":2,"3":5,"4":5,"5":5,"6":5,"7":5,"8":5,"9":0,"10":5,"11":5,"12":5,"13":5,"14":5,"15":3,"16":4,"17":5,"18":5,"19":0}},"method":"hillside","closest_pair":[[0,2,1,3,5,6,4,7,9,8,12,13,11,14,17,15,10,18,16,19],[0,2,1,3,5,6,4,9,7,8,12,13,11,14,17,15,10,18,16,19]],"farthest_pair":[[0,2,1,3,5,6,4,9,7,8,12,13,11,14,17,15,10,18,16,19],[0,2,1,3,5,7,6,4,9,8,12,13,11,14,17,15,10,18,16,19]],"tau_farthest_pair":0.9684210526,"tau_closest_pair":0.9894736842,"centroid_solution":[0,2,1,3,5,6,4,7,9,8,12,13,11,14,17,15,10,18,16,19]}