{"solutions":[[0,2,1,5,4,3,9,8,7,10,6,11,12,13,14,16,18,15,17,19],[2,0,5,1,4,3,9,8,7,10,6,11,13,12,14,16,18,15,17,19],[2,0,5,1,4,3,9,7,8,10,6,11,12,13,14,16,18,15,17,19],[2,0,1,5,4,3,9,8,7,10,6,11,13,12,14,16,18,15,17,19],[0,2,5,1,4,3,9,8,7,10,6,11,12,13,14,16,18,15,17,19],[0,2,5,1,4,3,9,8,7,10,6,11,13,12,14,16,18,15,17,19],[0,2,1,5,4,3,7,9,8,10,6,11,13,12,14,16,18,15,17,19],[2,0,5,1,4,3,9,8,7,10,6,11,12,13,14,16,18,15,17,19],[2,0,1,5,4,3,9,7,8,10,6,11,13,12,14,16,18,15,17,19],[0,2,1,5,4,3,7,9,8,10,6,11,12,13,14,16,18,15,17,19],[0,2,5,1,4,3,9,7,8,10,6,11,13,12,14,16,18,15,17,19],[2,0,1,5,4,3,9,7,8,10,6,11,12,13,14,16,18,15,17,19],[2,0,1,5,4,3,7,9,8,10,6,11,12,13,14,16,18,15,17,19],[2,0,1,5,4,3,7,9,8,10,6,11,13,12,14,16,18,15,17,19],[0,2,1,5,4,3,9,8,7,10,6,11,13,12,14,16,18,15,17,19],[0,2,1,5,4,3,9,7,8,10,6,11,12,13,14,16,18,15,17,19],[0,2,1,5,4,3,9,7,8,10,6,11,13,12,14,16,18,15,17,19],[2,0,1,5,4,3,9,8,7,10,6,11,12,13,14,16,18,15,17,19],[2,0,5,1,4,3,9,7,8,10,6,11,13,12,14,16,18,15,17,19],[0,2,5,1,4,3,7,9,8,10,6,11,12,13,14,16,18,15,17,19],[2,0,5,1,4,3,7,9,8,10,6,11,13,12,14,16,18,15,17,19],[0,2,5,1,4,3,7,9,8,10,6,11,13,12,14,16,18,15,17,19],[2,0,5,1,4,3,7,9,8,10,6,11,12,13,14,16,18,15,17,19],[0,2,5,1,4,3,9,7,8,10,6,11,12,13,14,16,18,15,17,19]],"obj":717.0,"max_tau_solutions":null,"centroid_x":[[0.0,1.0,0.4999828197,1.0,1.0,1.0,1.0,1.0,1.0,1.0,1.0,1.0,1.0,1.0,1.0,1.0,1.0,1.0,1.0,1.0],[0.0,0.0,0.0,1.0,1.0,0.4994763087,1.0,1.0,1.0,1.0,1.0,1.0,1.0,1.0,1.0,1.0,1.0,1.0,1.0,1.0],[0.5000171803,1.0,0.0,1.0,1.0,1.0,1.0,1.0,1.0,1.0,1.0,1.0,1.0,1.0,1.0,1.0,1.0,1.0,1.0,1.0],[0.0,0.0,0.0,0.0,0.0,0.0,1.0,1.0,1.0,1.0,1.0,1.0,1.0,1.0,1.0,1.0,1.0,1.0,1.0,1.0],[0.0,0.0,0.0,1.0,0.0,0.0,1.0,1.0,1.0,1.0,1.0,1.0,1.0,1.0,1.0,1.0,1.0,1.0,1.0,1.0],[0.0,0.5005236913,0.0,1.0,1.0,0.0,1.0,1.0,1.0,1.0,1.0,1.0,1.0,1.0,1.0,1.0,1.0,1.0,1.0,1.0],[0.0,0.0,0.0,0.0,0.0,0.0,0.0,0.0,0.0,0.0,0.0,1.0,1.0,1.0,1.0,1.0,1.0,1.0,1.0,1.0],[0.0,0.0,0.0,0.0,0.0,0.0,1.0,0.0,0.5653480901,0.44085937,1.0,1.0,1.0,1.0,1.0,1.0,1.0,1.0,1.0,1.0],[0.0,0.0,0.0,0.0,0.0,0.0,1.0,0.4346519099,0.0,0.0,1.0,1.0,1.0,1.0,1.0,1.0,1.0,1.0,1.0,1.0],[0.0,0.0,0.0,0.0,0.0,0.0,1.0,0.55914063,1.0,0.0,1.0,1.0,1.0,1.0,1.0,1.0,1.0,1.0,1.0,1.0],[0.0,0.0,0.0,0.0,0.0,0.0,1.0,0.0,0.0,0.0,0.0,1.0,1.0,1.0,1.0,1.0,1.0,1.0,1.0,1.0],[0.0,0.0,0.0,0.0,0.0,0.0,0.0,0.0,0.0,0.0,0.0,0.0,1.0,1.0,1.0,1.0,1.0,1.0,1.0,1.0],[0.0,0.0,0.0,0.0,0.0,0.0,0.0,0.0,0.0,0.0,0.0,0.0,0.0,0.501693897,1.0,1.0,1.0,1.0,1.0,1.0],[0.0,0.0,0.0,0.0,0.0,0.0,0.0,0.0,0.0,0.0,0.0,0.0,0.498306103,0.0,1.0,1.0,1.0,1.0,1.0,1.0],[0.0,0.0,0.0,0.0,0.0,0.0,0.0,0.0,0.0,0.0,0.0,0.0,0.0,0.0,0.0,1.0,1.0,1.0,1.0,1.0],[0.0,0.0,0.0,0.0,0.0,0.0,0.0,0.0,0.0,0.0,0.0,0.0,0.0,0.0,0.0,0.0,0.0,1.0,0.0,1.0],[0.0,0.0,0.0,0.0,0.0,0.0,0.0,0.0,0.0,0.0,0.0,0.0,0.0,0.0,0.0,1.0,0.0,1.0,1.0,1.0],[0.0,0.0,0.0,0.0,0.0,0.0,0.0,0.0,0.0,0.0,0.0,0.0,0.0,0.0,0.0,0.0,0.0,0.0,0.0,1.0],[0.0,0.0,0.0,0.0,0.0,0.0,0.0,0.0,0.0,0.0,0.0,0.0,0.0,0.0,0.0,1.0,0.0,1.0,0.0,1.0],[0.0,0.0,0.0,0.0,0.0,0.0,0.0,0.0,0.0,0.0,0.0,0.0,0.0,0.0,0.0,0.0,0.0,0.0,0.0,0.0]],"outlier_solution":[0,2,1,5,4,3,9,8,7,10,6,11,13,12,14,16,18,15,17,19],"dataset_id":440,"source_dataset_id":487,"options":null,"D":{"0":{"0":0,"1":0,"2":0,"3":0,"4":0,"5":0,"6":0,"7":0,"8":0,"9":0,"10":5,"11":0,"12":0,"13":0,"14":0,"15":0,"16":0,"17":0,"18":0,"19":0},"1":{"0":5,"1":0,"2":0,"3":0,"4":5,"5":0,"6":0,"7":0,"8":0,"9":0,"10":0,"11":0,"12":0,"13":0,"14":4,"15":0,"16":0,"17":0,"18":0,"19":0},"2":{"0":5,"1":0,"2":0,"3":0,"4":0,"5":0,"6":0,"7":0,"8":0,"9":0,"10":0,"11":0,"12":0,"13":0,"14":0,"15":0,"16":0,"17":0,"18":0,"19":0},"3":{"0":5,"1":5,"2":5,"3":0,"4":0,"5":0,"6":0,"7":0,"8":2,"9":4,"10":0,"11":2,"12":0,"13":0,"14":0,"15":0,"16":0,"17":0,"18":0,"19":2},"4":{"0":5,"1":5,"2":5,"3":5,"4":0,"5":4,"6":0,"7":0,"8":0,"9":2,"10":0,"11":1,"12":0,"13":1,"14":0,"15":0,"16":0,"17":0,"18":0,"19":0},"5":{"0":0,"1":0,"2":5,"3":5,"4":5,"5":0,"6":0,"7":0,"8":0,"9":0,"10":0,"11":0,"12":0,"13":0,"14":0,"15":0,"16":0,"17":0,"18":0,"19":0},"6":{"0":5,"1":5,"2":5,"3":5,"4":5,"5":5,"6":0,"7":0,"8":0,"9":0,"10":0,"11":0,"12":0,"13":0,"14":0,"15":0,"16":1,"17":0,"18":5,"19":2},"7":{"0":5,"1":5,"2":5,"3":5,"4":5,"5":5,"6":5,"7":0,"8":0,"9":0,"10":0,"11":0,"12":0,"13":0,"14":0,"15":0,"16":0,"17":0,"18":0,"19":0},"8":{"0":1,"1":0,"2":5,"3":0,"4":5,"5":0,"6":5,"7":5,"8":0,"9":0,"10":0,"11":0,"12":0,"13":0,"14":0,"15":0,"16":5,"17":0,"18":3,"19":0},"9":{"0":5,"1":0,"2":3,"3":5,"4":5,"5":5,"6":5,"7":5,"8":5,"9":0,"10":0,"11":0,"12":1,"13":0,"14":0,"15":0,"16":0,"17":0,"18":0,"19":0},"10":{"0":5,"1":0,"2":5,"3":0,"4":0,"5":5,"6":5,"7":5,"8":0,"9":5,"10":0,"11":0,"12":4,"13":0,"14":0,"15":0,"16":0,"17":0,"18":0,"19":0},"11":{"0":4,"1":5,"2":5,"3":5,"4":5,"5":4,"6":5,"7":4,"8":5,"9":5,"10":5,"11":0,"12":0,"13":0,"14":0,"15":0,"16":0,"17":0,"18":0,"19":0},"12":{"0":4,"1":5,"2":5,"3":5,"4":5,"5":5,"6":5,"7":5,"8":5,"9":5,"10":5,"11":5,"12":0,"13":0,"14":0,"15":0,"16":0,"17":0,"18":0,"19":0},"13":{"0":5,"1":5,"2":2,"3":3,"4":2,"5":5,"6":0,"7":5,"8":4,"9":5,"10":5,"11":5,"12":4,"13":0,"14":0,"15":0,"16":0,"17":0,"18":0,"19":2},"14":{"0":5,"1":5,"2":5,"3":4,"4":5,"5":5,"6":2,"7":5,"8":5,"9":5,"10":5,"11":0,"12":5,"13":5,"14":0,"15":0,"16":0,"17":0,"18":0,"19":0},"15":{"0":5,"1":5,"2":5,"3":5,"4":5,"5":5,"6":5,"7":5,"8":5,"9":5,"10":2,"11":5,"12":4,"13":5,"14":5,"15":0,"16":0,"17":0,"18":0,"19":0},"16":{"0":5,"1":0,"2":4,"3":5,"4":5,"5":4,"6":5,"7":0,"8":5,"9":0,"10":5,"11":0,"12":5,"13":0,"14":5,"15":5,"16":0,"17":0,"18":1,"19":0},"17":{"0":5,"1":5,"2":5,"3":5,"4":5,"5":5,"6":5,"7":5,"8":5,"9":5,"10":5,"11":5,"12":5,"13":5,"14":4,"15":5,"16":0,"17":0,"18":0,"19":0},"18":{"0":0,"1":5,"2":5,"3":0,"4":2,"5":5,"6":0,"7":5,"8":0,"9":5,"10":5,"11":5,"12":5,"13":5,"14":5,"15":0,"16":5,"17":0,"18":0,"19":0},"19":{"0":5,"1":5,"2":5,"3":5,"4":5,"5":5,"6":5,"7":5,"8":5,"9":5,"10":5,"11":5,"12":5,"13":5,"14":5,"15":5,"16":5,"17":1,"18":5,"19":0}},"method":"hillside","closest_pair":[[2,0,5,1,4,3,9,8,7,10,6,11,13,12,14,16,18,15,17,19],[2,0,5,1,4,3,9,7,8,10,6,11,13,12,14,16,18,15,17,19]],"farthest_pair":[[2,0,5,1,4,3,7,9,8,10,6,11,13,12,14,16,18,15,17,19],[0,2,1,5,4,3,9,8,7,10,6,11,12,13,14,16,18,15,17,19]],"centroid_solution":[2,0,5,1,4,3,9,7,8,10,6,11,12,13,14,16,18,15,17,19]}