{"solutions":[[2,0,1,4,3,5,6,8,9,7,11,10,12,14,13,15,16,19,18,17],[2,0,1,4,3,6,5,8,9,7,10,11,12,14,13,15,16,19,18,17],[2,0,1,3,4,5,6,8,9,7,11,10,12,14,13,15,16,19,18,17],[2,0,1,4,3,6,5,8,9,7,10,12,11,14,13,15,16,19,18,17],[2,0,3,1,4,6,5,8,9,7,11,10,12,14,13,15,16,19,18,17],[2,0,3,1,4,6,5,8,9,7,10,12,11,14,13,15,16,19,18,17],[2,0,1,4,3,6,5,8,9,7,11,10,12,14,13,15,16,19,18,17],[2,0,1,3,4,5,6,8,9,7,10,11,12,14,13,15,16,19,18,17],[2,0,1,3,4,6,5,8,9,7,10,12,11,14,13,15,16,19,18,17],[2,0,1,3,4,6,5,8,9,7,10,11,12,14,13,15,16,19,18,17],[2,0,1,4,3,5,6,8,9,7,10,11,12,14,13,15,16,19,18,17],[2,0,3,1,4,5,6,8,9,7,11,10,12,14,13,15,16,19,18,17],[2,0,3,1,4,5,6,8,9,7,10,11,12,14,13,15,16,19,18,17],[2,0,3,1,4,6,5,8,9,7,10,11,12,14,13,15,16,19,18,17],[2,0,1,3,4,5,6,8,9,7,10,12,11,14,13,15,16,19,18,17],[2,0,1,3,4,6,5,8,9,7,11,10,12,14,13,15,16,19,18,17],[2,0,1,4,3,5,6,8,9,7,10,12,11,14,13,15,16,19,18,17],[2,0,3,1,4,5,6,8,9,7,10,12,11,14,13,15,16,19,18,17]],"obj":823.0,"max_tau_solutions":null,"centroid_x":[[0.0,1.0,0.0,1.0,1.0,1.0,1.0,1.0,1.0,1.0,1.0,1.0,1.0,1.0,1.0,1.0,1.0,1.0,1.0,1.0],[0.0,0.0,0.0,0.5515588652,1.0,1.0,1.0,1.0,1.0,1.0,1.0,1.0,1.0,1.0,1.0,1.0,1.0,1.0,1.0,1.0],[1.0,1.0,0.0,1.0,1.0,1.0,1.0,1.0,1.0,1.0,1.0,1.0,1.0,1.0,1.0,1.0,1.0,1.0,1.0,1.0],[0.0,0.4484411348,0.0,0.0,0.5662072298,1.0,1.0,1.0,1.0,1.0,1.0,1.0,1.0,1.0,1.0,1.0,1.0,1.0,1.0,1.0],[0.0,0.0,0.0,0.4337927702,0.0,1.0,1.0,1.0,1.0,1.0,1.0,1.0,1.0,1.0,1.0,1.0,1.0,1.0,1.0,1.0],[0.0,0.0,0.0,0.0,0.0,0.0,0.4926994654,1.0,1.0,1.0,1.0,1.0,1.0,1.0,1.0,1.0,1.0,1.0,1.0,1.0],[0.0,0.0,0.0,0.0,0.0,0.5073005346,0.0,1.0,1.0,1.0,1.0,1.0,1.0,1.0,1.0,1.0,1.0,1.0,1.0,1.0],[0.0,0.0,0.0,0.0,0.0,0.0,0.0,0.0,0.0,0.0,1.0,1.0,1.0,1.0,1.0,1.0,1.0,1.0,1.0,1.0],[0.0,0.0,0.0,0.0,0.0,0.0,0.0,1.0,0.0,1.0,1.0,1.0,1.0,1.0,1.0,1.0,1.0,1.0,1.0,1.0],[0.0,0.0,0.0,0.0,0.0,0.0,0.0,1.0,0.0,0.0,1.0,1.0,1.0,1.0,1.0,1.0,1.0,1.0,1.0,1.0],[0.0,0.0,0.0,0.0,0.0,0.0,0.0,0.0,0.0,0.0,0.0,0.5619256828,1.0,1.0,1.0,1.0,1.0,1.0,1.0,1.0],[0.0,0.0,0.0,0.0,0.0,0.0,0.0,0.0,0.0,0.0,0.4380743172,0.0,0.5598495109,1.0,1.0,1.0,1.0,1.0,1.0,1.0],[0.0,0.0,0.0,0.0,0.0,0.0,0.0,0.0,0.0,0.0,0.0,0.4401504891,0.0,1.0,1.0,1.0,1.0,1.0,1.0,1.0],[0.0,0.0,0.0,0.0,0.0,0.0,0.0,0.0,0.0,0.0,0.0,0.0,0.0,0.0,0.0,1.0,1.0,1.0,1.0,1.0],[0.0,0.0,0.0,0.0,0.0,0.0,0.0,0.0,0.0,0.0,0.0,0.0,0.0,1.0,0.0,1.0,1.0,1.0,1.0,1.0],[0.0,0.0,0.0,0.0,0.0,0.0,0.0,0.0,0.0,0.0,0.0,0.0,0.0,0.0,0.0,0.0,1.0,1.0,1.0,1.0],[0.0,0.0,0.0,0.0,0.0,0.0,0.0,0.0,0.0,0.0,0.0,0.0,0.0,0.0,0.0,0.0,0.0,1.0,1.0,1.0],[0.0,0.0,0.0,0.0,0.0,0.0,0.0,0.0,0.0,0.0,0.0,0.0,0.0,0.0,0.0,0.0,0.0,0.0,0.0,0.0],[0.0,0.0,0.0,0.0,0.0,0.0,0.0,0.0,0.0,0.0,0.0,0.0,0.0,0.0,0.0,0.0,0.0,1.0,0.0,0.0],[0.0,0.0,0.0,0.0,0.0,0.0,0.0,0.0,0.0,0.0,0.0,0.0,0.0,0.0,0.0,0.0,0.0,1.0,1.0,0.0]],"outlier_solution":[2,0,1,4,3,5,6,8,9,7,11,10,12,14,13,15,16,19,18,17],"dataset_id":443,"source_dataset_id":490,"options":null,"D":{"0":{"0":0,"1":0,"2":5,"3":0,"4":0,"5":0,"6":4,"7":2,"8":1,"9":0,"10":0,"11":0,"12":0,"13":3,"14":0,"15":0,"16":4,"17":0,"18":0,"19":0},"1":{"0":5,"1":0,"2":0,"3":0,"4":0,"5":5,"6":5,"7":0,"8":0,"9":0,"10":0,"11":1,"12":1,"13":0,"14":0,"15":0,"16":0,"17":0,"18":0,"19":0},"2":{"0":5,"1":5,"2":0,"3":0,"4":0,"5":0,"6":0,"7":0,"8":0,"9":0,"10":0,"11":0,"12":0,"13":0,"14":0,"15":4,"16":0,"17":0,"18":0,"19":0},"3":{"0":5,"1":5,"2":5,"3":0,"4":0,"5":2,"6":4,"7":0,"8":0,"9":0,"10":0,"11":0,"12":0,"13":0,"14":0,"15":0,"16":0,"17":0,"18":0,"19":0},"4":{"0":5,"1":5,"2":5,"3":5,"4":0,"5":0,"6":0,"7":0,"8":0,"9":4,"10":0,"11":0,"12":0,"13":0,"14":0,"15":0,"16":0,"17":0,"18":0,"19":0},"5":{"0":5,"1":5,"2":5,"3":5,"4":5,"5":0,"6":0,"7":0,"8":0,"9":2,"10":0,"11":0,"12":0,"13":0,"14":0,"15":0,"16":0,"17":3,"18":0,"19":0},"6":{"0":5,"1":0,"2":5,"3":5,"4":5,"5":5,"6":0,"7":0,"8":0,"9":1,"10":0,"11":0,"12":0,"13":0,"14":0,"15":3,"16":0,"17":0,"18":0,"19":0},"7":{"0":5,"1":5,"2":5,"3":5,"4":5,"5":4,"6":5,"7":0,"8":0,"9":0,"10":0,"11":0,"12":0,"13":0,"14":3,"15":0,"16":4,"17":0,"18":2,"19":0},"8":{"0":0,"1":5,"2":0,"3":5,"4":5,"5":4,"6":0,"7":5,"8":0,"9":0,"10":0,"11":0,"12":0,"13":0,"14":0,"15":0,"16":0,"17":0,"18":3,"19":0},"9":{"0":0,"1":5,"2":2,"3":5,"4":5,"5":5,"6":5,"7":5,"8":5,"9":0,"10":0,"11":0,"12":0,"13":0,"14":0,"15":0,"16":0,"17":0,"18":0,"19":0},"10":{"0":5,"1":5,"2":5,"3":5,"4":0,"5":5,"6":3,"7":5,"8":5,"9":5,"10":0,"11":0,"12":0,"13":2,"14":0,"15":2,"16":0,"17":0,"18":0,"19":0},"11":{"0":5,"1":0,"2":5,"3":5,"4":0,"5":5,"6":5,"7":5,"8":5,"9":5,"10":5,"11":0,"12":0,"13":0,"14":0,"15":0,"16":0,"17":0,"18":2,"19":0},"12":{"0":5,"1":0,"2":5,"3":5,"4":5,"5":0,"6":5,"7":5,"8":0,"9":5,"10":3,"11":5,"12":0,"13":0,"14":0,"15":0,"16":0,"17":0,"18":0,"19":0},"13":{"0":2,"1":5,"2":5,"3":0,"4":5,"5":5,"6":5,"7":5,"8":5,"9":5,"10":5,"11":5,"12":5,"13":0,"14":4,"15":0,"16":0,"17":0,"18":0,"19":0},"14":{"0":5,"1":5,"2":5,"3":5,"4":5,"5":5,"6":5,"7":5,"8":5,"9":2,"10":5,"11":5,"12":0,"13":0,"14":0,"15":0,"16":1,"17":0,"18":0,"19":0},"15":{"0":5,"1":5,"2":5,"3":5,"4":5,"5":5,"6":5,"7":5,"8":5,"9":0,"10":5,"11":5,"12":5,"13":5,"14":5,"15":0,"16":0,"17":0,"18":0,"19":1},"16":{"0":5,"1":5,"2":5,"3":0,"4":5,"5":5,"6":5,"7":5,"8":5,"9":4,"10":5,"11":2,"12":5,"13":5,"14":5,"15":5,"16":0,"17":0,"18":0,"19":0},"17":{"0":5,"1":5,"2":5,"3":5,"4":5,"5":5,"6":3,"7":2,"8":5,"9":5,"10":5,"11":5,"12":0,"13":5,"14":5,"15":5,"16":5,"17":0,"18":0,"19":0},"18":{"0":5,"1":5,"2":3,"3":5,"4":5,"5":5,"6":5,"7":5,"8":0,"9":5,"10":0,"11":5,"12":0,"13":5,"14":5,"15":5,"16":5,"17":5,"18":0,"19":5},"19":{"0":5,"1":5,"2":5,"3":0,"4":5,"5":5,"6":3,"7":0,"8":5,"9":5,"10":5,"11":4,"12":5,"13":3,"14":5,"15":5,"16":0,"17":3,"18":5,"19":0}},"method":"hillside","closest_pair":[[2,0,1,3,4,6,5,8,9,7,10,12,11,14,13,15,16,19,18,17],[2,0,3,1,4,6,5,8,9,7,10,12,11,14,13,15,16,19,18,17]],"farthest_pair":[[2,0,1,4,3,6,5,8,9,7,11,10,12,14,13,15,16,19,18,17],[2,0,3,1,4,5,6,8,9,7,10,12,11,14,13,15,16,19,18,17]],"tau_farthest_pair":0.9473684211,"tau_closest_pair":0.9894736842,"centroid_solution":[2,0,1,3,4,6,5,8,9,7,10,11,12,14,13,15,16,19,18,17]}