{"solutions":[[0,1,2,3,5,6,4,8,7,9,10,11,12,13,15,18,16,14,19,17],[0,1,2,3,5,6,4,7,8,11,9,10,12,13,15,18,16,14,17,19],[0,1,2,3,5,6,4,8,9,7,11,10,12,13,15,18,16,14,19,17],[0,1,2,3,5,6,4,8,7,11,9,10,12,13,15,18,16,14,19,17],[0,1,2,3,5,6,4,8,9,7,10,11,12,13,15,18,16,14,19,17],[0,1,2,3,5,6,4,8,7,9,11,10,12,13,15,18,16,14,17,19],[0,1,2,3,5,6,4,7,8,9,10,11,12,13,15,18,16,14,17,19],[0,1,2,3,5,6,4,7,8,9,11,10,12,13,15,18,16,14,19,17],[0,1,2,3,5,6,4,8,7,9,10,11,12,13,15,18,16,14,17,19],[0,1,2,3,5,6,4,8,9,7,11,10,12,13,15,18,16,14,17,19],[0,1,2,3,5,6,4,7,8,9,10,11,12,13,15,18,16,14,19,17],[0,1,2,3,5,6,4,8,7,9,11,10,12,13,15,18,16,14,19,17],[0,1,2,3,5,6,4,8,7,11,9,10,12,13,15,18,16,14,17,19],[0,1,2,3,5,6,4,8,9,7,10,11,12,13,15,18,16,14,17,19],[0,1,2,3,5,6,4,7,8,9,11,10,12,13,15,18,16,14,17,19],[0,1,2,3,5,6,4,7,8,11,9,10,12,13,15,18,16,14,19,17]],"obj":832.0,"max_tau_solutions":null,"centroid_x":[[0.0,1.0,1.0,1.0,1.0,1.0,1.0,1.0,1.0,1.0,1.0,1.0,1.0,1.0,1.0,1.0,1.0,1.0,1.0,1.0],[0.0,0.0,1.0,1.0,1.0,1.0,1.0,1.0,1.0,1.0,1.0,1.0,1.0,1.0,1.0,1.0,1.0,1.0,1.0,1.0],[0.0,0.0,0.0,1.0,1.0,1.0,1.0,1.0,1.0,1.0,1.0,1.0,1.0,1.0,1.0,1.0,1.0,1.0,1.0,1.0],[0.0,0.0,0.0,0.0,1.0,1.0,1.0,1.0,1.0,1.0,1.0,1.0,1.0,1.0,1.0,1.0,1.0,1.0,1.0,1.0],[0.0,0.0,0.0,0.0,0.0,0.0,0.0,1.0,1.0,1.0,1.0,1.0,1.0,1.0,1.0,1.0,1.0,1.0,1.0,1.0],[0.0,0.0,0.0,0.0,1.0,0.0,1.0,1.0,1.0,1.0,1.0,1.0,1.0,1.0,1.0,1.0,1.0,1.0,1.0,1.0],[0.0,0.0,0.0,0.0,1.0,0.0,0.0,1.0,1.0,1.0,1.0,1.0,1.0,1.0,1.0,1.0,1.0,1.0,1.0,1.0],[0.0,0.0,0.0,0.0,0.0,0.0,0.0,0.0,0.4405489656,0.5822650121,1.0,1.0,1.0,1.0,1.0,1.0,1.0,1.0,1.0,1.0],[0.0,0.0,0.0,0.0,0.0,0.0,0.0,0.5594510344,0.0,1.0,1.0,1.0,1.0,1.0,1.0,1.0,1.0,1.0,1.0,1.0],[0.0,0.0,0.0,0.0,0.0,0.0,0.0,0.4177349879,0.0,0.0,1.0,0.5873961229,1.0,1.0,1.0,1.0,1.0,1.0,1.0,1.0],[0.0,0.0,0.0,0.0,0.0,0.0,0.0,0.0,0.0,0.0,0.0,0.4401946191,1.0,1.0,1.0,1.0,1.0,1.0,1.0,1.0],[0.0,0.0,0.0,0.0,0.0,0.0,0.0,0.0,0.0,0.4126038771,0.5598053809,0.0,1.0,1.0,1.0,1.0,1.0,1.0,1.0,1.0],[0.0,0.0,0.0,0.0,0.0,0.0,0.0,0.0,0.0,0.0,0.0,0.0,0.0,1.0,1.0,1.0,1.0,1.0,1.0,1.0],[0.0,0.0,0.0,0.0,0.0,0.0,0.0,0.0,0.0,0.0,0.0,0.0,0.0,0.0,1.0,1.0,1.0,1.0,1.0,1.0],[0.0,0.0,0.0,0.0,0.0,0.0,0.0,0.0,0.0,0.0,0.0,0.0,0.0,0.0,0.0,0.0,0.0,1.0,0.0,1.0],[0.0,0.0,0.0,0.0,0.0,0.0,0.0,0.0,0.0,0.0,0.0,0.0,0.0,0.0,1.0,0.0,1.0,1.0,1.0,1.0],[0.0,0.0,0.0,0.0,0.0,0.0,0.0,0.0,0.0,0.0,0.0,0.0,0.0,0.0,1.0,0.0,0.0,1.0,0.0,1.0],[0.0,0.0,0.0,0.0,0.0,0.0,0.0,0.0,0.0,0.0,0.0,0.0,0.0,0.0,0.0,0.0,0.0,0.0,0.0,0.5002553214],[0.0,0.0,0.0,0.0,0.0,0.0,0.0,0.0,0.0,0.0,0.0,0.0,0.0,0.0,1.0,0.0,1.0,1.0,0.0,1.0],[0.0,0.0,0.0,0.0,0.0,0.0,0.0,0.0,0.0,0.0,0.0,0.0,0.0,0.0,0.0,0.0,0.0,0.4997446786,0.0,0.0]],"outlier_solution":[0,1,2,3,5,6,4,7,8,11,9,10,12,13,15,18,16,14,19,17],"dataset_id":448,"source_dataset_id":495,"options":null,"D":{"0":{"0":0,"1":0,"2":0,"3":0,"4":0,"5":0,"6":0,"7":0,"8":0,"9":0,"10":0,"11":0,"12":0,"13":0,"14":0,"15":0,"16":0,"17":2,"18":0,"19":0},"1":{"0":5,"1":0,"2":0,"3":0,"4":0,"5":5,"6":0,"7":0,"8":2,"9":0,"10":0,"11":0,"12":0,"13":0,"14":0,"15":0,"16":0,"17":0,"18":0,"19":0},"2":{"0":5,"1":5,"2":0,"3":0,"4":0,"5":0,"6":0,"7":0,"8":2,"9":0,"10":2,"11":0,"12":0,"13":0,"14":0,"15":0,"16":0,"17":0,"18":0,"19":0},"3":{"0":5,"1":0,"2":5,"3":0,"4":0,"5":0,"6":0,"7":2,"8":0,"9":0,"10":0,"11":0,"12":0,"13":0,"14":0,"15":0,"16":0,"17":0,"18":4,"19":0},"4":{"0":5,"1":5,"2":5,"3":5,"4":0,"5":0,"6":0,"7":0,"8":0,"9":0,"10":0,"11":0,"12":0,"13":0,"14":0,"15":0,"16":0,"17":0,"18":4,"19":0},"5":{"0":5,"1":0,"2":5,"3":4,"4":5,"5":0,"6":5,"7":0,"8":0,"9":0,"10":0,"11":0,"12":0,"13":0,"14":0,"15":1,"16":0,"17":0,"18":0,"19":0},"6":{"0":5,"1":5,"2":4,"3":5,"4":5,"5":5,"6":0,"7":0,"8":0,"9":0,"10":0,"11":0,"12":0,"13":0,"14":0,"15":0,"16":0,"17":0,"18":0,"19":0},"7":{"0":5,"1":5,"2":5,"3":3,"4":5,"5":5,"6":5,"7":0,"8":0,"9":0,"10":0,"11":0,"12":2,"13":5,"14":0,"15":0,"16":0,"17":0,"18":0,"19":0},"8":{"0":5,"1":5,"2":5,"3":5,"4":5,"5":5,"6":5,"7":2,"8":0,"9":0,"10":0,"11":0,"12":0,"13":0,"14":0,"15":4,"16":0,"17":2,"18":0,"19":0},"9":{"0":5,"1":5,"2":5,"3":0,"4":0,"5":5,"6":5,"7":5,"8":5,"9":0,"10":0,"11":0,"12":0,"13":3,"14":0,"15":0,"16":0,"17":0,"18":0,"19":5},"10":{"0":5,"1":3,"2":5,"3":4,"4":5,"5":5,"6":5,"7":5,"8":5,"9":4,"10":0,"11":4,"12":0,"13":0,"14":0,"15":0,"16":0,"17":0,"18":0,"19":0},"11":{"0":1,"1":5,"2":5,"3":5,"4":0,"5":5,"6":0,"7":3,"8":5,"9":5,"10":5,"11":0,"12":0,"13":0,"14":1,"15":0,"16":0,"17":0,"18":0,"19":0},"12":{"0":5,"1":5,"2":0,"3":5,"4":3,"5":5,"6":0,"7":5,"8":5,"9":5,"10":5,"11":5,"12":0,"13":0,"14":0,"15":0,"16":0,"17":0,"18":5,"19":0},"13":{"0":5,"1":5,"2":5,"3":5,"4":5,"5":5,"6":0,"7":5,"8":0,"9":5,"10":3,"11":5,"12":5,"13":0,"14":0,"15":0,"16":3,"17":0,"18":0,"19":1},"14":{"0":5,"1":5,"2":5,"3":5,"4":5,"5":5,"6":5,"7":5,"8":5,"9":5,"10":0,"11":5,"12":5,"13":5,"14":0,"15":0,"16":1,"17":0,"18":0,"19":3},"15":{"0":0,"1":5,"2":1,"3":5,"4":5,"5":5,"6":5,"7":5,"8":5,"9":5,"10":5,"11":5,"12":5,"13":5,"14":5,"15":0,"16":0,"17":4,"18":0,"19":0},"16":{"0":5,"1":5,"2":5,"3":5,"4":1,"5":5,"6":5,"7":0,"8":2,"9":3,"10":5,"11":5,"12":5,"13":5,"14":5,"15":5,"16":0,"17":0,"18":0,"19":1},"17":{"0":5,"1":0,"2":5,"3":5,"4":3,"5":5,"6":5,"7":5,"8":5,"9":5,"10":5,"11":5,"12":5,"13":5,"14":5,"15":5,"16":5,"17":0,"18":0,"19":0},"18":{"0":5,"1":5,"2":5,"3":5,"4":0,"5":5,"6":0,"7":4,"8":5,"9":5,"10":5,"11":0,"12":5,"13":5,"14":5,"15":1,"16":0,"17":5,"18":0,"19":0},"19":{"0":5,"1":0,"2":0,"3":5,"4":3,"5":2,"6":5,"7":5,"8":5,"9":5,"10":5,"11":5,"12":5,"13":5,"14":1,"15":5,"16":5,"17":5,"18":5,"19":0}},"method":"hillside","closest_pair":[[0,1,2,3,5,6,4,8,7,11,9,10,12,13,15,18,16,14,17,19],[0,1,2,3,5,6,4,8,7,11,9,10,12,13,15,18,16,14,19,17]],"farthest_pair":[[0,1,2,3,5,6,4,8,9,7,10,11,12,13,15,18,16,14,19,17],[0,1,2,3,5,6,4,7,8,11,9,10,12,13,15,18,16,14,17,19]],"tau_farthest_pair":0.9473684211,"tau_closest_pair":0.9894736842,"centroid_solution":[0,1,2,3,5,6,4,8,7,9,11,10,12,13,15,18,16,14,17,19]}