{"solutions":[[0,2,4,1,6,3,5,7,8,10,9,14,11,15,12,13,16,17,18,19],[0,2,4,1,6,3,5,7,8,10,9,14,12,15,11,13,16,17,18,19],[0,2,4,1,6,3,5,7,8,10,9,14,15,11,12,13,16,17,18,19],[0,2,4,1,6,3,5,7,8,10,9,14,12,11,15,13,16,17,18,19],[0,4,2,1,6,3,5,7,8,10,9,14,12,15,11,13,16,17,18,19],[0,4,2,1,6,3,5,7,8,10,9,14,11,12,15,13,16,17,18,19],[0,2,4,1,6,3,5,7,8,10,9,14,15,12,11,13,16,17,18,19],[0,4,2,1,6,3,5,7,8,10,9,14,15,11,12,13,16,17,18,19],[0,4,2,1,6,3,5,7,8,10,9,14,12,11,15,13,16,17,18,19],[0,4,2,1,6,3,5,7,8,10,9,14,11,15,12,13,16,17,18,19],[0,2,4,1,6,3,5,7,8,10,9,14,11,12,15,13,16,17,18,19],[0,4,2,1,6,3,5,7,8,10,9,14,15,12,11,13,16,17,18,19]],"obj":842.0,"max_tau_solutions":null,"centroid_x":[[0.0,1.0,1.0,1.0,1.0,1.0,1.0,1.0,1.0,1.0,1.0,1.0,1.0,1.0,1.0,1.0,1.0,1.0,1.0,1.0],[0.0,0.0,0.0,1.0,0.0,1.0,1.0,1.0,1.0,1.0,1.0,1.0,1.0,1.0,1.0,1.0,1.0,1.0,1.0,1.0],[0.0,1.0,0.0,1.0,0.4912873332,1.0,1.0,1.0,1.0,1.0,1.0,1.0,1.0,1.0,1.0,1.0,1.0,1.0,1.0,1.0],[0.0,0.0,0.0,0.0,0.0,1.0,0.0,1.0,1.0,1.0,1.0,1.0,1.0,1.0,1.0,1.0,1.0,1.0,1.0,1.0],[0.0,1.0,0.5087126668,1.0,0.0,1.0,1.0,1.0,1.0,1.0,1.0,1.0,1.0,1.0,1.0,1.0,1.0,1.0,1.0,1.0],[0.0,0.0,0.0,0.0,0.0,0.0,0.0,1.0,1.0,1.0,1.0,1.0,1.0,1.0,1.0,1.0,1.0,1.0,1.0,1.0],[0.0,0.0,0.0,1.0,0.0,1.0,0.0,1.0,1.0,1.0,1.0,1.0,1.0,1.0,1.0,1.0,1.0,1.0,1.0,1.0],[0.0,0.0,0.0,0.0,0.0,0.0,0.0,0.0,1.0,1.0,1.0,1.0,1.0,1.0,1.0,1.0,1.0,1.0,1.0,1.0],[0.0,0.0,0.0,0.0,0.0,0.0,0.0,0.0,0.0,1.0,1.0,1.0,1.0,1.0,1.0,1.0,1.0,1.0,1.0,1.0],[0.0,0.0,0.0,0.0,0.0,0.0,0.0,0.0,0.0,0.0,0.0,1.0,1.0,1.0,1.0,1.0,1.0,1.0,1.0,1.0],[0.0,0.0,0.0,0.0,0.0,0.0,0.0,0.0,0.0,1.0,0.0,1.0,1.0,1.0,1.0,1.0,1.0,1.0,1.0,1.0],[0.0,0.0,0.0,0.0,0.0,0.0,0.0,0.0,0.0,0.0,0.0,0.0,0.4987585989,1.0,0.0,0.4914926596,1.0,1.0,1.0,1.0],[0.0,0.0,0.0,0.0,0.0,0.0,0.0,0.0,0.0,0.0,0.0,0.5012414011,0.0,1.0,0.0,0.4865948254,1.0,1.0,1.0,1.0],[0.0,0.0,0.0,0.0,0.0,0.0,0.0,0.0,0.0,0.0,0.0,0.0,0.0,0.0,0.0,0.0,1.0,1.0,1.0,1.0],[0.0,0.0,0.0,0.0,0.0,0.0,0.0,0.0,0.0,0.0,0.0,1.0,1.0,1.0,0.0,1.0,1.0,1.0,1.0,1.0],[0.0,0.0,0.0,0.0,0.0,0.0,0.0,0.0,0.0,0.0,0.0,0.5085073404,0.5134051746,1.0,0.0,0.0,1.0,1.0,1.0,1.0],[0.0,0.0,0.0,0.0,0.0,0.0,0.0,0.0,0.0,0.0,0.0,0.0,0.0,0.0,0.0,0.0,0.0,1.0,1.0,1.0],[0.0,0.0,0.0,0.0,0.0,0.0,0.0,0.0,0.0,0.0,0.0,0.0,0.0,0.0,0.0,0.0,0.0,0.0,1.0,1.0],[0.0,0.0,0.0,0.0,0.0,0.0,0.0,0.0,0.0,0.0,0.0,0.0,0.0,0.0,0.0,0.0,0.0,0.0,0.0,1.0],[0.0,0.0,0.0,0.0,0.0,0.0,0.0,0.0,0.0,0.0,0.0,0.0,0.0,0.0,0.0,0.0,0.0,0.0,0.0,0.0]],"outlier_solution":[0,2,4,1,6,3,5,7,8,10,9,14,11,12,15,13,16,17,18,19],"dataset_id":449,"source_dataset_id":496,"options":null,"D":{"0":{"0":0,"1":0,"2":0,"3":0,"4":0,"5":0,"6":0,"7":0,"8":0,"9":0,"10":0,"11":0,"12":1,"13":0,"14":0,"15":0,"16":0,"17":0,"18":0,"19":0},"1":{"0":5,"1":0,"2":0,"3":0,"4":4,"5":0,"6":0,"7":1,"8":0,"9":0,"10":0,"11":0,"12":0,"13":0,"14":2,"15":0,"16":5,"17":0,"18":0,"19":0},"2":{"0":0,"1":5,"2":0,"3":0,"4":3,"5":0,"6":0,"7":0,"8":0,"9":1,"10":0,"11":0,"12":1,"13":0,"14":0,"15":0,"16":0,"17":0,"18":0,"19":0},"3":{"0":5,"1":2,"2":5,"3":0,"4":0,"5":0,"6":2,"7":0,"8":4,"9":0,"10":2,"11":0,"12":0,"13":0,"14":0,"15":0,"16":0,"17":0,"18":0,"19":0},"4":{"0":0,"1":5,"2":5,"3":5,"4":0,"5":0,"6":0,"7":0,"8":0,"9":0,"10":0,"11":0,"12":0,"13":0,"14":0,"15":0,"16":0,"17":0,"18":0,"19":0},"5":{"0":5,"1":5,"2":5,"3":5,"4":5,"5":0,"6":4,"7":0,"8":0,"9":0,"10":0,"11":0,"12":0,"13":0,"14":0,"15":2,"16":0,"17":0,"18":0,"19":3},"6":{"0":5,"1":0,"2":0,"3":2,"4":5,"5":5,"6":0,"7":0,"8":0,"9":0,"10":0,"11":2,"12":0,"13":0,"14":0,"15":0,"16":0,"17":2,"18":0,"19":0},"7":{"0":3,"1":5,"2":5,"3":3,"4":5,"5":5,"6":5,"7":0,"8":0,"9":0,"10":3,"11":0,"12":0,"13":0,"14":0,"15":0,"16":0,"17":0,"18":0,"19":4},"8":{"0":5,"1":5,"2":5,"3":0,"4":5,"5":5,"6":5,"7":4,"8":0,"9":0,"10":0,"11":0,"12":0,"13":0,"14":0,"15":0,"16":2,"17":0,"18":0,"19":0},"9":{"0":5,"1":5,"2":5,"3":5,"4":0,"5":5,"6":5,"7":5,"8":5,"9":0,"10":0,"11":0,"12":0,"13":0,"14":0,"15":0,"16":1,"17":0,"18":0,"19":2},"10":{"0":5,"1":3,"2":5,"3":5,"4":5,"5":5,"6":5,"7":5,"8":5,"9":5,"10":0,"11":0,"12":0,"13":0,"14":0,"15":0,"16":0,"17":0,"18":0,"19":0},"11":{"0":5,"1":5,"2":0,"3":5,"4":5,"5":5,"6":5,"7":5,"8":5,"9":5,"10":5,"11":0,"12":0,"13":0,"14":0,"15":4,"16":0,"17":0,"18":0,"19":0},"12":{"0":1,"1":5,"2":5,"3":5,"4":5,"5":5,"6":5,"7":5,"8":0,"9":5,"10":5,"11":5,"12":0,"13":1,"14":5,"15":2,"16":0,"17":0,"18":0,"19":0},"13":{"0":5,"1":5,"2":5,"3":5,"4":5,"5":5,"6":5,"7":5,"8":5,"9":5,"10":5,"11":5,"12":5,"13":0,"14":0,"15":0,"16":0,"17":1,"18":0,"19":0},"14":{"0":5,"1":0,"2":5,"3":5,"4":5,"5":5,"6":5,"7":5,"8":0,"9":5,"10":0,"11":0,"12":5,"13":5,"14":0,"15":0,"16":0,"17":0,"18":0,"19":1},"15":{"0":5,"1":5,"2":5,"3":2,"4":5,"5":5,"6":3,"7":1,"8":5,"9":5,"10":5,"11":0,"12":5,"13":5,"14":5,"15":0,"16":0,"17":0,"18":0,"19":0},"16":{"0":5,"1":0,"2":5,"3":5,"4":5,"5":5,"6":2,"7":5,"8":5,"9":5,"10":5,"11":5,"12":1,"13":5,"14":5,"15":0,"16":0,"17":5,"18":0,"19":0},"17":{"0":5,"1":5,"2":5,"3":5,"4":0,"5":5,"6":5,"7":0,"8":5,"9":5,"10":5,"11":0,"12":3,"13":2,"14":5,"15":5,"16":5,"17":0,"18":2,"19":0},"18":{"0":5,"1":1,"2":5,"3":2,"4":1,"5":5,"6":5,"7":5,"8":2,"9":0,"10":1,"11":2,"12":0,"13":5,"14":5,"15":5,"16":5,"17":5,"18":0,"19":0},"19":{"0":5,"1":5,"2":5,"3":5,"4":5,"5":5,"6":5,"7":0,"8":5,"9":1,"10":5,"11":5,"12":5,"13":5,"14":5,"15":5,"16":1,"17":5,"18":5,"19":0}},"method":"hillside","closest_pair":[[0,4,2,1,6,3,5,7,8,10,9,14,12,15,11,13,16,17,18,19],[0,4,2,1,6,3,5,7,8,10,9,14,12,11,15,13,16,17,18,19]],"farthest_pair":[[0,4,2,1,6,3,5,7,8,10,9,14,11,12,15,13,16,17,18,19],[0,2,4,1,6,3,5,7,8,10,9,14,15,12,11,13,16,17,18,19]],"tau_farthest_pair":0.9578947368,"tau_closest_pair":0.9894736842,"centroid_solution":[0,4,2,1,6,3,5,7,8,10,9,14,15,12,11,13,16,17,18,19]}