{"solutions":[[19,18,17,16,13,12,15,11,14,9,10,8,7,5,3,6,1,2,4,0],[19,18,17,16,13,12,11,15,14,9,10,8,7,5,3,6,1,2,4,0],[19,18,17,16,13,11,15,12,14,9,10,8,7,5,3,6,1,4,2,0],[19,18,17,16,13,11,15,12,14,9,10,8,7,5,3,6,1,2,4,0],[19,18,17,16,13,12,11,15,14,9,10,8,7,5,3,6,1,4,2,0],[19,18,17,16,13,11,12,15,14,9,10,8,7,5,3,6,1,2,4,0],[19,18,17,16,13,11,12,15,14,9,10,8,7,5,3,6,1,4,2,0],[19,18,17,16,13,15,11,12,14,9,10,8,7,5,3,6,1,2,4,0],[19,18,17,16,13,15,11,12,14,9,10,8,7,5,3,6,1,4,2,0],[19,18,17,16,13,12,15,11,14,9,10,8,7,5,3,6,1,4,2,0],[19,18,17,16,13,15,12,11,14,9,10,8,7,5,3,6,1,4,2,0],[19,18,17,16,13,15,12,11,14,9,10,8,7,5,3,6,1,2,4,0]],"obj":842.0,"max_tau_solutions":null,"centroid_x":[[0.0,0.0,0.0,0.0,0.0,0.0,0.0,0.0,0.0,0.0,0.0,0.0,0.0,0.0,0.0,0.0,0.0,0.0,0.0,0.0],[1.0,0.0,1.0,0.0,1.0,0.0,0.0,0.0,0.0,0.0,0.0,0.0,0.0,0.0,0.0,0.0,0.0,0.0,0.0,0.0],[1.0,0.0,0.0,0.0,0.3636163621,0.0,0.0,0.0,0.0,0.0,0.0,0.0,0.0,0.0,0.0,0.0,0.0,0.0,0.0,0.0],[1.0,1.0,1.0,0.0,1.0,0.0,1.0,0.0,0.0,0.0,0.0,0.0,0.0,0.0,0.0,0.0,0.0,0.0,0.0,0.0],[1.0,0.0,0.6363836379,0.0,0.0,0.0,0.0,0.0,0.0,0.0,0.0,0.0,0.0,0.0,0.0,0.0,0.0,0.0,0.0,0.0],[1.0,1.0,1.0,1.0,1.0,0.0,1.0,0.0,0.0,0.0,0.0,0.0,0.0,0.0,0.0,0.0,0.0,0.0,0.0,0.0],[1.0,1.0,1.0,0.0,1.0,0.0,0.0,0.0,0.0,0.0,0.0,0.0,0.0,0.0,0.0,0.0,0.0,0.0,0.0,0.0],[1.0,1.0,1.0,1.0,1.0,1.0,1.0,0.0,0.0,0.0,0.0,0.0,0.0,0.0,0.0,0.0,0.0,0.0,0.0,0.0],[1.0,1.0,1.0,1.0,1.0,1.0,1.0,1.0,0.0,0.0,0.0,0.0,0.0,0.0,0.0,0.0,0.0,0.0,0.0,0.0],[1.0,1.0,1.0,1.0,1.0,1.0,1.0,1.0,1.0,0.0,1.0,0.0,0.0,0.0,0.0,0.0,0.0,0.0,0.0,0.0],[1.0,1.0,1.0,1.0,1.0,1.0,1.0,1.0,1.0,0.0,0.0,0.0,0.0,0.0,0.0,0.0,0.0,0.0,0.0,0.0],[1.0,1.0,1.0,1.0,1.0,1.0,1.0,1.0,1.0,1.0,1.0,0.0,0.335508235,0.0,1.0,0.3629279927,0.0,0.0,0.0,0.0],[1.0,1.0,1.0,1.0,1.0,1.0,1.0,1.0,1.0,1.0,1.0,0.664491765,0.0,0.0,1.0,0.3630637778,0.0,0.0,0.0,0.0],[1.0,1.0,1.0,1.0,1.0,1.0,1.0,1.0,1.0,1.0,1.0,1.0,1.0,0.0,1.0,1.0,0.0,0.0,0.0,0.0],[1.0,1.0,1.0,1.0,1.0,1.0,1.0,1.0,1.0,1.0,1.0,0.0,0.0,0.0,0.0,0.0,0.0,0.0,0.0,0.0],[1.0,1.0,1.0,1.0,1.0,1.0,1.0,1.0,1.0,1.0,1.0,0.6370720073,0.6369362222,0.0,1.0,0.0,0.0,0.0,0.0,0.0],[1.0,1.0,1.0,1.0,1.0,1.0,1.0,1.0,1.0,1.0,1.0,1.0,1.0,1.0,1.0,1.0,0.0,0.0,0.0,0.0],[1.0,1.0,1.0,1.0,1.0,1.0,1.0,1.0,1.0,1.0,1.0,1.0,1.0,1.0,1.0,1.0,1.0,0.0,0.0,0.0],[1.0,1.0,1.0,1.0,1.0,1.0,1.0,1.0,1.0,1.0,1.0,1.0,1.0,1.0,1.0,1.0,1.0,1.0,0.0,0.0],[1.0,1.0,1.0,1.0,1.0,1.0,1.0,1.0,1.0,1.0,1.0,1.0,1.0,1.0,1.0,1.0,1.0,1.0,1.0,0.0]],"outlier_solution":[19,18,17,16,13,11,12,15,14,9,10,8,7,5,3,6,1,2,4,0],"dataset_id":449,"source_dataset_id":496,"options":null,"D":{"0":{"0":0,"1":5,"2":0,"3":5,"4":0,"5":5,"6":5,"7":3,"8":5,"9":5,"10":5,"11":5,"12":1,"13":5,"14":5,"15":5,"16":5,"17":5,"18":5,"19":5},"1":{"0":0,"1":0,"2":5,"3":2,"4":5,"5":5,"6":0,"7":5,"8":5,"9":5,"10":3,"11":5,"12":5,"13":5,"14":0,"15":5,"16":0,"17":5,"18":1,"19":5},"2":{"0":0,"1":0,"2":0,"3":5,"4":5,"5":5,"6":0,"7":5,"8":5,"9":5,"10":5,"11":0,"12":5,"13":5,"14":5,"15":5,"16":5,"17":5,"18":5,"19":5},"3":{"0":0,"1":0,"2":0,"3":0,"4":5,"5":5,"6":2,"7":3,"8":0,"9":5,"10":5,"11":5,"12":5,"13":5,"14":5,"15":2,"16":5,"17":5,"18":2,"19":5},"4":{"0":0,"1":4,"2":3,"3":0,"4":0,"5":5,"6":5,"7":5,"8":5,"9":0,"10":5,"11":5,"12":5,"13":5,"14":5,"15":5,"16":5,"17":0,"18":1,"19":5},"5":{"0":0,"1":0,"2":0,"3":0,"4":0,"5":0,"6":5,"7":5,"8":5,"9":5,"10":5,"11":5,"12":5,"13":5,"14":5,"15":5,"16":5,"17":5,"18":5,"19":5},"6":{"0":0,"1":0,"2":0,"3":2,"4":0,"5":4,"6":0,"7":5,"8":5,"9":5,"10":5,"11":5,"12":5,"13":5,"14":5,"15":3,"16":2,"17":5,"18":5,"19":5},"7":{"0":0,"1":1,"2":0,"3":0,"4":0,"5":0,"6":0,"7":0,"8":4,"9":5,"10":5,"11":5,"12":5,"13":5,"14":5,"15":1,"16":5,"17":0,"18":5,"19":0},"8":{"0":0,"1":0,"2":0,"3":4,"4":0,"5":0,"6":0,"7":0,"8":0,"9":5,"10":5,"11":5,"12":0,"13":5,"14":0,"15":5,"16":5,"17":5,"18":2,"19":5},"9":{"0":0,"1":0,"2":1,"3":0,"4":0,"5":0,"6":0,"7":0,"8":0,"9":0,"10":5,"11":5,"12":5,"13":5,"14":5,"15":5,"16":5,"17":5,"18":0,"19":1},"10":{"0":0,"1":0,"2":0,"3":2,"4":0,"5":0,"6":0,"7":3,"8":0,"9":0,"10":0,"11":5,"12":5,"13":5,"14":0,"15":5,"16":5,"17":5,"18":1,"19":5},"11":{"0":0,"1":0,"2":0,"3":0,"4":0,"5":0,"6":2,"7":0,"8":0,"9":0,"10":0,"11":0,"12":5,"13":5,"14":0,"15":0,"16":5,"17":0,"18":2,"19":5},"12":{"0":1,"1":0,"2":1,"3":0,"4":0,"5":0,"6":0,"7":0,"8":0,"9":0,"10":0,"11":0,"12":0,"13":5,"14":5,"15":5,"16":1,"17":3,"18":0,"19":5},"13":{"0":0,"1":0,"2":0,"3":0,"4":0,"5":0,"6":0,"7":0,"8":0,"9":0,"10":0,"11":0,"12":1,"13":0,"14":5,"15":5,"16":5,"17":2,"18":5,"19":5},"14":{"0":0,"1":2,"2":0,"3":0,"4":0,"5":0,"6":0,"7":0,"8":0,"9":0,"10":0,"11":0,"12":5,"13":0,"14":0,"15":5,"16":5,"17":5,"18":5,"19":5},"15":{"0":0,"1":0,"2":0,"3":0,"4":0,"5":2,"6":0,"7":0,"8":0,"9":0,"10":0,"11":4,"12":2,"13":0,"14":0,"15":0,"16":0,"17":5,"18":5,"19":5},"16":{"0":0,"1":5,"2":0,"3":0,"4":0,"5":0,"6":0,"7":0,"8":2,"9":1,"10":0,"11":0,"12":0,"13":0,"14":0,"15":0,"16":0,"17":5,"18":5,"19":1},"17":{"0":0,"1":0,"2":0,"3":0,"4":0,"5":0,"6":2,"7":0,"8":0,"9":0,"10":0,"11":0,"12":0,"13":1,"14":0,"15":0,"16":5,"17":0,"18":5,"19":5},"18":{"0":0,"1":0,"2":0,"3":0,"4":0,"5":0,"6":0,"7":0,"8":0,"9":0,"10":0,"11":0,"12":0,"13":0,"14":0,"15":0,"16":0,"17":2,"18":0,"19":5},"19":{"0":0,"1":0,"2":0,"3":0,"4":0,"5":3,"6":0,"7":4,"8":0,"9":2,"10":0,"11":0,"12":0,"13":0,"14":1,"15":0,"16":0,"17":0,"18":0,"19":0}},"method":"hillside","closest_pair":[[19,18,17,16,13,12,15,11,14,9,10,8,7,5,3,6,1,4,2,0],[19,18,17,16,13,12,11,15,14,9,10,8,7,5,3,6,1,4,2,0]],"farthest_pair":[[19,18,17,16,13,11,12,15,14,9,10,8,7,5,3,6,1,4,2,0],[19,18,17,16,13,15,12,11,14,9,10,8,7,5,3,6,1,2,4,0]],"tau_farthest_pair":0.9578947368,"tau_closest_pair":0.9894736842,"centroid_solution":[19,18,17,16,13,15,12,11,14,9,10,8,7,5,3,6,1,4,2,0]}