{"solutions":[[17,19,18,16,13,15,14,12,10,11,8,7,9,5,6,3,4,1,0,2],[17,19,18,16,13,15,12,14,10,11,8,7,9,6,5,3,4,1,0,2],[17,19,18,16,13,15,14,12,10,8,11,7,9,5,6,3,1,4,0,2],[17,19,18,16,13,15,12,14,10,11,8,7,9,5,6,3,4,1,0,2],[17,19,18,16,13,14,15,12,10,8,11,7,9,6,5,3,1,4,0,2],[17,19,18,16,13,15,12,14,10,8,11,7,9,5,6,3,4,1,0,2],[17,19,18,16,13,15,14,12,10,8,11,7,9,5,6,3,4,1,0,2],[17,19,18,16,13,15,14,12,10,8,11,7,9,6,5,3,1,4,0,2],[17,19,18,16,13,14,15,12,10,8,11,7,9,6,5,3,4,1,0,2],[17,19,18,16,13,14,15,12,10,11,8,7,9,5,6,3,1,4,0,2],[17,19,18,16,13,15,14,12,10,8,11,7,9,6,5,3,4,1,0,2],[17,19,18,16,13,15,12,14,10,8,11,7,9,6,5,3,4,1,0,2],[17,19,18,16,13,15,12,14,10,11,8,7,9,6,5,3,1,4,0,2],[17,19,18,16,13,14,15,12,10,11,8,7,9,5,6,3,4,1,0,2],[17,19,18,16,13,15,12,14,10,11,8,7,9,5,6,3,1,4,0,2],[17,19,18,16,13,14,15,12,10,8,11,7,9,5,6,3,1,4,0,2],[17,19,18,16,13,14,15,12,10,11,8,7,9,6,5,3,4,1,0,2],[17,19,18,16,13,15,14,12,10,11,8,7,9,6,5,3,4,1,0,2],[17,19,18,16,13,14,15,12,10,11,8,7,9,6,5,3,1,4,0,2],[17,19,18,16,13,15,14,12,10,11,8,7,9,6,5,3,1,4,0,2],[17,19,18,16,13,15,12,14,10,8,11,7,9,5,6,3,1,4,0,2],[17,19,18,16,13,14,15,12,10,8,11,7,9,5,6,3,4,1,0,2],[17,19,18,16,13,15,12,14,10,8,11,7,9,6,5,3,1,4,0,2],[17,19,18,16,13,15,14,12,10,11,8,7,9,5,6,3,1,4,0,2]],"obj":796.0,"max_tau_solutions":null,"centroid_x":[[0.0,0.0,1.0,0.0,0.0,0.0,0.0,0.0,0.0,0.0,0.0,0.0,0.0,0.0,0.0,0.0,0.0,0.0,0.0,0.0],[1.0,0.0,1.0,0.0,0.3526295024,0.0,0.0,0.0,0.0,0.0,0.0,0.0,0.0,0.0,0.0,0.0,0.0,0.0,0.0,0.0],[0.0,0.0,0.0,0.0,0.0,0.0,0.0,0.0,0.0,0.0,0.0,0.0,0.0,0.0,0.0,0.0,0.0,0.0,0.0,0.0],[1.0,1.0,1.0,0.0,1.0,0.0,0.0,0.0,0.0,0.0,0.0,0.0,0.0,0.0,0.0,0.0,0.0,0.0,0.0,0.0],[1.0,0.6473704976,1.0,0.0,0.0,0.0,0.0,0.0,0.0,0.0,0.0,0.0,0.0,0.0,0.0,0.0,0.0,0.0,0.0,0.0],[1.0,1.0,1.0,1.0,1.0,0.0,0.3376223062,0.0,0.0,0.0,0.0,0.0,0.0,0.0,0.0,0.0,0.0,0.0,0.0,0.0],[1.0,1.0,1.0,1.0,1.0,0.6623776938,0.0,0.0,0.0,0.0,0.0,0.0,0.0,0.0,0.0,0.0,0.0,0.0,0.0,0.0],[1.0,1.0,1.0,1.0,1.0,1.0,1.0,0.0,0.0,1.0,0.0,0.0,0.0,0.0,0.0,0.0,0.0,0.0,0.0,0.0],[1.0,1.0,1.0,1.0,1.0,1.0,1.0,1.0,0.0,1.0,0.0,0.3700105234,0.0,0.0,0.0,0.0,0.0,0.0,0.0,0.0],[1.0,1.0,1.0,1.0,1.0,1.0,1.0,0.0,0.0,0.0,0.0,0.0,0.0,0.0,0.0,0.0,0.0,0.0,0.0,0.0],[1.0,1.0,1.0,1.0,1.0,1.0,1.0,1.0,1.0,1.0,0.0,1.0,0.0,0.0,0.0,0.0,0.0,0.0,0.0,0.0],[1.0,1.0,1.0,1.0,1.0,1.0,1.0,1.0,0.6299894766,1.0,0.0,0.0,0.0,0.0,0.0,0.0,0.0,0.0,0.0,0.0],[1.0,1.0,1.0,1.0,1.0,1.0,1.0,1.0,1.0,1.0,1.0,1.0,0.0,0.0,0.31228703,0.0,0.0,0.0,0.0,0.0],[1.0,1.0,1.0,1.0,1.0,1.0,1.0,1.0,1.0,1.0,1.0,1.0,1.0,0.0,1.0,1.0,0.0,0.0,0.0,0.0],[1.0,1.0,1.0,1.0,1.0,1.0,1.0,1.0,1.0,1.0,1.0,1.0,0.68771297,0.0,0.0,0.3173250357,0.0,0.0,0.0,0.0],[1.0,1.0,1.0,1.0,1.0,1.0,1.0,1.0,1.0,1.0,1.0,1.0,1.0,0.0,0.6826749643,0.0,0.0,0.0,0.0,0.0],[1.0,1.0,1.0,1.0,1.0,1.0,1.0,1.0,1.0,1.0,1.0,1.0,1.0,1.0,1.0,1.0,0.0,0.0,0.0,0.0],[1.0,1.0,1.0,1.0,1.0,1.0,1.0,1.0,1.0,1.0,1.0,1.0,1.0,1.0,1.0,1.0,1.0,0.0,1.0,1.0],[1.0,1.0,1.0,1.0,1.0,1.0,1.0,1.0,1.0,1.0,1.0,1.0,1.0,1.0,1.0,1.0,1.0,0.0,0.0,0.0],[1.0,1.0,1.0,1.0,1.0,1.0,1.0,1.0,1.0,1.0,1.0,1.0,1.0,1.0,1.0,1.0,1.0,0.0,1.0,0.0]],"outlier_solution":[17,19,18,16,13,15,12,14,10,8,11,7,9,5,6,3,1,4,0,2],"dataset_id":451,"source_dataset_id":498,"options":null,"D":{"0":{"0":0,"1":5,"2":5,"3":5,"4":5,"5":5,"6":5,"7":5,"8":5,"9":0,"10":3,"11":0,"12":5,"13":5,"14":2,"15":5,"16":5,"17":1,"18":5,"19":5},"1":{"0":0,"1":0,"2":5,"3":2,"4":0,"5":5,"6":5,"7":5,"8":0,"9":5,"10":5,"11":5,"12":5,"13":5,"14":1,"15":0,"16":5,"17":5,"18":5,"19":1},"2":{"0":0,"1":0,"2":0,"3":5,"4":5,"5":3,"6":5,"7":5,"8":5,"9":5,"10":5,"11":5,"12":5,"13":5,"14":5,"15":5,"16":5,"17":5,"18":5,"19":5},"3":{"0":0,"1":2,"2":0,"3":0,"4":5,"5":4,"6":5,"7":5,"8":5,"9":5,"10":0,"11":0,"12":5,"13":3,"14":5,"15":0,"16":5,"17":5,"18":5,"19":5},"4":{"0":0,"1":0,"2":5,"3":0,"4":0,"5":5,"6":5,"7":5,"8":5,"9":5,"10":5,"11":5,"12":5,"13":5,"14":5,"15":5,"16":5,"17":5,"18":0,"19":5},"5":{"0":0,"1":0,"2":0,"3":0,"4":3,"5":0,"6":5,"7":5,"8":0,"9":0,"10":5,"11":5,"12":5,"13":0,"14":5,"15":2,"16":5,"17":5,"18":5,"19":5},"6":{"0":0,"1":0,"2":0,"3":2,"4":0,"5":4,"6":0,"7":5,"8":5,"9":2,"10":5,"11":5,"12":5,"13":0,"14":5,"15":5,"16":5,"17":5,"18":0,"19":5},"7":{"0":0,"1":0,"2":0,"3":0,"4":0,"5":0,"6":0,"7":0,"8":5,"9":5,"10":5,"11":5,"12":5,"13":2,"14":5,"15":5,"16":5,"17":5,"18":5,"19":5},"8":{"0":0,"1":0,"2":0,"3":4,"4":0,"5":0,"6":0,"7":0,"8":0,"9":5,"10":4,"11":0,"12":5,"13":5,"14":5,"15":5,"16":5,"17":5,"18":5,"19":0},"9":{"0":2,"1":0,"2":0,"3":0,"4":2,"5":0,"6":0,"7":0,"8":0,"9":0,"10":0,"11":5,"12":5,"13":5,"14":5,"15":5,"16":0,"17":5,"18":5,"19":5},"10":{"0":0,"1":0,"2":0,"3":0,"4":0,"5":0,"6":0,"7":0,"8":5,"9":0,"10":0,"11":5,"12":5,"13":5,"14":3,"15":5,"16":5,"17":1,"18":5,"19":5},"11":{"0":5,"1":0,"2":0,"3":0,"4":0,"5":0,"6":0,"7":0,"8":5,"9":0,"10":0,"11":0,"12":5,"13":5,"14":5,"15":0,"16":5,"17":5,"18":5,"19":5},"12":{"0":0,"1":0,"2":0,"3":5,"4":0,"5":0,"6":0,"7":0,"8":0,"9":0,"10":0,"11":0,"12":0,"13":5,"14":5,"15":5,"16":5,"17":5,"18":5,"19":4},"13":{"0":0,"1":0,"2":0,"3":0,"4":0,"5":0,"6":3,"7":0,"8":0,"9":0,"10":2,"11":0,"12":0,"13":0,"14":5,"15":5,"16":5,"17":5,"18":5,"19":5},"14":{"0":0,"1":4,"2":0,"3":0,"4":0,"5":2,"6":0,"7":0,"8":0,"9":0,"10":0,"11":0,"12":0,"13":4,"14":0,"15":3,"16":5,"17":5,"18":3,"19":5},"15":{"0":1,"1":0,"2":0,"3":0,"4":0,"5":0,"6":0,"7":0,"8":0,"9":0,"10":0,"11":0,"12":0,"13":5,"14":0,"15":0,"16":5,"17":5,"18":5,"19":0},"16":{"0":0,"1":5,"2":0,"3":3,"4":0,"5":0,"6":0,"7":1,"8":0,"9":0,"10":0,"11":0,"12":0,"13":4,"14":0,"15":0,"16":0,"17":5,"18":5,"19":0},"17":{"0":0,"1":0,"2":0,"3":0,"4":0,"5":0,"6":0,"7":0,"8":0,"9":0,"10":0,"11":0,"12":0,"13":2,"14":0,"15":0,"16":0,"17":0,"18":2,"19":5},"18":{"0":0,"1":0,"2":0,"3":0,"4":0,"5":0,"6":0,"7":0,"8":0,"9":0,"10":0,"11":0,"12":1,"13":0,"14":0,"15":0,"16":0,"17":2,"18":0,"19":5},"19":{"0":0,"1":0,"2":0,"3":0,"4":0,"5":0,"6":0,"7":0,"8":1,"9":0,"10":0,"11":0,"12":0,"13":5,"14":0,"15":0,"16":0,"17":0,"18":0,"19":0}},"method":"hillside","closest_pair":[[17,19,18,16,13,15,14,12,10,11,8,7,9,6,5,3,4,1,0,2],[17,19,18,16,13,14,15,12,10,11,8,7,9,6,5,3,4,1,0,2]],"farthest_pair":[[17,19,18,16,13,15,12,14,10,11,8,7,9,6,5,3,4,1,0,2],[17,19,18,16,13,14,15,12,10,8,11,7,9,5,6,3,1,4,0,2]],"tau_farthest_pair":0.9473684211,"tau_closest_pair":0.9894736842,"centroid_solution":[17,19,18,16,13,15,14,12,10,11,8,7,9,6,5,3,4,1,0,2]}