{"solutions":[[19,17,10,16,11,15,7,14,8,18,9,12,13,6,4,3,1,5,2,0],[17,19,10,16,11,15,7,8,14,18,9,12,13,6,4,3,1,5,2,0],[17,19,10,16,11,15,8,7,14,18,9,12,13,6,4,3,1,5,2,0],[19,17,10,16,11,15,8,7,14,18,9,12,13,6,4,3,1,5,2,0],[19,17,10,16,11,15,8,7,14,18,9,12,13,6,3,4,1,5,2,0],[17,19,10,16,11,15,7,14,8,18,9,12,13,3,6,4,1,5,2,0],[17,19,10,16,11,15,8,7,14,18,9,12,13,3,6,4,1,5,2,0],[17,19,10,16,11,15,7,8,14,18,9,12,13,6,3,4,1,5,2,0],[19,17,10,16,11,15,7,8,14,18,9,12,13,6,4,3,1,5,2,0],[17,19,10,16,11,15,7,14,8,18,9,12,13,6,3,4,1,5,2,0],[19,17,10,16,11,15,7,14,8,18,9,12,13,6,3,4,1,5,2,0],[19,17,10,16,11,15,7,14,8,18,9,12,13,3,6,4,1,5,2,0],[17,19,10,16,11,15,7,8,14,18,9,12,13,3,6,4,1,5,2,0],[17,19,10,16,11,15,8,7,14,18,9,12,13,6,3,4,1,5,2,0],[17,19,10,16,11,15,7,14,8,18,9,12,13,6,4,3,1,5,2,0],[19,17,10,16,11,15,7,8,14,18,9,12,13,3,6,4,1,5,2,0],[19,17,10,16,11,15,8,7,14,18,9,12,13,3,6,4,1,5,2,0],[19,17,10,16,11,15,7,8,14,18,9,12,13,6,3,4,1,5,2,0]],"obj":1912.0,"max_tau_solutions":null,"centroid_x":[[0.0,0.0,0.0,0.0,0.0,0.0,0.0,0.0,0.0,0.0,0.0,0.0,0.0,0.0,0.0,0.0,0.0,0.0,0.0,0.0],[1.0,0.0,1.0,0.0,0.0,1.0,0.0,0.0,0.0,0.0,0.0,0.0,0.0,0.0,0.0,0.0,0.0,0.0,0.0,0.0],[1.0,0.0,0.0,0.0,0.0,0.0,0.0,0.0,0.0,0.0,0.0,0.0,0.0,0.0,0.0,0.0,0.0,0.0,0.0,0.0],[1.0,1.0,1.0,0.0,0.4032258179,1.0,0.3232099392,0.0,0.0,0.0,0.0,0.0,0.0,0.0,0.0,0.0,0.0,0.0,0.0,0.0],[1.0,1.0,1.0,0.5967741821,0.0,1.0,0.0,0.0,0.0,0.0,0.0,0.0,0.0,0.0,0.0,0.0,0.0,0.0,0.0,0.0],[1.0,0.0,1.0,0.0,0.0,0.0,0.0,0.0,0.0,0.0,0.0,0.0,0.0,0.0,0.0,0.0,0.0,0.0,0.0,0.0],[1.0,1.0,1.0,0.6767900608,1.0,1.0,0.0,0.0,0.0,0.0,0.0,0.0,0.0,0.0,0.0,0.0,0.0,0.0,0.0,0.0],[1.0,1.0,1.0,1.0,1.0,1.0,1.0,0.0,0.4706232734,1.0,0.0,0.0,1.0,1.0,1.0,0.0,0.0,0.0,1.0,0.0],[1.0,1.0,1.0,1.0,1.0,1.0,1.0,0.5293767266,0.0,1.0,0.0,0.0,1.0,1.0,0.5637941678,0.0,0.0,0.0,1.0,0.0],[1.0,1.0,1.0,1.0,1.0,1.0,1.0,0.0,0.0,0.0,0.0,0.0,1.0,1.0,0.0,0.0,0.0,0.0,0.0,0.0],[1.0,1.0,1.0,1.0,1.0,1.0,1.0,1.0,1.0,1.0,0.0,1.0,1.0,1.0,1.0,1.0,1.0,0.0,1.0,0.0],[1.0,1.0,1.0,1.0,1.0,1.0,1.0,1.0,1.0,1.0,0.0,0.0,1.0,1.0,1.0,1.0,0.0,0.0,1.0,0.0],[1.0,1.0,1.0,1.0,1.0,1.0,1.0,0.0,0.0,0.0,0.0,0.0,0.0,1.0,0.0,0.0,0.0,0.0,0.0,0.0],[1.0,1.0,1.0,1.0,1.0,1.0,1.0,0.0,0.0,0.0,0.0,0.0,0.0,0.0,0.0,0.0,0.0,0.0,0.0,0.0],[1.0,1.0,1.0,1.0,1.0,1.0,1.0,0.0,0.4362058322,1.0,0.0,0.0,1.0,1.0,0.0,0.0,0.0,0.0,1.0,0.0],[1.0,1.0,1.0,1.0,1.0,1.0,1.0,1.0,1.0,1.0,0.0,0.0,1.0,1.0,1.0,0.0,0.0,0.0,1.0,0.0],[1.0,1.0,1.0,1.0,1.0,1.0,1.0,1.0,1.0,1.0,0.0,1.0,1.0,1.0,1.0,1.0,0.0,0.0,1.0,0.0],[1.0,1.0,1.0,1.0,1.0,1.0,1.0,1.0,1.0,1.0,1.0,1.0,1.0,1.0,1.0,1.0,1.0,0.0,1.0,0.3580405786],[1.0,1.0,1.0,1.0,1.0,1.0,1.0,0.0,0.0,1.0,0.0,0.0,1.0,1.0,0.0,0.0,0.0,0.0,0.0,0.0],[1.0,1.0,1.0,1.0,1.0,1.0,1.0,1.0,1.0,1.0,1.0,1.0,1.0,1.0,1.0,1.0,1.0,0.6419594214,1.0,0.0]],"outlier_solution":[17,19,10,16,11,15,7,14,8,18,9,12,13,3,6,4,1,5,2,0],"dataset_id":455,"source_dataset_id":502,"options":null,"D":{"0":{"0":0,"1":5,"2":3,"3":5,"4":5,"5":5,"6":3,"7":5,"8":5,"9":0,"10":5,"11":0,"12":5,"13":5,"14":3,"15":2,"16":5,"17":2,"18":2,"19":5},"1":{"0":4,"1":0,"2":5,"3":4,"4":2,"5":5,"6":5,"7":5,"8":0,"9":0,"10":5,"11":5,"12":0,"13":5,"14":2,"15":0,"16":5,"17":5,"18":2,"19":5},"2":{"0":0,"1":4,"2":0,"3":5,"4":5,"5":5,"6":1,"7":5,"8":5,"9":2,"10":5,"11":4,"12":5,"13":5,"14":0,"15":0,"16":5,"17":0,"18":0,"19":5},"3":{"0":0,"1":0,"2":0,"3":0,"4":0,"5":5,"6":5,"7":5,"8":0,"9":5,"10":1,"11":5,"12":2,"13":5,"14":5,"15":0,"16":5,"17":5,"18":0,"19":1},"4":{"0":0,"1":0,"2":0,"3":1,"4":0,"5":5,"6":5,"7":5,"8":0,"9":5,"10":5,"11":5,"12":4,"13":5,"14":3,"15":5,"16":3,"17":0,"18":4,"19":5},"5":{"0":0,"1":3,"2":0,"3":0,"4":3,"5":0,"6":5,"7":5,"8":5,"9":0,"10":5,"11":5,"12":2,"13":5,"14":5,"15":1,"16":5,"17":5,"18":5,"19":3},"6":{"0":0,"1":0,"2":3,"3":1,"4":0,"5":0,"6":0,"7":5,"8":5,"9":5,"10":4,"11":5,"12":5,"13":5,"14":5,"15":1,"16":1,"17":1,"18":0,"19":3},"7":{"0":0,"1":0,"2":0,"3":0,"4":5,"5":0,"6":4,"7":0,"8":5,"9":5,"10":0,"11":5,"12":5,"13":0,"14":5,"15":5,"16":0,"17":5,"18":5,"19":2},"8":{"0":0,"1":0,"2":0,"3":4,"4":5,"5":5,"6":0,"7":2,"8":0,"9":2,"10":2,"11":2,"12":2,"13":5,"14":1,"15":1,"16":0,"17":5,"18":0,"19":5},"9":{"0":0,"1":0,"2":1,"3":1,"4":0,"5":0,"6":1,"7":0,"8":4,"9":0,"10":0,"11":5,"12":2,"13":0,"14":1,"15":3,"16":5,"17":5,"18":1,"19":2},"10":{"0":0,"1":1,"2":0,"3":0,"4":1,"5":0,"6":0,"7":0,"8":0,"9":3,"10":0,"11":5,"12":0,"13":0,"14":5,"15":1,"16":5,"17":2,"18":0,"19":3},"11":{"0":5,"1":3,"2":3,"3":0,"4":4,"5":0,"6":0,"7":0,"8":4,"9":0,"10":0,"11":0,"12":5,"13":5,"14":2,"15":5,"16":2,"17":5,"18":5,"19":3},"12":{"0":1,"1":4,"2":0,"3":0,"4":0,"5":1,"6":4,"7":5,"8":0,"9":0,"10":5,"11":5,"12":0,"13":0,"14":0,"15":5,"16":3,"17":5,"18":2,"19":5},"13":{"0":1,"1":0,"2":0,"3":0,"4":3,"5":4,"6":0,"7":0,"8":4,"9":5,"10":0,"11":0,"12":2,"13":0,"14":2,"15":3,"16":5,"17":3,"18":5,"19":5},"14":{"0":1,"1":0,"2":4,"3":0,"4":0,"5":0,"6":0,"7":0,"8":5,"9":0,"10":0,"11":1,"12":0,"13":0,"14":0,"15":5,"16":5,"17":5,"18":1,"19":5},"15":{"0":0,"1":5,"2":0,"3":0,"4":0,"5":4,"6":1,"7":3,"8":3,"9":1,"10":0,"11":0,"12":0,"13":0,"14":2,"15":0,"16":5,"17":5,"18":1,"19":1},"16":{"0":0,"1":4,"2":2,"3":0,"4":0,"5":0,"6":5,"7":2,"8":1,"9":2,"10":5,"11":3,"12":1,"13":0,"14":0,"15":0,"16":0,"17":5,"18":0,"19":5},"17":{"0":0,"1":4,"2":0,"3":0,"4":1,"5":0,"6":0,"7":0,"8":2,"9":0,"10":0,"11":5,"12":5,"13":0,"14":0,"15":0,"16":0,"17":0,"18":5,"19":0},"18":{"0":3,"1":0,"2":0,"3":3,"4":0,"5":2,"6":0,"7":4,"8":0,"9":4,"10":3,"11":3,"12":1,"13":0,"14":0,"15":3,"16":0,"17":5,"18":0,"19":5},"19":{"0":0,"1":2,"2":2,"3":0,"4":2,"5":0,"6":0,"7":4,"8":0,"9":0,"10":0,"11":0,"12":0,"13":0,"14":0,"15":2,"16":1,"17":0,"18":0,"19":0}},"method":"hillside","closest_pair":[[19,17,10,16,11,15,8,7,14,18,9,12,13,6,4,3,1,5,2,0],[19,17,10,16,11,15,7,8,14,18,9,12,13,6,4,3,1,5,2,0]],"farthest_pair":[[17,19,10,16,11,15,8,7,14,18,9,12,13,6,4,3,1,5,2,0],[19,17,10,16,11,15,7,14,8,18,9,12,13,3,6,4,1,5,2,0]],"tau_farthest_pair":0.9473684211,"tau_closest_pair":0.9894736842,"centroid_solution":[19,17,10,16,11,15,8,7,14,18,9,12,13,6,4,3,1,5,2,0]}