{"solutions":[[0,2,5,1,4,3,6,13,12,9,18,8,14,7,15,11,16,10,19,17],[0,2,5,1,4,6,3,13,12,9,18,8,14,7,15,11,16,10,19,17],[0,2,5,1,4,6,3,13,12,9,18,14,7,8,15,11,16,10,19,17],[0,2,5,1,3,4,6,13,12,9,18,8,14,7,15,11,16,10,17,19],[0,2,5,1,4,3,6,13,12,9,18,14,7,8,15,11,16,10,19,17],[0,2,5,1,4,6,3,13,12,9,18,14,8,7,15,11,16,10,17,19],[0,2,5,1,4,3,6,13,12,9,18,14,8,7,15,11,16,10,19,17],[0,2,5,1,3,4,6,13,12,9,18,14,7,8,15,11,16,10,17,19],[0,2,5,1,3,4,6,13,12,9,18,14,8,7,15,11,16,10,17,19],[0,2,5,1,3,4,6,13,12,9,18,14,7,8,15,11,16,10,19,17],[0,2,5,1,4,6,3,13,12,9,18,14,7,8,15,11,16,10,17,19],[0,2,5,1,4,3,6,13,12,9,18,14,7,8,15,11,16,10,17,19],[0,2,5,1,4,3,6,13,12,9,18,14,8,7,15,11,16,10,17,19],[0,2,5,1,4,3,6,13,12,9,18,8,14,7,15,11,16,10,17,19],[0,2,5,1,4,6,3,13,12,9,18,8,14,7,15,11,16,10,17,19],[0,2,5,1,4,6,3,13,12,9,18,14,8,7,15,11,16,10,19,17],[0,2,5,1,3,4,6,13,12,9,18,14,8,7,15,11,16,10,19,17],[0,2,5,1,3,4,6,13,12,9,18,8,14,7,15,11,16,10,19,17]],"obj":1912.0,"max_tau_solutions":null,"centroid_x":[[0.0,1.0,1.0,1.0,1.0,1.0,1.0,1.0,1.0,1.0,1.0,1.0,1.0,1.0,1.0,1.0,1.0,1.0,1.0,1.0],[0.0,0.0,0.0,1.0,1.0,0.0,1.0,1.0,1.0,1.0,1.0,1.0,1.0,1.0,1.0,1.0,1.0,1.0,1.0,1.0],[0.0,1.0,0.0,1.0,1.0,1.0,1.0,1.0,1.0,1.0,1.0,1.0,1.0,1.0,1.0,1.0,1.0,1.0,1.0,1.0],[0.0,0.0,0.0,0.0,0.432058273,0.0,0.5406943062,1.0,1.0,1.0,1.0,1.0,1.0,1.0,1.0,1.0,1.0,1.0,1.0,1.0],[0.0,0.0,0.0,0.567941727,0.0,0.0,1.0,1.0,1.0,1.0,1.0,1.0,1.0,1.0,1.0,1.0,1.0,1.0,1.0,1.0],[0.0,1.0,0.0,1.0,1.0,0.0,1.0,1.0,1.0,1.0,1.0,1.0,1.0,1.0,1.0,1.0,1.0,1.0,1.0,1.0],[0.0,0.0,0.0,0.4593056938,0.0,0.0,0.0,1.0,1.0,1.0,1.0,1.0,1.0,1.0,1.0,1.0,1.0,1.0,1.0,1.0],[0.0,0.0,0.0,0.0,0.0,0.0,0.0,0.0,0.4390669999,0.0,1.0,1.0,0.0,0.0,0.0,1.0,1.0,1.0,0.0,1.0],[0.0,0.0,0.0,0.0,0.0,0.0,0.0,0.5609330001,0.0,0.0,1.0,1.0,0.0,0.0,0.4320424723,1.0,1.0,1.0,0.0,1.0],[0.0,0.0,0.0,0.0,0.0,0.0,0.0,1.0,1.0,0.0,1.0,1.0,0.0,0.0,1.0,1.0,1.0,1.0,1.0,1.0],[0.0,0.0,0.0,0.0,0.0,0.0,0.0,0.0,0.0,0.0,0.0,0.0,0.0,0.0,0.0,0.0,0.0,1.0,0.0,1.0],[0.0,0.0,0.0,0.0,0.0,0.0,0.0,0.0,0.0,0.0,1.0,0.0,0.0,0.0,0.0,0.0,1.0,1.0,0.0,1.0],[0.0,0.0,0.0,0.0,0.0,0.0,0.0,1.0,1.0,1.0,1.0,1.0,0.0,0.0,1.0,1.0,1.0,1.0,1.0,1.0],[0.0,0.0,0.0,0.0,0.0,0.0,0.0,1.0,1.0,1.0,1.0,1.0,1.0,0.0,1.0,1.0,1.0,1.0,1.0,1.0],[0.0,0.0,0.0,0.0,0.0,0.0,0.0,1.0,0.5679575277,0.0,1.0,1.0,0.0,0.0,0.0,1.0,1.0,1.0,0.0,1.0],[0.0,0.0,0.0,0.0,0.0,0.0,0.0,0.0,0.0,0.0,1.0,1.0,0.0,0.0,0.0,0.0,1.0,1.0,0.0,1.0],[0.0,0.0,0.0,0.0,0.0,0.0,0.0,0.0,0.0,0.0,1.0,0.0,0.0,0.0,0.0,0.0,0.0,1.0,0.0,1.0],[0.0,0.0,0.0,0.0,0.0,0.0,0.0,0.0,0.0,0.0,0.0,0.0,0.0,0.0,0.0,0.0,0.0,0.0,0.0,0.4998388831],[0.0,0.0,0.0,0.0,0.0,0.0,0.0,1.0,1.0,0.0,1.0,1.0,0.0,0.0,1.0,1.0,1.0,1.0,0.0,1.0],[0.0,0.0,0.0,0.0,0.0,0.0,0.0,0.0,0.0,0.0,0.0,0.0,0.0,0.0,0.0,0.0,0.0,0.5001611169,0.0,0.0]],"outlier_solution":[0,2,5,1,3,4,6,13,12,9,18,8,14,7,15,11,16,10,17,19],"dataset_id":455,"source_dataset_id":502,"options":null,"D":{"0":{"0":0,"1":4,"2":0,"3":0,"4":0,"5":0,"6":0,"7":0,"8":0,"9":0,"10":0,"11":5,"12":1,"13":1,"14":1,"15":0,"16":0,"17":0,"18":3,"19":0},"1":{"0":5,"1":0,"2":4,"3":0,"4":0,"5":3,"6":0,"7":0,"8":0,"9":0,"10":1,"11":3,"12":4,"13":0,"14":0,"15":5,"16":4,"17":4,"18":0,"19":2},"2":{"0":3,"1":5,"2":0,"3":0,"4":0,"5":0,"6":3,"7":0,"8":0,"9":1,"10":0,"11":3,"12":0,"13":0,"14":4,"15":0,"16":2,"17":0,"18":0,"19":2},"3":{"0":5,"1":4,"2":5,"3":0,"4":1,"5":0,"6":1,"7":0,"8":4,"9":1,"10":0,"11":0,"12":0,"13":0,"14":0,"15":0,"16":0,"17":0,"18":3,"19":0},"4":{"0":5,"1":2,"2":5,"3":0,"4":0,"5":3,"6":0,"7":5,"8":5,"9":0,"10":1,"11":4,"12":0,"13":3,"14":0,"15":0,"16":0,"17":1,"18":0,"19":2},"5":{"0":5,"1":5,"2":5,"3":5,"4":5,"5":0,"6":0,"7":0,"8":5,"9":0,"10":0,"11":0,"12":1,"13":4,"14":0,"15":4,"16":0,"17":0,"18":2,"19":0},"6":{"0":3,"1":5,"2":1,"3":5,"4":5,"5":5,"6":0,"7":4,"8":0,"9":1,"10":0,"11":0,"12":4,"13":0,"14":0,"15":1,"16":5,"17":0,"18":0,"19":0},"7":{"0":5,"1":5,"2":5,"3":5,"4":5,"5":5,"6":5,"7":0,"8":2,"9":0,"10":0,"11":0,"12":5,"13":0,"14":0,"15":3,"16":2,"17":0,"18":4,"19":4},"8":{"0":5,"1":0,"2":5,"3":0,"4":0,"5":5,"6":5,"7":5,"8":0,"9":4,"10":0,"11":4,"12":0,"13":4,"14":5,"15":3,"16":1,"17":2,"18":0,"19":0},"9":{"0":0,"1":0,"2":2,"3":5,"4":5,"5":0,"6":5,"7":5,"8":2,"9":0,"10":3,"11":0,"12":0,"13":5,"14":0,"15":1,"16":2,"17":0,"18":4,"19":0},"10":{"0":5,"1":5,"2":5,"3":1,"4":5,"5":5,"6":4,"7":0,"8":2,"9":0,"10":0,"11":0,"12":5,"13":0,"14":0,"15":0,"16":5,"17":0,"18":3,"19":0},"11":{"0":0,"1":5,"2":4,"3":5,"4":5,"5":5,"6":5,"7":5,"8":2,"9":5,"10":5,"11":0,"12":5,"13":0,"14":1,"15":0,"16":3,"17":5,"18":3,"19":0},"12":{"0":5,"1":0,"2":5,"3":2,"4":4,"5":2,"6":5,"7":5,"8":2,"9":2,"10":0,"11":5,"12":0,"13":2,"14":0,"15":0,"16":1,"17":5,"18":1,"19":0},"13":{"0":5,"1":5,"2":5,"3":5,"4":5,"5":5,"6":5,"7":0,"8":5,"9":0,"10":0,"11":5,"12":0,"13":0,"14":0,"15":0,"16":0,"17":0,"18":0,"19":0},"14":{"0":3,"1":2,"2":0,"3":5,"4":3,"5":5,"6":5,"7":5,"8":1,"9":1,"10":5,"11":2,"12":0,"13":2,"14":0,"15":2,"16":0,"17":0,"18":0,"19":0},"15":{"0":2,"1":0,"2":0,"3":0,"4":5,"5":1,"6":1,"7":5,"8":1,"9":3,"10":1,"11":5,"12":5,"13":3,"14":5,"15":0,"16":0,"17":0,"18":3,"19":2},"16":{"0":5,"1":5,"2":5,"3":5,"4":3,"5":5,"6":1,"7":0,"8":0,"9":5,"10":5,"11":2,"12":3,"13":5,"14":5,"15":5,"16":0,"17":0,"18":0,"19":1},"17":{"0":2,"1":5,"2":0,"3":5,"4":0,"5":5,"6":1,"7":5,"8":5,"9":5,"10":2,"11":5,"12":5,"13":3,"14":5,"15":5,"16":5,"17":0,"18":5,"19":0},"18":{"0":2,"1":2,"2":0,"3":0,"4":4,"5":5,"6":0,"7":5,"8":0,"9":1,"10":0,"11":5,"12":2,"13":5,"14":1,"15":1,"16":0,"17":5,"18":0,"19":0},"19":{"0":5,"1":5,"2":5,"3":1,"4":5,"5":3,"6":3,"7":2,"8":5,"9":2,"10":3,"11":3,"12":5,"13":5,"14":5,"15":1,"16":5,"17":0,"18":5,"19":0}},"method":"hillside","closest_pair":[[0,2,5,1,3,4,6,13,12,9,18,14,8,7,15,11,16,10,19,17],[0,2,5,1,4,3,6,13,12,9,18,14,8,7,15,11,16,10,19,17]],"farthest_pair":[[0,2,5,1,3,4,6,13,12,9,18,14,7,8,15,11,16,10,17,19],[0,2,5,1,4,6,3,13,12,9,18,8,14,7,15,11,16,10,19,17]],"tau_farthest_pair":0.9473684211,"tau_closest_pair":0.9894736842,"centroid_solution":[0,2,5,1,4,3,6,13,12,9,18,14,8,7,15,11,16,10,19,17]}