{"solutions":[[19,18,17,11,13,14,12,15,8,16,10,7,9,5,6,3,2,4,1,0],[19,18,12,17,11,13,14,15,8,16,10,7,9,5,6,3,2,4,1,0],[19,18,12,17,11,13,14,8,15,16,10,7,9,5,6,3,2,4,1,0],[19,18,17,11,13,14,12,8,15,16,10,7,9,5,6,3,2,4,1,0]],"obj":1757.0,"max_tau_solutions":null,"centroid_x":[[0.0,0.0,0.0,0.0,0.0,0.0,0.0,0.0,0.0,0.0,0.0,0.0,0.0,0.0,0.0,0.0,0.0,0.0,0.0,0.0],[1.0,0.0,0.0,0.0,0.0,0.0,0.0,0.0,0.0,0.0,0.0,0.0,0.0,0.0,0.0,0.0,0.0,0.0,0.0,0.0],[1.0,1.0,0.0,0.0,1.0,0.0,0.0,0.0,0.0,0.0,0.0,0.0,0.0,0.0,0.0,0.0,0.0,0.0,0.0,0.0],[1.0,1.0,1.0,0.0,1.0,0.0,0.0,0.0,0.0,0.0,0.0,0.0,0.0,0.0,0.0,0.0,0.0,0.0,0.0,0.0],[1.0,1.0,0.0,0.0,0.0,0.0,0.0,0.0,0.0,0.0,0.0,0.0,0.0,0.0,0.0,0.0,0.0,0.0,0.0,0.0],[1.0,1.0,1.0,1.0,1.0,0.0,1.0,0.0,0.0,0.0,0.0,0.0,0.0,0.0,0.0,0.0,0.0,0.0,0.0,0.0],[1.0,1.0,1.0,1.0,1.0,0.0,0.0,0.0,0.0,0.0,0.0,0.0,0.0,0.0,0.0,0.0,0.0,0.0,0.0,0.0],[1.0,1.0,1.0,1.0,1.0,1.0,1.0,0.0,0.0,1.0,0.0,0.0,0.0,0.0,0.0,0.0,0.0,0.0,0.0,0.0],[1.0,1.0,1.0,1.0,1.0,1.0,1.0,1.0,0.0,1.0,1.0,0.0,0.0,0.0,0.0,0.4307030301,1.0,0.0,0.0,0.0],[1.0,1.0,1.0,1.0,1.0,1.0,1.0,0.0,0.0,0.0,0.0,0.0,0.0,0.0,0.0,0.0,0.0,0.0,0.0,0.0],[1.0,1.0,1.0,1.0,1.0,1.0,1.0,1.0,0.0,1.0,0.0,0.0,0.0,0.0,0.0,0.0,0.0,0.0,0.0,0.0],[1.0,1.0,1.0,1.0,1.0,1.0,1.0,1.0,1.0,1.0,1.0,0.0,0.4167589831,1.0,1.0,1.0,1.0,0.0,0.0,0.0],[1.0,1.0,1.0,1.0,1.0,1.0,1.0,1.0,1.0,1.0,1.0,0.5832410169,0.0,0.5832410221,0.583241021,1.0,1.0,0.5832410189,0.0,0.0],[1.0,1.0,1.0,1.0,1.0,1.0,1.0,1.0,1.0,1.0,1.0,0.0,0.4167589779,0.0,1.0,1.0,1.0,0.0,0.0,0.0],[1.0,1.0,1.0,1.0,1.0,1.0,1.0,1.0,1.0,1.0,1.0,0.0,0.416758979,0.0,0.0,1.0,1.0,0.0,0.0,0.0],[1.0,1.0,1.0,1.0,1.0,1.0,1.0,1.0,0.5692969699,1.0,1.0,0.0,0.0,0.0,0.0,0.0,1.0,0.0,0.0,0.0],[1.0,1.0,1.0,1.0,1.0,1.0,1.0,1.0,0.0,1.0,1.0,0.0,0.0,0.0,0.0,0.0,0.0,0.0,0.0,0.0],[1.0,1.0,1.0,1.0,1.0,1.0,1.0,1.0,1.0,1.0,1.0,1.0,0.4167589811,1.0,1.0,1.0,1.0,0.0,0.0,0.0],[1.0,1.0,1.0,1.0,1.0,1.0,1.0,1.0,1.0,1.0,1.0,1.0,1.0,1.0,1.0,1.0,1.0,1.0,0.0,0.0],[1.0,1.0,1.0,1.0,1.0,1.0,1.0,1.0,1.0,1.0,1.0,1.0,1.0,1.0,1.0,1.0,1.0,1.0,1.0,0.0]],"outlier_solution":[19,18,17,11,13,14,12,8,15,16,10,7,9,5,6,3,2,4,1,0],"dataset_id":457,"source_dataset_id":504,"options":null,"D":{"0":{"0":0,"1":0,"2":5,"3":5,"4":0,"5":4,"6":1,"7":5,"8":5,"9":5,"10":2,"11":5,"12":5,"13":2,"14":5,"15":0,"16":1,"17":2,"18":5,"19":4},"1":{"0":5,"1":0,"2":5,"3":0,"4":1,"5":5,"6":5,"7":1,"8":5,"9":0,"10":5,"11":5,"12":5,"13":5,"14":5,"15":2,"16":0,"17":5,"18":5,"19":0},"2":{"0":2,"1":5,"2":0,"3":5,"4":0,"5":2,"6":5,"7":5,"8":5,"9":5,"10":4,"11":5,"12":5,"13":2,"14":3,"15":0,"16":0,"17":5,"18":5,"19":0},"3":{"0":0,"1":1,"2":5,"3":0,"4":5,"5":5,"6":5,"7":0,"8":5,"9":0,"10":2,"11":5,"12":0,"13":0,"14":5,"15":0,"16":0,"17":5,"18":2,"19":5},"4":{"0":0,"1":2,"2":1,"3":5,"4":0,"5":2,"6":5,"7":5,"8":5,"9":0,"10":1,"11":5,"12":4,"13":2,"14":1,"15":0,"16":5,"17":4,"18":5,"19":5},"5":{"0":0,"1":4,"2":2,"3":0,"4":0,"5":0,"6":5,"7":5,"8":5,"9":1,"10":5,"11":4,"12":5,"13":5,"14":0,"15":5,"16":0,"17":0,"18":1,"19":5},"6":{"0":2,"1":0,"2":0,"3":0,"4":5,"5":3,"6":0,"7":4,"8":5,"9":5,"10":0,"11":5,"12":1,"13":4,"14":1,"15":5,"16":4,"17":5,"18":5,"19":1},"7":{"0":0,"1":3,"2":0,"3":0,"4":0,"5":0,"6":0,"7":0,"8":0,"9":5,"10":5,"11":5,"12":5,"13":5,"14":5,"15":4,"16":5,"17":4,"18":5,"19":0},"8":{"0":0,"1":1,"2":0,"3":3,"4":0,"5":0,"6":0,"7":2,"8":0,"9":0,"10":3,"11":3,"12":1,"13":0,"14":2,"15":0,"16":4,"17":5,"18":5,"19":5},"9":{"0":2,"1":4,"2":0,"3":0,"4":4,"5":0,"6":0,"7":1,"8":0,"9":0,"10":5,"11":1,"12":1,"13":2,"14":0,"15":5,"16":0,"17":5,"18":4,"19":5},"10":{"0":0,"1":1,"2":4,"3":0,"4":2,"5":5,"6":2,"7":5,"8":5,"9":0,"10":0,"11":2,"12":5,"13":5,"14":5,"15":2,"16":2,"17":0,"18":5,"19":1},"11":{"0":0,"1":4,"2":0,"3":0,"4":0,"5":4,"6":0,"7":1,"8":0,"9":0,"10":5,"11":0,"12":3,"13":5,"14":5,"15":0,"16":5,"17":1,"18":5,"19":4},"12":{"0":0,"1":0,"2":3,"3":1,"4":0,"5":0,"6":0,"7":1,"8":0,"9":0,"10":4,"11":0,"12":0,"13":5,"14":5,"15":0,"16":5,"17":0,"18":5,"19":4},"13":{"0":0,"1":0,"2":0,"3":0,"4":0,"5":0,"6":5,"7":0,"8":3,"9":4,"10":0,"11":0,"12":3,"13":0,"14":5,"15":1,"16":0,"17":2,"18":3,"19":5},"14":{"0":3,"1":0,"2":0,"3":2,"4":0,"5":2,"6":0,"7":3,"8":0,"9":5,"10":2,"11":0,"12":4,"13":2,"14":0,"15":0,"16":0,"17":4,"18":5,"19":4},"15":{"0":0,"1":0,"2":0,"3":0,"4":0,"5":0,"6":0,"7":0,"8":3,"9":1,"10":5,"11":3,"12":0,"13":0,"14":0,"15":0,"16":1,"17":0,"18":1,"19":5},"16":{"0":2,"1":0,"2":0,"3":0,"4":0,"5":4,"6":0,"7":0,"8":0,"9":0,"10":0,"11":4,"12":0,"13":2,"14":2,"15":0,"16":0,"17":2,"18":5,"19":5},"17":{"0":0,"1":1,"2":4,"3":1,"4":0,"5":2,"6":4,"7":0,"8":2,"9":0,"10":0,"11":0,"12":0,"13":1,"14":1,"15":4,"16":3,"17":0,"18":5,"19":4},"18":{"0":2,"1":0,"2":0,"3":0,"4":0,"5":0,"6":0,"7":5,"8":3,"9":0,"10":0,"11":3,"12":0,"13":0,"14":5,"15":3,"16":0,"17":5,"18":0,"19":5},"19":{"0":0,"1":0,"2":0,"3":0,"4":0,"5":0,"6":0,"7":0,"8":0,"9":0,"10":3,"11":2,"12":0,"13":0,"14":0,"15":0,"16":0,"17":0,"18":2,"19":0}},"method":"hillside","closest_pair":[[19,18,12,17,11,13,14,8,15,16,10,7,9,5,6,3,2,4,1,0],[19,18,12,17,11,13,14,15,8,16,10,7,9,5,6,3,2,4,1,0]],"farthest_pair":[[19,18,17,11,13,14,12,15,8,16,10,7,9,5,6,3,2,4,1,0],[19,18,12,17,11,13,14,8,15,16,10,7,9,5,6,3,2,4,1,0]],"tau_farthest_pair":0.9473684211,"tau_closest_pair":0.9894736842,"centroid_solution":[19,18,12,17,11,13,14,15,8,16,10,7,9,5,6,3,2,4,1,0]}