{"solutions":[[1,2,0,6,5,7,10,4,9,13,3,8,11,12,15,14,18,16,17,19],[1,2,0,6,5,7,10,4,9,13,3,8,12,11,15,14,18,16,17,19],[1,2,0,6,5,7,10,4,9,13,3,8,12,11,15,14,18,17,16,19],[1,2,0,6,5,7,4,10,9,13,3,8,12,11,15,14,18,17,16,19],[1,2,0,6,5,7,10,4,9,13,3,8,11,12,15,14,18,17,16,19],[1,2,0,6,5,7,10,9,4,13,3,8,12,11,15,14,18,17,16,19],[1,2,0,6,5,7,10,9,4,13,3,8,11,12,15,14,18,17,16,19],[1,2,0,6,5,7,4,10,9,13,3,8,12,11,15,14,18,16,17,19],[1,2,0,6,5,7,10,9,4,13,3,8,11,12,15,14,18,16,17,19],[1,2,0,6,5,7,4,10,9,13,3,8,11,12,15,14,18,17,16,19],[1,2,0,6,5,7,10,9,4,13,3,8,12,11,15,14,18,16,17,19],[1,2,0,6,5,7,4,10,9,13,3,8,11,12,15,14,18,16,17,19]],"obj":1674.0,"max_tau_solutions":null,"centroid_x":[[0.0,0.0,0.0,1.0,1.0,1.0,1.0,1.0,1.0,1.0,1.0,1.0,1.0,1.0,1.0,1.0,1.0,1.0,1.0,1.0],[1.0,0.0,1.0,1.0,1.0,1.0,1.0,1.0,1.0,1.0,1.0,1.0,1.0,1.0,1.0,1.0,1.0,1.0,1.0,1.0],[1.0,0.0,0.0,1.0,1.0,1.0,1.0,1.0,1.0,1.0,1.0,1.0,1.0,1.0,1.0,1.0,1.0,1.0,1.0,1.0],[0.0,0.0,0.0,0.0,0.0,0.0,0.0,0.0,1.0,0.0,0.0,1.0,1.0,0.0,1.0,1.0,1.0,1.0,1.0,1.0],[0.0,0.0,0.0,1.0,0.0,0.0,0.0,0.0,1.0,0.5680833034,0.4745130818,1.0,1.0,1.0,1.0,1.0,1.0,1.0,1.0,1.0],[0.0,0.0,0.0,1.0,1.0,0.0,0.0,1.0,1.0,1.0,1.0,1.0,1.0,1.0,1.0,1.0,1.0,1.0,1.0,1.0],[0.0,0.0,0.0,1.0,1.0,1.0,0.0,1.0,1.0,1.0,1.0,1.0,1.0,1.0,1.0,1.0,1.0,1.0,1.0,1.0],[0.0,0.0,0.0,1.0,1.0,0.0,0.0,0.0,1.0,1.0,1.0,1.0,1.0,1.0,1.0,1.0,1.0,1.0,1.0,1.0],[0.0,0.0,0.0,0.0,0.0,0.0,0.0,0.0,0.0,0.0,0.0,1.0,1.0,0.0,1.0,1.0,1.0,1.0,1.0,1.0],[0.0,0.0,0.0,1.0,0.4319166966,0.0,0.0,0.0,1.0,0.0,0.0,1.0,1.0,1.0,1.0,1.0,1.0,1.0,1.0,1.0],[0.0,0.0,0.0,1.0,0.5254869182,0.0,0.0,0.0,1.0,1.0,0.0,1.0,1.0,1.0,1.0,1.0,1.0,1.0,1.0,1.0],[0.0,0.0,0.0,0.0,0.0,0.0,0.0,0.0,0.0,0.0,0.0,0.0,0.5026923539,0.0,1.0,1.0,1.0,1.0,1.0,1.0],[0.0,0.0,0.0,0.0,0.0,0.0,0.0,0.0,0.0,0.0,0.0,0.4973076461,0.0,0.0,1.0,1.0,1.0,1.0,1.0,1.0],[0.0,0.0,0.0,1.0,0.0,0.0,0.0,0.0,1.0,0.0,0.0,1.0,1.0,0.0,1.0,1.0,1.0,1.0,1.0,1.0],[0.0,0.0,0.0,0.0,0.0,0.0,0.0,0.0,0.0,0.0,0.0,0.0,0.0,0.0,0.0,0.0,1.0,1.0,1.0,1.0],[0.0,0.0,0.0,0.0,0.0,0.0,0.0,0.0,0.0,0.0,0.0,0.0,0.0,0.0,1.0,0.0,1.0,1.0,1.0,1.0],[0.0,0.0,0.0,0.0,0.0,0.0,0.0,0.0,0.0,0.0,0.0,0.0,0.0,0.0,0.0,0.0,0.0,0.5015811574,0.0,1.0],[0.0,0.0,0.0,0.0,0.0,0.0,0.0,0.0,0.0,0.0,0.0,0.0,0.0,0.0,0.0,0.0,0.4984188426,0.0,0.0,1.0],[0.0,0.0,0.0,0.0,0.0,0.0,0.0,0.0,0.0,0.0,0.0,0.0,0.0,0.0,0.0,0.0,1.0,1.0,0.0,1.0],[0.0,0.0,0.0,0.0,0.0,0.0,0.0,0.0,0.0,0.0,0.0,0.0,0.0,0.0,0.0,0.0,0.0,0.0,0.0,0.0]],"outlier_solution":[1,2,0,6,5,7,10,9,4,13,3,8,12,11,15,14,18,17,16,19],"dataset_id":459,"source_dataset_id":506,"options":null,"D":{"0":{"0":0,"1":2,"2":0,"3":3,"4":1,"5":0,"6":0,"7":1,"8":3,"9":4,"10":3,"11":0,"12":0,"13":0,"14":0,"15":4,"16":0,"17":0,"18":0,"19":0},"1":{"0":5,"1":0,"2":0,"3":0,"4":0,"5":4,"6":2,"7":2,"8":0,"9":4,"10":0,"11":0,"12":5,"13":0,"14":2,"15":0,"16":0,"17":0,"18":0,"19":2},"2":{"0":5,"1":5,"2":0,"3":0,"4":0,"5":0,"6":0,"7":3,"8":3,"9":0,"10":1,"11":0,"12":0,"13":0,"14":0,"15":1,"16":0,"17":0,"18":0,"19":0},"3":{"0":0,"1":5,"2":5,"3":0,"4":0,"5":0,"6":1,"7":4,"8":2,"9":4,"10":4,"11":0,"12":4,"13":0,"14":0,"15":0,"16":0,"17":4,"18":0,"19":0},"4":{"0":0,"1":5,"2":5,"3":0,"4":0,"5":0,"6":4,"7":1,"8":0,"9":2,"10":5,"11":2,"12":0,"13":1,"14":0,"15":0,"16":0,"17":0,"18":3,"19":0},"5":{"0":5,"1":5,"2":5,"3":5,"4":0,"5":0,"6":3,"7":4,"8":0,"9":1,"10":0,"11":0,"12":0,"13":0,"14":0,"15":3,"16":0,"17":0,"18":5,"19":0},"6":{"0":3,"1":4,"2":5,"3":4,"4":5,"5":5,"6":0,"7":0,"8":2,"9":0,"10":5,"11":0,"12":0,"13":0,"14":3,"15":0,"16":0,"17":0,"18":2,"19":0},"7":{"0":4,"1":4,"2":0,"3":4,"4":2,"5":5,"6":0,"7":0,"8":0,"9":2,"10":0,"11":0,"12":0,"13":4,"14":0,"15":5,"16":0,"17":3,"18":0,"19":0},"8":{"0":5,"1":5,"2":5,"3":0,"4":5,"5":5,"6":5,"7":2,"8":0,"9":0,"10":1,"11":2,"12":1,"13":0,"14":0,"15":1,"16":0,"17":0,"18":3,"19":5},"9":{"0":5,"1":0,"2":1,"3":5,"4":5,"5":1,"6":5,"7":0,"8":0,"9":0,"10":5,"11":0,"12":2,"13":2,"14":1,"15":0,"16":0,"17":0,"18":5,"19":4},"10":{"0":5,"1":5,"2":5,"3":0,"4":0,"5":5,"6":5,"7":0,"8":5,"9":5,"10":0,"11":0,"12":2,"13":1,"14":0,"15":0,"16":2,"17":0,"18":0,"19":0},"11":{"0":0,"1":5,"2":3,"3":3,"4":0,"5":5,"6":5,"7":5,"8":5,"9":0,"10":3,"11":0,"12":0,"13":4,"14":4,"15":0,"16":0,"17":0,"18":0,"19":0},"12":{"0":5,"1":0,"2":5,"3":0,"4":0,"5":5,"6":5,"7":0,"8":1,"9":5,"10":0,"11":5,"12":0,"13":1,"14":0,"15":0,"16":0,"17":0,"18":4,"19":1},"13":{"0":0,"1":4,"2":4,"3":5,"4":2,"5":5,"6":5,"7":1,"8":4,"9":3,"10":0,"11":2,"12":0,"13":0,"14":3,"15":0,"16":0,"17":5,"18":0,"19":0},"14":{"0":5,"1":5,"2":5,"3":3,"4":2,"5":0,"6":5,"7":5,"8":0,"9":5,"10":3,"11":5,"12":4,"13":5,"14":0,"15":0,"16":0,"17":0,"18":0,"19":0},"15":{"0":3,"1":3,"2":5,"3":2,"4":0,"5":5,"6":5,"7":2,"8":3,"9":4,"10":5,"11":0,"12":0,"13":5,"14":5,"15":0,"16":0,"17":0,"18":4,"19":0},"16":{"0":5,"1":4,"2":3,"3":0,"4":5,"5":5,"6":5,"7":5,"8":5,"9":4,"10":5,"11":5,"12":5,"13":2,"14":3,"15":5,"16":0,"17":0,"18":0,"19":0},"17":{"0":5,"1":5,"2":4,"3":4,"4":5,"5":2,"6":3,"7":5,"8":1,"9":5,"10":0,"11":0,"12":0,"13":5,"14":5,"15":4,"16":0,"17":0,"18":1,"19":0},"18":{"0":5,"1":0,"2":3,"3":4,"4":5,"5":5,"6":5,"7":5,"8":1,"9":1,"10":5,"11":5,"12":5,"13":5,"14":5,"15":5,"16":5,"17":0,"18":0,"19":0},"19":{"0":1,"1":4,"2":1,"3":3,"4":5,"5":5,"6":5,"7":5,"8":5,"9":5,"10":5,"11":5,"12":5,"13":3,"14":0,"15":5,"16":5,"17":1,"18":5,"19":0}},"method":"hillside","closest_pair":[[1,2,0,6,5,7,10,9,4,13,3,8,12,11,15,14,18,17,16,19],[1,2,0,6,5,7,10,4,9,13,3,8,12,11,15,14,18,17,16,19]],"farthest_pair":[[1,2,0,6,5,7,4,10,9,13,3,8,12,11,15,14,18,17,16,19],[1,2,0,6,5,7,10,9,4,13,3,8,11,12,15,14,18,16,17,19]],"centroid_solution":[1,2,0,6,5,7,10,4,9,13,3,8,11,12,15,14,18,16,17,19]}