{"solutions":[[19,14,18,17,15,16,13,11,12,3,9,6,10,2,8,7,0,5,1,4],[19,14,18,17,15,16,12,13,11,3,9,6,10,2,8,7,0,5,1,4],[19,14,18,17,15,16,13,11,12,3,9,6,10,2,7,1,8,0,5,4],[19,14,18,17,15,16,13,11,12,3,9,6,10,7,0,2,1,8,5,4],[19,14,18,17,15,16,13,11,12,3,9,6,10,7,2,1,8,0,5,4],[19,14,18,17,15,16,12,13,11,3,9,6,10,7,0,2,1,8,5,4],[19,14,18,17,15,16,12,13,11,3,9,6,10,2,7,1,8,0,5,4],[19,14,18,17,15,16,12,13,11,3,9,6,10,7,2,1,8,0,5,4],[19,14,18,17,15,16,13,11,12,3,9,6,10,2,8,7,0,1,5,4],[19,14,18,17,15,16,12,13,11,3,9,6,10,2,8,7,0,1,5,4]],"obj":1831.0,"max_tau_solutions":null,"centroid_x":[[0.0,0.6702263131,0.2177141193,0.0,1.0,1.0,0.0,0.0,0.2177141193,0.0,0.0,0.0,0.0,0.0,0.0,0.0,0.0,0.0,0.0,0.0],[0.3297736869,0.0,0.0,0.0,1.0,0.5875240833,0.0,0.0,0.5474878062,0.0,0.0,0.0,0.0,0.0,0.0,0.0,0.0,0.0,0.0,0.0],[0.7822858807,1.0,0.0,0.0,1.0,1.0,0.0,0.5000375561,1.0,0.0,0.0,0.0,0.0,0.0,0.0,0.0,0.0,0.0,0.0,0.0],[1.0,1.0,1.0,0.0,1.0,1.0,1.0,1.0,1.0,1.0,1.0,0.0,0.0,0.0,0.0,0.0,0.0,0.0,0.0,0.0],[0.0,0.0,0.0,0.0,0.0,0.0,0.0,0.0,0.0,0.0,0.0,0.0,0.0,0.0,0.0,0.0,0.0,0.0,0.0,0.0],[0.0,0.4124759167,0.0,0.0,1.0,0.0,0.0,0.0,0.0,0.0,0.0,0.0,0.0,0.0,0.0,0.0,0.0,0.0,0.0,0.0],[1.0,1.0,1.0,0.0,1.0,1.0,0.0,1.0,1.0,0.0,1.0,0.0,0.0,0.0,0.0,0.0,0.0,0.0,0.0,0.0],[1.0,1.0,0.4999624439,0.0,1.0,1.0,0.0,0.0,0.5474878062,0.0,0.0,0.0,0.0,0.0,0.0,0.0,0.0,0.0,0.0,0.0],[0.7822858807,0.4525121938,0.0,0.0,1.0,1.0,0.0,0.4525121938,0.0,0.0,0.0,0.0,0.0,0.0,0.0,0.0,0.0,0.0,0.0,0.0],[1.0,1.0,1.0,0.0,1.0,1.0,1.0,1.0,1.0,0.0,1.0,0.0,0.0,0.0,0.0,0.0,0.0,0.0,0.0,0.0],[1.0,1.0,1.0,0.0,1.0,1.0,0.0,1.0,1.0,0.0,0.0,0.0,0.0,0.0,0.0,0.0,0.0,0.0,0.0,0.0],[1.0,1.0,1.0,1.0,1.0,1.0,1.0,1.0,1.0,1.0,1.0,0.0,0.5051827405,0.0,0.0,0.0,0.0,0.0,0.0,0.0],[1.0,1.0,1.0,1.0,1.0,1.0,1.0,1.0,1.0,1.0,1.0,0.4948172595,0.0,0.4948172595,0.0,0.0,0.0,0.0,0.0,0.0],[1.0,1.0,1.0,1.0,1.0,1.0,1.0,1.0,1.0,1.0,1.0,1.0,0.5051827405,0.0,0.0,0.0,0.0,0.0,0.0,0.0],[1.0,1.0,1.0,1.0,1.0,1.0,1.0,1.0,1.0,1.0,1.0,1.0,1.0,1.0,0.0,1.0,1.0,1.0,1.0,0.0],[1.0,1.0,1.0,1.0,1.0,1.0,1.0,1.0,1.0,1.0,1.0,1.0,1.0,1.0,0.0,0.0,1.0,0.0,0.0,0.0],[1.0,1.0,1.0,1.0,1.0,1.0,1.0,1.0,1.0,1.0,1.0,1.0,1.0,1.0,0.0,0.0,0.0,0.0,0.0,0.0],[1.0,1.0,1.0,1.0,1.0,1.0,1.0,1.0,1.0,1.0,1.0,1.0,1.0,1.0,0.0,1.0,1.0,0.0,0.0,0.0],[1.0,1.0,1.0,1.0,1.0,1.0,1.0,1.0,1.0,1.0,1.0,1.0,1.0,1.0,0.0,1.0,1.0,1.0,0.0,0.0],[1.0,1.0,1.0,1.0,1.0,1.0,1.0,1.0,1.0,1.0,1.0,1.0,1.0,1.0,1.0,1.0,1.0,1.0,1.0,0.0]],"outlier_solution":[19,14,18,17,15,16,12,13,11,3,9,6,10,7,0,2,1,8,5,4],"dataset_id":460,"source_dataset_id":507,"options":null,"D":{"0":{"0":0,"1":0,"2":3,"3":3,"4":5,"5":1,"6":5,"7":5,"8":5,"9":1,"10":0,"11":0,"12":5,"13":1,"14":4,"15":1,"16":0,"17":1,"18":3,"19":3},"1":{"0":0,"1":0,"2":5,"3":3,"4":5,"5":5,"6":5,"7":1,"8":5,"9":3,"10":5,"11":5,"12":0,"13":2,"14":5,"15":5,"16":5,"17":5,"18":4,"19":1},"2":{"0":0,"1":1,"2":0,"3":5,"4":5,"5":5,"6":5,"7":0,"8":0,"9":2,"10":4,"11":5,"12":1,"13":1,"14":4,"15":5,"16":5,"17":1,"18":1,"19":5},"3":{"0":0,"1":0,"2":0,"3":0,"4":1,"5":5,"6":0,"7":0,"8":2,"9":3,"10":0,"11":3,"12":0,"13":0,"14":5,"15":4,"16":2,"17":5,"18":0,"19":0},"4":{"0":0,"1":0,"2":3,"3":0,"4":0,"5":5,"6":4,"7":4,"8":5,"9":5,"10":5,"11":5,"12":5,"13":5,"14":5,"15":5,"16":5,"17":5,"18":5,"19":2},"5":{"0":0,"1":0,"2":5,"3":0,"4":0,"5":0,"6":5,"7":3,"8":5,"9":1,"10":5,"11":2,"12":1,"13":5,"14":5,"15":5,"16":5,"17":2,"18":5,"19":5},"6":{"0":1,"1":0,"2":0,"3":0,"4":0,"5":0,"6":0,"7":5,"8":0,"9":5,"10":5,"11":5,"12":5,"13":1,"14":5,"15":3,"16":4,"17":0,"18":0,"19":4},"7":{"0":0,"1":2,"2":4,"3":0,"4":4,"5":0,"6":0,"7":0,"8":0,"9":5,"10":0,"11":0,"12":5,"13":5,"14":4,"15":5,"16":0,"17":2,"18":5,"19":5},"8":{"0":3,"1":2,"2":2,"3":4,"4":0,"5":0,"6":0,"7":4,"8":0,"9":0,"10":5,"11":5,"12":3,"13":5,"14":5,"15":5,"16":5,"17":1,"18":5,"19":3},"9":{"0":0,"1":0,"2":0,"3":0,"4":0,"5":0,"6":0,"7":1,"8":1,"9":0,"10":1,"11":5,"12":5,"13":0,"14":0,"15":5,"16":2,"17":5,"18":5,"19":5},"10":{"0":0,"1":3,"2":0,"3":1,"4":2,"5":0,"6":1,"7":1,"8":1,"9":5,"10":0,"11":1,"12":1,"13":5,"14":0,"15":0,"16":5,"17":1,"18":0,"19":5},"11":{"0":0,"1":4,"2":4,"3":5,"4":0,"5":1,"6":0,"7":3,"8":3,"9":0,"10":0,"11":0,"12":4,"13":5,"14":4,"15":3,"16":0,"17":5,"18":0,"19":5},"12":{"0":0,"1":5,"2":4,"3":1,"4":0,"5":0,"6":0,"7":0,"8":4,"9":0,"10":0,"11":0,"12":0,"13":5,"14":5,"15":5,"16":0,"17":2,"18":3,"19":5},"13":{"0":0,"1":0,"2":0,"3":3,"4":0,"5":0,"6":0,"7":0,"8":0,"9":1,"10":0,"11":0,"12":4,"13":0,"14":5,"15":5,"16":3,"17":5,"18":5,"19":5},"14":{"0":0,"1":1,"2":0,"3":0,"4":0,"5":5,"6":0,"7":0,"8":0,"9":0,"10":0,"11":0,"12":0,"13":0,"14":0,"15":5,"16":3,"17":5,"18":5,"19":5},"15":{"0":1,"1":5,"2":0,"3":3,"4":1,"5":0,"6":4,"7":0,"8":0,"9":0,"10":0,"11":0,"12":5,"13":4,"14":0,"15":0,"16":5,"17":5,"18":2,"19":0},"16":{"0":0,"1":0,"2":0,"3":0,"4":0,"5":4,"6":5,"7":2,"8":0,"9":0,"10":4,"11":4,"12":0,"13":0,"14":0,"15":0,"16":0,"17":0,"18":5,"19":3},"17":{"0":1,"1":0,"2":0,"3":1,"4":0,"5":0,"6":0,"7":0,"8":0,"9":1,"10":0,"11":0,"12":4,"13":4,"14":0,"15":0,"16":4,"17":0,"18":4,"19":5},"18":{"0":2,"1":5,"2":1,"3":2,"4":0,"5":0,"6":0,"7":0,"8":0,"9":0,"10":0,"11":4,"12":0,"13":0,"14":5,"15":0,"16":0,"17":5,"18":0,"19":0},"19":{"0":0,"1":1,"2":4,"3":0,"4":0,"5":0,"6":0,"7":3,"8":3,"9":0,"10":0,"11":0,"12":0,"13":0,"14":1,"15":2,"16":0,"17":0,"18":2,"19":0}},"method":"hillside","closest_pair":[[19,14,18,17,15,16,13,11,12,3,9,6,10,2,7,1,8,0,5,4],[19,14,18,17,15,16,13,11,12,3,9,6,10,7,2,1,8,0,5,4]],"farthest_pair":[[19,14,18,17,15,16,13,11,12,3,9,6,10,2,8,7,0,5,1,4],[19,14,18,17,15,16,12,13,11,3,9,6,10,7,0,2,1,8,5,4]],"tau_farthest_pair":0.9157894737,"tau_closest_pair":0.9894736842,"centroid_solution":[19,14,18,17,15,16,13,11,12,3,9,6,10,2,8,7,0,1,5,4]}