{"solutions":[[0,1,8,6,2,4,10,3,5,7,9,14,18,11,13,12,15,19,17,16],[0,1,8,6,2,4,10,3,5,7,14,9,18,11,13,15,12,19,17,16],[0,1,8,6,2,4,10,3,5,7,14,18,9,11,13,15,12,19,17,16],[0,1,8,6,2,4,3,10,5,7,14,9,18,11,13,12,15,19,17,16],[0,1,8,6,2,4,3,10,5,7,14,18,9,11,13,12,15,19,17,16],[0,1,8,6,2,4,3,10,5,7,14,9,18,11,13,15,19,12,17,16],[0,1,8,6,2,4,3,10,5,7,9,14,18,11,13,15,12,19,17,16],[0,1,8,6,2,4,3,10,5,7,14,18,9,11,13,15,19,12,17,16],[0,1,8,6,2,4,10,3,5,7,9,14,18,11,13,15,12,19,17,16],[0,1,8,6,2,4,10,3,5,7,14,18,9,11,13,12,15,19,17,16],[0,1,8,6,2,4,10,3,5,7,14,18,9,11,13,15,19,12,17,16],[0,1,8,6,2,4,10,3,5,7,14,9,18,11,13,12,15,19,17,16],[0,1,8,6,2,4,3,10,5,7,9,14,18,11,13,12,15,19,17,16],[0,1,8,6,2,4,10,3,5,7,14,9,18,11,13,15,19,12,17,16],[0,1,8,6,2,4,3,10,5,7,9,14,18,11,13,15,19,12,17,16],[0,1,8,6,2,4,10,3,5,7,9,14,18,11,13,15,19,12,17,16],[0,1,8,6,2,4,3,10,5,7,14,9,18,11,13,15,12,19,17,16],[0,1,8,6,2,4,3,10,5,7,14,18,9,11,13,15,12,19,17,16]],"obj":1862.0,"max_tau_solutions":null,"centroid_x":[[0.0,1.0,1.0,1.0,1.0,1.0,1.0,1.0,1.0,1.0,1.0,1.0,1.0,1.0,1.0,1.0,1.0,1.0,1.0,1.0],[0.0,0.0,1.0,1.0,1.0,1.0,1.0,1.0,1.0,1.0,1.0,1.0,1.0,1.0,1.0,1.0,1.0,1.0,1.0,1.0],[0.0,0.0,0.0,1.0,1.0,1.0,0.0,1.0,0.0,1.0,1.0,1.0,1.0,1.0,1.0,1.0,1.0,1.0,1.0,1.0],[0.0,0.0,0.0,0.0,0.0,1.0,0.0,1.0,0.0,1.0,0.502312417,1.0,1.0,1.0,1.0,1.0,1.0,1.0,1.0,1.0],[0.0,0.0,0.0,1.0,0.0,1.0,0.0,1.0,0.0,1.0,1.0,1.0,1.0,1.0,1.0,1.0,1.0,1.0,1.0,1.0],[0.0,0.0,0.0,0.0,0.0,0.0,0.0,1.0,0.0,1.0,0.0,1.0,1.0,1.0,1.0,1.0,1.0,1.0,1.0,1.0],[0.0,0.0,1.0,1.0,1.0,1.0,0.0,1.0,0.0,1.0,1.0,1.0,1.0,1.0,1.0,1.0,1.0,1.0,1.0,1.0],[0.0,0.0,0.0,0.0,0.0,0.0,0.0,0.0,0.0,1.0,0.0,1.0,1.0,1.0,1.0,1.0,1.0,1.0,1.0,1.0],[0.0,0.0,1.0,1.0,1.0,1.0,1.0,1.0,0.0,1.0,1.0,1.0,1.0,1.0,1.0,1.0,1.0,1.0,1.0,1.0],[0.0,0.0,0.0,0.0,0.0,0.0,0.0,0.0,0.0,0.0,0.0,1.0,1.0,1.0,0.433029926,1.0,1.0,1.0,0.5665444519,1.0],[0.0,0.0,0.0,0.497687583,0.0,1.0,0.0,1.0,0.0,1.0,0.0,1.0,1.0,1.0,1.0,1.0,1.0,1.0,1.0,1.0],[0.0,0.0,0.0,0.0,0.0,0.0,0.0,0.0,0.0,0.0,0.0,0.0,1.0,1.0,0.0,1.0,1.0,1.0,0.0,1.0],[0.0,0.0,0.0,0.0,0.0,0.0,0.0,0.0,0.0,0.0,0.0,0.0,0.0,0.0,0.0,0.4375180924,1.0,1.0,0.0,0.5623493558],[0.0,0.0,0.0,0.0,0.0,0.0,0.0,0.0,0.0,0.0,0.0,0.0,1.0,0.0,0.0,1.0,1.0,1.0,0.0,1.0],[0.0,0.0,0.0,0.0,0.0,0.0,0.0,0.0,0.0,0.566970074,0.0,1.0,1.0,1.0,0.0,1.0,1.0,1.0,1.0,1.0],[0.0,0.0,0.0,0.0,0.0,0.0,0.0,0.0,0.0,0.0,0.0,0.0,0.5624819076,0.0,0.0,0.0,1.0,1.0,0.0,1.0],[0.0,0.0,0.0,0.0,0.0,0.0,0.0,0.0,0.0,0.0,0.0,0.0,0.0,0.0,0.0,0.0,0.0,0.0,0.0,0.0],[0.0,0.0,0.0,0.0,0.0,0.0,0.0,0.0,0.0,0.0,0.0,0.0,0.0,0.0,0.0,0.0,1.0,0.0,0.0,0.0],[0.0,0.0,0.0,0.0,0.0,0.0,0.0,0.0,0.0,0.4334555481,0.0,1.0,1.0,1.0,0.0,1.0,1.0,1.0,0.0,1.0],[0.0,0.0,0.0,0.0,0.0,0.0,0.0,0.0,0.0,0.0,0.0,0.0,0.4376506442,0.0,0.0,0.0,1.0,1.0,0.0,0.0]],"outlier_solution":[0,1,8,6,2,4,10,3,5,7,9,14,18,11,13,12,15,19,17,16],"dataset_id":461,"source_dataset_id":508,"options":null,"D":{"0":{"0":0,"1":0,"2":3,"3":0,"4":0,"5":1,"6":0,"7":5,"8":3,"9":4,"10":0,"11":0,"12":4,"13":0,"14":0,"15":0,"16":1,"17":0,"18":0,"19":0},"1":{"0":3,"1":0,"2":0,"3":5,"4":0,"5":2,"6":5,"7":0,"8":0,"9":0,"10":4,"11":0,"12":0,"13":0,"14":1,"15":0,"16":0,"17":0,"18":0,"19":4},"2":{"0":5,"1":5,"2":0,"3":0,"4":5,"5":3,"6":1,"7":3,"8":3,"9":1,"10":0,"11":2,"12":0,"13":4,"14":2,"15":0,"16":0,"17":0,"18":1,"19":0},"3":{"0":5,"1":1,"2":5,"3":0,"4":0,"5":0,"6":0,"7":3,"8":5,"9":0,"10":4,"11":0,"12":0,"13":3,"14":0,"15":0,"16":2,"17":2,"18":1,"19":2},"4":{"0":5,"1":5,"2":4,"3":5,"4":0,"5":0,"6":1,"7":4,"8":4,"9":1,"10":0,"11":0,"12":0,"13":0,"14":3,"15":0,"16":0,"17":0,"18":0,"19":5},"5":{"0":5,"1":3,"2":5,"3":1,"4":5,"5":0,"6":0,"7":0,"8":0,"9":2,"10":5,"11":0,"12":0,"13":5,"14":5,"15":0,"16":0,"17":0,"18":1,"19":0},"6":{"0":5,"1":5,"2":5,"3":5,"4":0,"5":0,"6":0,"7":1,"8":0,"9":1,"10":0,"11":0,"12":0,"13":2,"14":0,"15":0,"16":0,"17":5,"18":3,"19":0},"7":{"0":5,"1":4,"2":5,"3":2,"4":5,"5":5,"6":3,"7":0,"8":0,"9":0,"10":1,"11":0,"12":0,"13":0,"14":5,"15":0,"16":0,"17":2,"18":1,"19":3},"8":{"0":3,"1":0,"2":1,"3":5,"4":5,"5":5,"6":5,"7":3,"8":0,"9":0,"10":5,"11":0,"12":0,"13":0,"14":0,"15":0,"16":0,"17":0,"18":0,"19":0},"9":{"0":1,"1":0,"2":0,"3":5,"4":5,"5":5,"6":5,"7":5,"8":0,"9":0,"10":5,"11":0,"12":4,"13":5,"14":4,"15":1,"16":0,"17":2,"18":1,"19":0},"10":{"0":1,"1":3,"2":0,"3":5,"4":4,"5":5,"6":5,"7":2,"8":5,"9":0,"10":0,"11":0,"12":0,"13":3,"14":0,"15":1,"16":3,"17":1,"18":4,"19":0},"11":{"0":5,"1":1,"2":5,"3":5,"4":5,"5":0,"6":5,"7":0,"8":3,"9":1,"10":2,"11":0,"12":0,"13":0,"14":0,"15":1,"16":0,"17":0,"18":5,"19":0},"12":{"0":5,"1":5,"2":1,"3":0,"4":5,"5":1,"6":5,"7":5,"8":3,"9":5,"10":5,"11":5,"12":0,"13":4,"14":0,"15":0,"16":3,"17":0,"18":3,"19":0},"13":{"0":4,"1":0,"2":5,"3":5,"4":0,"5":5,"6":5,"7":5,"8":5,"9":5,"10":5,"11":4,"12":2,"13":0,"14":1,"15":5,"16":0,"17":0,"18":0,"19":4},"14":{"0":1,"1":3,"2":5,"3":1,"4":0,"5":0,"6":2,"7":5,"8":3,"9":5,"10":5,"11":5,"12":5,"13":0,"14":0,"15":0,"16":3,"17":0,"18":2,"19":2},"15":{"0":3,"1":2,"2":5,"3":2,"4":3,"5":5,"6":5,"7":0,"8":5,"9":5,"10":2,"11":5,"12":5,"13":0,"14":5,"15":0,"16":0,"17":2,"18":0,"19":0},"16":{"0":0,"1":5,"2":5,"3":4,"4":5,"5":0,"6":5,"7":5,"8":5,"9":0,"10":5,"11":3,"12":0,"13":4,"14":5,"15":5,"16":0,"17":5,"18":5,"19":0},"17":{"0":5,"1":4,"2":5,"3":0,"4":5,"5":3,"6":0,"7":3,"8":5,"9":5,"10":5,"11":5,"12":5,"13":5,"14":5,"15":2,"16":5,"17":0,"18":0,"19":0},"18":{"0":5,"1":5,"2":4,"3":0,"4":3,"5":5,"6":5,"7":0,"8":1,"9":0,"10":5,"11":0,"12":5,"13":0,"14":5,"15":0,"16":0,"17":0,"18":0,"19":5},"19":{"0":0,"1":5,"2":0,"3":2,"4":2,"5":5,"6":0,"7":5,"8":5,"9":3,"10":5,"11":5,"12":0,"13":1,"14":1,"15":2,"16":0,"17":4,"18":5,"19":0}},"method":"hillside","closest_pair":[[0,1,8,6,2,4,10,3,5,7,9,14,18,11,13,15,19,12,17,16],[0,1,8,6,2,4,10,3,5,7,14,9,18,11,13,15,19,12,17,16]],"farthest_pair":[[0,1,8,6,2,4,10,3,5,7,9,14,18,11,13,12,15,19,17,16],[0,1,8,6,2,4,3,10,5,7,14,18,9,11,13,15,19,12,17,16]],"tau_farthest_pair":0.9473684211,"tau_closest_pair":0.9894736842,"centroid_solution":[0,1,8,6,2,4,3,10,5,7,14,9,18,11,13,15,12,19,17,16]}