{"solutions":[[18,19,15,11,12,17,5,10,13,16,8,14,9,7,3,4,6,1,0,2],[18,19,15,11,12,17,5,10,13,16,14,8,9,7,3,4,6,1,2,0],[18,19,15,11,12,17,5,10,13,16,8,14,9,7,3,4,6,1,2,0],[18,19,11,17,15,12,5,10,13,16,8,14,9,7,3,4,6,1,0,2],[18,19,11,17,15,12,5,10,13,16,8,14,9,7,3,4,6,1,2,0],[18,19,11,17,15,12,5,10,13,16,14,8,9,7,3,4,6,1,0,2],[18,19,15,11,12,17,5,10,13,16,14,8,9,7,3,4,6,1,0,2],[18,19,11,17,15,12,5,10,13,16,14,8,9,7,3,4,6,1,2,0]],"obj":1779.0,"max_tau_solutions":null,"centroid_x":[[0.0,0.0,0.3636661665,0.0,0.0,0.0,0.0,0.0,0.0,0.0,0.0,0.0,0.0,0.0,0.0,0.0,0.0,0.0,0.0,0.0],[1.0,0.0,1.0,0.0,0.0,0.0,0.0,0.0,0.0,0.0,0.0,0.0,0.0,0.0,0.0,0.0,0.0,0.0,0.0,0.0],[0.6363338335,0.0,0.0,0.0,0.0,0.0,0.0,0.0,0.0,0.0,0.0,0.0,0.0,0.0,0.0,0.0,0.0,0.0,0.0,0.0],[1.0,1.0,1.0,0.0,1.0,0.0,1.0,0.0,0.0,0.0,0.0,0.0,0.0,0.0,0.0,0.0,0.0,0.0,0.0,0.0],[1.0,1.0,1.0,0.0,0.0,0.0,1.0,0.0,0.0,0.0,0.0,0.0,0.0,0.0,0.0,0.0,0.0,0.0,0.0,0.0],[1.0,1.0,1.0,1.0,1.0,0.0,1.0,1.0,1.0,1.0,1.0,0.0,0.0,1.0,1.0,0.0,1.0,0.0,0.0,0.0],[1.0,1.0,1.0,0.0,0.0,0.0,0.0,0.0,0.0,0.0,0.0,0.0,0.0,0.0,0.0,0.0,0.0,0.0,0.0,0.0],[1.0,1.0,1.0,1.0,1.0,0.0,1.0,0.0,0.0,0.0,0.0,0.0,0.0,0.0,0.0,0.0,0.0,0.0,0.0,0.0],[1.0,1.0,1.0,1.0,1.0,0.0,1.0,1.0,0.0,1.0,0.0,0.0,0.0,0.0,0.3971238864,0.0,0.0,0.0,0.0,0.0],[1.0,1.0,1.0,1.0,1.0,0.0,1.0,1.0,0.0,0.0,0.0,0.0,0.0,0.0,0.0,0.0,0.0,0.0,0.0,0.0],[1.0,1.0,1.0,1.0,1.0,0.0,1.0,1.0,1.0,1.0,0.0,0.0,0.0,1.0,1.0,0.0,1.0,0.0,0.0,0.0],[1.0,1.0,1.0,1.0,1.0,1.0,1.0,1.0,1.0,1.0,1.0,0.0,1.0,1.0,1.0,0.5035721608,1.0,1.0,0.0,0.0],[1.0,1.0,1.0,1.0,1.0,1.0,1.0,1.0,1.0,1.0,1.0,0.0,0.0,1.0,1.0,0.0,1.0,0.4964278391,0.0,0.0],[1.0,1.0,1.0,1.0,1.0,0.0,1.0,1.0,1.0,1.0,0.0,0.0,0.0,0.0,1.0,0.0,1.0,0.0,0.0,0.0],[1.0,1.0,1.0,1.0,1.0,0.0,1.0,1.0,0.6028761136,1.0,0.0,0.0,0.0,0.0,0.0,0.0,0.0,0.0,0.0,0.0],[1.0,1.0,1.0,1.0,1.0,1.0,1.0,1.0,1.0,1.0,1.0,0.4964278392,1.0,1.0,1.0,0.0,1.0,0.4964278391,0.0,0.0],[1.0,1.0,1.0,1.0,1.0,0.0,1.0,1.0,1.0,1.0,0.0,0.0,0.0,0.0,1.0,0.0,0.0,0.0,0.0,0.0],[1.0,1.0,1.0,1.0,1.0,1.0,1.0,1.0,1.0,1.0,1.0,0.0,0.5035721609,1.0,1.0,0.5035721609,1.0,0.0,0.0,0.0],[1.0,1.0,1.0,1.0,1.0,1.0,1.0,1.0,1.0,1.0,1.0,1.0,1.0,1.0,1.0,1.0,1.0,1.0,0.0,1.0],[1.0,1.0,1.0,1.0,1.0,1.0,1.0,1.0,1.0,1.0,1.0,1.0,1.0,1.0,1.0,1.0,1.0,1.0,0.0,0.0]],"outlier_solution":[18,19,15,11,12,17,5,10,13,16,8,14,9,7,3,4,6,1,0,2],"dataset_id":462,"source_dataset_id":509,"options":null,"D":{"0":{"0":0,"1":5,"2":0,"3":5,"4":5,"5":0,"6":5,"7":5,"8":5,"9":1,"10":5,"11":2,"12":5,"13":5,"14":3,"15":4,"16":5,"17":5,"18":5,"19":3},"1":{"0":0,"1":0,"2":5,"3":4,"4":5,"5":5,"6":0,"7":5,"8":5,"9":0,"10":4,"11":0,"12":5,"13":2,"14":5,"15":4,"16":0,"17":5,"18":4,"19":5},"2":{"0":3,"1":0,"2":0,"3":2,"4":0,"5":5,"6":2,"7":5,"8":3,"9":5,"10":5,"11":5,"12":5,"13":4,"14":4,"15":5,"16":1,"17":1,"18":5,"19":3},"3":{"0":4,"1":0,"2":4,"3":0,"4":1,"5":5,"6":1,"7":0,"8":0,"9":5,"10":5,"11":5,"12":5,"13":5,"14":1,"15":3,"16":1,"17":3,"18":5,"19":5},"4":{"0":0,"1":0,"2":0,"3":0,"4":0,"5":5,"6":4,"7":0,"8":5,"9":5,"10":2,"11":5,"12":5,"13":5,"14":5,"15":5,"16":5,"17":3,"18":5,"19":0},"5":{"0":0,"1":0,"2":0,"3":2,"4":0,"5":0,"6":0,"7":0,"8":0,"9":3,"10":5,"11":5,"12":3,"13":1,"14":0,"15":5,"16":0,"17":5,"18":5,"19":0},"6":{"0":0,"1":1,"2":0,"3":0,"4":4,"5":0,"6":0,"7":5,"8":2,"9":5,"10":5,"11":5,"12":3,"13":3,"14":5,"15":2,"16":5,"17":5,"18":5,"19":5},"7":{"0":0,"1":4,"2":0,"3":0,"4":4,"5":1,"6":0,"7":0,"8":5,"9":5,"10":5,"11":5,"12":5,"13":5,"14":0,"15":0,"16":1,"17":4,"18":0,"19":0},"8":{"0":0,"1":0,"2":0,"3":2,"4":0,"5":0,"6":3,"7":0,"8":0,"9":1,"10":5,"11":3,"12":0,"13":1,"14":0,"15":3,"16":5,"17":5,"18":0,"19":5},"9":{"0":0,"1":0,"2":0,"3":5,"4":2,"5":0,"6":0,"7":0,"8":0,"9":0,"10":0,"11":4,"12":4,"13":5,"14":4,"15":5,"16":0,"17":0,"18":5,"19":5},"10":{"0":3,"1":1,"2":4,"3":2,"4":0,"5":5,"6":0,"7":0,"8":0,"9":0,"10":0,"11":0,"12":3,"13":5,"14":5,"15":5,"16":0,"17":0,"18":3,"19":4},"11":{"0":0,"1":0,"2":0,"3":0,"4":0,"5":3,"6":0,"7":3,"8":0,"9":0,"10":0,"11":0,"12":0,"13":0,"14":4,"15":5,"16":0,"17":5,"18":1,"19":5},"12":{"0":0,"1":0,"2":0,"3":1,"4":5,"5":3,"6":0,"7":4,"8":0,"9":2,"10":4,"11":2,"12":0,"13":0,"14":5,"15":5,"16":0,"17":5,"18":5,"19":5},"13":{"0":0,"1":0,"2":5,"3":0,"4":1,"5":4,"6":0,"7":4,"8":5,"9":0,"10":0,"11":0,"12":5,"13":0,"14":1,"15":0,"16":5,"17":0,"18":5,"19":2},"14":{"0":0,"1":0,"2":0,"3":4,"4":0,"5":5,"6":0,"7":2,"8":0,"9":0,"10":0,"11":4,"12":0,"13":1,"14":0,"15":5,"16":3,"17":5,"18":5,"19":5},"15":{"0":1,"1":0,"2":0,"3":0,"4":0,"5":0,"6":5,"7":0,"8":0,"9":0,"10":0,"11":3,"12":3,"13":0,"14":2,"15":0,"16":2,"17":2,"18":5,"19":4},"16":{"0":3,"1":0,"2":0,"3":1,"4":0,"5":3,"6":4,"7":0,"8":5,"9":0,"10":2,"11":0,"12":0,"13":0,"14":1,"15":0,"16":0,"17":4,"18":0,"19":5},"17":{"0":0,"1":1,"2":0,"3":1,"4":0,"5":5,"6":0,"7":3,"8":5,"9":5,"10":3,"11":5,"12":3,"13":0,"14":0,"15":0,"16":0,"17":0,"18":5,"19":2},"18":{"0":2,"1":0,"2":0,"3":0,"4":0,"5":0,"6":0,"7":0,"8":3,"9":0,"10":0,"11":0,"12":0,"13":2,"14":0,"15":0,"16":0,"17":5,"18":0,"19":5},"19":{"0":3,"1":3,"2":2,"3":5,"4":0,"5":2,"6":0,"7":1,"8":0,"9":0,"10":2,"11":1,"12":4,"13":0,"14":0,"15":0,"16":1,"17":0,"18":5,"19":0}},"method":"hillside","closest_pair":[[18,19,11,17,15,12,5,10,13,16,14,8,9,7,3,4,6,1,2,0],[18,19,11,17,15,12,5,10,13,16,14,8,9,7,3,4,6,1,0,2]],"farthest_pair":[[18,19,15,11,12,17,5,10,13,16,14,8,9,7,3,4,6,1,2,0],[18,19,11,17,15,12,5,10,13,16,8,14,9,7,3,4,6,1,0,2]],"tau_farthest_pair":0.9473684211,"tau_closest_pair":0.9894736842,"centroid_solution":[18,19,11,17,15,12,5,10,13,16,14,8,9,7,3,4,6,1,2,0]}