{"solutions":[[19,18,15,16,13,17,14,11,9,10,7,12,6,8,2,3,1,4,5,0],[19,18,15,16,13,17,14,11,10,9,7,6,12,8,2,3,1,4,5,0],[19,18,15,16,13,17,14,11,10,7,9,12,6,8,2,3,1,4,5,0],[19,18,15,16,13,17,14,10,11,7,9,12,6,8,2,3,1,5,4,0],[19,18,15,16,13,17,14,10,11,7,9,12,6,8,2,3,1,4,5,0],[19,18,15,16,13,17,14,10,11,7,9,6,12,8,2,3,1,4,5,0],[19,18,15,16,13,17,14,11,9,10,7,12,6,8,2,3,1,5,4,0],[19,18,15,16,13,17,14,11,10,7,9,6,12,8,2,3,1,5,4,0],[19,18,15,16,13,17,14,10,11,7,12,9,6,8,2,3,1,4,5,0],[19,18,15,16,13,17,14,11,10,9,7,12,6,8,2,3,1,4,5,0],[19,18,15,16,13,17,14,11,10,7,9,6,12,8,2,3,1,4,5,0],[19,18,15,16,13,17,14,10,11,9,7,6,12,8,2,3,1,4,5,0],[19,18,15,16,13,17,14,11,10,9,7,12,6,8,2,3,1,5,4,0],[19,18,15,16,13,17,14,10,7,11,9,6,12,8,2,3,1,4,5,0],[19,18,15,16,13,17,14,11,10,9,7,6,12,8,2,3,1,5,4,0],[19,18,15,16,13,17,14,10,11,9,7,6,12,8,2,3,1,5,4,0],[19,18,15,16,13,17,14,10,7,11,9,12,6,8,2,3,1,4,5,0],[19,18,15,16,13,17,14,10,11,9,7,12,6,8,2,3,1,4,5,0],[19,18,15,16,13,17,14,11,9,10,7,6,12,8,2,3,1,4,5,0],[19,18,15,16,13,17,14,10,11,7,9,6,12,8,2,3,1,5,4,0],[19,18,15,16,13,17,14,10,7,11,9,12,6,8,2,3,1,5,4,0],[19,18,15,16,13,17,14,11,10,7,9,12,6,8,2,3,1,5,4,0],[19,18,15,16,13,17,14,10,11,9,7,12,6,8,2,3,1,5,4,0],[19,18,15,16,13,17,14,11,9,10,7,6,12,8,2,3,1,5,4,0],[19,18,15,16,13,17,14,11,10,7,12,9,6,8,2,3,1,5,4,0],[19,18,15,16,13,17,14,10,11,7,12,9,6,8,2,3,1,5,4,0],[19,18,15,16,13,17,14,10,7,11,9,6,12,8,2,3,1,5,4,0],[19,18,15,16,13,17,14,10,7,11,12,9,6,8,2,3,1,5,4,0],[19,18,15,16,13,17,14,11,10,7,12,9,6,8,2,3,1,4,5,0],[19,18,15,16,13,17,14,10,7,11,12,9,6,8,2,3,1,4,5,0]],"obj":1722.0,"max_tau_solutions":null,"centroid_x":[[0.0,0.0,0.0,0.0,0.0,0.0,0.0,0.0,0.0,0.0,0.0,0.0,0.0,0.0,0.0,0.0,0.0,0.0,0.0,0.0],[1.0,0.0,0.0,0.0,1.0,1.0,0.0,0.0,0.0,0.0,0.0,0.0,0.0,0.0,0.0,0.0,0.0,0.0,0.0,0.0],[1.0,1.0,0.0,1.0,1.0,1.0,0.0,0.0,0.0,0.0,0.0,0.0,0.0,0.0,0.0,0.0,0.0,0.0,0.0,0.0],[1.0,1.0,0.0,0.0,1.0,1.0,0.0,0.0,0.0,0.0,0.0,0.0,0.0,0.0,0.0,0.0,0.0,0.0,0.0,0.0],[1.0,0.0,0.0,0.0,0.0,0.3372617696,0.0,0.0,0.0,0.0,0.0,0.0,0.0,0.0,0.0,0.0,0.0,0.0,0.0,0.0],[1.0,0.0,0.0,0.0,0.6627382304,0.0,0.0,0.0,0.0,0.0,0.0,0.0,0.0,0.0,0.0,0.0,0.0,0.0,0.0,0.0],[1.0,1.0,1.0,1.0,1.0,1.0,0.0,0.0,1.0,0.0,0.0,0.0,0.397801138,0.0,0.0,0.0,0.0,0.0,0.0,0.0],[1.0,1.0,1.0,1.0,1.0,1.0,1.0,0.0,1.0,0.4831194145,0.0,0.2847493216,1.0,0.0,0.0,0.0,0.0,0.0,0.0,0.0],[1.0,1.0,1.0,1.0,1.0,1.0,0.0,0.0,0.0,0.0,0.0,0.0,0.0,0.0,0.0,0.0,0.0,0.0,0.0,0.0],[1.0,1.0,1.0,1.0,1.0,1.0,1.0,0.5168805855,1.0,0.0,0.2581844169,0.0,0.5594760263,0.0,0.0,0.0,0.0,0.0,0.0,0.0],[1.0,1.0,1.0,1.0,1.0,1.0,1.0,1.0,1.0,0.7418155831,0.0,0.3760481157,1.0,0.0,0.0,0.0,0.0,0.0,0.0,0.0],[1.0,1.0,1.0,1.0,1.0,1.0,1.0,0.7152506784,1.0,1.0,0.6239518843,0.0,1.0,0.0,0.0,0.0,0.0,0.0,0.0,0.0],[1.0,1.0,1.0,1.0,1.0,1.0,0.602198862,0.0,1.0,0.4405239737,0.0,0.0,0.0,0.0,0.0,0.0,0.0,0.0,0.0,0.0],[1.0,1.0,1.0,1.0,1.0,1.0,1.0,1.0,1.0,1.0,1.0,1.0,1.0,0.0,1.0,0.0,0.0,1.0,0.0,0.0],[1.0,1.0,1.0,1.0,1.0,1.0,1.0,1.0,1.0,1.0,1.0,1.0,1.0,0.0,0.0,0.0,0.0,0.0,0.0,0.0],[1.0,1.0,1.0,1.0,1.0,1.0,1.0,1.0,1.0,1.0,1.0,1.0,1.0,1.0,1.0,0.0,1.0,1.0,0.0,0.0],[1.0,1.0,1.0,1.0,1.0,1.0,1.0,1.0,1.0,1.0,1.0,1.0,1.0,1.0,1.0,0.0,0.0,1.0,0.0,0.0],[1.0,1.0,1.0,1.0,1.0,1.0,1.0,1.0,1.0,1.0,1.0,1.0,1.0,0.0,1.0,0.0,0.0,0.0,0.0,0.0],[1.0,1.0,1.0,1.0,1.0,1.0,1.0,1.0,1.0,1.0,1.0,1.0,1.0,1.0,1.0,1.0,1.0,1.0,0.0,0.0],[1.0,1.0,1.0,1.0,1.0,1.0,1.0,1.0,1.0,1.0,1.0,1.0,1.0,1.0,1.0,1.0,1.0,1.0,1.0,0.0]],"outlier_solution":[19,18,15,16,13,17,14,10,7,11,9,6,12,8,2,3,1,4,5,0],"dataset_id":463,"source_dataset_id":510,"options":null,"D":{"0":{"0":0,"1":3,"2":0,"3":1,"4":2,"5":2,"6":0,"7":1,"8":0,"9":1,"10":5,"11":2,"12":5,"13":5,"14":5,"15":5,"16":5,"17":4,"18":5,"19":5},"1":{"0":3,"1":0,"2":0,"3":4,"4":5,"5":5,"6":5,"7":3,"8":0,"9":5,"10":5,"11":0,"12":3,"13":5,"14":5,"15":0,"16":5,"17":5,"18":0,"19":4},"2":{"0":0,"1":0,"2":0,"3":5,"4":0,"5":5,"6":2,"7":5,"8":0,"9":2,"10":4,"11":1,"12":2,"13":5,"14":1,"15":4,"16":0,"17":0,"18":2,"19":1},"3":{"0":0,"1":0,"2":0,"3":0,"4":5,"5":1,"6":2,"7":5,"8":5,"9":0,"10":5,"11":5,"12":2,"13":3,"14":5,"15":5,"16":5,"17":5,"18":0,"19":5},"4":{"0":0,"1":3,"2":3,"3":3,"4":0,"5":5,"6":5,"7":5,"8":0,"9":5,"10":4,"11":1,"12":4,"13":0,"14":5,"15":5,"16":5,"17":1,"18":0,"19":5},"5":{"0":0,"1":1,"2":1,"3":0,"4":2,"5":0,"6":5,"7":5,"8":5,"9":0,"10":5,"11":5,"12":0,"13":5,"14":0,"15":5,"16":1,"17":5,"18":5,"19":5},"6":{"0":2,"1":0,"2":0,"3":0,"4":0,"5":0,"6":0,"7":5,"8":0,"9":1,"10":0,"11":5,"12":4,"13":5,"14":5,"15":5,"16":5,"17":3,"18":1,"19":5},"7":{"0":0,"1":0,"2":0,"3":0,"4":0,"5":0,"6":0,"7":0,"8":5,"9":5,"10":3,"11":0,"12":5,"13":0,"14":5,"15":2,"16":0,"17":5,"18":5,"19":3},"8":{"0":0,"1":4,"2":0,"3":5,"4":0,"5":1,"6":0,"7":1,"8":0,"9":3,"10":0,"11":5,"12":0,"13":1,"14":1,"15":3,"16":5,"17":5,"18":4,"19":5},"9":{"0":0,"1":0,"2":5,"3":4,"4":0,"5":0,"6":1,"7":1,"8":0,"9":0,"10":2,"11":5,"12":0,"13":5,"14":2,"15":1,"16":1,"17":5,"18":1,"19":0},"10":{"0":0,"1":0,"2":0,"3":0,"4":0,"5":3,"6":2,"7":5,"8":1,"9":0,"10":0,"11":5,"12":5,"13":5,"14":5,"15":1,"16":5,"17":0,"18":1,"19":5},"11":{"0":0,"1":3,"2":5,"3":0,"4":0,"5":0,"6":5,"7":0,"8":0,"9":0,"10":0,"11":0,"12":3,"13":2,"14":1,"15":5,"16":5,"17":1,"18":0,"19":5},"12":{"0":1,"1":4,"2":0,"3":2,"4":0,"5":0,"6":0,"7":0,"8":0,"9":3,"10":0,"11":0,"12":0,"13":4,"14":0,"15":5,"16":2,"17":5,"18":3,"19":1},"13":{"0":0,"1":0,"2":0,"3":3,"4":0,"5":0,"6":3,"7":2,"8":1,"9":0,"10":0,"11":0,"12":0,"13":0,"14":2,"15":1,"16":0,"17":5,"18":5,"19":0},"14":{"0":0,"1":1,"2":0,"3":4,"4":0,"5":0,"6":0,"7":3,"8":0,"9":4,"10":5,"11":0,"12":0,"13":0,"14":0,"15":5,"16":3,"17":5,"18":5,"19":5},"15":{"0":5,"1":2,"2":0,"3":0,"4":0,"5":0,"6":0,"7":0,"8":5,"9":0,"10":0,"11":0,"12":0,"13":5,"14":1,"15":0,"16":5,"17":1,"18":1,"19":0},"16":{"0":0,"1":0,"2":0,"3":0,"4":3,"5":0,"6":1,"7":0,"8":3,"9":0,"10":2,"11":4,"12":0,"13":0,"14":0,"15":0,"16":0,"17":0,"18":5,"19":5},"17":{"0":0,"1":3,"2":2,"3":0,"4":1,"5":0,"6":0,"7":0,"8":5,"9":0,"10":4,"11":0,"12":0,"13":1,"14":0,"15":0,"16":4,"17":0,"18":1,"19":2},"18":{"0":0,"1":0,"2":0,"3":0,"4":0,"5":0,"6":0,"7":0,"8":0,"9":0,"10":0,"11":0,"12":0,"13":4,"14":2,"15":5,"16":0,"17":0,"18":0,"19":2},"19":{"0":0,"1":1,"2":0,"3":0,"4":3,"5":0,"6":0,"7":0,"8":1,"9":3,"10":4,"11":1,"12":0,"13":0,"14":0,"15":0,"16":0,"17":0,"18":0,"19":0}},"method":"hillside","closest_pair":[[19,18,15,16,13,17,14,11,10,7,12,9,6,8,2,3,1,4,5,0],[19,18,15,16,13,17,14,11,10,7,12,9,6,8,2,3,1,5,4,0]],"farthest_pair":[[19,18,15,16,13,17,14,11,9,10,7,6,12,8,2,3,1,5,4,0],[19,18,15,16,13,17,14,10,7,11,12,9,6,8,2,3,1,4,5,0]],"tau_farthest_pair":0.9263157895,"tau_closest_pair":0.9894736842,"centroid_solution":[19,18,15,16,13,17,14,11,10,9,7,12,6,8,2,3,1,5,4,0]}