{"solutions":[[2,3,1,0,7,4,5,9,6,8,11,10,15,18,16,14,12,13,17,19],[2,1,0,3,7,4,5,9,6,8,11,10,15,18,16,14,12,13,17,19],[2,1,3,0,7,4,5,9,6,8,11,10,15,18,16,14,12,13,17,19]],"obj":1870.0,"max_tau_solutions":null,"centroid_x":[[0.0,0.0,0.0,0.4445171755,1.0,1.0,1.0,1.0,1.0,1.0,1.0,1.0,1.0,1.0,1.0,1.0,1.0,1.0,1.0,1.0],[1.0,0.0,0.0,0.5513823359,1.0,1.0,1.0,1.0,1.0,1.0,1.0,1.0,1.0,1.0,1.0,1.0,1.0,1.0,1.0,1.0],[1.0,1.0,0.0,1.0,1.0,1.0,1.0,1.0,1.0,1.0,1.0,1.0,1.0,1.0,1.0,1.0,1.0,1.0,1.0,1.0],[0.5554828245,0.4486176641,0.0,0.0,1.0,1.0,1.0,1.0,1.0,1.0,1.0,1.0,1.0,1.0,1.0,1.0,1.0,1.0,1.0,1.0],[0.0,0.0,0.0,0.0,0.0,1.0,1.0,0.0,1.0,1.0,1.0,1.0,1.0,1.0,1.0,1.0,1.0,1.0,1.0,1.0],[0.0,0.0,0.0,0.0,0.0,0.0,1.0,0.0,1.0,1.0,1.0,1.0,1.0,1.0,1.0,1.0,1.0,1.0,1.0,1.0],[0.0,0.0,0.0,0.0,0.0,0.0,0.0,0.0,1.0,0.0,1.0,1.0,1.0,1.0,1.0,1.0,1.0,1.0,1.0,1.0],[0.0,0.0,0.0,0.0,1.0,1.0,1.0,0.0,1.0,1.0,1.0,1.0,1.0,1.0,1.0,1.0,1.0,1.0,1.0,1.0],[0.0,0.0,0.0,0.0,0.0,0.0,0.0,0.0,0.0,0.0,1.0,1.0,1.0,1.0,1.0,1.0,1.0,1.0,1.0,1.0],[0.0,0.0,0.0,0.0,0.0,0.0,1.0,0.0,1.0,0.0,1.0,1.0,1.0,1.0,1.0,1.0,1.0,1.0,1.0,1.0],[0.0,0.0,0.0,0.0,0.0,0.0,0.0,0.0,0.0,0.0,0.0,0.0,1.0,1.0,1.0,1.0,1.0,1.0,1.0,1.0],[0.0,0.0,0.0,0.0,0.0,0.0,0.0,0.0,0.0,0.0,1.0,0.0,1.0,1.0,1.0,1.0,1.0,1.0,1.0,1.0],[0.0,0.0,0.0,0.0,0.0,0.0,0.0,0.0,0.0,0.0,0.0,0.0,0.0,1.0,0.0,0.0,0.0,1.0,0.0,1.0],[0.0,0.0,0.0,0.0,0.0,0.0,0.0,0.0,0.0,0.0,0.0,0.0,0.0,0.0,0.0,0.0,0.0,1.0,0.0,1.0],[0.0,0.0,0.0,0.0,0.0,0.0,0.0,0.0,0.0,0.0,0.0,0.0,1.0,1.0,0.0,0.0,0.0,1.0,0.0,1.0],[0.0,0.0,0.0,0.0,0.0,0.0,0.0,0.0,0.0,0.0,0.0,0.0,1.0,1.0,1.0,0.0,1.0,1.0,1.0,1.0],[0.0,0.0,0.0,0.0,0.0,0.0,0.0,0.0,0.0,0.0,0.0,0.0,1.0,1.0,1.0,0.0,0.0,1.0,0.0,1.0],[0.0,0.0,0.0,0.0,0.0,0.0,0.0,0.0,0.0,0.0,0.0,0.0,0.0,0.0,0.0,0.0,0.0,0.0,0.0,1.0],[0.0,0.0,0.0,0.0,0.0,0.0,0.0,0.0,0.0,0.0,0.0,0.0,1.0,1.0,1.0,0.0,1.0,1.0,0.0,1.0],[0.0,0.0,0.0,0.0,0.0,0.0,0.0,0.0,0.0,0.0,0.0,0.0,0.0,0.0,0.0,0.0,0.0,0.0,0.0,0.0]],"outlier_solution":[2,1,0,3,7,4,5,9,6,8,11,10,15,18,16,14,12,13,17,19],"dataset_id":466,"source_dataset_id":513,"options":null,"D":{"0":{"0":0,"1":0,"2":2,"3":0,"4":4,"5":0,"6":0,"7":0,"8":1,"9":4,"10":0,"11":0,"12":3,"13":0,"14":0,"15":5,"16":4,"17":4,"18":4,"19":0},"1":{"0":5,"1":0,"2":0,"3":0,"4":0,"5":0,"6":0,"7":1,"8":2,"9":0,"10":0,"11":0,"12":0,"13":3,"14":0,"15":0,"16":4,"17":1,"18":0,"19":0},"2":{"0":5,"1":5,"2":0,"3":0,"4":0,"5":0,"6":0,"7":0,"8":0,"9":0,"10":3,"11":0,"12":0,"13":1,"14":1,"15":0,"16":5,"17":1,"18":0,"19":0},"3":{"0":0,"1":4,"2":1,"3":0,"4":0,"5":0,"6":0,"7":0,"8":4,"9":5,"10":0,"11":2,"12":0,"13":0,"14":0,"15":0,"16":0,"17":0,"18":0,"19":1},"4":{"0":2,"1":3,"2":5,"3":5,"4":0,"5":2,"6":1,"7":0,"8":0,"9":5,"10":1,"11":1,"12":0,"13":3,"14":0,"15":5,"16":4,"17":0,"18":1,"19":0},"5":{"0":5,"1":1,"2":5,"3":1,"4":0,"5":0,"6":2,"7":2,"8":0,"9":1,"10":4,"11":0,"12":0,"13":5,"14":0,"15":0,"16":0,"17":0,"18":0,"19":2},"6":{"0":5,"1":1,"2":5,"3":4,"4":5,"5":1,"6":0,"7":0,"8":4,"9":0,"10":2,"11":0,"12":0,"13":0,"14":3,"15":0,"16":4,"17":0,"18":4,"19":3},"7":{"0":4,"1":3,"2":4,"3":3,"4":1,"5":2,"6":0,"7":0,"8":4,"9":4,"10":0,"11":2,"12":0,"13":0,"14":3,"15":0,"16":0,"17":0,"18":4,"19":0},"8":{"0":1,"1":3,"2":0,"3":4,"4":5,"5":2,"6":2,"7":5,"8":0,"9":0,"10":0,"11":2,"12":1,"13":0,"14":0,"15":4,"16":1,"17":0,"18":2,"19":0},"9":{"0":5,"1":5,"2":5,"3":2,"4":4,"5":5,"6":5,"7":0,"8":4,"9":0,"10":0,"11":0,"12":0,"13":0,"14":0,"15":0,"16":0,"17":5,"18":0,"19":5},"10":{"0":0,"1":5,"2":3,"3":0,"4":5,"5":3,"6":5,"7":2,"8":5,"9":3,"10":0,"11":0,"12":0,"13":0,"14":4,"15":0,"16":0,"17":2,"18":2,"19":0},"11":{"0":5,"1":0,"2":2,"3":5,"4":5,"5":0,"6":1,"7":5,"8":0,"9":2,"10":5,"11":0,"12":0,"13":0,"14":0,"15":0,"16":0,"17":2,"18":0,"19":0},"12":{"0":5,"1":2,"2":4,"3":2,"4":5,"5":5,"6":3,"7":5,"8":5,"9":5,"10":5,"11":0,"12":0,"13":0,"14":0,"15":2,"16":0,"17":0,"18":0,"19":0},"13":{"0":5,"1":4,"2":5,"3":5,"4":0,"5":2,"6":5,"7":5,"8":5,"9":5,"10":5,"11":3,"12":5,"13":0,"14":5,"15":0,"16":0,"17":0,"18":2,"19":1},"14":{"0":5,"1":1,"2":1,"3":5,"4":5,"5":2,"6":5,"7":5,"8":1,"9":0,"10":5,"11":5,"12":4,"13":2,"14":0,"15":3,"16":0,"17":2,"18":0,"19":4},"15":{"0":0,"1":5,"2":0,"3":1,"4":3,"5":2,"6":5,"7":5,"8":4,"9":1,"10":5,"11":4,"12":0,"13":3,"14":1,"15":0,"16":0,"17":0,"18":3,"19":0},"16":{"0":5,"1":3,"2":0,"3":5,"4":0,"5":5,"6":5,"7":5,"8":5,"9":2,"10":1,"11":0,"12":0,"13":1,"14":5,"15":0,"16":0,"17":0,"18":2,"19":0},"17":{"0":5,"1":5,"2":5,"3":5,"4":5,"5":4,"6":3,"7":5,"8":3,"9":5,"10":0,"11":3,"12":0,"13":3,"14":0,"15":5,"16":5,"17":0,"18":0,"19":0},"18":{"0":0,"1":4,"2":5,"3":2,"4":4,"5":2,"6":3,"7":1,"8":1,"9":5,"10":5,"11":5,"12":1,"13":0,"14":5,"15":3,"16":0,"17":0,"18":0,"19":5},"19":{"0":0,"1":5,"2":3,"3":5,"4":5,"5":5,"6":0,"7":5,"8":0,"9":5,"10":3,"11":5,"12":5,"13":5,"14":5,"15":0,"16":0,"17":5,"18":5,"19":0}},"method":"hillside","closest_pair":[[2,1,3,0,7,4,5,9,6,8,11,10,15,18,16,14,12,13,17,19],[2,1,0,3,7,4,5,9,6,8,11,10,15,18,16,14,12,13,17,19]],"farthest_pair":[[2,3,1,0,7,4,5,9,6,8,11,10,15,18,16,14,12,13,17,19],[2,1,0,3,7,4,5,9,6,8,11,10,15,18,16,14,12,13,17,19]],"centroid_solution":[2,1,3,0,7,4,5,9,6,8,11,10,15,18,16,14,12,13,17,19]}