{"solutions":[[19,13,18,16,14,17,12,15,8,11,10,6,9,1,2,4,5,0,7,3],[19,13,18,16,17,14,12,15,8,10,11,6,9,1,2,4,5,0,7,3],[19,13,18,16,14,17,12,15,8,10,11,6,9,1,2,4,7,5,0,3],[19,13,18,16,17,14,12,15,8,11,10,6,9,1,2,4,5,0,7,3],[19,13,18,16,14,17,12,15,8,11,10,6,9,1,2,4,5,7,0,3],[19,13,18,16,17,14,12,15,8,11,10,6,9,1,2,4,7,5,0,3],[19,13,18,16,17,14,12,15,8,10,11,6,9,1,2,4,7,5,0,3],[19,13,18,16,14,17,12,15,8,10,11,6,9,1,2,4,5,0,7,3],[19,13,18,16,17,14,12,15,8,10,11,6,9,1,2,4,5,7,0,3],[19,13,18,16,14,17,12,15,8,11,10,6,9,1,2,4,7,5,0,3],[19,13,18,16,17,14,12,15,8,11,10,6,9,1,2,4,5,7,0,3],[19,13,18,16,14,17,12,15,8,10,11,6,9,1,2,4,5,7,0,3]],"obj":1842.0,"max_tau_solutions":null,"centroid_x":[[0.0,0.0,0.0,1.0,0.0,0.0,0.0,0.3545961627,0.0,0.0,0.0,0.0,0.0,0.0,0.0,0.0,0.0,0.0,0.0,0.0],[1.0,0.0,1.0,1.0,1.0,1.0,0.0,1.0,0.0,0.0,0.0,0.0,0.0,0.0,0.0,0.0,0.0,0.0,0.0,0.0],[1.0,0.0,0.0,1.0,1.0,1.0,0.0,1.0,0.0,0.0,0.0,0.0,0.0,0.0,0.0,0.0,0.0,0.0,0.0,0.0],[0.0,0.0,0.0,0.0,0.0,0.0,0.0,0.0,0.0,0.0,0.0,0.0,0.0,0.0,0.0,0.0,0.0,0.0,0.0,0.0],[1.0,0.0,0.0,1.0,0.0,1.0,0.0,1.0,0.0,0.0,0.0,0.0,0.0,0.0,0.0,0.0,0.0,0.0,0.0,0.0],[1.0,0.0,0.0,1.0,0.0,0.0,0.0,0.3563323902,0.0,0.0,0.0,0.0,0.0,0.0,0.0,0.0,0.0,0.0,0.0,0.0],[1.0,1.0,1.0,1.0,1.0,1.0,0.0,1.0,0.0,1.0,0.0,0.0,0.0,0.0,0.0,0.0,0.0,0.0,0.0,0.0],[0.6454038373,0.0,0.0,1.0,0.0,0.6436676098,0.0,0.0,0.0,0.0,0.0,0.0,0.0,0.0,0.0,0.0,0.0,0.0,0.0,0.0],[1.0,1.0,1.0,1.0,1.0,1.0,1.0,1.0,0.0,1.0,1.0,1.0,0.0,0.0,0.0,0.0,0.0,0.0,0.0,0.0],[1.0,1.0,1.0,1.0,1.0,1.0,0.0,1.0,0.0,0.0,0.0,0.0,0.0,0.0,0.0,0.0,0.0,0.0,0.0,0.0],[1.0,1.0,1.0,1.0,1.0,1.0,1.0,1.0,0.0,1.0,0.0,0.3478500851,0.0,0.0,0.0,0.0,0.0,0.0,0.0,0.0],[1.0,1.0,1.0,1.0,1.0,1.0,1.0,1.0,0.0,1.0,0.6521499149,0.0,0.0,0.0,0.0,0.0,0.0,0.0,0.0,0.0],[1.0,1.0,1.0,1.0,1.0,1.0,1.0,1.0,1.0,1.0,1.0,1.0,0.0,0.0,0.0,1.0,0.0,0.0,0.0,0.0],[1.0,1.0,1.0,1.0,1.0,1.0,1.0,1.0,1.0,1.0,1.0,1.0,1.0,0.0,1.0,1.0,1.0,1.0,1.0,0.0],[1.0,1.0,1.0,1.0,1.0,1.0,1.0,1.0,1.0,1.0,1.0,1.0,1.0,0.0,0.0,1.0,0.0,0.3297448842,0.0,0.0],[1.0,1.0,1.0,1.0,1.0,1.0,1.0,1.0,1.0,1.0,1.0,1.0,0.0,0.0,0.0,0.0,0.0,0.0,0.0,0.0],[1.0,1.0,1.0,1.0,1.0,1.0,1.0,1.0,1.0,1.0,1.0,1.0,1.0,0.0,1.0,1.0,0.0,1.0,0.0,0.0],[1.0,1.0,1.0,1.0,1.0,1.0,1.0,1.0,1.0,1.0,1.0,1.0,1.0,0.0,0.6702551158,1.0,0.0,0.0,0.0,0.0],[1.0,1.0,1.0,1.0,1.0,1.0,1.0,1.0,1.0,1.0,1.0,1.0,1.0,0.0,1.0,1.0,1.0,1.0,0.0,0.0],[1.0,1.0,1.0,1.0,1.0,1.0,1.0,1.0,1.0,1.0,1.0,1.0,1.0,1.0,1.0,1.0,1.0,1.0,1.0,0.0]],"outlier_solution":[19,13,18,16,14,17,12,15,8,10,11,6,9,1,2,4,5,0,7,3],"dataset_id":467,"source_dataset_id":514,"options":null,"D":{"0":{"0":0,"1":4,"2":5,"3":0,"4":0,"5":2,"6":5,"7":4,"8":5,"9":0,"10":5,"11":2,"12":4,"13":3,"14":0,"15":5,"16":1,"17":5,"18":4,"19":5},"1":{"0":0,"1":0,"2":4,"3":3,"4":0,"5":3,"6":5,"7":5,"8":5,"9":5,"10":3,"11":3,"12":5,"13":5,"14":5,"15":0,"16":5,"17":2,"18":5,"19":5},"2":{"0":0,"1":2,"2":0,"3":5,"4":2,"5":4,"6":1,"7":0,"8":5,"9":5,"10":4,"11":3,"12":3,"13":5,"14":0,"15":1,"16":5,"17":5,"18":5,"19":3},"3":{"0":0,"1":0,"2":1,"3":0,"4":5,"5":5,"6":5,"7":5,"8":0,"9":5,"10":5,"11":5,"12":5,"13":3,"14":5,"15":5,"16":3,"17":0,"18":2,"19":5},"4":{"0":0,"1":2,"2":3,"3":0,"4":0,"5":0,"6":0,"7":4,"8":1,"9":5,"10":5,"11":0,"12":5,"13":4,"14":3,"15":3,"16":5,"17":5,"18":3,"19":4},"5":{"0":0,"1":3,"2":3,"3":2,"4":1,"5":0,"6":0,"7":2,"8":1,"9":0,"10":5,"11":1,"12":0,"13":5,"14":5,"15":5,"16":5,"17":5,"18":5,"19":5},"6":{"0":1,"1":1,"2":0,"3":0,"4":0,"5":0,"6":0,"7":0,"8":5,"9":5,"10":0,"11":5,"12":0,"13":0,"14":0,"15":4,"16":4,"17":0,"18":0,"19":2},"7":{"0":2,"1":2,"2":4,"3":1,"4":0,"5":5,"6":0,"7":0,"8":5,"9":5,"10":4,"11":4,"12":5,"13":0,"14":5,"15":2,"16":1,"17":5,"18":0,"19":5},"8":{"0":0,"1":1,"2":1,"3":0,"4":0,"5":0,"6":0,"7":0,"8":0,"9":3,"10":5,"11":3,"12":5,"13":2,"14":5,"15":0,"16":5,"17":0,"18":5,"19":0},"9":{"0":0,"1":2,"2":0,"3":1,"4":1,"5":0,"6":0,"7":0,"8":0,"9":0,"10":5,"11":5,"12":1,"13":5,"14":5,"15":5,"16":5,"17":5,"18":3,"19":2},"10":{"0":3,"1":0,"2":5,"3":0,"4":0,"5":0,"6":0,"7":0,"8":1,"9":0,"10":0,"11":5,"12":5,"13":5,"14":5,"15":4,"16":5,"17":5,"18":0,"19":5},"11":{"0":2,"1":3,"2":0,"3":0,"4":0,"5":0,"6":0,"7":0,"8":0,"9":5,"10":0,"11":0,"12":3,"13":5,"14":3,"15":2,"16":0,"17":0,"18":5,"19":5},"12":{"0":0,"1":0,"2":0,"3":0,"4":0,"5":3,"6":3,"7":0,"8":0,"9":4,"10":0,"11":0,"12":0,"13":2,"14":5,"15":2,"16":2,"17":1,"18":5,"19":5},"13":{"0":5,"1":0,"2":1,"3":0,"4":1,"5":0,"6":0,"7":0,"8":0,"9":5,"10":1,"11":0,"12":2,"13":0,"14":3,"15":4,"16":5,"17":5,"18":1,"19":0},"14":{"0":0,"1":5,"2":0,"3":0,"4":5,"5":0,"6":0,"7":0,"8":0,"9":0,"10":5,"11":0,"12":0,"13":4,"14":0,"15":2,"16":0,"17":4,"18":5,"19":4},"15":{"0":0,"1":2,"2":0,"3":0,"4":0,"5":4,"6":0,"7":0,"8":0,"9":0,"10":0,"11":2,"12":0,"13":0,"14":3,"15":0,"16":5,"17":5,"18":5,"19":3},"16":{"0":0,"1":2,"2":0,"3":0,"4":5,"5":3,"6":5,"7":0,"8":3,"9":0,"10":3,"11":0,"12":0,"13":5,"14":0,"15":0,"16":0,"17":5,"18":2,"19":3},"17":{"0":0,"1":5,"2":2,"3":3,"4":0,"5":4,"6":0,"7":0,"8":0,"9":5,"10":5,"11":3,"12":5,"13":0,"14":0,"15":0,"16":0,"17":0,"18":3,"19":5},"18":{"0":0,"1":4,"2":2,"3":0,"4":0,"5":1,"6":2,"7":0,"8":3,"9":0,"10":3,"11":3,"12":2,"13":4,"14":0,"15":0,"16":0,"17":0,"18":0,"19":2},"19":{"0":5,"1":0,"2":0,"3":0,"4":0,"5":0,"6":0,"7":1,"8":1,"9":0,"10":0,"11":0,"12":0,"13":5,"14":0,"15":0,"16":4,"17":0,"18":0,"19":0}},"method":"hillside","closest_pair":[[19,13,18,16,17,14,12,15,8,11,10,6,9,1,2,4,5,7,0,3],[19,13,18,16,17,14,12,15,8,11,10,6,9,1,2,4,5,0,7,3]],"farthest_pair":[[19,13,18,16,17,14,12,15,8,11,10,6,9,1,2,4,5,0,7,3],[19,13,18,16,14,17,12,15,8,10,11,6,9,1,2,4,7,5,0,3]],"tau_farthest_pair":0.9578947368,"tau_closest_pair":0.9894736842,"centroid_solution":[19,13,18,16,17,14,12,15,8,11,10,6,9,1,2,4,7,5,0,3]}