{"solutions":[[18,13,17,14,16,15,9,19,12,11,7,8,6,10,2,5,4,0,3,1],[18,13,17,14,16,9,15,19,12,11,7,8,6,2,10,5,4,0,3,1],[18,13,17,14,16,15,9,19,12,11,7,8,6,2,10,5,4,0,3,1],[18,13,17,14,16,9,15,19,12,11,7,8,6,10,2,5,4,0,3,1]],"obj":1936.0,"max_tau_solutions":null,"centroid_x":[[0.0,1.0,0.0,1.0,0.0,0.0,0.0,0.0,0.0,0.0,0.0,0.0,0.0,0.0,0.0,0.0,0.0,0.0,0.0,0.0],[0.0,0.0,0.0,0.0,0.0,0.0,0.0,0.0,0.0,0.0,0.0,0.0,0.0,0.0,0.0,0.0,0.0,0.0,0.0,0.0],[1.0,1.0,0.0,1.0,1.0,1.0,0.0,0.0,0.0,0.0,0.4711214517,0.0,0.0,0.0,0.0,0.0,0.0,0.0,0.0,0.0],[0.0,1.0,0.0,0.0,0.0,0.0,0.0,0.0,0.0,0.0,0.0,0.0,0.0,0.0,0.0,0.0,0.0,0.0,0.0,0.0],[1.0,1.0,0.0,1.0,0.0,0.0,0.0,0.0,0.0,0.0,0.0,0.0,0.0,0.0,0.0,0.0,0.0,0.0,0.0,0.0],[1.0,1.0,0.0,1.0,1.0,0.0,0.0,0.0,0.0,0.0,0.0,0.0,0.0,0.0,0.0,0.0,0.0,0.0,0.0,0.0],[1.0,1.0,1.0,1.0,1.0,1.0,0.0,0.0,0.0,0.0,1.0,0.0,0.0,0.0,0.0,0.0,0.0,0.0,0.0,0.0],[1.0,1.0,1.0,1.0,1.0,1.0,1.0,0.0,1.0,0.0,1.0,0.0,0.0,0.0,0.0,0.0,0.0,0.0,0.0,0.0],[1.0,1.0,1.0,1.0,1.0,1.0,1.0,0.0,0.0,0.0,1.0,0.0,0.0,0.0,0.0,0.0,0.0,0.0,0.0,0.0],[1.0,1.0,1.0,1.0,1.0,1.0,1.0,1.0,1.0,0.0,1.0,1.0,1.0,0.0,0.0,0.432747316,0.0,0.0,0.0,1.0],[1.0,1.0,0.5288785483,1.0,1.0,1.0,0.0,0.0,0.0,0.0,0.0,0.0,0.0,0.0,0.0,0.0,0.0,0.0,0.0,0.0],[1.0,1.0,1.0,1.0,1.0,1.0,1.0,1.0,1.0,0.0,1.0,0.0,0.0,0.0,0.0,0.0,0.0,0.0,0.0,0.0],[1.0,1.0,1.0,1.0,1.0,1.0,1.0,1.0,1.0,0.0,1.0,1.0,0.0,0.0,0.0,0.0,0.0,0.0,0.0,0.0],[1.0,1.0,1.0,1.0,1.0,1.0,1.0,1.0,1.0,1.0,1.0,1.0,1.0,0.0,1.0,1.0,1.0,1.0,0.0,1.0],[1.0,1.0,1.0,1.0,1.0,1.0,1.0,1.0,1.0,1.0,1.0,1.0,1.0,0.0,0.0,1.0,1.0,0.0,0.0,1.0],[1.0,1.0,1.0,1.0,1.0,1.0,1.0,1.0,1.0,0.567252684,1.0,1.0,1.0,0.0,0.0,0.0,0.0,0.0,0.0,1.0],[1.0,1.0,1.0,1.0,1.0,1.0,1.0,1.0,1.0,1.0,1.0,1.0,1.0,0.0,0.0,1.0,0.0,0.0,0.0,1.0],[1.0,1.0,1.0,1.0,1.0,1.0,1.0,1.0,1.0,1.0,1.0,1.0,1.0,0.0,1.0,1.0,1.0,0.0,0.0,1.0],[1.0,1.0,1.0,1.0,1.0,1.0,1.0,1.0,1.0,1.0,1.0,1.0,1.0,1.0,1.0,1.0,1.0,1.0,0.0,1.0],[1.0,1.0,1.0,1.0,1.0,1.0,1.0,1.0,1.0,0.0,1.0,1.0,1.0,0.0,0.0,0.0,0.0,0.0,0.0,0.0]],"outlier_solution":[18,13,17,14,16,9,15,19,12,11,7,8,6,2,10,5,4,0,3,1],"dataset_id":470,"source_dataset_id":517,"options":null,"D":{"0":{"0":0,"1":5,"2":5,"3":5,"4":0,"5":0,"6":5,"7":1,"8":5,"9":5,"10":5,"11":3,"12":0,"13":1,"14":4,"15":5,"16":3,"17":4,"18":1,"19":5},"1":{"0":4,"1":0,"2":5,"3":3,"4":1,"5":0,"6":0,"7":5,"8":0,"9":5,"10":0,"11":5,"12":5,"13":1,"14":3,"15":5,"16":4,"17":3,"18":0,"19":0},"2":{"0":0,"1":0,"2":0,"3":3,"4":0,"5":5,"6":0,"7":0,"8":5,"9":3,"10":5,"11":4,"12":5,"13":5,"14":2,"15":2,"16":5,"17":5,"18":5,"19":0},"3":{"0":4,"1":1,"2":1,"3":0,"4":1,"5":4,"6":5,"7":5,"8":5,"9":5,"10":5,"11":3,"12":5,"13":3,"14":1,"15":3,"16":5,"17":5,"18":5,"19":0},"4":{"0":0,"1":4,"2":0,"3":1,"4":0,"5":0,"6":0,"7":0,"8":0,"9":5,"10":5,"11":5,"12":4,"13":5,"14":3,"15":5,"16":0,"17":1,"18":5,"19":0},"5":{"0":0,"1":1,"2":0,"3":0,"4":0,"5":0,"6":3,"7":5,"8":4,"9":4,"10":2,"11":0,"12":5,"13":3,"14":5,"15":5,"16":5,"17":0,"18":2,"19":5},"6":{"0":0,"1":0,"2":5,"3":3,"4":0,"5":4,"6":0,"7":2,"8":5,"9":5,"10":0,"11":3,"12":5,"13":5,"14":1,"15":1,"16":5,"17":0,"18":5,"19":5},"7":{"0":0,"1":0,"2":3,"3":3,"4":4,"5":0,"6":0,"7":0,"8":4,"9":5,"10":0,"11":5,"12":1,"13":2,"14":1,"15":5,"16":0,"17":0,"18":5,"19":4},"8":{"0":1,"1":0,"2":4,"3":1,"4":0,"5":3,"6":0,"7":5,"8":0,"9":5,"10":5,"11":5,"12":5,"13":5,"14":5,"15":5,"16":4,"17":3,"18":0,"19":5},"9":{"0":0,"1":0,"2":0,"3":0,"4":0,"5":0,"6":3,"7":0,"8":3,"9":0,"10":1,"11":2,"12":5,"13":5,"14":2,"15":0,"16":0,"17":5,"18":3,"19":4},"10":{"0":0,"1":0,"2":2,"3":3,"4":2,"5":0,"6":3,"7":0,"8":0,"9":0,"10":0,"11":5,"12":0,"13":5,"14":5,"15":5,"16":4,"17":4,"18":1,"19":5},"11":{"0":1,"1":0,"2":0,"3":0,"4":4,"5":0,"6":0,"7":0,"8":1,"9":2,"10":0,"11":0,"12":5,"13":5,"14":5,"15":5,"16":5,"17":5,"18":0,"19":5},"12":{"0":5,"1":2,"2":3,"3":3,"4":1,"5":4,"6":0,"7":0,"8":0,"9":0,"10":0,"11":0,"12":0,"13":5,"14":5,"15":3,"16":5,"17":5,"18":5,"19":0},"13":{"0":0,"1":0,"2":0,"3":2,"4":0,"5":0,"6":0,"7":0,"8":2,"9":2,"10":3,"11":0,"12":0,"13":0,"14":4,"15":5,"16":0,"17":0,"18":2,"19":2},"14":{"0":0,"1":0,"2":4,"3":0,"4":1,"5":0,"6":3,"7":4,"8":2,"9":2,"10":0,"11":0,"12":0,"13":0,"14":0,"15":5,"16":5,"17":4,"18":5,"19":0},"15":{"0":0,"1":0,"2":1,"3":0,"4":0,"5":0,"6":5,"7":0,"8":5,"9":0,"10":0,"11":3,"12":5,"13":0,"14":0,"15":0,"16":5,"17":5,"18":5,"19":4},"16":{"0":1,"1":0,"2":0,"3":0,"4":2,"5":4,"6":0,"7":0,"8":1,"9":0,"10":0,"11":0,"12":0,"13":0,"14":5,"15":0,"16":0,"17":5,"18":5,"19":1},"17":{"0":2,"1":0,"2":0,"3":0,"4":0,"5":0,"6":0,"7":2,"8":0,"9":0,"10":0,"11":0,"12":3,"13":1,"14":0,"15":0,"16":0,"17":0,"18":5,"19":5},"18":{"0":0,"1":4,"2":0,"3":0,"4":0,"5":0,"6":5,"7":0,"8":0,"9":0,"10":0,"11":5,"12":0,"13":3,"14":2,"15":0,"16":0,"17":0,"18":0,"19":5},"19":{"0":2,"1":1,"2":5,"3":2,"4":0,"5":4,"6":5,"7":5,"8":0,"9":0,"10":0,"11":3,"12":0,"13":1,"14":5,"15":0,"16":1,"17":2,"18":3,"19":0}},"method":"hillside","closest_pair":[[18,13,17,14,16,9,15,19,12,11,7,8,6,10,2,5,4,0,3,1],[18,13,17,14,16,15,9,19,12,11,7,8,6,10,2,5,4,0,3,1]],"farthest_pair":[[18,13,17,14,16,15,9,19,12,11,7,8,6,10,2,5,4,0,3,1],[18,13,17,14,16,9,15,19,12,11,7,8,6,2,10,5,4,0,3,1]],"tau_farthest_pair":0.9789473684,"tau_closest_pair":0.9894736842,"centroid_solution":[18,13,17,14,16,15,9,19,12,11,7,8,6,10,2,5,4,0,3,1]}