{"solutions":[[2,1,0,4,5,3,6,8,12,11,7,9,10,14,15,13,19,16,18,17],[2,1,0,4,5,3,6,8,12,11,14,7,9,10,15,13,19,16,18,17],[2,1,0,4,5,3,6,8,12,14,11,7,9,10,15,13,19,16,18,17],[1,2,0,4,5,3,6,8,12,11,7,9,10,14,15,13,19,16,18,17],[1,2,0,5,4,3,6,8,12,11,14,7,9,10,15,13,19,16,18,17],[2,1,0,5,3,4,6,8,12,14,11,7,9,10,15,13,19,16,18,17],[1,2,0,5,3,4,6,8,12,14,11,7,9,10,15,13,19,16,18,17],[1,2,0,5,4,3,6,8,12,11,7,9,10,14,15,13,19,16,18,17],[1,2,0,5,4,3,6,8,12,14,11,7,9,10,15,13,19,16,18,17],[2,1,0,5,4,3,6,8,12,14,11,7,9,10,15,13,19,16,18,17],[1,2,0,4,5,3,6,8,12,11,14,7,9,10,15,13,19,16,18,17],[2,1,0,5,4,3,6,8,12,11,14,7,9,10,15,13,19,16,18,17],[2,1,0,5,3,4,6,8,12,11,7,9,10,14,15,13,19,16,18,17],[2,1,0,5,3,4,6,8,12,11,14,7,9,10,15,13,19,16,18,17],[2,1,0,5,4,3,6,8,12,11,7,9,10,14,15,13,19,16,18,17],[1,2,0,5,3,4,6,8,12,11,14,7,9,10,15,13,19,16,18,17],[1,2,0,5,3,4,6,8,12,11,7,9,10,14,15,13,19,16,18,17],[1,2,0,4,5,3,6,8,12,14,11,7,9,10,15,13,19,16,18,17]],"obj":1854.0,"max_tau_solutions":null,"centroid_x":[[0.0,0.0,0.0,1.0,1.0,1.0,1.0,1.0,1.0,1.0,1.0,1.0,1.0,1.0,1.0,1.0,1.0,1.0,1.0,1.0],[1.0,0.0,0.4970724593,1.0,1.0,1.0,1.0,1.0,1.0,1.0,1.0,1.0,1.0,1.0,1.0,1.0,1.0,1.0,1.0,1.0],[1.0,0.5029275407,0.0,1.0,1.0,1.0,1.0,1.0,1.0,1.0,1.0,1.0,1.0,1.0,1.0,1.0,1.0,1.0,1.0,1.0],[0.0,0.0,0.0,0.0,0.444583038,0.0,1.0,1.0,1.0,1.0,1.0,1.0,1.0,1.0,1.0,1.0,1.0,1.0,1.0,1.0],[0.0,0.0,0.0,0.555416962,0.0,0.4563035031,1.0,1.0,1.0,1.0,1.0,1.0,1.0,1.0,1.0,1.0,1.0,1.0,1.0,1.0],[0.0,0.0,0.0,1.0,0.5436964969,0.0,1.0,1.0,1.0,1.0,1.0,1.0,1.0,1.0,1.0,1.0,1.0,1.0,1.0,1.0],[0.0,0.0,0.0,0.0,0.0,0.0,0.0,1.0,1.0,1.0,1.0,1.0,1.0,1.0,1.0,1.0,1.0,1.0,1.0,1.0],[0.0,0.0,0.0,0.0,0.0,0.0,0.0,0.0,0.0,1.0,1.0,0.0,0.0,1.0,0.4525575865,1.0,1.0,1.0,1.0,1.0],[0.0,0.0,0.0,0.0,0.0,0.0,0.0,1.0,0.0,1.0,1.0,1.0,1.0,1.0,1.0,1.0,1.0,1.0,1.0,1.0],[0.0,0.0,0.0,0.0,0.0,0.0,0.0,0.0,0.0,0.0,1.0,0.0,0.0,1.0,0.452557693,1.0,1.0,1.0,1.0,1.0],[0.0,0.0,0.0,0.0,0.0,0.0,0.0,0.0,0.0,0.0,0.0,0.0,0.0,1.0,0.4525576328,1.0,1.0,1.0,1.0,1.0],[0.0,0.0,0.0,0.0,0.0,0.0,0.0,1.0,0.0,1.0,1.0,0.0,0.0,1.0,0.6319759754,1.0,1.0,1.0,1.0,1.0],[0.0,0.0,0.0,0.0,0.0,0.0,0.0,1.0,0.0,1.0,1.0,1.0,0.0,1.0,1.0,1.0,1.0,1.0,1.0,1.0],[0.0,0.0,0.0,0.0,0.0,0.0,0.0,0.0,0.0,0.0,0.0,0.0,0.0,0.0,0.0,0.0,1.0,1.0,1.0,1.0],[0.0,0.0,0.0,0.0,0.0,0.0,0.0,0.5474424135,0.0,0.547442307,0.5474423672,0.3680240246,0.0,1.0,0.0,1.0,1.0,1.0,1.0,1.0],[0.0,0.0,0.0,0.0,0.0,0.0,0.0,0.0,0.0,0.0,0.0,0.0,0.0,1.0,0.0,0.0,1.0,1.0,1.0,1.0],[0.0,0.0,0.0,0.0,0.0,0.0,0.0,0.0,0.0,0.0,0.0,0.0,0.0,0.0,0.0,0.0,0.0,1.0,1.0,0.0],[0.0,0.0,0.0,0.0,0.0,0.0,0.0,0.0,0.0,0.0,0.0,0.0,0.0,0.0,0.0,0.0,0.0,0.0,0.0,0.0],[0.0,0.0,0.0,0.0,0.0,0.0,0.0,0.0,0.0,0.0,0.0,0.0,0.0,0.0,0.0,0.0,0.0,1.0,0.0,0.0],[0.0,0.0,0.0,0.0,0.0,0.0,0.0,0.0,0.0,0.0,0.0,0.0,0.0,0.0,0.0,0.0,1.0,1.0,1.0,0.0]],"outlier_solution":[1,2,0,5,3,4,6,8,12,11,7,9,10,14,15,13,19,16,18,17],"dataset_id":472,"source_dataset_id":519,"options":null,"D":{"0":{"0":0,"1":0,"2":0,"3":0,"4":0,"5":3,"6":0,"7":2,"8":3,"9":0,"10":2,"11":0,"12":0,"13":0,"14":5,"15":5,"16":0,"17":0,"18":0,"19":0},"1":{"0":0,"1":0,"2":0,"3":0,"4":1,"5":0,"6":0,"7":0,"8":3,"9":0,"10":0,"11":4,"12":0,"13":5,"14":5,"15":3,"16":3,"17":0,"18":0,"19":0},"2":{"0":1,"1":5,"2":0,"3":0,"4":0,"5":5,"6":3,"7":0,"8":2,"9":0,"10":0,"11":2,"12":0,"13":0,"14":0,"15":0,"16":0,"17":0,"18":5,"19":5},"3":{"0":5,"1":1,"2":1,"3":0,"4":2,"5":0,"6":1,"7":0,"8":0,"9":4,"10":0,"11":0,"12":0,"13":0,"14":2,"15":0,"16":0,"17":4,"18":5,"19":4},"4":{"0":0,"1":4,"2":3,"3":0,"4":0,"5":0,"6":0,"7":0,"8":2,"9":3,"10":0,"11":2,"12":1,"13":0,"14":4,"15":0,"16":0,"17":0,"18":3,"19":0},"5":{"0":0,"1":5,"2":5,"3":2,"4":2,"5":0,"6":0,"7":4,"8":0,"9":0,"10":1,"11":0,"12":3,"13":5,"14":0,"15":0,"16":0,"17":2,"18":1,"19":0},"6":{"0":5,"1":3,"2":5,"3":1,"4":0,"5":1,"6":0,"7":0,"8":0,"9":5,"10":0,"11":3,"12":4,"13":0,"14":0,"15":2,"16":0,"17":0,"18":3,"19":0},"7":{"0":0,"1":1,"2":5,"3":5,"4":4,"5":5,"6":5,"7":0,"8":4,"9":3,"10":0,"11":0,"12":0,"13":0,"14":0,"15":4,"16":4,"17":4,"18":2,"19":2},"8":{"0":5,"1":5,"2":5,"3":2,"4":4,"5":2,"6":2,"7":4,"8":0,"9":0,"10":0,"11":0,"12":0,"13":0,"14":0,"15":0,"16":0,"17":0,"18":0,"19":2},"9":{"0":5,"1":5,"2":5,"3":5,"4":5,"5":3,"6":4,"7":5,"8":0,"9":0,"10":5,"11":0,"12":1,"13":0,"14":0,"15":0,"16":4,"17":0,"18":2,"19":0},"10":{"0":5,"1":5,"2":5,"3":3,"4":2,"5":5,"6":5,"7":5,"8":5,"9":5,"10":0,"11":0,"12":5,"13":0,"14":0,"15":0,"16":0,"17":0,"18":0,"19":4},"11":{"0":4,"1":0,"2":5,"3":5,"4":2,"5":5,"6":5,"7":3,"8":0,"9":5,"10":5,"11":0,"12":0,"13":2,"14":4,"15":3,"16":0,"17":0,"18":0,"19":1},"12":{"0":5,"1":5,"2":0,"3":0,"4":2,"5":5,"6":1,"7":1,"8":5,"9":0,"10":5,"11":3,"12":0,"13":0,"14":1,"15":0,"16":3,"17":0,"18":0,"19":4},"13":{"0":5,"1":5,"2":5,"3":2,"4":3,"5":1,"6":5,"7":2,"8":5,"9":5,"10":1,"11":5,"12":5,"13":0,"14":0,"15":4,"16":0,"17":0,"18":0,"19":0},"14":{"0":0,"1":0,"2":0,"3":5,"4":5,"5":0,"6":1,"7":2,"8":5,"9":1,"10":5,"11":5,"12":5,"13":2,"14":0,"15":3,"16":0,"17":0,"18":0,"19":3},"15":{"0":5,"1":5,"2":5,"3":5,"4":0,"5":5,"6":1,"7":5,"8":5,"9":0,"10":4,"11":2,"12":5,"13":1,"14":3,"15":0,"16":1,"17":0,"18":0,"19":0},"16":{"0":1,"1":5,"2":5,"3":0,"4":0,"5":5,"6":5,"7":2,"8":0,"9":0,"10":5,"11":5,"12":5,"13":5,"14":3,"15":5,"16":0,"17":0,"18":0,"19":0},"17":{"0":0,"1":5,"2":5,"3":0,"4":5,"5":5,"6":3,"7":5,"8":3,"9":4,"10":1,"11":5,"12":5,"13":5,"14":5,"15":5,"16":4,"17":0,"18":0,"19":5},"18":{"0":0,"1":5,"2":5,"3":5,"4":0,"5":5,"6":5,"7":2,"8":5,"9":2,"10":0,"11":4,"12":5,"13":2,"14":2,"15":5,"16":5,"17":5,"18":0,"19":0},"19":{"0":5,"1":5,"2":3,"3":5,"4":0,"5":1,"6":2,"7":2,"8":5,"9":5,"10":5,"11":5,"12":1,"13":5,"14":3,"15":2,"16":1,"17":0,"18":5,"19":0}},"method":"hillside","closest_pair":[[1,2,0,5,4,3,6,8,12,11,14,7,9,10,15,13,19,16,18,17],[2,1,0,5,4,3,6,8,12,11,14,7,9,10,15,13,19,16,18,17]],"farthest_pair":[[2,1,0,5,3,4,6,8,12,14,11,7,9,10,15,13,19,16,18,17],[1,2,0,4,5,3,6,8,12,11,7,9,10,14,15,13,19,16,18,17]],"centroid_solution":[2,1,0,5,4,3,6,8,12,11,14,7,9,10,15,13,19,16,18,17]}