{"solutions":[[2,0,1,5,9,12,3,6,4,7,10,8,16,13,11,15,18,14,17,19],[2,0,1,5,9,12,3,6,4,7,10,8,16,11,13,15,18,14,17,19],[2,0,1,5,9,3,6,4,12,7,10,8,16,11,14,13,15,18,17,19],[2,0,1,5,9,12,3,6,4,7,10,8,16,11,13,14,15,18,17,19],[2,0,1,5,9,3,6,4,12,7,10,8,16,11,13,15,18,14,17,19],[2,0,1,5,9,12,3,6,4,7,10,8,16,13,11,14,15,18,17,19],[2,0,1,5,9,12,3,6,4,7,10,8,16,13,11,18,14,15,17,19],[2,0,1,5,9,3,6,4,12,7,10,8,16,13,11,15,18,14,17,19],[2,0,1,5,9,3,6,4,12,7,10,8,16,13,11,18,14,15,17,19],[2,0,1,5,9,12,3,6,4,7,10,8,16,11,14,13,15,18,17,19],[2,0,1,5,9,12,3,6,4,7,10,8,16,11,13,18,14,15,17,19],[2,0,1,5,9,3,6,4,12,7,10,8,16,11,13,18,14,15,17,19],[2,0,1,5,9,3,6,4,12,7,10,8,16,13,11,14,15,18,17,19],[2,0,1,5,9,3,6,4,12,7,10,8,16,11,13,14,15,18,17,19]],"obj":1862.0,"max_tau_solutions":null,"centroid_x":[[0.0,1.0,0.0,1.0,1.0,1.0,1.0,1.0,1.0,1.0,1.0,1.0,1.0,1.0,1.0,1.0,1.0,1.0,1.0,1.0],[0.0,0.0,0.0,1.0,1.0,1.0,1.0,1.0,1.0,1.0,1.0,1.0,1.0,1.0,1.0,1.0,1.0,1.0,1.0,1.0],[1.0,1.0,0.0,1.0,1.0,1.0,1.0,1.0,1.0,1.0,1.0,1.0,1.0,1.0,1.0,1.0,1.0,1.0,1.0,1.0],[0.0,0.0,0.0,0.0,1.0,0.0,1.0,1.0,1.0,0.0,1.0,1.0,0.5121455588,1.0,1.0,1.0,1.0,1.0,1.0,1.0],[0.0,0.0,0.0,0.0,0.0,0.0,0.0,1.0,1.0,0.0,1.0,1.0,0.5121455598,1.0,1.0,1.0,1.0,1.0,1.0,1.0],[0.0,0.0,0.0,1.0,1.0,0.0,1.0,1.0,1.0,1.0,1.0,1.0,1.0,1.0,1.0,1.0,1.0,1.0,1.0,1.0],[0.0,0.0,0.0,0.0,1.0,0.0,0.0,1.0,1.0,0.0,1.0,1.0,0.5121455588,1.0,1.0,1.0,1.0,1.0,1.0,1.0],[0.0,0.0,0.0,0.0,0.0,0.0,0.0,0.0,1.0,0.0,1.0,1.0,0.0,1.0,1.0,1.0,1.0,1.0,1.0,1.0],[0.0,0.0,0.0,0.0,0.0,0.0,0.0,0.0,0.0,0.0,0.0,1.0,0.0,1.0,1.0,1.0,1.0,1.0,1.0,1.0],[0.0,0.0,0.0,1.0,1.0,0.0,1.0,1.0,1.0,0.0,1.0,1.0,1.0,1.0,1.0,1.0,1.0,1.0,1.0,1.0],[0.0,0.0,0.0,0.0,0.0,0.0,0.0,0.0,1.0,0.0,0.0,1.0,0.0,1.0,1.0,1.0,1.0,1.0,1.0,1.0],[0.0,0.0,0.0,0.0,0.0,0.0,0.0,0.0,0.0,0.0,0.0,0.0,0.0,0.5379779469,1.0,1.0,0.0,1.0,1.0,1.0],[0.0,0.0,0.0,0.4878544412,0.4878544402,0.0,0.4878544412,1.0,1.0,0.0,1.0,1.0,0.0,1.0,1.0,1.0,1.0,1.0,1.0,1.0],[0.0,0.0,0.0,0.0,0.0,0.0,0.0,0.0,0.0,0.0,0.0,0.4620220531,0.0,0.0,0.664078304,1.0,0.0,1.0,1.0,1.0],[0.0,0.0,0.0,0.0,0.0,0.0,0.0,0.0,0.0,0.0,0.0,0.0,0.0,0.335921696,0.0,0.6932864506,0.0,1.0,0.3991565914,1.0],[0.0,0.0,0.0,0.0,0.0,0.0,0.0,0.0,0.0,0.0,0.0,0.0,0.0,0.0,0.3067135494,0.0,0.0,1.0,0.7058701404,1.0],[0.0,0.0,0.0,0.0,0.0,0.0,0.0,0.0,0.0,0.0,0.0,1.0,0.0,1.0,1.0,1.0,0.0,1.0,1.0,1.0],[0.0,0.0,0.0,0.0,0.0,0.0,0.0,0.0,0.0,0.0,0.0,0.0,0.0,0.0,0.0,0.0,0.0,0.0,0.0,1.0],[0.0,0.0,0.0,0.0,0.0,0.0,0.0,0.0,0.0,0.0,0.0,0.0,0.0,0.0,0.6008434086,0.2941298596,0.0,1.0,0.0,1.0],[0.0,0.0,0.0,0.0,0.0,0.0,0.0,0.0,0.0,0.0,0.0,0.0,0.0,0.0,0.0,0.0,0.0,0.0,0.0,0.0]],"outlier_solution":[2,0,1,5,9,12,3,6,4,7,10,8,16,11,14,13,15,18,17,19],"dataset_id":476,"source_dataset_id":523,"options":null,"D":{"0":{"0":0,"1":0,"2":0,"3":1,"4":0,"5":4,"6":0,"7":5,"8":0,"9":3,"10":0,"11":0,"12":5,"13":0,"14":0,"15":2,"16":0,"17":0,"18":0,"19":0},"1":{"0":0,"1":0,"2":0,"3":4,"4":0,"5":3,"6":4,"7":0,"8":0,"9":2,"10":0,"11":3,"12":0,"13":3,"14":0,"15":0,"16":0,"17":0,"18":5,"19":0},"2":{"0":5,"1":5,"2":0,"3":0,"4":0,"5":2,"6":0,"7":0,"8":4,"9":0,"10":0,"11":0,"12":2,"13":0,"14":0,"15":0,"16":3,"17":0,"18":0,"19":2},"3":{"0":4,"1":1,"2":5,"3":0,"4":4,"5":0,"6":0,"7":0,"8":1,"9":5,"10":0,"11":1,"12":0,"13":0,"14":4,"15":1,"16":4,"17":0,"18":0,"19":0},"4":{"0":5,"1":0,"2":5,"3":2,"4":0,"5":4,"6":0,"7":4,"8":0,"9":0,"10":1,"11":0,"12":5,"13":3,"14":2,"15":0,"16":0,"17":4,"18":0,"19":1},"5":{"0":0,"1":5,"2":3,"3":5,"4":0,"5":0,"6":3,"7":1,"8":0,"9":5,"10":2,"11":5,"12":0,"13":0,"14":1,"15":2,"16":0,"17":0,"18":0,"19":0},"6":{"0":5,"1":5,"2":0,"3":0,"4":4,"5":5,"6":0,"7":0,"8":3,"9":0,"10":0,"11":3,"12":2,"13":1,"14":0,"15":1,"16":4,"17":3,"18":0,"19":0},"7":{"0":0,"1":3,"2":5,"3":4,"4":2,"5":4,"6":3,"7":0,"8":0,"9":4,"10":0,"11":0,"12":5,"13":0,"14":0,"15":4,"16":0,"17":5,"18":0,"19":0},"8":{"0":5,"1":1,"2":5,"3":5,"4":5,"5":1,"6":5,"7":1,"8":0,"9":5,"10":0,"11":0,"12":2,"13":0,"14":0,"15":2,"16":0,"17":2,"18":2,"19":0},"9":{"0":2,"1":0,"2":5,"3":5,"4":0,"5":0,"6":5,"7":5,"8":5,"9":0,"10":2,"11":0,"12":1,"13":0,"14":1,"15":1,"16":0,"17":0,"18":0,"19":0},"10":{"0":1,"1":5,"2":3,"3":5,"4":5,"5":5,"6":2,"7":0,"8":5,"9":5,"10":0,"11":0,"12":5,"13":0,"14":0,"15":0,"16":2,"17":0,"18":0,"19":5},"11":{"0":5,"1":5,"2":0,"3":5,"4":4,"5":1,"6":0,"7":0,"8":0,"9":5,"10":5,"11":0,"12":2,"13":0,"14":0,"15":0,"16":5,"17":0,"18":3,"19":4},"12":{"0":4,"1":3,"2":0,"3":4,"4":2,"5":0,"6":5,"7":5,"8":0,"9":4,"10":5,"11":5,"12":0,"13":0,"14":1,"15":0,"16":0,"17":0,"18":1,"19":0},"13":{"0":5,"1":0,"2":5,"3":5,"4":0,"5":5,"6":0,"7":0,"8":1,"9":4,"10":2,"11":0,"12":5,"13":0,"14":1,"15":0,"16":2,"17":0,"18":0,"19":5},"14":{"0":5,"1":5,"2":5,"3":1,"4":5,"5":5,"6":5,"7":5,"8":5,"9":3,"10":0,"11":1,"12":2,"13":5,"14":0,"15":0,"16":0,"17":3,"18":0,"19":0},"15":{"0":4,"1":5,"2":5,"3":0,"4":5,"5":2,"6":5,"7":5,"8":5,"9":5,"10":5,"11":1,"12":5,"13":5,"14":1,"15":0,"16":2,"17":0,"18":0,"19":0},"16":{"0":5,"1":4,"2":5,"3":2,"4":0,"5":5,"6":5,"7":5,"8":0,"9":0,"10":1,"11":5,"12":5,"13":0,"14":5,"15":5,"16":0,"17":0,"18":3,"19":0},"17":{"0":5,"1":5,"2":5,"3":0,"4":5,"5":5,"6":5,"7":2,"8":0,"9":4,"10":5,"11":5,"12":3,"13":5,"14":2,"15":4,"16":5,"17":0,"18":2,"19":3},"18":{"0":1,"1":1,"2":5,"3":0,"4":2,"5":5,"6":3,"7":4,"8":4,"9":0,"10":0,"11":0,"12":0,"13":4,"14":5,"15":2,"16":5,"17":5,"18":0,"19":3},"19":{"0":2,"1":1,"2":5,"3":5,"4":5,"5":0,"6":5,"7":5,"8":0,"9":5,"10":5,"11":0,"12":0,"13":5,"14":5,"15":5,"16":4,"17":4,"18":5,"19":0}},"method":"hillside","closest_pair":[[2,0,1,5,9,12,3,6,4,7,10,8,16,13,11,15,18,14,17,19],[2,0,1,5,9,12,3,6,4,7,10,8,16,11,13,15,18,14,17,19]],"farthest_pair":[[2,0,1,5,9,12,3,6,4,7,10,8,16,11,14,13,15,18,17,19],[2,0,1,5,9,3,6,4,12,7,10,8,16,13,11,15,18,14,17,19]],"tau_farthest_pair":0.9263157895,"tau_closest_pair":0.9894736842,"centroid_solution":[2,0,1,5,9,3,6,4,12,7,10,8,16,11,13,14,15,18,17,19]}