{"solutions":[[19,17,18,15,14,11,13,16,8,10,7,12,4,6,3,9,5,1,0,2],[19,17,14,18,15,11,13,16,8,10,7,4,6,3,12,9,5,1,0,2],[19,17,18,15,13,14,11,16,8,10,7,4,6,3,12,9,5,1,0,2],[19,17,15,14,18,11,13,16,8,10,7,4,6,3,12,9,5,1,0,2],[19,17,15,14,18,13,11,16,8,10,7,12,4,6,3,9,5,1,0,2],[19,17,14,18,15,11,13,16,8,10,7,12,4,6,3,9,5,1,0,2],[19,17,14,18,15,13,11,16,8,10,7,4,6,3,12,9,5,1,0,2],[19,17,14,18,15,13,11,16,8,10,7,12,4,6,3,9,5,1,0,2],[19,17,18,15,14,13,11,16,8,10,7,12,4,6,3,9,5,1,0,2],[19,17,18,15,13,14,11,16,8,10,7,12,4,6,3,9,5,1,0,2],[19,17,15,14,18,13,11,16,8,10,7,4,6,3,12,9,5,1,0,2],[19,17,15,14,18,11,13,16,8,10,7,12,4,6,3,9,5,1,0,2],[19,17,18,15,14,11,13,16,8,10,7,4,6,3,12,9,5,1,0,2],[19,17,18,15,14,13,11,16,8,10,7,4,6,3,12,9,5,1,0,2]],"obj":1862.0,"max_tau_solutions":null,"centroid_x":[[0.0,0.0,1.0,0.0,0.0,0.0,0.0,0.0,0.0,0.0,0.0,0.0,0.0,0.0,0.0,0.0,0.0,0.0,0.0,0.0],[1.0,0.0,1.0,0.0,0.0,0.0,0.0,0.0,0.0,0.0,0.0,0.0,0.0,0.0,0.0,0.0,0.0,0.0,0.0,0.0],[0.0,0.0,0.0,0.0,0.0,0.0,0.0,0.0,0.0,0.0,0.0,0.0,0.0,0.0,0.0,0.0,0.0,0.0,0.0,0.0],[1.0,1.0,1.0,0.0,0.0,1.0,0.0,0.0,0.0,1.0,0.0,0.0,0.4173702544,0.0,0.0,0.0,0.0,0.0,0.0,0.0],[1.0,1.0,1.0,1.0,0.0,1.0,1.0,0.0,0.0,1.0,0.0,0.0,0.4173702542,0.0,0.0,0.0,0.0,0.0,0.0,0.0],[1.0,1.0,1.0,0.0,0.0,0.0,0.0,0.0,0.0,0.0,0.0,0.0,0.0,0.0,0.0,0.0,0.0,0.0,0.0,0.0],[1.0,1.0,1.0,1.0,0.0,1.0,0.0,0.0,0.0,1.0,0.0,0.0,0.4173702544,0.0,0.0,0.0,0.0,0.0,0.0,0.0],[1.0,1.0,1.0,1.0,1.0,1.0,1.0,0.0,0.0,1.0,0.0,0.0,1.0,0.0,0.0,0.0,0.0,0.0,0.0,0.0],[1.0,1.0,1.0,1.0,1.0,1.0,1.0,1.0,0.0,1.0,1.0,0.0,1.0,0.0,0.0,0.0,0.0,0.0,0.0,0.0],[1.0,1.0,1.0,0.0,0.0,1.0,0.0,0.0,0.0,0.0,0.0,0.0,0.0,0.0,0.0,0.0,0.0,0.0,0.0,0.0],[1.0,1.0,1.0,1.0,1.0,1.0,1.0,1.0,0.0,1.0,0.0,0.0,1.0,0.0,0.0,0.0,0.0,0.0,0.0,0.0],[1.0,1.0,1.0,1.0,1.0,1.0,1.0,1.0,1.0,1.0,1.0,0.0,1.0,0.3538510959,0.0,0.0,1.0,0.0,0.0,0.0],[1.0,1.0,1.0,0.5826297456,0.5826297458,1.0,0.5826297456,0.0,0.0,1.0,0.0,0.0,0.0,0.0,0.0,0.0,0.0,0.0,0.0,0.0],[1.0,1.0,1.0,1.0,1.0,1.0,1.0,1.0,1.0,1.0,1.0,0.6461489041,1.0,0.0,0.2240479101,0.0,1.0,0.0,0.0,0.0],[1.0,1.0,1.0,1.0,1.0,1.0,1.0,1.0,1.0,1.0,1.0,1.0,1.0,0.7759520899,0.0,0.2503748247,1.0,0.0,0.5157952708,0.0],[1.0,1.0,1.0,1.0,1.0,1.0,1.0,1.0,1.0,1.0,1.0,1.0,1.0,1.0,0.7496251753,0.0,1.0,0.0,0.2654204482,0.0],[1.0,1.0,1.0,1.0,1.0,1.0,1.0,1.0,1.0,1.0,1.0,0.0,1.0,0.0,0.0,0.0,0.0,0.0,0.0,0.0],[1.0,1.0,1.0,1.0,1.0,1.0,1.0,1.0,1.0,1.0,1.0,1.0,1.0,1.0,1.0,1.0,1.0,0.0,1.0,0.0],[1.0,1.0,1.0,1.0,1.0,1.0,1.0,1.0,1.0,1.0,1.0,1.0,1.0,1.0,0.4842047292,0.7345795518,1.0,0.0,0.0,0.0],[1.0,1.0,1.0,1.0,1.0,1.0,1.0,1.0,1.0,1.0,1.0,1.0,1.0,1.0,1.0,1.0,1.0,1.0,1.0,0.0]],"outlier_solution":[19,17,14,18,15,11,13,16,8,10,7,4,6,3,12,9,5,1,0,2],"dataset_id":476,"source_dataset_id":523,"options":null,"D":{"0":{"0":0,"1":0,"2":5,"3":4,"4":5,"5":0,"6":5,"7":0,"8":5,"9":2,"10":1,"11":5,"12":4,"13":5,"14":5,"15":4,"16":5,"17":5,"18":1,"19":2},"1":{"0":0,"1":0,"2":5,"3":1,"4":0,"5":5,"6":5,"7":3,"8":1,"9":0,"10":5,"11":5,"12":3,"13":0,"14":5,"15":5,"16":4,"17":5,"18":1,"19":1},"2":{"0":0,"1":0,"2":0,"3":5,"4":5,"5":3,"6":0,"7":5,"8":5,"9":5,"10":3,"11":0,"12":0,"13":5,"14":5,"15":5,"16":5,"17":5,"18":5,"19":5},"3":{"0":1,"1":4,"2":0,"3":0,"4":2,"5":5,"6":0,"7":4,"8":5,"9":5,"10":5,"11":5,"12":4,"13":5,"14":1,"15":0,"16":2,"17":0,"18":0,"19":5},"4":{"0":0,"1":0,"2":0,"3":4,"4":0,"5":0,"6":4,"7":2,"8":5,"9":0,"10":5,"11":4,"12":2,"13":0,"14":5,"15":5,"16":0,"17":5,"18":2,"19":5},"5":{"0":4,"1":3,"2":2,"3":0,"4":4,"5":0,"6":5,"7":4,"8":1,"9":0,"10":5,"11":1,"12":0,"13":5,"14":5,"15":2,"16":5,"17":5,"18":5,"19":0},"6":{"0":0,"1":4,"2":0,"3":0,"4":0,"5":3,"6":0,"7":3,"8":5,"9":5,"10":2,"11":0,"12":5,"13":0,"14":5,"15":5,"16":5,"17":5,"18":3,"19":5},"7":{"0":5,"1":0,"2":0,"3":0,"4":4,"5":1,"6":0,"7":0,"8":1,"9":5,"10":0,"11":0,"12":5,"13":0,"14":5,"15":5,"16":5,"17":2,"18":4,"19":5},"8":{"0":0,"1":0,"2":4,"3":1,"4":0,"5":0,"6":3,"7":0,"8":0,"9":5,"10":5,"11":0,"12":0,"13":1,"14":5,"15":5,"16":0,"17":0,"18":4,"19":0},"9":{"0":3,"1":2,"2":0,"3":5,"4":0,"5":5,"6":0,"7":4,"8":5,"9":0,"10":5,"11":5,"12":4,"13":4,"14":3,"15":5,"16":0,"17":4,"18":0,"19":5},"10":{"0":0,"1":0,"2":0,"3":0,"4":1,"5":2,"6":0,"7":0,"8":0,"9":2,"10":0,"11":5,"12":5,"13":2,"14":0,"15":5,"16":1,"17":5,"18":0,"19":5},"11":{"0":0,"1":3,"2":0,"3":1,"4":0,"5":5,"6":3,"7":0,"8":0,"9":0,"10":0,"11":0,"12":5,"13":0,"14":1,"15":1,"16":5,"17":5,"18":0,"19":0},"12":{"0":5,"1":0,"2":2,"3":0,"4":5,"5":0,"6":2,"7":5,"8":2,"9":1,"10":5,"11":2,"12":0,"13":5,"14":2,"15":5,"16":5,"17":3,"18":0,"19":0},"13":{"0":0,"1":3,"2":0,"3":0,"4":3,"5":0,"6":1,"7":0,"8":0,"9":0,"10":0,"11":0,"12":0,"13":0,"14":5,"15":5,"16":0,"17":5,"18":4,"19":5},"14":{"0":0,"1":0,"2":0,"3":4,"4":2,"5":1,"6":0,"7":0,"8":0,"9":1,"10":0,"11":0,"12":1,"13":1,"14":0,"15":1,"16":5,"17":2,"18":5,"19":5},"15":{"0":2,"1":0,"2":0,"3":1,"4":0,"5":2,"6":1,"7":4,"8":2,"9":1,"10":0,"11":0,"12":0,"13":0,"14":0,"15":0,"16":5,"17":4,"18":2,"19":5},"16":{"0":0,"1":0,"2":3,"3":4,"4":0,"5":0,"6":4,"7":0,"8":0,"9":0,"10":2,"11":5,"12":0,"13":2,"14":0,"15":2,"16":0,"17":5,"18":5,"19":4},"17":{"0":0,"1":0,"2":0,"3":0,"4":4,"5":0,"6":3,"7":5,"8":2,"9":0,"10":0,"11":0,"12":0,"13":0,"14":3,"15":0,"16":0,"17":0,"18":5,"19":4},"18":{"0":0,"1":5,"2":0,"3":0,"4":0,"5":0,"6":0,"7":0,"8":2,"9":0,"10":0,"11":3,"12":1,"13":0,"14":0,"15":0,"16":3,"17":2,"18":0,"19":5},"19":{"0":0,"1":0,"2":2,"3":0,"4":1,"5":0,"6":0,"7":0,"8":0,"9":0,"10":5,"11":4,"12":0,"13":5,"14":0,"15":0,"16":0,"17":3,"18":3,"19":0}},"method":"hillside","closest_pair":[[19,17,18,15,14,13,11,16,8,10,7,12,4,6,3,9,5,1,0,2],[19,17,18,15,14,11,13,16,8,10,7,12,4,6,3,9,5,1,0,2]],"farthest_pair":[[19,17,15,14,18,11,13,16,8,10,7,12,4,6,3,9,5,1,0,2],[19,17,18,15,13,14,11,16,8,10,7,4,6,3,12,9,5,1,0,2]],"tau_farthest_pair":0.9263157895,"tau_closest_pair":0.9894736842,"centroid_solution":[19,17,18,15,14,13,11,16,8,10,7,12,4,6,3,9,5,1,0,2]}