{"solutions":[[1,0,2,5,4,3,8,7,6,9,14,11,15,16,13,10,18,17,19,12],[1,0,2,4,3,5,8,7,6,9,14,11,15,16,10,13,18,17,19,12],[1,0,2,5,4,3,8,7,6,9,14,11,15,16,10,13,18,17,19,12],[1,0,2,4,3,5,8,7,6,9,14,11,15,16,13,10,18,17,19,12]],"obj":1854.0,"max_tau_solutions":null,"centroid_x":[[0.0,0.0,1.0,1.0,1.0,1.0,1.0,1.0,1.0,1.0,1.0,1.0,1.0,1.0,1.0,1.0,1.0,1.0,1.0,1.0],[1.0,0.0,1.0,1.0,1.0,1.0,1.0,1.0,1.0,1.0,1.0,1.0,1.0,1.0,1.0,1.0,1.0,1.0,1.0,1.0],[0.0,0.0,0.0,1.0,1.0,1.0,1.0,1.0,1.0,1.0,1.0,1.0,1.0,1.0,1.0,1.0,1.0,1.0,1.0,1.0],[0.0,0.0,0.0,0.0,0.0,0.498768639,1.0,1.0,1.0,1.0,1.0,1.0,1.0,1.0,1.0,1.0,1.0,1.0,1.0,1.0],[0.0,0.0,0.0,1.0,0.0,0.498768639,1.0,1.0,1.0,1.0,1.0,1.0,1.0,1.0,1.0,1.0,1.0,1.0,1.0,1.0],[0.0,0.0,0.0,0.501231361,0.501231361,0.0,1.0,1.0,1.0,1.0,1.0,1.0,1.0,1.0,1.0,1.0,1.0,1.0,1.0,1.0],[0.0,0.0,0.0,0.0,0.0,0.0,0.0,0.0,0.0,1.0,1.0,1.0,1.0,1.0,1.0,1.0,1.0,1.0,1.0,1.0],[0.0,0.0,0.0,0.0,0.0,0.0,1.0,0.0,0.0,1.0,1.0,1.0,1.0,1.0,1.0,1.0,1.0,1.0,1.0,1.0],[0.0,0.0,0.0,0.0,0.0,0.0,1.0,1.0,0.0,1.0,1.0,1.0,1.0,1.0,1.0,1.0,1.0,1.0,1.0,1.0],[0.0,0.0,0.0,0.0,0.0,0.0,0.0,0.0,0.0,0.0,1.0,1.0,1.0,1.0,1.0,1.0,1.0,1.0,1.0,1.0],[0.0,0.0,0.0,0.0,0.0,0.0,0.0,0.0,0.0,0.0,0.0,0.0,1.0,0.4327223816,0.0,0.0,0.0,1.0,1.0,1.0],[0.0,0.0,0.0,0.0,0.0,0.0,0.0,0.0,0.0,0.0,1.0,0.0,1.0,1.0,0.0,1.0,1.0,1.0,1.0,1.0],[0.0,0.0,0.0,0.0,0.0,0.0,0.0,0.0,0.0,0.0,0.0,0.0,0.0,0.0,0.0,0.0,0.0,0.0,0.0,0.0],[0.0,0.0,0.0,0.0,0.0,0.0,0.0,0.0,0.0,0.0,0.5672776184,0.0,1.0,0.0,0.0,0.0,0.0,1.0,1.0,1.0],[0.0,0.0,0.0,0.0,0.0,0.0,0.0,0.0,0.0,0.0,1.0,1.0,1.0,1.0,0.0,1.0,1.0,1.0,1.0,1.0],[0.0,0.0,0.0,0.0,0.0,0.0,0.0,0.0,0.0,0.0,1.0,0.0,1.0,1.0,0.0,0.0,1.0,1.0,1.0,1.0],[0.0,0.0,0.0,0.0,0.0,0.0,0.0,0.0,0.0,0.0,1.0,0.0,1.0,1.0,0.0,0.0,0.0,1.0,1.0,1.0],[0.0,0.0,0.0,0.0,0.0,0.0,0.0,0.0,0.0,0.0,0.0,0.0,1.0,0.0,0.0,0.0,0.0,0.0,0.0,1.0],[0.0,0.0,0.0,0.0,0.0,0.0,0.0,0.0,0.0,0.0,0.0,0.0,1.0,0.0,0.0,0.0,0.0,1.0,0.0,1.0],[0.0,0.0,0.0,0.0,0.0,0.0,0.0,0.0,0.0,0.0,0.0,0.0,1.0,0.0,0.0,0.0,0.0,0.0,0.0,0.0]],"outlier_solution":[1,0,2,4,3,5,8,7,6,9,14,11,15,16,10,13,18,17,19,12],"dataset_id":477,"source_dataset_id":524,"options":null,"D":{"0":{"0":0,"1":5,"2":0,"3":0,"4":0,"5":1,"6":0,"7":0,"8":0,"9":4,"10":0,"11":0,"12":0,"13":0,"14":1,"15":1,"16":5,"17":0,"18":2,"19":0},"1":{"0":0,"1":0,"2":4,"3":0,"4":0,"5":0,"6":5,"7":0,"8":0,"9":0,"10":2,"11":0,"12":1,"13":3,"14":0,"15":0,"16":0,"17":0,"18":0,"19":0},"2":{"0":5,"1":0,"2":0,"3":0,"4":0,"5":0,"6":2,"7":0,"8":0,"9":5,"10":0,"11":0,"12":2,"13":3,"14":5,"15":0,"16":0,"17":0,"18":0,"19":0},"3":{"0":3,"1":5,"2":5,"3":0,"4":0,"5":0,"6":2,"7":2,"8":2,"9":0,"10":0,"11":0,"12":4,"13":0,"14":0,"15":0,"16":5,"17":0,"18":0,"19":3},"4":{"0":5,"1":3,"2":5,"3":5,"4":0,"5":4,"6":0,"7":0,"8":0,"9":0,"10":0,"11":0,"12":0,"13":0,"14":3,"15":0,"16":2,"17":3,"18":1,"19":1},"5":{"0":1,"1":5,"2":5,"3":5,"4":5,"5":0,"6":5,"7":3,"8":0,"9":0,"10":0,"11":2,"12":0,"13":0,"14":4,"15":0,"16":4,"17":0,"18":3,"19":1},"6":{"0":0,"1":3,"2":5,"3":5,"4":5,"5":5,"6":0,"7":3,"8":3,"9":0,"10":0,"11":1,"12":0,"13":0,"14":3,"15":2,"16":0,"17":0,"18":5,"19":2},"7":{"0":5,"1":0,"2":5,"3":5,"4":0,"5":3,"6":0,"7":0,"8":0,"9":2,"10":0,"11":0,"12":0,"13":4,"14":2,"15":0,"16":0,"17":0,"18":2,"19":5},"8":{"0":5,"1":5,"2":0,"3":2,"4":3,"5":4,"6":5,"7":0,"8":0,"9":5,"10":0,"11":0,"12":0,"13":3,"14":1,"15":0,"16":0,"17":0,"18":5,"19":0},"9":{"0":2,"1":0,"2":5,"3":5,"4":1,"5":5,"6":5,"7":4,"8":5,"9":0,"10":0,"11":5,"12":0,"13":0,"14":0,"15":5,"16":4,"17":1,"18":0,"19":0},"10":{"0":5,"1":5,"2":5,"3":5,"4":5,"5":0,"6":1,"7":5,"8":4,"9":5,"10":0,"11":0,"12":0,"13":0,"14":0,"15":0,"16":0,"17":0,"18":5,"19":0},"11":{"0":5,"1":5,"2":2,"3":5,"4":0,"5":4,"6":0,"7":0,"8":5,"9":5,"10":5,"11":0,"12":0,"13":0,"14":0,"15":0,"16":0,"17":3,"18":0,"19":3},"12":{"0":5,"1":5,"2":2,"3":2,"4":3,"5":5,"6":5,"7":1,"8":5,"9":5,"10":2,"11":5,"12":0,"13":0,"14":0,"15":5,"16":0,"17":1,"18":0,"19":4},"13":{"0":5,"1":5,"2":5,"3":0,"4":0,"5":5,"6":5,"7":5,"8":0,"9":5,"10":5,"11":5,"12":0,"13":0,"14":0,"15":1,"16":5,"17":3,"18":0,"19":0},"14":{"0":5,"1":5,"2":2,"3":0,"4":5,"5":5,"6":5,"7":5,"8":3,"9":0,"10":4,"11":5,"12":5,"13":1,"14":0,"15":3,"16":0,"17":3,"18":0,"19":0},"15":{"0":5,"1":0,"2":4,"3":5,"4":0,"5":5,"6":1,"7":5,"8":4,"9":0,"10":3,"11":4,"12":0,"13":5,"14":5,"15":0,"16":0,"17":0,"18":0,"19":5},"16":{"0":5,"1":4,"2":5,"3":0,"4":2,"5":5,"6":0,"7":0,"8":4,"9":4,"10":5,"11":1,"12":2,"13":0,"14":4,"15":3,"16":0,"17":3,"18":0,"19":4},"17":{"0":5,"1":2,"2":0,"3":2,"4":5,"5":5,"6":0,"7":4,"8":5,"9":2,"10":1,"11":5,"12":2,"13":5,"14":5,"15":5,"16":5,"17":0,"18":0,"19":4},"18":{"0":4,"1":5,"2":0,"3":0,"4":5,"5":0,"6":0,"7":1,"8":5,"9":5,"10":0,"11":5,"12":0,"13":3,"14":5,"15":5,"16":5,"17":5,"18":0,"19":2},"19":{"0":0,"1":5,"2":5,"3":5,"4":5,"5":1,"6":5,"7":0,"8":3,"9":5,"10":4,"11":3,"12":5,"13":5,"14":5,"15":5,"16":5,"17":5,"18":5,"19":0}},"method":"hillside","closest_pair":[[1,0,2,5,4,3,8,7,6,9,14,11,15,16,10,13,18,17,19,12],[1,0,2,5,4,3,8,7,6,9,14,11,15,16,13,10,18,17,19,12]],"farthest_pair":[[1,0,2,4,3,5,8,7,6,9,14,11,15,16,13,10,18,17,19,12],[1,0,2,5,4,3,8,7,6,9,14,11,15,16,10,13,18,17,19,12]],"tau_farthest_pair":0.9684210526,"tau_closest_pair":0.9894736842,"centroid_solution":[1,0,2,5,4,3,8,7,6,9,14,11,15,16,13,10,18,17,19,12]}