{"solutions":[[18,19,17,10,12,15,8,14,9,11,16,5,13,4,6,7,2,3,1,0],[18,19,17,10,12,15,14,8,9,11,16,5,13,6,4,7,2,3,0,1],[18,19,17,10,12,15,8,14,9,11,16,5,13,6,4,7,2,3,1,0],[18,19,17,10,12,15,14,8,11,9,16,5,13,4,6,7,2,3,1,0],[18,19,17,10,12,15,8,14,9,11,16,5,13,4,6,7,2,3,0,1],[18,19,17,10,12,15,8,14,9,11,16,5,13,6,4,7,2,3,0,1],[18,19,17,10,12,15,14,8,11,9,16,5,13,4,6,7,2,3,0,1],[18,19,17,10,12,15,14,8,9,11,16,5,13,4,6,7,2,3,1,0],[18,19,17,10,12,15,8,14,11,9,16,5,13,6,4,7,2,3,1,0],[18,19,17,10,12,15,14,8,9,11,16,5,13,4,6,7,2,3,0,1],[18,19,17,10,12,15,14,8,11,9,16,5,13,6,4,7,2,3,1,0],[18,19,17,10,12,15,14,11,8,9,16,5,13,4,6,7,2,3,1,0],[18,19,17,10,12,15,8,14,11,9,16,5,13,6,4,7,2,3,0,1],[18,19,17,10,12,15,14,11,8,9,16,5,13,4,6,7,2,3,0,1],[18,19,17,10,12,15,14,11,8,9,16,5,13,6,4,7,2,3,0,1],[18,19,17,10,12,15,14,8,11,9,16,5,13,6,4,7,2,3,0,1],[18,19,17,10,12,15,14,11,8,9,16,5,13,6,4,7,2,3,1,0],[18,19,17,10,12,15,14,8,9,11,16,5,13,6,4,7,2,3,1,0],[18,19,17,10,12,15,8,14,11,9,16,5,13,4,6,7,2,3,1,0],[18,19,17,10,12,15,8,14,11,9,16,5,13,4,6,7,2,3,0,1]],"obj":1852.0,"max_tau_solutions":null,"centroid_x":[[0.0,0.3474738747,0.0,0.0,0.0,0.0,0.0,0.0,0.0,0.0,0.0,0.0,0.0,0.0,0.0,0.0,0.0,0.0,0.0,0.0],[0.6525261253,0.0,0.0,0.0,0.0,0.0,0.0,0.0,0.0,0.0,0.0,0.0,0.0,0.0,0.0,0.0,0.0,0.0,0.0,0.0],[1.0,1.0,0.0,1.0,0.0,0.0,0.0,0.0,0.0,0.0,0.0,0.0,0.0,0.0,0.0,0.0,0.0,0.0,0.0,0.0],[1.0,1.0,0.0,0.0,0.0,0.0,0.0,0.0,0.0,0.0,0.0,0.0,0.0,0.0,0.0,0.0,0.0,0.0,0.0,0.0],[1.0,1.0,1.0,1.0,0.0,0.0,0.3647600365,1.0,0.0,0.0,0.0,0.0,0.0,0.0,0.0,0.0,0.0,0.0,0.0,0.0],[1.0,1.0,1.0,1.0,1.0,0.0,1.0,1.0,0.0,0.0,0.0,0.0,0.0,1.0,0.0,0.0,0.0,0.0,0.0,0.0],[1.0,1.0,1.0,1.0,0.6352399635,0.0,0.0,1.0,0.0,0.0,0.0,0.0,0.0,0.0,0.0,0.0,0.0,0.0,0.0,0.0],[1.0,1.0,1.0,1.0,0.0,0.0,0.0,0.0,0.0,0.0,0.0,0.0,0.0,0.0,0.0,0.0,0.0,0.0,0.0,0.0],[1.0,1.0,1.0,1.0,1.0,1.0,1.0,1.0,0.0,1.0,0.0,0.479132327,0.0,1.0,0.3791268385,0.0,1.0,0.0,0.0,0.0],[1.0,1.0,1.0,1.0,1.0,1.0,1.0,1.0,0.0,0.0,0.0,0.313210009,0.0,1.0,0.0,0.0,1.0,0.0,0.0,0.0],[1.0,1.0,1.0,1.0,1.0,1.0,1.0,1.0,1.0,1.0,0.0,1.0,1.0,1.0,1.0,1.0,1.0,0.0,0.0,0.0],[1.0,1.0,1.0,1.0,1.0,1.0,1.0,1.0,0.520867673,0.686789991,0.0,0.0,0.0,1.0,0.0,0.0,1.0,0.0,0.0,0.0],[1.0,1.0,1.0,1.0,1.0,1.0,1.0,1.0,1.0,1.0,0.0,1.0,0.0,1.0,1.0,1.0,1.0,0.0,0.0,0.0],[1.0,1.0,1.0,1.0,1.0,0.0,1.0,1.0,0.0,0.0,0.0,0.0,0.0,0.0,0.0,0.0,0.0,0.0,0.0,0.0],[1.0,1.0,1.0,1.0,1.0,1.0,1.0,1.0,0.6208731615,1.0,0.0,1.0,0.0,1.0,0.0,0.0,1.0,0.0,0.0,0.0],[1.0,1.0,1.0,1.0,1.0,1.0,1.0,1.0,1.0,1.0,0.0,1.0,0.0,1.0,1.0,0.0,1.0,0.0,0.0,0.0],[1.0,1.0,1.0,1.0,1.0,1.0,1.0,1.0,0.0,0.0,0.0,0.0,0.0,1.0,0.0,0.0,0.0,0.0,0.0,0.0],[1.0,1.0,1.0,1.0,1.0,1.0,1.0,1.0,1.0,1.0,1.0,1.0,1.0,1.0,1.0,1.0,1.0,0.0,0.0,0.0],[1.0,1.0,1.0,1.0,1.0,1.0,1.0,1.0,1.0,1.0,1.0,1.0,1.0,1.0,1.0,1.0,1.0,1.0,0.0,1.0],[1.0,1.0,1.0,1.0,1.0,1.0,1.0,1.0,1.0,1.0,1.0,1.0,1.0,1.0,1.0,1.0,1.0,1.0,0.0,0.0]],"outlier_solution":[18,19,17,10,12,15,8,14,9,11,16,5,13,4,6,7,2,3,0,1],"dataset_id":483,"source_dataset_id":530,"options":null,"D":{"0":{"0":0,"1":1,"2":5,"3":1,"4":5,"5":5,"6":5,"7":5,"8":4,"9":5,"10":0,"11":2,"12":5,"13":5,"14":5,"15":5,"16":5,"17":4,"18":4,"19":3},"1":{"0":1,"1":0,"2":3,"3":5,"4":5,"5":0,"6":4,"7":0,"8":5,"9":3,"10":1,"11":1,"12":5,"13":5,"14":5,"15":5,"16":5,"17":5,"18":5,"19":5},"2":{"0":0,"1":0,"2":0,"3":5,"4":5,"5":5,"6":2,"7":4,"8":5,"9":5,"10":3,"11":5,"12":3,"13":5,"14":5,"15":0,"16":5,"17":4,"18":4,"19":1},"3":{"0":2,"1":0,"2":2,"3":0,"4":5,"5":4,"6":1,"7":0,"8":5,"9":5,"10":5,"11":5,"12":5,"13":5,"14":0,"15":1,"16":5,"17":5,"18":3,"19":2},"4":{"0":0,"1":2,"2":0,"3":0,"4":0,"5":5,"6":0,"7":4,"8":5,"9":5,"10":1,"11":0,"12":5,"13":5,"14":0,"15":2,"16":0,"17":4,"18":5,"19":5},"5":{"0":0,"1":2,"2":0,"3":0,"4":5,"5":0,"6":5,"7":5,"8":1,"9":0,"10":5,"11":5,"12":0,"13":5,"14":1,"15":5,"16":5,"17":5,"18":1,"19":1},"6":{"0":0,"1":0,"2":5,"3":0,"4":0,"5":0,"6":0,"7":1,"8":5,"9":5,"10":5,"11":3,"12":2,"13":5,"14":4,"15":5,"16":5,"17":5,"18":5,"19":4},"7":{"0":0,"1":0,"2":0,"3":4,"4":0,"5":5,"6":0,"7":0,"8":1,"9":5,"10":5,"11":5,"12":5,"13":0,"14":5,"15":3,"16":4,"17":4,"18":1,"19":5},"8":{"0":0,"1":0,"2":0,"3":0,"4":0,"5":3,"6":0,"7":3,"8":0,"9":5,"10":0,"11":5,"12":5,"13":0,"14":5,"15":5,"16":0,"17":4,"18":4,"19":3},"9":{"0":0,"1":0,"2":3,"3":0,"4":0,"5":5,"6":2,"7":0,"8":0,"9":0,"10":5,"11":0,"12":5,"13":4,"14":1,"15":5,"16":5,"17":4,"18":5,"19":5},"10":{"0":4,"1":0,"2":0,"3":0,"4":0,"5":0,"6":2,"7":0,"8":4,"9":4,"10":0,"11":2,"12":0,"13":0,"14":5,"15":5,"16":0,"17":0,"18":5,"19":0},"11":{"0":5,"1":0,"2":4,"3":0,"4":0,"5":1,"6":0,"7":0,"8":0,"9":5,"10":0,"11":0,"12":0,"13":0,"14":5,"15":1,"16":3,"17":0,"18":3,"19":5},"12":{"0":0,"1":0,"2":3,"3":0,"4":0,"5":0,"6":0,"7":0,"8":5,"9":0,"10":0,"11":0,"12":0,"13":5,"14":3,"15":5,"16":5,"17":5,"18":2,"19":5},"13":{"0":0,"1":1,"2":0,"3":1,"4":0,"5":1,"6":5,"7":0,"8":4,"9":0,"10":0,"11":5,"12":0,"13":0,"14":5,"15":2,"16":5,"17":5,"18":5,"19":5},"14":{"0":2,"1":0,"2":5,"3":4,"4":1,"5":4,"6":5,"7":0,"8":2,"9":5,"10":5,"11":0,"12":5,"13":0,"14":0,"15":1,"16":4,"17":5,"18":2,"19":1},"15":{"0":0,"1":5,"2":0,"3":0,"4":0,"5":4,"6":4,"7":0,"8":0,"9":0,"10":4,"11":2,"12":1,"13":1,"14":5,"15":0,"16":0,"17":2,"18":4,"19":5},"16":{"0":5,"1":3,"2":1,"3":1,"4":4,"5":0,"6":4,"7":3,"8":5,"9":4,"10":0,"11":2,"12":2,"13":0,"14":5,"15":1,"16":0,"17":5,"18":0,"19":2},"17":{"0":0,"1":0,"2":4,"3":5,"4":0,"5":4,"6":0,"7":4,"8":0,"9":0,"10":5,"11":0,"12":1,"13":0,"14":0,"15":0,"16":0,"17":0,"18":5,"19":5},"18":{"0":0,"1":0,"2":0,"3":0,"4":0,"5":5,"6":0,"7":0,"8":0,"9":0,"10":4,"11":0,"12":0,"13":5,"14":0,"15":0,"16":0,"17":4,"18":0,"19":5},"19":{"0":2,"1":4,"2":2,"3":0,"4":0,"5":0,"6":0,"7":0,"8":0,"9":0,"10":3,"11":0,"12":0,"13":0,"14":3,"15":1,"16":0,"17":0,"18":0,"19":0}},"method":"hillside","closest_pair":[[18,19,17,10,12,15,14,8,11,9,16,5,13,6,4,7,2,3,1,0],[18,19,17,10,12,15,8,14,11,9,16,5,13,6,4,7,2,3,1,0]],"farthest_pair":[[18,19,17,10,12,15,8,14,9,11,16,5,13,6,4,7,2,3,1,0],[18,19,17,10,12,15,14,11,8,9,16,5,13,4,6,7,2,3,0,1]],"tau_farthest_pair":0.9473684211,"tau_closest_pair":0.9894736842,"centroid_solution":[18,19,17,10,12,15,14,11,8,9,16,5,13,6,4,7,2,3,1,0]}