{"solutions":[[17,18,19,13,14,16,15,9,12,8,11,2,3,7,5,10,6,4,1,0],[17,18,19,13,14,16,15,9,12,11,8,2,3,5,7,10,6,4,1,0],[17,18,19,13,14,16,15,9,12,8,11,2,3,5,7,10,6,4,1,0],[17,18,19,13,14,16,15,9,12,11,8,2,3,7,5,10,6,4,1,0]],"obj":1814.0,"max_tau_solutions":null,"centroid_x":[[0.0,0.0,0.0,0.0,0.0,0.0,0.0,0.0,0.0,0.0,0.0,0.0,0.0,0.0,0.0,0.0,0.0,0.0,0.0,0.0],[1.0,0.0,0.0,0.0,0.0,0.0,0.0,0.0,0.0,0.0,0.0,0.0,0.0,0.0,0.0,0.0,0.0,0.0,0.0,0.0],[1.0,1.0,0.0,1.0,1.0,1.0,1.0,1.0,0.0,0.0,1.0,0.0,0.0,0.0,0.0,0.0,0.0,0.0,0.0,0.0],[1.0,1.0,0.0,0.0,1.0,1.0,1.0,1.0,0.0,0.0,1.0,0.0,0.0,0.0,0.0,0.0,0.0,0.0,0.0,0.0],[1.0,1.0,0.0,0.0,0.0,0.0,0.0,0.0,0.0,0.0,0.0,0.0,0.0,0.0,0.0,0.0,0.0,0.0,0.0,0.0],[1.0,1.0,0.0,0.0,1.0,0.0,1.0,0.3647174126,0.0,0.0,1.0,0.0,0.0,0.0,0.0,0.0,0.0,0.0,0.0,0.0],[1.0,1.0,0.0,0.0,1.0,0.0,0.0,0.0,0.0,0.0,0.0,0.0,0.0,0.0,0.0,0.0,0.0,0.0,0.0,0.0],[1.0,1.0,0.0,0.0,1.0,0.6352825874,1.0,0.0,0.0,0.0,1.0,0.0,0.0,0.0,0.0,0.0,0.0,0.0,0.0,0.0],[1.0,1.0,1.0,1.0,1.0,1.0,1.0,1.0,0.0,0.0,1.0,0.3566346229,0.0,0.0,0.0,0.0,0.0,0.0,0.0,0.0],[1.0,1.0,1.0,1.0,1.0,1.0,1.0,1.0,1.0,0.0,1.0,1.0,1.0,0.0,0.0,0.0,0.0,0.0,0.0,0.0],[1.0,1.0,0.0,0.0,1.0,0.0,1.0,0.0,0.0,0.0,0.0,0.0,0.0,0.0,0.0,0.0,0.0,0.0,0.0,0.0],[1.0,1.0,1.0,1.0,1.0,1.0,1.0,1.0,0.6433653771,0.0,1.0,0.0,0.0,0.0,0.0,0.0,0.0,0.0,0.0,0.0],[1.0,1.0,1.0,1.0,1.0,1.0,1.0,1.0,1.0,0.0,1.0,1.0,0.0,0.0,0.0,0.0,0.0,0.0,0.0,0.0],[1.0,1.0,1.0,1.0,1.0,1.0,1.0,1.0,1.0,1.0,1.0,1.0,1.0,0.0,1.0,1.0,1.0,0.0,0.0,0.0],[1.0,1.0,1.0,1.0,1.0,1.0,1.0,1.0,1.0,1.0,1.0,1.0,1.0,0.0,0.0,1.0,1.0,0.0,0.0,0.0],[1.0,1.0,1.0,1.0,1.0,1.0,1.0,1.0,1.0,1.0,1.0,1.0,1.0,0.0,0.0,0.0,0.0,0.0,0.0,0.0],[1.0,1.0,1.0,1.0,1.0,1.0,1.0,1.0,1.0,1.0,1.0,1.0,1.0,0.0,0.0,1.0,0.0,0.0,0.0,0.0],[1.0,1.0,1.0,1.0,1.0,1.0,1.0,1.0,1.0,1.0,1.0,1.0,1.0,1.0,1.0,1.0,1.0,0.0,1.0,1.0],[1.0,1.0,1.0,1.0,1.0,1.0,1.0,1.0,1.0,1.0,1.0,1.0,1.0,1.0,1.0,1.0,1.0,0.0,0.0,1.0],[1.0,1.0,1.0,1.0,1.0,1.0,1.0,1.0,1.0,1.0,1.0,1.0,1.0,1.0,1.0,1.0,1.0,0.0,0.0,0.0]],"outlier_solution":[17,18,19,13,14,16,15,9,12,8,11,2,3,5,7,10,6,4,1,0],"dataset_id":484,"source_dataset_id":531,"options":null,"D":{"0":{"0":0,"1":0,"2":5,"3":5,"4":5,"5":2,"6":0,"7":2,"8":5,"9":5,"10":5,"11":5,"12":0,"13":5,"14":5,"15":0,"16":5,"17":5,"18":5,"19":5},"1":{"0":0,"1":0,"2":5,"3":5,"4":5,"5":5,"6":5,"7":4,"8":5,"9":5,"10":3,"11":1,"12":5,"13":0,"14":5,"15":5,"16":1,"17":1,"18":5,"19":5},"2":{"0":0,"1":0,"2":0,"3":5,"4":5,"5":5,"6":4,"7":5,"8":0,"9":0,"10":5,"11":0,"12":1,"13":5,"14":0,"15":0,"16":5,"17":0,"18":0,"19":2},"3":{"0":0,"1":5,"2":3,"3":0,"4":5,"5":5,"6":0,"7":5,"8":0,"9":0,"10":5,"11":0,"12":4,"13":5,"14":3,"15":5,"16":5,"17":3,"18":5,"19":3},"4":{"0":2,"1":5,"2":4,"3":0,"4":0,"5":3,"6":0,"7":5,"8":1,"9":5,"10":5,"11":5,"12":5,"13":5,"14":0,"15":5,"16":5,"17":4,"18":3,"19":5},"5":{"0":0,"1":4,"2":0,"3":2,"4":0,"5":0,"6":0,"7":5,"8":5,"9":5,"10":0,"11":5,"12":5,"13":2,"14":5,"15":0,"16":5,"17":5,"18":5,"19":5},"6":{"0":1,"1":0,"2":3,"3":5,"4":0,"5":0,"6":0,"7":0,"8":0,"9":5,"10":2,"11":4,"12":5,"13":5,"14":5,"15":5,"16":5,"17":4,"18":3,"19":4},"7":{"0":0,"1":0,"2":3,"3":2,"4":0,"5":5,"6":2,"7":0,"8":5,"9":5,"10":5,"11":1,"12":0,"13":4,"14":1,"15":0,"16":5,"17":5,"18":2,"19":0},"8":{"0":1,"1":0,"2":2,"3":3,"4":2,"5":0,"6":1,"7":4,"8":0,"9":0,"10":2,"11":0,"12":5,"13":1,"14":0,"15":4,"16":5,"17":5,"18":5,"19":2},"9":{"0":0,"1":0,"2":0,"3":0,"4":0,"5":5,"6":0,"7":0,"8":0,"9":0,"10":5,"11":0,"12":5,"13":5,"14":0,"15":5,"16":5,"17":5,"18":5,"19":1},"10":{"0":1,"1":0,"2":3,"3":3,"4":1,"5":0,"6":2,"7":0,"8":0,"9":5,"10":0,"11":5,"12":5,"13":3,"14":5,"15":5,"16":5,"17":5,"18":0,"19":0},"11":{"0":0,"1":5,"2":0,"3":0,"4":5,"5":0,"6":2,"7":0,"8":5,"9":2,"10":0,"11":0,"12":2,"13":5,"14":5,"15":5,"16":4,"17":0,"18":5,"19":0},"12":{"0":0,"1":4,"2":2,"3":2,"4":2,"5":3,"6":0,"7":2,"8":0,"9":3,"10":0,"11":0,"12":0,"13":0,"14":2,"15":5,"16":0,"17":5,"18":5,"19":0},"13":{"0":0,"1":0,"2":0,"3":5,"4":0,"5":0,"6":3,"7":0,"8":5,"9":0,"10":0,"11":3,"12":0,"13":0,"14":5,"15":5,"16":5,"17":0,"18":5,"19":5},"14":{"0":0,"1":0,"2":0,"3":0,"4":0,"5":2,"6":0,"7":0,"8":0,"9":5,"10":0,"11":0,"12":0,"13":3,"14":0,"15":5,"16":3,"17":0,"18":5,"19":5},"15":{"0":2,"1":0,"2":0,"3":5,"4":0,"5":0,"6":0,"7":5,"8":0,"9":5,"10":0,"11":2,"12":0,"13":4,"14":0,"15":0,"16":2,"17":5,"18":4,"19":5},"16":{"0":1,"1":5,"2":0,"3":0,"4":5,"5":5,"6":4,"7":0,"8":3,"9":0,"10":0,"11":1,"12":3,"13":5,"14":2,"15":0,"16":0,"17":5,"18":3,"19":2},"17":{"0":0,"1":0,"2":4,"3":5,"4":0,"5":0,"6":0,"7":0,"8":0,"9":4,"10":0,"11":0,"12":0,"13":2,"14":0,"15":0,"16":0,"17":0,"18":5,"19":5},"18":{"0":0,"1":0,"2":2,"3":0,"4":4,"5":0,"6":0,"7":0,"8":4,"9":0,"10":3,"11":5,"12":0,"13":4,"14":5,"15":3,"16":0,"17":0,"18":0,"19":5},"19":{"0":0,"1":0,"2":0,"3":3,"4":3,"5":0,"6":0,"7":0,"8":5,"9":0,"10":0,"11":0,"12":5,"13":4,"14":0,"15":3,"16":4,"17":0,"18":4,"19":0}},"method":"hillside","closest_pair":[[17,18,19,13,14,16,15,9,12,11,8,2,3,5,7,10,6,4,1,0],[17,18,19,13,14,16,15,9,12,11,8,2,3,7,5,10,6,4,1,0]],"farthest_pair":[[17,18,19,13,14,16,15,9,12,11,8,2,3,7,5,10,6,4,1,0],[17,18,19,13,14,16,15,9,12,8,11,2,3,5,7,10,6,4,1,0]],"tau_farthest_pair":0.9789473684,"tau_closest_pair":0.9894736842,"centroid_solution":[17,18,19,13,14,16,15,9,12,11,8,2,3,7,5,10,6,4,1,0]}