{"solutions":[[18,17,15,16,19,14,13,12,11,9,6,7,10,8,5,1,2,3,4,0],[18,17,15,16,19,14,13,12,9,11,6,7,10,8,5,1,2,3,4,0],[18,17,15,16,19,14,12,11,13,9,6,7,10,8,5,1,2,3,4,0]],"obj":1012.0,"max_tau_solutions":null,"centroid_x":[[0.0,0.0,0.0,0.0,0.0,0.0,0.0,0.0,0.0,0.0,0.0,0.0,0.0,0.0,0.0,0.0,0.0,0.0,0.0,0.0],[1.0,0.0,1.0,1.0,1.0,0.0,0.0,0.0,0.0,0.0,0.0,0.0,0.0,0.0,0.0,0.0,0.0,0.0,0.0,0.0],[1.0,0.0,0.0,1.0,1.0,0.0,0.0,0.0,0.0,0.0,0.0,0.0,0.0,0.0,0.0,0.0,0.0,0.0,0.0,0.0],[1.0,0.0,0.0,0.0,1.0,0.0,0.0,0.0,0.0,0.0,0.0,0.0,0.0,0.0,0.0,0.0,0.0,0.0,0.0,0.0],[1.0,0.0,0.0,0.0,0.0,0.0,0.0,0.0,0.0,0.0,0.0,0.0,0.0,0.0,0.0,0.0,0.0,0.0,0.0,0.0],[1.0,1.0,1.0,1.0,1.0,0.0,0.0,0.0,0.0,0.0,0.0,0.0,0.0,0.0,0.0,0.0,0.0,0.0,0.0,0.0],[1.0,1.0,1.0,1.0,1.0,1.0,0.0,1.0,1.0,0.0,1.0,0.0,0.0,0.0,0.0,0.0,0.0,0.0,0.0,0.0],[1.0,1.0,1.0,1.0,1.0,1.0,0.0,0.0,1.0,0.0,1.0,0.0,0.0,0.0,0.0,0.0,0.0,0.0,0.0,0.0],[1.0,1.0,1.0,1.0,1.0,1.0,0.0,0.0,0.0,0.0,0.0,0.0,0.0,0.0,0.0,0.0,0.0,0.0,0.0,0.0],[1.0,1.0,1.0,1.0,1.0,1.0,1.0,1.0,1.0,0.0,1.0,0.328937183,0.0,0.0,0.0,0.0,0.0,0.0,0.0,0.0],[1.0,1.0,1.0,1.0,1.0,1.0,0.0,0.0,1.0,0.0,0.0,0.0,0.0,0.0,0.0,0.0,0.0,0.0,0.0,0.0],[1.0,1.0,1.0,1.0,1.0,1.0,1.0,1.0,1.0,0.671062817,1.0,0.0,0.0,0.3314676774,0.0,0.0,0.0,0.0,0.0,0.0],[1.0,1.0,1.0,1.0,1.0,1.0,1.0,1.0,1.0,1.0,1.0,1.0,0.0,0.3314676774,0.0,0.0,0.0,0.0,0.0,0.0],[1.0,1.0,1.0,1.0,1.0,1.0,1.0,1.0,1.0,1.0,1.0,0.6685323226,0.6685323226,0.0,0.0,0.0,0.0,0.0,0.0,0.0],[1.0,1.0,1.0,1.0,1.0,1.0,1.0,1.0,1.0,1.0,1.0,1.0,1.0,1.0,0.0,0.0,0.0,0.0,0.0,0.0],[1.0,1.0,1.0,1.0,1.0,1.0,1.0,1.0,1.0,1.0,1.0,1.0,1.0,1.0,1.0,0.0,1.0,0.0,0.0,1.0],[1.0,1.0,1.0,1.0,1.0,1.0,1.0,1.0,1.0,1.0,1.0,1.0,1.0,1.0,1.0,0.0,0.0,0.0,0.0,1.0],[1.0,1.0,1.0,1.0,1.0,1.0,1.0,1.0,1.0,1.0,1.0,1.0,1.0,1.0,1.0,1.0,1.0,0.0,0.0,1.0],[1.0,1.0,1.0,1.0,1.0,1.0,1.0,1.0,1.0,1.0,1.0,1.0,1.0,1.0,1.0,1.0,1.0,1.0,0.0,1.0],[1.0,1.0,1.0,1.0,1.0,1.0,1.0,1.0,1.0,1.0,1.0,1.0,1.0,1.0,1.0,0.0,0.0,0.0,0.0,0.0]],"outlier_solution":[18,17,15,16,19,14,12,11,13,9,6,7,10,8,5,1,2,3,4,0],"dataset_id":485,"source_dataset_id":532,"options":null,"D":{"0":{"0":0,"1":5,"2":5,"3":0,"4":4,"5":5,"6":5,"7":0,"8":5,"9":3,"10":5,"11":1,"12":5,"13":5,"14":5,"15":5,"16":5,"17":5,"18":5,"19":5},"1":{"0":0,"1":0,"2":5,"3":5,"4":1,"5":5,"6":2,"7":5,"8":5,"9":5,"10":4,"11":4,"12":5,"13":0,"14":4,"15":5,"16":5,"17":2,"18":5,"19":2},"2":{"0":0,"1":0,"2":0,"3":5,"4":3,"5":5,"6":5,"7":5,"8":0,"9":5,"10":5,"11":0,"12":5,"13":5,"14":5,"15":5,"16":5,"17":2,"18":1,"19":5},"3":{"0":0,"1":0,"2":0,"3":0,"4":5,"5":5,"6":5,"7":5,"8":5,"9":5,"10":5,"11":5,"12":5,"13":3,"14":5,"15":5,"16":5,"17":5,"18":4,"19":5},"4":{"0":4,"1":3,"2":0,"3":0,"4":0,"5":5,"6":5,"7":1,"8":0,"9":5,"10":0,"11":5,"12":5,"13":5,"14":5,"15":5,"16":5,"17":5,"18":5,"19":5},"5":{"0":2,"1":0,"2":0,"3":4,"4":2,"5":0,"6":5,"7":5,"8":5,"9":5,"10":5,"11":5,"12":5,"13":5,"14":5,"15":0,"16":5,"17":5,"18":5,"19":0},"6":{"0":0,"1":0,"2":0,"3":0,"4":0,"5":0,"6":0,"7":5,"8":5,"9":5,"10":4,"11":5,"12":3,"13":5,"14":3,"15":5,"16":3,"17":0,"18":2,"19":0},"7":{"0":2,"1":0,"2":0,"3":0,"4":0,"5":0,"6":0,"7":0,"8":0,"9":2,"10":5,"11":4,"12":0,"13":5,"14":5,"15":5,"16":5,"17":5,"18":5,"19":5},"8":{"0":0,"1":0,"2":4,"3":0,"4":0,"5":0,"6":0,"7":3,"8":0,"9":0,"10":3,"11":5,"12":5,"13":5,"14":5,"15":3,"16":5,"17":5,"18":5,"19":3},"9":{"0":0,"1":0,"2":0,"3":0,"4":0,"5":0,"6":0,"7":0,"8":0,"9":0,"10":0,"11":5,"12":0,"13":2,"14":5,"15":5,"16":5,"17":0,"18":5,"19":5},"10":{"0":0,"1":0,"2":2,"3":0,"4":0,"5":0,"6":0,"7":0,"8":0,"9":4,"10":0,"11":5,"12":5,"13":5,"14":5,"15":5,"16":5,"17":5,"18":5,"19":0},"11":{"0":0,"1":0,"2":0,"3":0,"4":0,"5":4,"6":0,"7":0,"8":0,"9":0,"10":0,"11":0,"12":5,"13":5,"14":5,"15":5,"16":5,"17":5,"18":0,"19":0},"12":{"0":0,"1":0,"2":0,"3":0,"4":0,"5":0,"6":5,"7":1,"8":0,"9":0,"10":0,"11":0,"12":0,"13":2,"14":0,"15":5,"16":4,"17":5,"18":5,"19":5},"13":{"0":2,"1":4,"2":0,"3":0,"4":0,"5":5,"6":0,"7":0,"8":0,"9":0,"10":0,"11":0,"12":0,"13":0,"14":5,"15":1,"16":5,"17":5,"18":4,"19":5},"14":{"0":0,"1":0,"2":0,"3":4,"4":0,"5":0,"6":0,"7":0,"8":0,"9":2,"10":0,"11":0,"12":0,"13":0,"14":0,"15":5,"16":0,"17":5,"18":5,"19":1},"15":{"0":0,"1":0,"2":0,"3":4,"4":0,"5":0,"6":2,"7":0,"8":5,"9":0,"10":0,"11":0,"12":0,"13":0,"14":0,"15":0,"16":3,"17":5,"18":5,"19":0},"16":{"0":0,"1":0,"2":0,"3":0,"4":2,"5":5,"6":0,"7":0,"8":0,"9":0,"10":0,"11":2,"12":0,"13":0,"14":0,"15":2,"16":0,"17":5,"18":5,"19":5},"17":{"0":0,"1":0,"2":0,"3":0,"4":0,"5":0,"6":0,"7":0,"8":0,"9":0,"10":0,"11":0,"12":0,"13":0,"14":0,"15":0,"16":1,"17":0,"18":5,"19":5},"18":{"0":0,"1":0,"2":4,"3":0,"4":0,"5":0,"6":0,"7":0,"8":0,"9":0,"10":0,"11":0,"12":5,"13":0,"14":0,"15":0,"16":0,"17":0,"18":0,"19":0},"19":{"0":0,"1":5,"2":4,"3":1,"4":0,"5":0,"6":0,"7":0,"8":0,"9":0,"10":0,"11":0,"12":0,"13":0,"14":0,"15":3,"16":0,"17":0,"18":0,"19":0}},"method":"hillside","closest_pair":[[18,17,15,16,19,14,13,12,9,11,6,7,10,8,5,1,2,3,4,0],[18,17,15,16,19,14,13,12,11,9,6,7,10,8,5,1,2,3,4,0]],"farthest_pair":[[18,17,15,16,19,14,12,11,13,9,6,7,10,8,5,1,2,3,4,0],[18,17,15,16,19,14,13,12,9,11,6,7,10,8,5,1,2,3,4,0]],"tau_farthest_pair":0.9684210526,"tau_closest_pair":0.9894736842,"centroid_solution":[18,17,15,16,19,14,13,12,11,9,6,7,10,8,5,1,2,3,4,0]}