{"solutions":[[18,19,15,14,16,17,11,12,10,13,9,8,7,6,4,5,3,1,0,2],[18,19,15,16,14,17,11,12,10,13,9,8,7,6,4,5,3,1,0,2]],"obj":1095.0,"max_tau_solutions":null,"centroid_x":[[0.0,0.0,1.0,0.0,0.0,0.0,0.0,0.0,0.0,0.0,0.0,0.0,0.0,0.0,0.0,0.0,0.0,0.0,0.0,0.0],[1.0,0.0,1.0,0.0,0.0,0.0,0.0,0.0,0.0,0.0,0.0,0.0,0.0,0.0,0.0,0.0,0.0,0.0,0.0,0.0],[0.0,0.0,0.0,0.0,0.0,0.0,0.0,0.0,0.0,0.0,0.0,0.0,0.0,0.0,0.0,0.0,0.0,0.0,0.0,0.0],[1.0,1.0,1.0,0.0,0.0,0.0,0.0,0.0,0.0,0.0,0.0,0.0,0.0,0.0,0.0,0.0,0.0,0.0,0.0,0.0],[1.0,1.0,1.0,1.0,0.0,1.0,0.0,0.0,0.0,0.0,0.0,0.0,0.0,0.0,0.0,0.0,0.0,0.0,0.0,0.0],[1.0,1.0,1.0,1.0,0.0,0.0,0.0,0.0,0.0,0.0,0.0,0.0,0.0,0.0,0.0,0.0,0.0,0.0,0.0,0.0],[1.0,1.0,1.0,1.0,1.0,1.0,0.0,0.0,0.0,0.0,0.0,0.0,0.0,0.0,0.0,0.0,0.0,0.0,0.0,0.0],[1.0,1.0,1.0,1.0,1.0,1.0,1.0,0.0,0.0,0.0,0.0,0.0,0.0,0.0,0.0,0.0,0.0,0.0,0.0,0.0],[1.0,1.0,1.0,1.0,1.0,1.0,1.0,1.0,0.0,0.0,0.0,0.0,0.0,0.0,0.0,0.0,0.0,0.0,0.0,0.0],[1.0,1.0,1.0,1.0,1.0,1.0,1.0,1.0,1.0,0.0,0.0,0.0,0.0,0.0,0.0,0.0,0.0,0.0,0.0,0.0],[1.0,1.0,1.0,1.0,1.0,1.0,1.0,1.0,1.0,1.0,0.0,0.0,0.0,1.0,0.0,0.0,0.0,0.0,0.0,0.0],[1.0,1.0,1.0,1.0,1.0,1.0,1.0,1.0,1.0,1.0,1.0,0.0,1.0,1.0,0.0,0.0,0.0,0.0,0.0,0.0],[1.0,1.0,1.0,1.0,1.0,1.0,1.0,1.0,1.0,1.0,1.0,0.0,0.0,1.0,0.0,0.0,0.0,0.0,0.0,0.0],[1.0,1.0,1.0,1.0,1.0,1.0,1.0,1.0,1.0,1.0,0.0,0.0,0.0,0.0,0.0,0.0,0.0,0.0,0.0,0.0],[1.0,1.0,1.0,1.0,1.0,1.0,1.0,1.0,1.0,1.0,1.0,1.0,1.0,1.0,0.0,0.0,0.3660525341,1.0,0.0,0.0],[1.0,1.0,1.0,1.0,1.0,1.0,1.0,1.0,1.0,1.0,1.0,1.0,1.0,1.0,1.0,0.0,1.0,1.0,0.0,0.0],[1.0,1.0,1.0,1.0,1.0,1.0,1.0,1.0,1.0,1.0,1.0,1.0,1.0,1.0,0.6339474659,0.0,0.0,1.0,0.0,0.0],[1.0,1.0,1.0,1.0,1.0,1.0,1.0,1.0,1.0,1.0,1.0,1.0,1.0,1.0,0.0,0.0,0.0,0.0,0.0,0.0],[1.0,1.0,1.0,1.0,1.0,1.0,1.0,1.0,1.0,1.0,1.0,1.0,1.0,1.0,1.0,1.0,1.0,1.0,0.0,1.0],[1.0,1.0,1.0,1.0,1.0,1.0,1.0,1.0,1.0,1.0,1.0,1.0,1.0,1.0,1.0,1.0,1.0,1.0,0.0,0.0]],"outlier_solution":[18,19,15,14,16,17,11,12,10,13,9,8,7,6,4,5,3,1,0,2],"dataset_id":486,"source_dataset_id":533,"options":null,"D":{"0":{"0":0,"1":5,"2":4,"3":5,"4":5,"5":5,"6":5,"7":5,"8":2,"9":5,"10":5,"11":5,"12":5,"13":2,"14":0,"15":0,"16":5,"17":1,"18":5,"19":5},"1":{"0":0,"1":0,"2":5,"3":4,"4":5,"5":4,"6":5,"7":5,"8":5,"9":5,"10":5,"11":0,"12":5,"13":5,"14":5,"15":5,"16":5,"17":5,"18":5,"19":5},"2":{"0":0,"1":0,"2":0,"3":5,"4":5,"5":5,"6":5,"7":5,"8":5,"9":1,"10":5,"11":5,"12":5,"13":3,"14":5,"15":0,"16":5,"17":5,"18":5,"19":5},"3":{"0":4,"1":0,"2":0,"3":0,"4":2,"5":2,"6":5,"7":5,"8":4,"9":5,"10":5,"11":5,"12":5,"13":0,"14":5,"15":5,"16":0,"17":5,"18":5,"19":5},"4":{"0":0,"1":0,"2":0,"3":0,"4":0,"5":0,"6":5,"7":4,"8":5,"9":2,"10":5,"11":5,"12":5,"13":0,"14":5,"15":5,"16":5,"17":5,"18":0,"19":5},"5":{"0":0,"1":0,"2":0,"3":0,"4":2,"5":0,"6":4,"7":5,"8":5,"9":0,"10":5,"11":5,"12":5,"13":5,"14":4,"15":5,"16":5,"17":5,"18":5,"19":5},"6":{"0":0,"1":5,"2":0,"3":0,"4":0,"5":0,"6":0,"7":2,"8":5,"9":3,"10":5,"11":5,"12":5,"13":5,"14":4,"15":5,"16":5,"17":5,"18":5,"19":3},"7":{"0":0,"1":0,"2":0,"3":1,"4":0,"5":0,"6":0,"7":0,"8":0,"9":5,"10":5,"11":3,"12":5,"13":5,"14":5,"15":4,"16":5,"17":5,"18":5,"19":1},"8":{"0":0,"1":0,"2":0,"3":0,"4":0,"5":0,"6":0,"7":1,"8":0,"9":3,"10":5,"11":5,"12":5,"13":5,"14":0,"15":5,"16":5,"17":0,"18":5,"19":5},"9":{"0":2,"1":0,"2":0,"3":0,"4":0,"5":0,"6":0,"7":0,"8":0,"9":0,"10":5,"11":5,"12":0,"13":0,"14":5,"15":5,"16":5,"17":0,"18":5,"19":5},"10":{"0":0,"1":0,"2":0,"3":0,"4":0,"5":0,"6":0,"7":0,"8":5,"9":5,"10":0,"11":5,"12":5,"13":5,"14":5,"15":5,"16":1,"17":0,"18":5,"19":5},"11":{"0":0,"1":0,"2":0,"3":0,"4":0,"5":0,"6":0,"7":0,"8":0,"9":0,"10":0,"11":0,"12":5,"13":5,"14":5,"15":0,"16":5,"17":3,"18":5,"19":4},"12":{"0":0,"1":3,"2":0,"3":0,"4":0,"5":0,"6":0,"7":0,"8":0,"9":0,"10":3,"11":0,"12":0,"13":5,"14":5,"15":5,"16":0,"17":5,"18":5,"19":5},"13":{"0":0,"1":0,"2":0,"3":0,"4":2,"5":0,"6":2,"7":0,"8":0,"9":0,"10":0,"11":4,"12":0,"13":0,"14":5,"15":5,"16":5,"17":5,"18":5,"19":2},"14":{"0":0,"1":0,"2":4,"3":0,"4":0,"5":0,"6":5,"7":0,"8":0,"9":0,"10":0,"11":0,"12":0,"13":0,"14":0,"15":5,"16":1,"17":5,"18":4,"19":1},"15":{"0":0,"1":0,"2":0,"3":1,"4":0,"5":0,"6":2,"7":0,"8":0,"9":0,"10":0,"11":0,"12":0,"13":0,"14":0,"15":0,"16":0,"17":5,"18":5,"19":5},"16":{"0":1,"1":4,"2":0,"3":0,"4":0,"5":0,"6":0,"7":0,"8":2,"9":0,"10":0,"11":5,"12":0,"13":0,"14":0,"15":3,"16":0,"17":5,"18":4,"19":5},"17":{"0":2,"1":5,"2":0,"3":1,"4":4,"5":0,"6":0,"7":0,"8":0,"9":0,"10":0,"11":0,"12":0,"13":0,"14":4,"15":0,"16":2,"17":0,"18":5,"19":5},"18":{"0":3,"1":0,"2":2,"3":0,"4":1,"5":0,"6":0,"7":0,"8":0,"9":0,"10":3,"11":0,"12":0,"13":0,"14":0,"15":0,"16":0,"17":2,"18":0,"19":5},"19":{"0":0,"1":5,"2":0,"3":0,"4":0,"5":1,"6":0,"7":0,"8":0,"9":5,"10":0,"11":1,"12":4,"13":0,"14":0,"15":0,"16":0,"17":0,"18":2,"19":0}},"method":"hillside","closest_pair":[[18,19,15,14,16,17,11,12,10,13,9,8,7,6,4,5,3,1,0,2],[18,19,15,16,14,17,11,12,10,13,9,8,7,6,4,5,3,1,0,2]],"farthest_pair":[[18,19,15,16,14,17,11,12,10,13,9,8,7,6,4,5,3,1,0,2],[18,19,15,14,16,17,11,12,10,13,9,8,7,6,4,5,3,1,0,2]],"tau_farthest_pair":0.9894736842,"tau_closest_pair":0.9894736842,"centroid_solution":[18,19,15,16,14,17,11,12,10,13,9,8,7,6,4,5,3,1,0,2]}