{"solutions":[[2,0,1,3,5,4,6,7,8,9,13,10,12,11,17,14,16,15,19,18],[2,0,1,3,5,4,6,7,8,9,13,10,12,11,17,16,14,15,19,18]],"obj":1095.0,"max_tau_solutions":null,"centroid_x":[[0.0,1.0,0.0,1.0,1.0,1.0,1.0,1.0,1.0,1.0,1.0,1.0,1.0,1.0,1.0,1.0,1.0,1.0,1.0,1.0],[0.0,0.0,0.0,1.0,1.0,1.0,1.0,1.0,1.0,1.0,1.0,1.0,1.0,1.0,1.0,1.0,1.0,1.0,1.0,1.0],[1.0,1.0,0.0,1.0,1.0,1.0,1.0,1.0,1.0,1.0,1.0,1.0,1.0,1.0,1.0,1.0,1.0,1.0,1.0,1.0],[0.0,0.0,0.0,0.0,1.0,1.0,1.0,1.0,1.0,1.0,1.0,1.0,1.0,1.0,1.0,1.0,1.0,1.0,1.0,1.0],[0.0,0.0,0.0,0.0,0.0,0.0,1.0,1.0,1.0,1.0,1.0,1.0,1.0,1.0,1.0,1.0,1.0,1.0,1.0,1.0],[0.0,0.0,0.0,0.0,1.0,0.0,1.0,1.0,1.0,1.0,1.0,1.0,1.0,1.0,1.0,1.0,1.0,1.0,1.0,1.0],[0.0,0.0,0.0,0.0,0.0,0.0,0.0,1.0,1.0,1.0,1.0,1.0,1.0,1.0,1.0,1.0,1.0,1.0,1.0,1.0],[0.0,0.0,0.0,0.0,0.0,0.0,0.0,0.0,1.0,1.0,1.0,1.0,1.0,1.0,1.0,1.0,1.0,1.0,1.0,1.0],[0.0,0.0,0.0,0.0,0.0,0.0,0.0,0.0,0.0,1.0,1.0,1.0,1.0,1.0,1.0,1.0,1.0,1.0,1.0,1.0],[0.0,0.0,0.0,0.0,0.0,0.0,0.0,0.0,0.0,0.0,1.0,1.0,1.0,1.0,1.0,1.0,1.0,1.0,1.0,1.0],[0.0,0.0,0.0,0.0,0.0,0.0,0.0,0.0,0.0,0.0,0.0,1.0,1.0,0.0,1.0,1.0,1.0,1.0,1.0,1.0],[0.0,0.0,0.0,0.0,0.0,0.0,0.0,0.0,0.0,0.0,0.0,0.0,0.0,0.0,1.0,1.0,1.0,1.0,1.0,1.0],[0.0,0.0,0.0,0.0,0.0,0.0,0.0,0.0,0.0,0.0,0.0,1.0,0.0,0.0,1.0,1.0,1.0,1.0,1.0,1.0],[0.0,0.0,0.0,0.0,0.0,0.0,0.0,0.0,0.0,0.0,1.0,1.0,1.0,0.0,1.0,1.0,1.0,1.0,1.0,1.0],[0.0,0.0,0.0,0.0,0.0,0.0,0.0,0.0,0.0,0.0,0.0,0.0,0.0,0.0,0.0,1.0,0.4992404889,0.0,1.0,1.0],[0.0,0.0,0.0,0.0,0.0,0.0,0.0,0.0,0.0,0.0,0.0,0.0,0.0,0.0,0.0,0.0,0.0,0.0,1.0,1.0],[0.0,0.0,0.0,0.0,0.0,0.0,0.0,0.0,0.0,0.0,0.0,0.0,0.0,0.0,0.5007595111,1.0,0.0,0.0,1.0,1.0],[0.0,0.0,0.0,0.0,0.0,0.0,0.0,0.0,0.0,0.0,0.0,0.0,0.0,0.0,1.0,1.0,1.0,0.0,1.0,1.0],[0.0,0.0,0.0,0.0,0.0,0.0,0.0,0.0,0.0,0.0,0.0,0.0,0.0,0.0,0.0,0.0,0.0,0.0,0.0,0.0],[0.0,0.0,0.0,0.0,0.0,0.0,0.0,0.0,0.0,0.0,0.0,0.0,0.0,0.0,0.0,0.0,0.0,0.0,1.0,0.0]],"outlier_solution":[2,0,1,3,5,4,6,7,8,9,13,10,12,11,17,14,16,15,19,18],"dataset_id":486,"source_dataset_id":533,"options":null,"D":{"0":{"0":0,"1":0,"2":0,"3":4,"4":0,"5":0,"6":0,"7":0,"8":0,"9":2,"10":0,"11":0,"12":0,"13":0,"14":0,"15":0,"16":1,"17":2,"18":3,"19":0},"1":{"0":5,"1":0,"2":0,"3":0,"4":0,"5":0,"6":5,"7":0,"8":0,"9":0,"10":0,"11":0,"12":3,"13":0,"14":0,"15":0,"16":4,"17":5,"18":0,"19":5},"2":{"0":4,"1":5,"2":0,"3":0,"4":0,"5":0,"6":0,"7":0,"8":0,"9":0,"10":0,"11":0,"12":0,"13":0,"14":4,"15":0,"16":0,"17":0,"18":2,"19":0},"3":{"0":5,"1":4,"2":5,"3":0,"4":0,"5":0,"6":0,"7":1,"8":0,"9":0,"10":0,"11":0,"12":0,"13":0,"14":0,"15":1,"16":0,"17":1,"18":0,"19":0},"4":{"0":5,"1":5,"2":5,"3":2,"4":0,"5":2,"6":0,"7":0,"8":0,"9":0,"10":0,"11":0,"12":0,"13":2,"14":0,"15":0,"16":0,"17":4,"18":1,"19":0},"5":{"0":5,"1":4,"2":5,"3":2,"4":0,"5":0,"6":0,"7":0,"8":0,"9":0,"10":0,"11":0,"12":0,"13":0,"14":0,"15":0,"16":0,"17":0,"18":0,"19":1},"6":{"0":5,"1":5,"2":5,"3":5,"4":5,"5":4,"6":0,"7":0,"8":0,"9":0,"10":0,"11":0,"12":0,"13":2,"14":5,"15":2,"16":0,"17":0,"18":0,"19":0},"7":{"0":5,"1":5,"2":5,"3":5,"4":4,"5":5,"6":2,"7":0,"8":1,"9":0,"10":0,"11":0,"12":0,"13":0,"14":0,"15":0,"16":0,"17":0,"18":0,"19":0},"8":{"0":2,"1":5,"2":5,"3":4,"4":5,"5":5,"6":5,"7":0,"8":0,"9":0,"10":5,"11":0,"12":0,"13":0,"14":0,"15":0,"16":2,"17":0,"18":0,"19":0},"9":{"0":5,"1":5,"2":1,"3":5,"4":2,"5":0,"6":3,"7":5,"8":3,"9":0,"10":5,"11":0,"12":0,"13":0,"14":0,"15":0,"16":0,"17":0,"18":0,"19":5},"10":{"0":5,"1":5,"2":5,"3":5,"4":5,"5":5,"6":5,"7":5,"8":5,"9":5,"10":0,"11":0,"12":3,"13":0,"14":0,"15":0,"16":0,"17":0,"18":3,"19":0},"11":{"0":5,"1":0,"2":5,"3":5,"4":5,"5":5,"6":5,"7":3,"8":5,"9":5,"10":5,"11":0,"12":0,"13":4,"14":0,"15":0,"16":5,"17":0,"18":0,"19":1},"12":{"0":5,"1":5,"2":5,"3":5,"4":5,"5":5,"6":5,"7":5,"8":5,"9":0,"10":5,"11":5,"12":0,"13":0,"14":0,"15":0,"16":0,"17":0,"18":0,"19":4},"13":{"0":2,"1":5,"2":3,"3":0,"4":0,"5":5,"6":5,"7":5,"8":5,"9":0,"10":5,"11":5,"12":5,"13":0,"14":0,"15":0,"16":0,"17":0,"18":0,"19":0},"14":{"0":0,"1":5,"2":5,"3":5,"4":5,"5":4,"6":4,"7":5,"8":0,"9":5,"10":5,"11":5,"12":5,"13":5,"14":0,"15":0,"16":0,"17":4,"18":0,"19":0},"15":{"0":0,"1":5,"2":0,"3":5,"4":5,"5":5,"6":5,"7":4,"8":5,"9":5,"10":5,"11":0,"12":5,"13":5,"14":5,"15":0,"16":3,"17":0,"18":0,"19":0},"16":{"0":5,"1":5,"2":5,"3":0,"4":5,"5":5,"6":5,"7":5,"8":5,"9":5,"10":1,"11":5,"12":0,"13":5,"14":1,"15":0,"16":0,"17":2,"18":0,"19":0},"17":{"0":1,"1":5,"2":5,"3":5,"4":5,"5":5,"6":5,"7":5,"8":0,"9":0,"10":0,"11":3,"12":5,"13":5,"14":5,"15":5,"16":5,"17":0,"18":2,"19":0},"18":{"0":5,"1":5,"2":5,"3":5,"4":0,"5":5,"6":5,"7":5,"8":5,"9":5,"10":5,"11":5,"12":5,"13":5,"14":4,"15":5,"16":4,"17":5,"18":0,"19":2},"19":{"0":5,"1":5,"2":5,"3":5,"4":5,"5":5,"6":3,"7":1,"8":5,"9":5,"10":5,"11":4,"12":5,"13":2,"14":1,"15":5,"16":5,"17":5,"18":5,"19":0}},"method":"hillside","closest_pair":[[2,0,1,3,5,4,6,7,8,9,13,10,12,11,17,14,16,15,19,18],[2,0,1,3,5,4,6,7,8,9,13,10,12,11,17,16,14,15,19,18]],"farthest_pair":[[2,0,1,3,5,4,6,7,8,9,13,10,12,11,17,16,14,15,19,18],[2,0,1,3,5,4,6,7,8,9,13,10,12,11,17,14,16,15,19,18]],"tau_farthest_pair":0.9894736842,"tau_closest_pair":0.9894736842,"centroid_solution":[2,0,1,3,5,4,6,7,8,9,13,10,12,11,17,16,14,15,19,18]}