{"solutions":[[19,17,15,16,18,14,10,13,12,11,7,9,5,8,6,2,1,4,3,0],[19,17,15,16,18,14,13,12,11,10,7,9,5,8,6,2,1,4,3,0],[17,19,15,16,18,14,10,13,12,11,7,9,5,8,6,2,1,4,3,0],[17,19,15,16,18,14,13,10,12,11,7,9,5,8,6,2,1,4,3,0],[17,19,15,16,18,14,13,12,11,10,7,9,5,8,6,2,1,4,3,0],[19,17,15,16,18,14,13,10,12,11,7,9,5,8,6,2,1,4,3,0],[19,17,15,16,18,14,13,12,10,11,7,9,5,8,6,2,1,4,3,0],[17,19,15,16,18,14,13,12,10,11,7,9,5,8,6,2,1,4,3,0]],"obj":1124.0,"max_tau_solutions":null,"centroid_x":[[0.0,0.0,0.0,0.0,0.0,0.0,0.0,0.0,0.0,0.0,0.0,0.0,0.0,0.0,0.0,0.0,0.0,0.0,0.0,0.0],[1.0,0.0,0.0,1.0,1.0,0.0,0.0,0.0,0.0,0.0,0.0,0.0,0.0,0.0,0.0,0.0,0.0,0.0,0.0,0.0],[1.0,1.0,0.0,1.0,1.0,0.0,0.0,0.0,0.0,0.0,0.0,0.0,0.0,0.0,0.0,0.0,0.0,0.0,0.0,0.0],[1.0,0.0,0.0,0.0,0.0,0.0,0.0,0.0,0.0,0.0,0.0,0.0,0.0,0.0,0.0,0.0,0.0,0.0,0.0,0.0],[1.0,0.0,0.0,1.0,0.0,0.0,0.0,0.0,0.0,0.0,0.0,0.0,0.0,0.0,0.0,0.0,0.0,0.0,0.0,0.0],[1.0,1.0,1.0,1.0,1.0,0.0,1.0,0.0,1.0,0.0,0.0,0.0,0.0,0.0,0.0,0.0,0.0,0.0,0.0,0.0],[1.0,1.0,1.0,1.0,1.0,0.0,0.0,0.0,0.0,0.0,0.0,0.0,0.0,0.0,0.0,0.0,0.0,0.0,0.0,0.0],[1.0,1.0,1.0,1.0,1.0,1.0,1.0,0.0,1.0,1.0,0.0,0.0,0.0,0.0,0.0,0.0,0.0,0.0,0.0,0.0],[1.0,1.0,1.0,1.0,1.0,0.0,1.0,0.0,0.0,0.0,0.0,0.0,0.0,0.0,0.0,0.0,0.0,0.0,0.0,0.0],[1.0,1.0,1.0,1.0,1.0,1.0,1.0,0.0,1.0,0.0,0.0,0.0,0.0,0.0,0.0,0.0,0.0,0.0,0.0,0.0],[1.0,1.0,1.0,1.0,1.0,1.0,1.0,1.0,1.0,1.0,0.0,0.4462446159,0.3464352665,0.2596714199,0.0,0.0,0.0,0.0,0.0,0.0],[1.0,1.0,1.0,1.0,1.0,1.0,1.0,1.0,1.0,1.0,0.5537553841,0.0,0.0,0.0,0.0,0.0,0.0,0.0,0.0,0.0],[1.0,1.0,1.0,1.0,1.0,1.0,1.0,1.0,1.0,1.0,0.6535647335,1.0,0.0,0.0,0.0,0.0,0.0,0.0,0.0,0.0],[1.0,1.0,1.0,1.0,1.0,1.0,1.0,1.0,1.0,1.0,0.7403285801,1.0,1.0,0.0,0.0,0.0,0.0,0.0,0.0,0.0],[1.0,1.0,1.0,1.0,1.0,1.0,1.0,1.0,1.0,1.0,1.0,1.0,1.0,1.0,0.0,0.0,0.0,0.0,0.0,0.0],[1.0,1.0,1.0,1.0,1.0,1.0,1.0,1.0,1.0,1.0,1.0,1.0,1.0,1.0,1.0,0.0,1.0,0.0,1.0,0.0],[1.0,1.0,1.0,1.0,1.0,1.0,1.0,1.0,1.0,1.0,1.0,1.0,1.0,1.0,1.0,0.0,0.0,0.0,1.0,0.0],[1.0,1.0,1.0,1.0,1.0,1.0,1.0,1.0,1.0,1.0,1.0,1.0,1.0,1.0,1.0,1.0,1.0,0.0,1.0,0.3484756018],[1.0,1.0,1.0,1.0,1.0,1.0,1.0,1.0,1.0,1.0,1.0,1.0,1.0,1.0,1.0,0.0,0.0,0.0,0.0,0.0],[1.0,1.0,1.0,1.0,1.0,1.0,1.0,1.0,1.0,1.0,1.0,1.0,1.0,1.0,1.0,1.0,1.0,0.6515243982,1.0,0.0]],"outlier_solution":[17,19,15,16,18,14,10,13,12,11,7,9,5,8,6,2,1,4,3,0],"dataset_id":487,"source_dataset_id":534,"options":null,"D":{"0":{"0":0,"1":5,"2":5,"3":5,"4":0,"5":5,"6":0,"7":5,"8":5,"9":5,"10":5,"11":0,"12":4,"13":5,"14":5,"15":5,"16":4,"17":5,"18":5,"19":3},"1":{"0":0,"1":0,"2":3,"3":0,"4":5,"5":5,"6":0,"7":5,"8":5,"9":5,"10":0,"11":5,"12":2,"13":0,"14":0,"15":5,"16":5,"17":5,"18":5,"19":5},"2":{"0":0,"1":0,"2":0,"3":5,"4":0,"5":5,"6":5,"7":5,"8":4,"9":5,"10":5,"11":5,"12":1,"13":5,"14":5,"15":5,"16":5,"17":3,"18":5,"19":0},"3":{"0":0,"1":4,"2":5,"3":0,"4":5,"5":5,"6":0,"7":5,"8":5,"9":1,"10":5,"11":3,"12":5,"13":5,"14":5,"15":1,"16":0,"17":5,"18":5,"19":5},"4":{"0":0,"1":3,"2":0,"3":0,"4":0,"5":4,"6":5,"7":5,"8":0,"9":5,"10":5,"11":0,"12":5,"13":5,"14":5,"15":5,"16":5,"17":5,"18":5,"19":5},"5":{"0":0,"1":0,"2":0,"3":5,"4":0,"5":0,"6":5,"7":5,"8":5,"9":5,"10":0,"11":0,"12":5,"13":0,"14":5,"15":5,"16":1,"17":5,"18":1,"19":5},"6":{"0":0,"1":0,"2":0,"3":2,"4":3,"5":0,"6":0,"7":4,"8":5,"9":5,"10":5,"11":4,"12":5,"13":5,"14":0,"15":5,"16":5,"17":0,"18":0,"19":5},"7":{"0":0,"1":0,"2":2,"3":0,"4":0,"5":0,"6":0,"7":0,"8":5,"9":5,"10":5,"11":5,"12":5,"13":5,"14":5,"15":5,"16":5,"17":5,"18":5,"19":5},"8":{"0":0,"1":4,"2":0,"3":0,"4":0,"5":3,"6":0,"7":0,"8":0,"9":0,"10":5,"11":5,"12":5,"13":5,"14":5,"15":2,"16":5,"17":5,"18":5,"19":5},"9":{"0":1,"1":1,"2":4,"3":0,"4":0,"5":0,"6":2,"7":2,"8":0,"9":0,"10":5,"11":5,"12":5,"13":5,"14":5,"15":5,"16":5,"17":5,"18":0,"19":5},"10":{"0":0,"1":0,"2":0,"3":0,"4":0,"5":0,"6":0,"7":5,"8":0,"9":0,"10":0,"11":0,"12":5,"13":5,"14":5,"15":5,"16":5,"17":5,"18":3,"19":5},"11":{"0":0,"1":0,"2":0,"3":0,"4":0,"5":2,"6":0,"7":2,"8":0,"9":0,"10":2,"11":0,"12":1,"13":0,"14":1,"15":5,"16":0,"17":4,"18":0,"19":5},"12":{"0":0,"1":0,"2":0,"3":1,"4":0,"5":0,"6":0,"7":0,"8":5,"9":0,"10":0,"11":0,"12":0,"13":5,"14":5,"15":5,"16":5,"17":5,"18":5,"19":3},"13":{"0":2,"1":0,"2":1,"3":0,"4":1,"5":0,"6":0,"7":1,"8":0,"9":0,"10":0,"11":0,"12":0,"13":0,"14":5,"15":5,"16":5,"17":5,"18":4,"19":0},"14":{"0":0,"1":5,"2":0,"3":0,"4":0,"5":0,"6":0,"7":0,"8":0,"9":0,"10":0,"11":0,"12":0,"13":4,"14":0,"15":5,"16":5,"17":5,"18":5,"19":0},"15":{"0":0,"1":0,"2":0,"3":0,"4":3,"5":0,"6":0,"7":2,"8":0,"9":1,"10":3,"11":0,"12":0,"13":0,"14":0,"15":0,"16":5,"17":5,"18":5,"19":5},"16":{"0":0,"1":0,"2":3,"3":0,"4":0,"5":0,"6":0,"7":0,"8":0,"9":0,"10":0,"11":3,"12":3,"13":0,"14":0,"15":5,"16":0,"17":5,"18":5,"19":5},"17":{"0":5,"1":0,"2":0,"3":0,"4":0,"5":0,"6":0,"7":0,"8":0,"9":0,"10":0,"11":0,"12":0,"13":0,"14":0,"15":0,"16":0,"17":0,"18":3,"19":5},"18":{"0":0,"1":1,"2":0,"3":0,"4":0,"5":0,"6":1,"7":3,"8":0,"9":4,"10":3,"11":0,"12":0,"13":2,"14":0,"15":1,"16":1,"17":0,"18":0,"19":1},"19":{"0":0,"1":0,"2":0,"3":0,"4":0,"5":4,"6":0,"7":0,"8":0,"9":0,"10":0,"11":0,"12":2,"13":0,"14":0,"15":0,"16":0,"17":0,"18":0,"19":0}},"method":"hillside","closest_pair":[[19,17,15,16,18,14,13,12,10,11,7,9,5,8,6,2,1,4,3,0],[19,17,15,16,18,14,13,10,12,11,7,9,5,8,6,2,1,4,3,0]],"farthest_pair":[[19,17,15,16,18,14,10,13,12,11,7,9,5,8,6,2,1,4,3,0],[17,19,15,16,18,14,13,12,11,10,7,9,5,8,6,2,1,4,3,0]],"tau_farthest_pair":0.9578947368,"tau_closest_pair":0.9894736842,"centroid_solution":[19,17,15,16,18,14,13,12,11,10,7,9,5,8,6,2,1,4,3,0]}