{"solutions":[[19,14,18,13,16,12,17,15,11,10,5,7,6,9,8,3,1,4,2,0],[19,14,18,13,16,17,12,15,11,10,5,7,6,9,8,3,1,4,2,0],[19,14,18,13,16,17,15,12,11,10,5,7,9,6,8,3,1,4,2,0],[19,14,18,13,16,17,12,15,11,10,5,7,9,6,8,3,1,4,2,0],[19,14,18,13,16,17,15,12,11,10,5,7,6,9,8,3,1,4,2,0],[19,14,18,13,16,12,17,15,11,10,5,7,9,6,8,3,1,4,2,0]],"obj":1149.0,"max_tau_solutions":null,"centroid_x":[[0.0,0.0,0.0,0.0,0.0,0.0,0.0,0.0,0.0,0.0,0.0,0.0,0.0,0.0,0.0,0.0,0.0,0.0,0.0,0.0],[1.0,0.0,1.0,0.0,1.0,0.0,0.0,0.0,0.0,0.0,0.0,0.0,0.0,0.0,0.0,0.0,0.0,0.0,0.0,0.0],[1.0,0.0,0.0,0.0,0.0,0.0,0.0,0.0,0.0,0.0,0.0,0.0,0.0,0.0,0.0,0.0,0.0,0.0,0.0,0.0],[1.0,1.0,1.0,0.0,1.0,0.0,0.0,0.0,0.0,0.0,0.0,0.0,0.0,0.0,0.0,0.0,0.0,0.0,0.0,0.0],[1.0,0.0,1.0,0.0,0.0,0.0,0.0,0.0,0.0,0.0,0.0,0.0,0.0,0.0,0.0,0.0,0.0,0.0,0.0,0.0],[1.0,1.0,1.0,1.0,1.0,0.0,1.0,1.0,1.0,1.0,0.0,0.0,0.0,0.0,0.0,0.0,0.0,0.0,0.0,0.0],[1.0,1.0,1.0,1.0,1.0,0.0,0.0,0.0,1.0,0.3820560592,0.0,0.0,0.0,0.0,0.0,0.0,0.0,0.0,0.0,0.0],[1.0,1.0,1.0,1.0,1.0,0.0,1.0,0.0,1.0,1.0,0.0,0.0,0.0,0.0,0.0,0.0,0.0,0.0,0.0,0.0],[1.0,1.0,1.0,1.0,1.0,0.0,0.0,0.0,0.0,0.0,0.0,0.0,0.0,0.0,0.0,0.0,0.0,0.0,0.0,0.0],[1.0,1.0,1.0,1.0,1.0,0.0,0.6179439408,0.0,1.0,0.0,0.0,0.0,0.0,0.0,0.0,0.0,0.0,0.0,0.0,0.0],[1.0,1.0,1.0,1.0,1.0,1.0,1.0,1.0,1.0,1.0,0.0,0.0,0.0,0.0,0.0,0.0,0.0,0.0,0.0,0.0],[1.0,1.0,1.0,1.0,1.0,1.0,1.0,1.0,1.0,1.0,1.0,0.0,0.0,0.0,0.0,0.0,0.0,0.0,0.0,0.0],[1.0,1.0,1.0,1.0,1.0,1.0,1.0,1.0,1.0,1.0,1.0,1.0,0.0,0.0,0.0,0.4210757938,0.0,0.3155259318,0.0,0.0],[1.0,1.0,1.0,1.0,1.0,1.0,1.0,1.0,1.0,1.0,1.0,1.0,1.0,0.0,0.0,1.0,1.0,1.0,0.0,0.0],[1.0,1.0,1.0,1.0,1.0,1.0,1.0,1.0,1.0,1.0,1.0,1.0,1.0,1.0,0.0,1.0,1.0,1.0,1.0,0.0],[1.0,1.0,1.0,1.0,1.0,1.0,1.0,1.0,1.0,1.0,1.0,1.0,0.5789242062,0.0,0.0,0.0,0.0,0.0,0.0,0.0],[1.0,1.0,1.0,1.0,1.0,1.0,1.0,1.0,1.0,1.0,1.0,1.0,1.0,0.0,0.0,1.0,0.0,1.0,0.0,0.0],[1.0,1.0,1.0,1.0,1.0,1.0,1.0,1.0,1.0,1.0,1.0,1.0,0.6844740682,0.0,0.0,1.0,0.0,0.0,0.0,0.0],[1.0,1.0,1.0,1.0,1.0,1.0,1.0,1.0,1.0,1.0,1.0,1.0,1.0,1.0,0.0,1.0,1.0,1.0,0.0,0.0],[1.0,1.0,1.0,1.0,1.0,1.0,1.0,1.0,1.0,1.0,1.0,1.0,1.0,1.0,1.0,1.0,1.0,1.0,1.0,0.0]],"outlier_solution":[19,14,18,13,16,12,17,15,11,10,5,7,6,9,8,3,1,4,2,0],"dataset_id":488,"source_dataset_id":535,"options":null,"D":{"0":{"0":0,"1":5,"2":5,"3":5,"4":5,"5":0,"6":5,"7":5,"8":3,"9":5,"10":5,"11":0,"12":5,"13":5,"14":5,"15":5,"16":5,"17":0,"18":1,"19":5},"1":{"0":0,"1":0,"2":5,"3":5,"4":5,"5":5,"6":5,"7":1,"8":0,"9":5,"10":0,"11":2,"12":0,"13":0,"14":5,"15":5,"16":0,"17":5,"18":5,"19":5},"2":{"0":4,"1":0,"2":0,"3":5,"4":1,"5":5,"6":5,"7":5,"8":0,"9":0,"10":5,"11":5,"12":5,"13":5,"14":0,"15":0,"16":5,"17":0,"18":5,"19":5},"3":{"0":4,"1":0,"2":0,"3":0,"4":5,"5":5,"6":5,"7":5,"8":5,"9":3,"10":5,"11":5,"12":5,"13":5,"14":5,"15":0,"16":1,"17":4,"18":0,"19":5},"4":{"0":0,"1":0,"2":0,"3":0,"4":0,"5":5,"6":5,"7":5,"8":1,"9":5,"10":5,"11":2,"12":5,"13":5,"14":5,"15":0,"16":5,"17":2,"18":5,"19":5},"5":{"0":0,"1":0,"2":0,"3":0,"4":0,"5":0,"6":0,"7":0,"8":1,"9":3,"10":5,"11":0,"12":0,"13":5,"14":5,"15":5,"16":3,"17":5,"18":0,"19":5},"6":{"0":3,"1":0,"2":0,"3":0,"4":0,"5":4,"6":0,"7":1,"8":5,"9":5,"10":0,"11":5,"12":5,"13":5,"14":5,"15":0,"16":5,"17":5,"18":5,"19":5},"7":{"0":0,"1":0,"2":0,"3":0,"4":0,"5":4,"6":0,"7":0,"8":5,"9":5,"10":5,"11":5,"12":5,"13":5,"14":2,"15":5,"16":4,"17":1,"18":5,"19":2},"8":{"0":5,"1":0,"2":0,"3":0,"4":0,"5":4,"6":0,"7":0,"8":0,"9":0,"10":5,"11":5,"12":5,"13":0,"14":5,"15":5,"16":0,"17":5,"18":5,"19":5},"9":{"0":0,"1":4,"2":0,"3":0,"4":0,"5":0,"6":0,"7":3,"8":0,"9":0,"10":5,"11":5,"12":2,"13":5,"14":5,"15":5,"16":5,"17":5,"18":4,"19":5},"10":{"0":0,"1":3,"2":0,"3":0,"4":0,"5":0,"6":4,"7":0,"8":0,"9":0,"10":0,"11":5,"12":5,"13":5,"14":5,"15":5,"16":1,"17":5,"18":5,"19":5},"11":{"0":0,"1":0,"2":0,"3":0,"4":0,"5":0,"6":2,"7":0,"8":0,"9":0,"10":0,"11":0,"12":5,"13":5,"14":5,"15":5,"16":5,"17":4,"18":5,"19":5},"12":{"0":0,"1":0,"2":0,"3":0,"4":0,"5":0,"6":0,"7":3,"8":0,"9":0,"10":0,"11":0,"12":0,"13":5,"14":5,"15":1,"16":0,"17":5,"18":5,"19":5},"13":{"0":0,"1":0,"2":0,"3":0,"4":0,"5":0,"6":0,"7":4,"8":0,"9":0,"10":2,"11":0,"12":0,"13":0,"14":5,"15":5,"16":5,"17":5,"18":5,"19":5},"14":{"0":0,"1":0,"2":1,"3":5,"4":0,"5":0,"6":0,"7":0,"8":0,"9":0,"10":0,"11":0,"12":0,"13":0,"14":0,"15":5,"16":0,"17":5,"18":0,"19":5},"15":{"0":5,"1":2,"2":0,"3":3,"4":0,"5":0,"6":0,"7":0,"8":0,"9":0,"10":0,"11":1,"12":0,"13":0,"14":4,"15":0,"16":5,"17":0,"18":5,"19":5},"16":{"0":0,"1":1,"2":0,"3":0,"4":0,"5":0,"6":2,"7":0,"8":0,"9":0,"10":2,"11":0,"12":0,"13":0,"14":0,"15":0,"16":0,"17":0,"18":0,"19":5},"17":{"0":0,"1":0,"2":0,"3":0,"4":3,"5":1,"6":0,"7":3,"8":0,"9":0,"10":4,"11":0,"12":1,"13":3,"14":3,"15":0,"16":0,"17":0,"18":0,"19":1},"18":{"0":0,"1":0,"2":0,"3":2,"4":0,"5":0,"6":0,"7":0,"8":0,"9":0,"10":0,"11":0,"12":5,"13":4,"14":2,"15":0,"16":0,"17":4,"18":0,"19":5},"19":{"0":0,"1":0,"2":0,"3":4,"4":0,"5":0,"6":0,"7":0,"8":0,"9":0,"10":0,"11":0,"12":0,"13":2,"14":5,"15":0,"16":0,"17":0,"18":4,"19":0}},"method":"hillside","closest_pair":[[19,14,18,13,16,17,15,12,11,10,5,7,9,6,8,3,1,4,2,0],[19,14,18,13,16,17,12,15,11,10,5,7,9,6,8,3,1,4,2,0]],"farthest_pair":[[19,14,18,13,16,12,17,15,11,10,5,7,9,6,8,3,1,4,2,0],[19,14,18,13,16,17,15,12,11,10,5,7,6,9,8,3,1,4,2,0]],"tau_farthest_pair":0.9684210526,"tau_closest_pair":0.9894736842,"centroid_solution":[19,14,18,13,16,17,15,12,11,10,5,7,9,6,8,3,1,4,2,0]}