{"solutions":[[1,0,2,6,3,5,4,10,8,7,12,9,11,13,15,16,14,18,19,17],[1,0,2,4,6,3,5,10,8,7,12,9,11,13,15,16,14,18,17,19],[1,0,2,4,6,3,5,10,8,7,12,9,11,13,15,16,14,19,18,17],[1,0,2,6,4,3,5,10,8,7,12,9,11,13,15,16,14,18,17,19],[1,0,2,6,3,5,4,10,8,7,12,9,11,13,15,16,14,19,18,17],[1,0,2,6,3,4,5,10,8,7,12,9,11,13,15,16,14,18,19,17],[1,0,2,6,3,5,4,10,8,7,12,9,11,13,15,16,14,18,17,19],[1,0,2,4,6,3,5,10,8,7,12,9,11,13,15,16,14,18,19,17],[1,0,2,6,4,3,5,10,8,7,12,9,11,13,15,16,14,19,18,17],[1,0,2,6,3,4,5,10,8,7,12,9,11,13,15,16,14,18,17,19],[1,0,2,6,4,3,5,10,8,7,12,9,11,13,15,16,14,18,19,17],[1,0,2,6,3,4,5,10,8,7,12,9,11,13,15,16,14,19,18,17]],"obj":1169.0,"max_tau_solutions":null,"centroid_x":[[0.0,0.0,1.0,1.0,1.0,1.0,1.0,1.0,1.0,1.0,1.0,1.0,1.0,1.0,1.0,1.0,1.0,1.0,1.0,1.0],[1.0,0.0,1.0,1.0,1.0,1.0,1.0,1.0,1.0,1.0,1.0,1.0,1.0,1.0,1.0,1.0,1.0,1.0,1.0,1.0],[0.0,0.0,0.0,1.0,1.0,1.0,1.0,1.0,1.0,1.0,1.0,1.0,1.0,1.0,1.0,1.0,1.0,1.0,1.0,1.0],[0.0,0.0,0.0,0.0,0.5112143528,1.0,0.0,1.0,1.0,1.0,1.0,1.0,1.0,1.0,1.0,1.0,1.0,1.0,1.0,1.0],[0.0,0.0,0.0,0.4887856472,0.0,0.6036240857,0.3845965301,1.0,1.0,1.0,1.0,1.0,1.0,1.0,1.0,1.0,1.0,1.0,1.0,1.0],[0.0,0.0,0.0,0.0,0.3963759143,0.0,0.0,1.0,1.0,1.0,1.0,1.0,1.0,1.0,1.0,1.0,1.0,1.0,1.0,1.0],[0.0,0.0,0.0,1.0,0.6154034699,1.0,0.0,1.0,1.0,1.0,1.0,1.0,1.0,1.0,1.0,1.0,1.0,1.0,1.0,1.0],[0.0,0.0,0.0,0.0,0.0,0.0,0.0,0.0,0.0,1.0,0.0,1.0,1.0,1.0,1.0,1.0,1.0,1.0,1.0,1.0],[0.0,0.0,0.0,0.0,0.0,0.0,0.0,1.0,0.0,1.0,0.0,1.0,1.0,1.0,1.0,1.0,1.0,1.0,1.0,1.0],[0.0,0.0,0.0,0.0,0.0,0.0,0.0,0.0,0.0,0.0,0.0,1.0,0.0,1.0,1.0,1.0,1.0,1.0,1.0,1.0],[0.0,0.0,0.0,0.0,0.0,0.0,0.0,1.0,1.0,1.0,0.0,1.0,1.0,1.0,1.0,1.0,1.0,1.0,1.0,1.0],[0.0,0.0,0.0,0.0,0.0,0.0,0.0,0.0,0.0,0.0,0.0,0.0,0.0,1.0,1.0,1.0,1.0,1.0,1.0,1.0],[0.0,0.0,0.0,0.0,0.0,0.0,0.0,0.0,0.0,1.0,0.0,1.0,0.0,1.0,1.0,1.0,1.0,1.0,1.0,1.0],[0.0,0.0,0.0,0.0,0.0,0.0,0.0,0.0,0.0,0.0,0.0,0.0,0.0,0.0,1.0,1.0,1.0,1.0,1.0,1.0],[0.0,0.0,0.0,0.0,0.0,0.0,0.0,0.0,0.0,0.0,0.0,0.0,0.0,0.0,0.0,0.0,0.0,1.0,1.0,1.0],[0.0,0.0,0.0,0.0,0.0,0.0,0.0,0.0,0.0,0.0,0.0,0.0,0.0,0.0,1.0,0.0,1.0,1.0,1.0,1.0],[0.0,0.0,0.0,0.0,0.0,0.0,0.0,0.0,0.0,0.0,0.0,0.0,0.0,0.0,1.0,0.0,0.0,1.0,1.0,1.0],[0.0,0.0,0.0,0.0,0.0,0.0,0.0,0.0,0.0,0.0,0.0,0.0,0.0,0.0,0.0,0.0,0.0,0.0,0.0,0.4300931509],[0.0,0.0,0.0,0.0,0.0,0.0,0.0,0.0,0.0,0.0,0.0,0.0,0.0,0.0,0.0,0.0,0.0,1.0,0.0,0.5510804109],[0.0,0.0,0.0,0.0,0.0,0.0,0.0,0.0,0.0,0.0,0.0,0.0,0.0,0.0,0.0,0.0,0.0,0.5699068491,0.4489195891,0.0]],"outlier_solution":[1,0,2,4,6,3,5,10,8,7,12,9,11,13,15,16,14,18,17,19],"dataset_id":489,"source_dataset_id":536,"options":null,"D":{"0":{"0":0,"1":0,"2":0,"3":1,"4":0,"5":0,"6":2,"7":0,"8":0,"9":2,"10":0,"11":0,"12":0,"13":0,"14":0,"15":0,"16":0,"17":0,"18":3,"19":0},"1":{"0":5,"1":0,"2":0,"3":0,"4":0,"5":0,"6":0,"7":0,"8":0,"9":0,"10":0,"11":5,"12":0,"13":0,"14":0,"15":0,"16":0,"17":0,"18":0,"19":0},"2":{"0":0,"1":0,"2":0,"3":0,"4":2,"5":0,"6":3,"7":0,"8":0,"9":1,"10":0,"11":0,"12":4,"13":1,"14":0,"15":0,"16":0,"17":0,"18":0,"19":0},"3":{"0":5,"1":5,"2":2,"3":0,"4":5,"5":0,"6":0,"7":0,"8":0,"9":4,"10":3,"11":0,"12":0,"13":0,"14":3,"15":0,"16":0,"17":0,"18":0,"19":0},"4":{"0":0,"1":5,"2":5,"3":1,"4":0,"5":0,"6":0,"7":0,"8":0,"9":2,"10":0,"11":0,"12":0,"13":3,"14":0,"15":0,"16":0,"17":0,"18":0,"19":0},"5":{"0":0,"1":0,"2":2,"3":5,"4":3,"5":0,"6":5,"7":0,"8":3,"9":0,"10":0,"11":0,"12":0,"13":0,"14":4,"15":0,"16":0,"17":0,"18":1,"19":0},"6":{"0":1,"1":5,"2":5,"3":3,"4":4,"5":5,"6":0,"7":0,"8":0,"9":0,"10":0,"11":0,"12":0,"13":4,"14":0,"15":3,"16":0,"17":0,"18":0,"19":0},"7":{"0":5,"1":5,"2":4,"3":5,"4":5,"5":0,"6":4,"7":0,"8":0,"9":0,"10":0,"11":2,"12":2,"13":0,"14":0,"15":2,"16":1,"17":0,"18":2,"19":0},"8":{"0":5,"1":5,"2":5,"3":2,"4":5,"5":5,"6":5,"7":5,"8":0,"9":0,"10":0,"11":0,"12":0,"13":0,"14":0,"15":0,"16":0,"17":0,"18":0,"19":5},"9":{"0":5,"1":5,"2":5,"3":5,"4":3,"5":5,"6":5,"7":5,"8":5,"9":0,"10":0,"11":5,"12":0,"13":0,"14":0,"15":0,"16":4,"17":3,"18":0,"19":1},"10":{"0":0,"1":5,"2":5,"3":0,"4":2,"5":5,"6":5,"7":1,"8":5,"9":5,"10":0,"11":0,"12":0,"13":0,"14":0,"15":3,"16":0,"17":0,"18":0,"19":0},"11":{"0":5,"1":0,"2":5,"3":5,"4":3,"5":5,"6":5,"7":5,"8":0,"9":5,"10":5,"11":0,"12":0,"13":0,"14":0,"15":0,"16":0,"17":0,"18":1,"19":3},"12":{"0":5,"1":5,"2":1,"3":5,"4":0,"5":5,"6":0,"7":5,"8":3,"9":5,"10":4,"11":0,"12":0,"13":0,"14":0,"15":5,"16":0,"17":0,"18":0,"19":0},"13":{"0":0,"1":5,"2":5,"3":5,"4":5,"5":5,"6":5,"7":5,"8":5,"9":0,"10":5,"11":5,"12":1,"13":0,"14":0,"15":0,"16":0,"17":0,"18":0,"19":3},"14":{"0":5,"1":5,"2":4,"3":3,"4":5,"5":5,"6":5,"7":3,"8":5,"9":5,"10":5,"11":5,"12":5,"13":5,"14":0,"15":0,"16":0,"17":0,"18":0,"19":2},"15":{"0":5,"1":5,"2":5,"3":5,"4":0,"5":5,"6":5,"7":0,"8":5,"9":5,"10":5,"11":5,"12":2,"13":5,"14":1,"15":0,"16":0,"17":4,"18":0,"19":0},"16":{"0":0,"1":5,"2":1,"3":5,"4":5,"5":3,"6":5,"7":1,"8":5,"9":5,"10":4,"11":0,"12":5,"13":0,"14":5,"15":3,"16":0,"17":0,"18":2,"19":0},"17":{"0":5,"1":2,"2":0,"3":5,"4":5,"5":5,"6":5,"7":5,"8":0,"9":3,"10":5,"11":5,"12":1,"13":5,"14":5,"15":0,"16":5,"17":0,"18":0,"19":4},"18":{"0":5,"1":1,"2":5,"3":5,"4":5,"5":5,"6":5,"7":0,"8":5,"9":5,"10":5,"11":0,"12":5,"13":0,"14":5,"15":5,"16":5,"17":3,"18":0,"19":0},"19":{"0":5,"1":5,"2":5,"3":5,"4":2,"5":4,"6":5,"7":3,"8":5,"9":0,"10":5,"11":5,"12":2,"13":5,"14":1,"15":5,"16":5,"17":5,"18":5,"19":0}},"method":"hillside","closest_pair":[[1,0,2,6,3,4,5,10,8,7,12,9,11,13,15,16,14,19,18,17],[1,0,2,6,4,3,5,10,8,7,12,9,11,13,15,16,14,19,18,17]],"farthest_pair":[[1,0,2,4,6,3,5,10,8,7,12,9,11,13,15,16,14,18,17,19],[1,0,2,6,3,5,4,10,8,7,12,9,11,13,15,16,14,19,18,17]],"centroid_solution":[1,0,2,6,3,4,5,10,8,7,12,9,11,13,15,16,14,18,19,17]}