{"solutions":[[18,19,17,16,15,13,11,14,9,10,12,8,6,7,4,5,1,3,0,2],[18,19,17,16,15,13,11,9,14,10,12,8,6,7,4,5,1,3,0,2],[18,19,17,16,15,13,9,11,14,10,12,8,6,7,4,5,1,3,0,2]],"obj":1164.0,"max_tau_solutions":null,"centroid_x":[[0.0,0.0,1.0,0.0,0.0,0.0,0.0,0.0,0.0,0.0,0.0,0.0,0.0,0.0,0.0,0.0,0.0,0.0,0.0,0.0],[1.0,0.0,1.0,1.0,0.0,0.0,0.0,0.0,0.0,0.0,0.0,0.0,0.0,0.0,0.0,0.0,0.0,0.0,0.0,0.0],[0.0,0.0,0.0,0.0,0.0,0.0,0.0,0.0,0.0,0.0,0.0,0.0,0.0,0.0,0.0,0.0,0.0,0.0,0.0,0.0],[1.0,0.0,1.0,0.0,0.0,0.0,0.0,0.0,0.0,0.0,0.0,0.0,0.0,0.0,0.0,0.0,0.0,0.0,0.0,0.0],[1.0,1.0,1.0,1.0,0.0,1.0,0.0,0.0,0.0,0.0,0.0,0.0,0.0,0.0,0.0,0.0,0.0,0.0,0.0,0.0],[1.0,1.0,1.0,1.0,0.0,0.0,0.0,0.0,0.0,0.0,0.0,0.0,0.0,0.0,0.0,0.0,0.0,0.0,0.0,0.0],[1.0,1.0,1.0,1.0,1.0,1.0,0.0,1.0,0.0,0.0,0.0,0.0,0.0,0.0,0.0,0.0,0.0,0.0,0.0,0.0],[1.0,1.0,1.0,1.0,1.0,1.0,0.0,0.0,0.0,0.0,0.0,0.0,0.0,0.0,0.0,0.0,0.0,0.0,0.0,0.0],[1.0,1.0,1.0,1.0,1.0,1.0,1.0,1.0,0.0,0.0,0.0,0.0,0.0,0.0,0.0,0.0,0.0,0.0,0.0,0.0],[1.0,1.0,1.0,1.0,1.0,1.0,1.0,1.0,1.0,0.0,1.0,0.2747984815,1.0,0.0,0.4178712415,0.0,0.0,0.0,0.0,0.0],[1.0,1.0,1.0,1.0,1.0,1.0,1.0,1.0,1.0,0.0,0.0,0.0,1.0,0.0,0.0,0.0,0.0,0.0,0.0,0.0],[1.0,1.0,1.0,1.0,1.0,1.0,1.0,1.0,1.0,0.7252015185,1.0,0.0,1.0,0.0,1.0,0.0,0.0,0.0,0.0,0.0],[1.0,1.0,1.0,1.0,1.0,1.0,1.0,1.0,1.0,0.0,0.0,0.0,0.0,0.0,0.0,0.0,0.0,0.0,0.0,0.0],[1.0,1.0,1.0,1.0,1.0,1.0,1.0,1.0,1.0,1.0,1.0,1.0,1.0,0.0,1.0,0.0,0.0,0.0,0.0,0.0],[1.0,1.0,1.0,1.0,1.0,1.0,1.0,1.0,1.0,0.5821287585,1.0,0.0,1.0,0.0,0.0,0.0,0.0,0.0,0.0,0.0],[1.0,1.0,1.0,1.0,1.0,1.0,1.0,1.0,1.0,1.0,1.0,1.0,1.0,1.0,1.0,0.0,0.0,0.0,0.0,0.0],[1.0,1.0,1.0,1.0,1.0,1.0,1.0,1.0,1.0,1.0,1.0,1.0,1.0,1.0,1.0,1.0,0.0,0.0,0.0,0.0],[1.0,1.0,1.0,1.0,1.0,1.0,1.0,1.0,1.0,1.0,1.0,1.0,1.0,1.0,1.0,1.0,1.0,0.0,0.0,0.0],[1.0,1.0,1.0,1.0,1.0,1.0,1.0,1.0,1.0,1.0,1.0,1.0,1.0,1.0,1.0,1.0,1.0,1.0,0.0,1.0],[1.0,1.0,1.0,1.0,1.0,1.0,1.0,1.0,1.0,1.0,1.0,1.0,1.0,1.0,1.0,1.0,1.0,1.0,0.0,0.0]],"outlier_solution":[18,19,17,16,15,13,9,11,14,10,12,8,6,7,4,5,1,3,0,2],"dataset_id":490,"source_dataset_id":537,"options":null,"D":{"0":{"0":0,"1":5,"2":5,"3":5,"4":5,"5":5,"6":4,"7":0,"8":5,"9":0,"10":5,"11":5,"12":5,"13":0,"14":5,"15":5,"16":5,"17":5,"18":2,"19":5},"1":{"0":5,"1":0,"2":4,"3":5,"4":0,"5":5,"6":4,"7":0,"8":5,"9":5,"10":5,"11":5,"12":1,"13":5,"14":5,"15":0,"16":2,"17":3,"18":5,"19":5},"2":{"0":3,"1":0,"2":0,"3":5,"4":5,"5":5,"6":5,"7":5,"8":5,"9":5,"10":5,"11":0,"12":4,"13":5,"14":5,"15":5,"16":5,"17":5,"18":5,"19":0},"3":{"0":0,"1":0,"2":1,"3":0,"4":5,"5":5,"6":5,"7":5,"8":0,"9":5,"10":2,"11":5,"12":2,"13":5,"14":5,"15":2,"16":5,"17":5,"18":0,"19":5},"4":{"0":0,"1":0,"2":0,"3":0,"4":0,"5":5,"6":0,"7":5,"8":5,"9":5,"10":5,"11":5,"12":5,"13":5,"14":5,"15":0,"16":0,"17":0,"18":5,"19":0},"5":{"0":2,"1":0,"2":0,"3":2,"4":0,"5":0,"6":5,"7":5,"8":5,"9":5,"10":5,"11":5,"12":5,"13":5,"14":5,"15":4,"16":1,"17":5,"18":5,"19":5},"6":{"0":0,"1":0,"2":0,"3":0,"4":0,"5":0,"6":0,"7":5,"8":2,"9":0,"10":5,"11":3,"12":0,"13":5,"14":2,"15":5,"16":5,"17":5,"18":5,"19":5},"7":{"0":4,"1":5,"2":0,"3":0,"4":0,"5":0,"6":0,"7":0,"8":5,"9":5,"10":5,"11":2,"12":5,"13":5,"14":5,"15":5,"16":5,"17":5,"18":5,"19":5},"8":{"0":0,"1":4,"2":0,"3":0,"4":0,"5":0,"6":0,"7":2,"8":0,"9":5,"10":5,"11":5,"12":5,"13":5,"14":4,"15":5,"16":5,"17":0,"18":5,"19":5},"9":{"0":0,"1":0,"2":0,"3":5,"4":0,"5":0,"6":0,"7":0,"8":0,"9":0,"10":5,"11":5,"12":0,"13":5,"14":2,"15":5,"16":5,"17":4,"18":5,"19":0},"10":{"0":3,"1":3,"2":0,"3":0,"4":0,"5":0,"6":0,"7":1,"8":4,"9":0,"10":0,"11":0,"12":3,"13":5,"14":5,"15":5,"16":5,"17":5,"18":5,"19":0},"11":{"0":0,"1":5,"2":0,"3":0,"4":0,"5":0,"6":0,"7":0,"8":0,"9":0,"10":0,"11":0,"12":5,"13":1,"14":5,"15":4,"16":3,"17":5,"18":5,"19":5},"12":{"0":0,"1":0,"2":0,"3":0,"4":5,"5":3,"6":1,"7":1,"8":5,"9":4,"10":0,"11":0,"12":0,"13":5,"14":0,"15":5,"16":4,"17":0,"18":5,"19":0},"13":{"0":0,"1":0,"2":5,"3":0,"4":0,"5":1,"6":0,"7":0,"8":0,"9":5,"10":0,"11":0,"12":0,"13":0,"14":5,"15":1,"16":2,"17":5,"18":5,"19":5},"14":{"0":0,"1":0,"2":0,"3":0,"4":5,"5":3,"6":2,"7":1,"8":0,"9":0,"10":2,"11":0,"12":0,"13":0,"14":0,"15":5,"16":5,"17":5,"18":5,"19":5},"15":{"0":0,"1":0,"2":0,"3":0,"4":0,"5":0,"6":0,"7":5,"8":0,"9":5,"10":0,"11":0,"12":0,"13":3,"14":0,"15":0,"16":5,"17":3,"18":1,"19":5},"16":{"0":0,"1":5,"2":0,"3":0,"4":0,"5":0,"6":0,"7":4,"8":0,"9":2,"10":0,"11":4,"12":0,"13":0,"14":0,"15":0,"16":0,"17":5,"18":5,"19":5},"17":{"0":0,"1":0,"2":0,"3":0,"4":0,"5":0,"6":0,"7":0,"8":0,"9":0,"10":0,"11":0,"12":2,"13":0,"14":0,"15":0,"16":0,"17":0,"18":5,"19":5},"18":{"0":0,"1":0,"2":0,"3":0,"4":0,"5":0,"6":0,"7":0,"8":2,"9":0,"10":0,"11":0,"12":0,"13":0,"14":0,"15":0,"16":0,"17":0,"18":0,"19":5},"19":{"0":1,"1":0,"2":0,"3":0,"4":0,"5":5,"6":4,"7":0,"8":1,"9":0,"10":0,"11":0,"12":0,"13":0,"14":0,"15":0,"16":0,"17":0,"18":0,"19":0}},"method":"hillside","closest_pair":[[18,19,17,16,15,13,11,9,14,10,12,8,6,7,4,5,1,3,0,2],[18,19,17,16,15,13,9,11,14,10,12,8,6,7,4,5,1,3,0,2]],"farthest_pair":[[18,19,17,16,15,13,11,14,9,10,12,8,6,7,4,5,1,3,0,2],[18,19,17,16,15,13,9,11,14,10,12,8,6,7,4,5,1,3,0,2]],"tau_farthest_pair":0.9789473684,"tau_closest_pair":0.9894736842,"centroid_solution":[18,19,17,16,15,13,11,14,9,10,12,8,6,7,4,5,1,3,0,2]}