{"solutions":[[19,17,18,16,11,14,13,15,12,10,7,9,8,5,2,3,6,1,4,0],[19,17,18,16,11,14,13,15,10,12,7,9,8,5,2,3,6,1,4,0],[19,17,16,18,11,14,13,15,10,12,7,9,8,5,2,3,6,1,4,0],[19,17,16,18,11,14,13,15,12,10,7,9,8,5,2,3,6,1,4,0],[19,17,16,18,11,14,13,15,10,7,12,9,8,5,2,3,6,1,4,0],[19,17,18,16,11,14,13,15,10,7,12,9,8,5,2,3,6,1,4,0]],"obj":1136.0,"max_tau_solutions":null,"centroid_x":[[0.0,0.0,0.0,0.0,0.0,0.0,0.0,0.0,0.0,0.0,0.0,0.0,0.0,0.0,0.0,0.0,0.0,0.0,0.0,0.0],[1.0,0.0,0.0,0.0,1.0,0.0,0.0,0.0,0.0,0.0,0.0,0.0,0.0,0.0,0.0,0.0,0.0,0.0,0.0,0.0],[1.0,1.0,0.0,1.0,1.0,0.0,1.0,0.0,0.0,0.0,0.0,0.0,0.0,0.0,0.0,0.0,0.0,0.0,0.0,0.0],[1.0,1.0,0.0,0.0,1.0,0.0,1.0,0.0,0.0,0.0,0.0,0.0,0.0,0.0,0.0,0.0,0.0,0.0,0.0,0.0],[1.0,0.0,0.0,0.0,0.0,0.0,0.0,0.0,0.0,0.0,0.0,0.0,0.0,0.0,0.0,0.0,0.0,0.0,0.0,0.0],[1.0,1.0,1.0,1.0,1.0,0.0,1.0,0.0,0.0,0.0,0.0,0.0,0.0,0.0,0.0,0.0,0.0,0.0,0.0,0.0],[1.0,1.0,0.0,0.0,1.0,0.0,0.0,0.0,0.0,0.0,0.0,0.0,0.0,0.0,0.0,0.0,0.0,0.0,0.0,0.0],[1.0,1.0,1.0,1.0,1.0,1.0,1.0,0.0,1.0,1.0,0.0,0.0,0.3397511792,0.0,0.0,0.0,0.0,0.0,0.0,0.0],[1.0,1.0,1.0,1.0,1.0,1.0,1.0,0.0,0.0,0.0,0.0,0.0,0.0,0.0,0.0,0.0,0.0,0.0,0.0,0.0],[1.0,1.0,1.0,1.0,1.0,1.0,1.0,0.0,1.0,0.0,0.0,0.0,0.0,0.0,0.0,0.0,0.0,0.0,0.0,0.0],[1.0,1.0,1.0,1.0,1.0,1.0,1.0,1.0,1.0,1.0,0.0,0.0,0.4137283331,0.0,0.0,0.0,0.0,0.0,0.0,0.0],[1.0,1.0,1.0,1.0,1.0,1.0,1.0,1.0,1.0,1.0,1.0,0.0,1.0,1.0,1.0,1.0,0.0,0.0,0.0,0.0],[1.0,1.0,1.0,1.0,1.0,1.0,1.0,0.6602488208,1.0,1.0,0.5862716669,0.0,0.0,0.0,0.0,0.0,0.0,0.0,0.0,0.0],[1.0,1.0,1.0,1.0,1.0,1.0,1.0,1.0,1.0,1.0,1.0,0.0,1.0,0.0,0.0,1.0,0.0,0.0,0.0,0.0],[1.0,1.0,1.0,1.0,1.0,1.0,1.0,1.0,1.0,1.0,1.0,0.0,1.0,1.0,0.0,1.0,0.0,0.0,0.0,0.0],[1.0,1.0,1.0,1.0,1.0,1.0,1.0,1.0,1.0,1.0,1.0,0.0,1.0,0.0,0.0,0.0,0.0,0.0,0.0,0.0],[1.0,1.0,1.0,1.0,1.0,1.0,1.0,1.0,1.0,1.0,1.0,1.0,1.0,1.0,1.0,1.0,0.0,0.0,0.3520005373,0.0],[1.0,1.0,1.0,1.0,1.0,1.0,1.0,1.0,1.0,1.0,1.0,1.0,1.0,1.0,1.0,1.0,1.0,0.0,1.0,0.0],[1.0,1.0,1.0,1.0,1.0,1.0,1.0,1.0,1.0,1.0,1.0,1.0,1.0,1.0,1.0,1.0,0.6479994627,0.0,0.0,0.0],[1.0,1.0,1.0,1.0,1.0,1.0,1.0,1.0,1.0,1.0,1.0,1.0,1.0,1.0,1.0,1.0,1.0,1.0,1.0,0.0]],"outlier_solution":[19,17,16,18,11,14,13,15,10,7,12,9,8,5,2,3,6,1,4,0],"dataset_id":493,"source_dataset_id":540,"options":null,"D":{"0":{"0":0,"1":5,"2":2,"3":5,"4":5,"5":5,"6":3,"7":5,"8":5,"9":5,"10":5,"11":5,"12":5,"13":5,"14":0,"15":2,"16":5,"17":5,"18":1,"19":0},"1":{"0":0,"1":0,"2":5,"3":3,"4":5,"5":5,"6":2,"7":5,"8":5,"9":5,"10":2,"11":5,"12":5,"13":4,"14":5,"15":0,"16":0,"17":3,"18":5,"19":5},"2":{"0":0,"1":0,"2":0,"3":5,"4":5,"5":0,"6":1,"7":0,"8":5,"9":5,"10":5,"11":5,"12":0,"13":5,"14":0,"15":5,"16":2,"17":5,"18":5,"19":2},"3":{"0":0,"1":0,"2":0,"3":0,"4":0,"5":5,"6":0,"7":2,"8":0,"9":5,"10":5,"11":5,"12":0,"13":2,"14":5,"15":5,"16":5,"17":5,"18":5,"19":5},"4":{"0":0,"1":3,"2":5,"3":0,"4":0,"5":5,"6":4,"7":5,"8":0,"9":0,"10":5,"11":5,"12":5,"13":5,"14":5,"15":3,"16":5,"17":5,"18":4,"19":5},"5":{"0":0,"1":4,"2":0,"3":0,"4":0,"5":0,"6":5,"7":0,"8":5,"9":1,"10":4,"11":5,"12":0,"13":5,"14":5,"15":4,"16":5,"17":5,"18":0,"19":5},"6":{"0":2,"1":0,"2":4,"3":0,"4":0,"5":0,"6":0,"7":5,"8":5,"9":5,"10":5,"11":3,"12":5,"13":5,"14":5,"15":5,"16":5,"17":5,"18":5,"19":5},"7":{"0":0,"1":0,"2":0,"3":0,"4":0,"5":2,"6":0,"7":0,"8":5,"9":0,"10":5,"11":5,"12":4,"13":5,"14":5,"15":5,"16":0,"17":2,"18":1,"19":0},"8":{"0":0,"1":0,"2":0,"3":0,"4":0,"5":0,"6":2,"7":2,"8":0,"9":5,"10":5,"11":5,"12":5,"13":5,"14":5,"15":5,"16":5,"17":5,"18":5,"19":3},"9":{"0":0,"1":0,"2":0,"3":0,"4":0,"5":5,"6":0,"7":5,"8":0,"9":0,"10":3,"11":5,"12":5,"13":5,"14":2,"15":5,"16":5,"17":2,"18":3,"19":5},"10":{"0":0,"1":0,"2":4,"3":0,"4":0,"5":0,"6":3,"7":0,"8":0,"9":2,"10":0,"11":4,"12":0,"13":3,"14":5,"15":5,"16":5,"17":5,"18":5,"19":5},"11":{"0":0,"1":0,"2":0,"3":0,"4":0,"5":0,"6":0,"7":0,"8":0,"9":0,"10":0,"11":0,"12":5,"13":5,"14":0,"15":3,"16":5,"17":5,"18":5,"19":5},"12":{"0":0,"1":0,"2":0,"3":0,"4":3,"5":5,"6":0,"7":0,"8":5,"9":0,"10":0,"11":0,"12":0,"13":5,"14":5,"15":5,"16":0,"17":5,"18":0,"19":5},"13":{"0":0,"1":0,"2":4,"3":0,"4":0,"5":0,"6":0,"7":4,"8":4,"9":4,"10":0,"11":0,"12":0,"13":0,"14":0,"15":5,"16":5,"17":5,"18":3,"19":5},"14":{"0":0,"1":0,"2":0,"3":1,"4":0,"5":2,"6":0,"7":1,"8":4,"9":0,"10":0,"11":0,"12":0,"13":0,"14":0,"15":5,"16":5,"17":5,"18":0,"19":2},"15":{"0":0,"1":5,"2":0,"3":4,"4":0,"5":0,"6":2,"7":0,"8":0,"9":0,"10":0,"11":2,"12":0,"13":5,"14":0,"15":0,"16":5,"17":5,"18":5,"19":5},"16":{"0":0,"1":0,"2":0,"3":0,"4":2,"5":0,"6":0,"7":0,"8":0,"9":0,"10":0,"11":5,"12":0,"13":0,"14":0,"15":0,"16":0,"17":3,"18":5,"19":5},"17":{"0":0,"1":2,"2":4,"3":0,"4":0,"5":0,"6":0,"7":0,"8":0,"9":0,"10":0,"11":0,"12":0,"13":0,"14":0,"15":0,"16":5,"17":0,"18":5,"19":5},"18":{"0":0,"1":0,"2":0,"3":0,"4":0,"5":0,"6":0,"7":0,"8":0,"9":0,"10":4,"11":0,"12":0,"13":0,"14":0,"15":4,"16":0,"17":0,"18":0,"19":5},"19":{"0":0,"1":0,"2":0,"3":0,"4":0,"5":0,"6":1,"7":0,"8":2,"9":0,"10":0,"11":0,"12":0,"13":0,"14":5,"15":0,"16":0,"17":0,"18":0,"19":0}},"method":"hillside","closest_pair":[[19,17,18,16,11,14,13,15,10,12,7,9,8,5,2,3,6,1,4,0],[19,17,18,16,11,14,13,15,10,7,12,9,8,5,2,3,6,1,4,0]],"farthest_pair":[[19,17,18,16,11,14,13,15,10,7,12,9,8,5,2,3,6,1,4,0],[19,17,16,18,11,14,13,15,12,10,7,9,8,5,2,3,6,1,4,0]],"tau_farthest_pair":0.9684210526,"tau_closest_pair":0.9894736842,"centroid_solution":[19,17,18,16,11,14,13,15,12,10,7,9,8,5,2,3,6,1,4,0]}