{"solutions":[[17,19,18,12,16,15,13,14,11,8,10,6,5,9,7,4,3,1,0,2],[17,19,18,12,16,15,13,14,11,8,10,6,9,5,7,4,3,1,0,2]],"obj":1163.0,"max_tau_solutions":null,"centroid_x":[[0.0,0.0,1.0,0.0,0.0,0.0,0.0,0.0,0.0,0.0,0.0,0.0,0.0,0.0,0.0,0.0,0.0,0.0,0.0,0.0],[1.0,0.0,1.0,0.0,0.0,0.0,0.0,0.0,0.0,0.0,0.0,0.0,0.0,0.0,0.0,0.0,0.0,0.0,0.0,0.0],[0.0,0.0,0.0,0.0,0.0,0.0,0.0,0.0,0.0,0.0,0.0,0.0,0.0,0.0,0.0,0.0,0.0,0.0,0.0,0.0],[1.0,1.0,1.0,0.0,0.0,0.0,0.0,0.0,0.0,0.0,0.0,0.0,0.0,0.0,0.0,0.0,0.0,0.0,0.0,0.0],[1.0,1.0,1.0,1.0,0.0,0.0,0.0,0.0,0.0,0.0,0.0,0.0,0.0,0.0,0.0,0.0,0.0,0.0,0.0,0.0],[1.0,1.0,1.0,1.0,1.0,0.0,0.0,1.0,0.0,0.3840961045,0.0,0.0,0.0,0.0,0.0,0.0,0.0,0.0,0.0,0.0],[1.0,1.0,1.0,1.0,1.0,1.0,0.0,1.0,0.0,1.0,0.0,0.0,0.0,0.0,0.0,0.0,0.0,0.0,0.0,0.0],[1.0,1.0,1.0,1.0,1.0,0.0,0.0,0.0,0.0,0.0,0.0,0.0,0.0,0.0,0.0,0.0,0.0,0.0,0.0,0.0],[1.0,1.0,1.0,1.0,1.0,1.0,1.0,1.0,0.0,1.0,1.0,0.0,0.0,0.0,0.0,0.0,0.0,0.0,0.0,0.0],[1.0,1.0,1.0,1.0,1.0,0.6159038955,0.0,1.0,0.0,0.0,0.0,0.0,0.0,0.0,0.0,0.0,0.0,0.0,0.0,0.0],[1.0,1.0,1.0,1.0,1.0,1.0,1.0,1.0,0.0,1.0,0.0,0.0,0.0,0.0,0.0,0.0,0.0,0.0,0.0,0.0],[1.0,1.0,1.0,1.0,1.0,1.0,1.0,1.0,1.0,1.0,1.0,0.0,0.0,0.0,0.0,0.0,0.0,0.0,0.0,0.0],[1.0,1.0,1.0,1.0,1.0,1.0,1.0,1.0,1.0,1.0,1.0,1.0,0.0,1.0,1.0,1.0,1.0,0.0,0.0,0.0],[1.0,1.0,1.0,1.0,1.0,1.0,1.0,1.0,1.0,1.0,1.0,1.0,0.0,0.0,1.0,0.0,0.0,0.0,0.0,0.0],[1.0,1.0,1.0,1.0,1.0,1.0,1.0,1.0,1.0,1.0,1.0,1.0,0.0,0.0,0.0,0.0,0.0,0.0,0.0,0.0],[1.0,1.0,1.0,1.0,1.0,1.0,1.0,1.0,1.0,1.0,1.0,1.0,0.0,1.0,1.0,0.0,0.0,0.0,0.0,0.0],[1.0,1.0,1.0,1.0,1.0,1.0,1.0,1.0,1.0,1.0,1.0,1.0,0.0,1.0,1.0,1.0,0.0,0.0,0.0,0.0],[1.0,1.0,1.0,1.0,1.0,1.0,1.0,1.0,1.0,1.0,1.0,1.0,1.0,1.0,1.0,1.0,1.0,0.0,1.0,1.0],[1.0,1.0,1.0,1.0,1.0,1.0,1.0,1.0,1.0,1.0,1.0,1.0,1.0,1.0,1.0,1.0,1.0,0.0,0.0,0.0],[1.0,1.0,1.0,1.0,1.0,1.0,1.0,1.0,1.0,1.0,1.0,1.0,1.0,1.0,1.0,1.0,1.0,0.0,1.0,0.0]],"outlier_solution":[17,19,18,12,16,15,13,14,11,8,10,6,5,9,7,4,3,1,0,2],"dataset_id":496,"source_dataset_id":543,"options":null,"D":{"0":{"0":0,"1":1,"2":2,"3":5,"4":5,"5":5,"6":0,"7":5,"8":1,"9":3,"10":1,"11":5,"12":5,"13":5,"14":5,"15":5,"16":5,"17":5,"18":5,"19":2},"1":{"0":0,"1":0,"2":5,"3":5,"4":0,"5":5,"6":5,"7":5,"8":5,"9":5,"10":0,"11":5,"12":5,"13":5,"14":5,"15":5,"16":0,"17":5,"18":5,"19":5},"2":{"0":0,"1":5,"2":0,"3":5,"4":1,"5":5,"6":5,"7":5,"8":5,"9":5,"10":4,"11":5,"12":5,"13":5,"14":0,"15":5,"16":5,"17":5,"18":5,"19":5},"3":{"0":0,"1":0,"2":0,"3":0,"4":5,"5":5,"6":5,"7":5,"8":5,"9":5,"10":5,"11":5,"12":5,"13":5,"14":5,"15":5,"16":0,"17":5,"18":5,"19":5},"4":{"0":0,"1":3,"2":0,"3":0,"4":0,"5":0,"6":5,"7":5,"8":5,"9":3,"10":5,"11":5,"12":5,"13":1,"14":0,"15":1,"16":4,"17":5,"18":5,"19":5},"5":{"0":3,"1":0,"2":0,"3":0,"4":0,"5":0,"6":5,"7":3,"8":0,"9":5,"10":0,"11":0,"12":5,"13":3,"14":5,"15":5,"16":0,"17":5,"18":2,"19":5},"6":{"0":0,"1":0,"2":0,"3":4,"4":0,"5":0,"6":0,"7":5,"8":5,"9":5,"10":5,"11":0,"12":5,"13":0,"14":3,"15":5,"16":0,"17":0,"18":2,"19":5},"7":{"0":0,"1":0,"2":0,"3":0,"4":3,"5":0,"6":0,"7":0,"8":5,"9":5,"10":5,"11":5,"12":5,"13":5,"14":5,"15":0,"16":2,"17":5,"18":5,"19":0},"8":{"0":0,"1":3,"2":0,"3":0,"4":0,"5":0,"6":1,"7":0,"8":0,"9":5,"10":5,"11":5,"12":5,"13":5,"14":5,"15":4,"16":5,"17":5,"18":5,"19":1},"9":{"0":5,"1":4,"2":0,"3":0,"4":0,"5":0,"6":0,"7":0,"8":4,"9":0,"10":5,"11":0,"12":5,"13":5,"14":4,"15":5,"16":5,"17":5,"18":5,"19":5},"10":{"0":3,"1":0,"2":0,"3":2,"4":0,"5":0,"6":0,"7":0,"8":0,"9":0,"10":0,"11":5,"12":5,"13":5,"14":0,"15":5,"16":5,"17":5,"18":0,"19":5},"11":{"0":0,"1":0,"2":0,"3":5,"4":0,"5":0,"6":0,"7":0,"8":5,"9":0,"10":4,"11":0,"12":0,"13":5,"14":5,"15":5,"16":0,"17":5,"18":0,"19":5},"12":{"0":0,"1":0,"2":0,"3":0,"4":3,"5":0,"6":0,"7":0,"8":0,"9":0,"10":0,"11":0,"12":0,"13":5,"14":5,"15":4,"16":0,"17":5,"18":2,"19":5},"13":{"0":0,"1":0,"2":5,"3":4,"4":0,"5":0,"6":0,"7":0,"8":0,"9":0,"10":0,"11":0,"12":0,"13":0,"14":5,"15":5,"16":5,"17":5,"18":5,"19":2},"14":{"0":0,"1":2,"2":0,"3":0,"4":5,"5":0,"6":0,"7":0,"8":3,"9":4,"10":0,"11":0,"12":1,"13":0,"14":0,"15":0,"16":5,"17":5,"18":5,"19":0},"15":{"0":1,"1":2,"2":0,"3":0,"4":0,"5":0,"6":3,"7":0,"8":4,"9":0,"10":0,"11":0,"12":0,"13":0,"14":0,"15":0,"16":0,"17":5,"18":5,"19":0},"16":{"0":0,"1":0,"2":0,"3":0,"4":0,"5":0,"6":0,"7":0,"8":0,"9":0,"10":0,"11":0,"12":0,"13":0,"14":0,"15":0,"16":0,"17":5,"18":2,"19":5},"17":{"0":0,"1":0,"2":0,"3":0,"4":4,"5":0,"6":0,"7":0,"8":0,"9":0,"10":0,"11":0,"12":4,"13":4,"14":0,"15":0,"16":0,"17":0,"18":5,"19":5},"18":{"0":0,"1":0,"2":3,"3":4,"4":4,"5":4,"6":0,"7":0,"8":0,"9":0,"10":0,"11":0,"12":0,"13":0,"14":2,"15":0,"16":0,"17":3,"18":0,"19":3},"19":{"0":0,"1":0,"2":0,"3":5,"4":3,"5":5,"6":4,"7":0,"8":0,"9":0,"10":0,"11":0,"12":0,"13":0,"14":0,"15":0,"16":0,"17":1,"18":0,"19":0}},"method":"hillside","closest_pair":[[17,19,18,12,16,15,13,14,11,8,10,6,5,9,7,4,3,1,0,2],[17,19,18,12,16,15,13,14,11,8,10,6,9,5,7,4,3,1,0,2]],"farthest_pair":[[17,19,18,12,16,15,13,14,11,8,10,6,9,5,7,4,3,1,0,2],[17,19,18,12,16,15,13,14,11,8,10,6,5,9,7,4,3,1,0,2]],"tau_farthest_pair":0.9894736842,"tau_closest_pair":0.9894736842,"centroid_solution":[17,19,18,12,16,15,13,14,11,8,10,6,9,5,7,4,3,1,0,2]}