{"solutions":[[0,1,3,2,7,4,6,9,8,5,10,11,12,13,14,15,17,18,19,16],[0,1,3,2,4,7,6,9,8,5,10,11,12,13,14,15,17,18,19,16],[0,1,3,2,4,6,7,9,8,5,10,11,12,13,14,15,17,18,19,16]],"obj":1086.0,"max_tau_solutions":null,"centroid_x":[[0.0,1.0,1.0,1.0,1.0,1.0,1.0,1.0,1.0,1.0,1.0,1.0,1.0,1.0,1.0,1.0,1.0,1.0,1.0,1.0],[0.0,0.0,1.0,1.0,1.0,1.0,1.0,1.0,1.0,1.0,1.0,1.0,1.0,1.0,1.0,1.0,1.0,1.0,1.0,1.0],[0.0,0.0,0.0,0.0,1.0,1.0,1.0,1.0,1.0,1.0,1.0,1.0,1.0,1.0,1.0,1.0,1.0,1.0,1.0,1.0],[0.0,0.0,1.0,0.0,1.0,1.0,1.0,1.0,1.0,1.0,1.0,1.0,1.0,1.0,1.0,1.0,1.0,1.0,1.0,1.0],[0.0,0.0,0.0,0.0,0.0,1.0,1.0,0.5693103269,1.0,1.0,1.0,1.0,1.0,1.0,1.0,1.0,1.0,1.0,1.0,1.0],[0.0,0.0,0.0,0.0,0.0,0.0,0.0,0.0,0.0,0.0,1.0,1.0,1.0,1.0,1.0,1.0,1.0,1.0,1.0,1.0],[0.0,0.0,0.0,0.0,0.0,1.0,0.0,0.4349744398,1.0,1.0,1.0,1.0,1.0,1.0,1.0,1.0,1.0,1.0,1.0,1.0],[0.0,0.0,0.0,0.0,0.4306896731,1.0,0.5650255602,0.0,1.0,1.0,1.0,1.0,1.0,1.0,1.0,1.0,1.0,1.0,1.0,1.0],[0.0,0.0,0.0,0.0,0.0,1.0,0.0,0.0,0.0,0.0,1.0,1.0,1.0,1.0,1.0,1.0,1.0,1.0,1.0,1.0],[0.0,0.0,0.0,0.0,0.0,1.0,0.0,0.0,1.0,0.0,1.0,1.0,1.0,1.0,1.0,1.0,1.0,1.0,1.0,1.0],[0.0,0.0,0.0,0.0,0.0,0.0,0.0,0.0,0.0,0.0,0.0,1.0,1.0,1.0,1.0,1.0,1.0,1.0,1.0,1.0],[0.0,0.0,0.0,0.0,0.0,0.0,0.0,0.0,0.0,0.0,0.0,0.0,1.0,1.0,1.0,1.0,1.0,1.0,1.0,1.0],[0.0,0.0,0.0,0.0,0.0,0.0,0.0,0.0,0.0,0.0,0.0,0.0,0.0,1.0,1.0,1.0,1.0,1.0,1.0,1.0],[0.0,0.0,0.0,0.0,0.0,0.0,0.0,0.0,0.0,0.0,0.0,0.0,0.0,0.0,1.0,1.0,1.0,1.0,1.0,1.0],[0.0,0.0,0.0,0.0,0.0,0.0,0.0,0.0,0.0,0.0,0.0,0.0,0.0,0.0,0.0,1.0,1.0,1.0,1.0,1.0],[0.0,0.0,0.0,0.0,0.0,0.0,0.0,0.0,0.0,0.0,0.0,0.0,0.0,0.0,0.0,0.0,1.0,1.0,1.0,1.0],[0.0,0.0,0.0,0.0,0.0,0.0,0.0,0.0,0.0,0.0,0.0,0.0,0.0,0.0,0.0,0.0,0.0,0.0,0.0,0.0],[0.0,0.0,0.0,0.0,0.0,0.0,0.0,0.0,0.0,0.0,0.0,0.0,0.0,0.0,0.0,0.0,1.0,0.0,1.0,1.0],[0.0,0.0,0.0,0.0,0.0,0.0,0.0,0.0,0.0,0.0,0.0,0.0,0.0,0.0,0.0,0.0,1.0,0.0,0.0,1.0],[0.0,0.0,0.0,0.0,0.0,0.0,0.0,0.0,0.0,0.0,0.0,0.0,0.0,0.0,0.0,0.0,1.0,0.0,0.0,0.0]],"outlier_solution":[0,1,3,2,7,4,6,9,8,5,10,11,12,13,14,15,17,18,19,16],"dataset_id":497,"source_dataset_id":544,"options":null,"D":{"0":{"0":0,"1":0,"2":0,"3":0,"4":0,"5":0,"6":0,"7":3,"8":0,"9":0,"10":0,"11":0,"12":0,"13":0,"14":0,"15":0,"16":0,"17":1,"18":0,"19":5},"1":{"0":5,"1":0,"2":0,"3":0,"4":0,"5":0,"6":4,"7":0,"8":5,"9":0,"10":1,"11":0,"12":0,"13":0,"14":0,"15":0,"16":0,"17":0,"18":0,"19":0},"2":{"0":5,"1":5,"2":0,"3":0,"4":2,"5":0,"6":0,"7":0,"8":0,"9":0,"10":2,"11":0,"12":0,"13":0,"14":0,"15":5,"16":0,"17":0,"18":0,"19":2},"3":{"0":1,"1":5,"2":0,"3":0,"4":0,"5":0,"6":0,"7":0,"8":0,"9":0,"10":0,"11":3,"12":0,"13":0,"14":0,"15":0,"16":5,"17":0,"18":0,"19":0},"4":{"0":5,"1":2,"2":5,"3":5,"4":0,"5":0,"6":0,"7":0,"8":0,"9":0,"10":3,"11":2,"12":0,"13":4,"14":0,"15":0,"16":0,"17":4,"18":0,"19":0},"5":{"0":5,"1":5,"2":5,"3":5,"4":5,"5":0,"6":0,"7":4,"8":2,"9":0,"10":3,"11":0,"12":0,"13":0,"14":0,"15":0,"16":0,"17":0,"18":1,"19":0},"6":{"0":0,"1":5,"2":1,"3":3,"4":3,"5":0,"6":0,"7":0,"8":0,"9":0,"10":3,"11":0,"12":0,"13":0,"14":5,"15":0,"16":0,"17":0,"18":4,"19":0},"7":{"0":5,"1":0,"2":0,"3":3,"4":5,"5":2,"6":4,"7":0,"8":0,"9":3,"10":0,"11":0,"12":2,"13":0,"14":0,"15":0,"16":0,"17":4,"18":0,"19":0},"8":{"0":2,"1":5,"2":5,"3":1,"4":4,"5":5,"6":0,"7":5,"8":0,"9":0,"10":0,"11":4,"12":0,"13":0,"14":0,"15":0,"16":0,"17":0,"18":0,"19":0},"9":{"0":0,"1":5,"2":0,"3":5,"4":3,"5":5,"6":5,"7":2,"8":5,"9":0,"10":0,"11":0,"12":0,"13":0,"14":0,"15":0,"16":1,"17":0,"18":0,"19":0},"10":{"0":5,"1":0,"2":5,"3":5,"4":1,"5":5,"6":0,"7":5,"8":5,"9":5,"10":0,"11":0,"12":3,"13":0,"14":4,"15":2,"16":0,"17":0,"18":4,"19":4},"11":{"0":3,"1":0,"2":0,"3":5,"4":1,"5":5,"6":5,"7":5,"8":5,"9":5,"10":5,"11":0,"12":0,"13":5,"14":0,"15":3,"16":0,"17":0,"18":0,"19":0},"12":{"0":5,"1":5,"2":0,"3":5,"4":3,"5":5,"6":1,"7":5,"8":0,"9":5,"10":5,"11":5,"12":0,"13":0,"14":0,"15":0,"16":0,"17":3,"18":0,"19":0},"13":{"0":5,"1":5,"2":5,"3":5,"4":5,"5":2,"6":5,"7":5,"8":3,"9":5,"10":5,"11":2,"12":2,"13":0,"14":0,"15":0,"16":0,"17":0,"18":0,"19":0},"14":{"0":5,"1":5,"2":5,"3":4,"4":5,"5":5,"6":5,"7":5,"8":5,"9":5,"10":3,"11":5,"12":5,"13":0,"14":0,"15":2,"16":0,"17":0,"18":0,"19":0},"15":{"0":5,"1":5,"2":5,"3":5,"4":4,"5":5,"6":5,"7":3,"8":5,"9":0,"10":5,"11":5,"12":5,"13":5,"14":2,"15":0,"16":0,"17":0,"18":0,"19":0},"16":{"0":5,"1":5,"2":5,"3":3,"4":5,"5":5,"6":5,"7":5,"8":5,"9":5,"10":5,"11":5,"12":0,"13":4,"14":5,"15":5,"16":0,"17":0,"18":5,"19":5},"17":{"0":5,"1":5,"2":5,"3":5,"4":5,"5":5,"6":5,"7":1,"8":5,"9":5,"10":1,"11":5,"12":4,"13":5,"14":5,"15":5,"16":5,"17":0,"18":0,"19":0},"18":{"0":5,"1":5,"2":5,"3":0,"4":5,"5":5,"6":0,"7":5,"8":0,"9":5,"10":5,"11":5,"12":5,"13":1,"14":5,"15":0,"16":5,"17":5,"18":0,"19":3},"19":{"0":5,"1":5,"2":5,"3":5,"4":3,"5":5,"6":0,"7":5,"8":3,"9":5,"10":5,"11":1,"12":5,"13":5,"14":5,"15":5,"16":0,"17":5,"18":5,"19":0}},"method":"hillside","closest_pair":[[0,1,3,2,7,4,6,9,8,5,10,11,12,13,14,15,17,18,19,16],[0,1,3,2,4,7,6,9,8,5,10,11,12,13,14,15,17,18,19,16]],"farthest_pair":[[0,1,3,2,4,6,7,9,8,5,10,11,12,13,14,15,17,18,19,16],[0,1,3,2,7,4,6,9,8,5,10,11,12,13,14,15,17,18,19,16]],"tau_farthest_pair":0.9789473684,"tau_closest_pair":0.9894736842,"centroid_solution":[0,1,3,2,4,7,6,9,8,5,10,11,12,13,14,15,17,18,19,16]}