{"solutions":[[17,16,19,14,18,11,13,15,12,10,9,8,5,6,4,7,3,2,1,0],[17,16,19,18,14,11,13,15,12,10,9,8,5,6,4,7,3,2,1,0],[17,16,19,18,14,11,13,15,12,9,10,8,5,6,4,7,3,2,1,0],[17,16,19,14,18,11,13,15,12,9,10,8,5,6,4,7,3,2,1,0]],"obj":1167.0,"max_tau_solutions":null,"centroid_x":[[0.0,0.0,0.0,0.0,0.0,0.0,0.0,0.0,0.0,0.0,0.0,0.0,0.0,0.0,0.0,0.0,0.0,0.0,0.0,0.0],[1.0,0.0,0.0,0.0,0.0,0.0,0.0,0.0,0.0,0.0,0.0,0.0,0.0,0.0,0.0,0.0,0.0,0.0,0.0,0.0],[1.0,1.0,0.0,0.0,0.0,0.0,0.0,0.0,0.0,0.0,0.0,0.0,0.0,0.0,0.0,0.0,0.0,0.0,0.0,0.0],[1.0,1.0,1.0,0.0,0.0,0.0,0.0,0.0,0.0,0.0,0.0,0.0,0.0,0.0,0.0,0.0,0.0,0.0,0.0,0.0],[1.0,1.0,1.0,1.0,0.0,0.0,0.0,1.0,0.0,0.0,0.0,0.0,0.0,0.0,0.0,0.0,0.0,0.0,0.0,0.0],[1.0,1.0,1.0,1.0,1.0,0.0,1.0,1.0,0.0,0.0,0.0,0.0,0.0,0.0,0.0,0.0,0.0,0.0,0.0,0.0],[1.0,1.0,1.0,1.0,1.0,0.0,0.0,1.0,0.0,0.0,0.0,0.0,0.0,0.0,0.0,0.0,0.0,0.0,0.0,0.0],[1.0,1.0,1.0,1.0,0.0,0.0,0.0,0.0,0.0,0.0,0.0,0.0,0.0,0.0,0.0,0.0,0.0,0.0,0.0,0.0],[1.0,1.0,1.0,1.0,1.0,1.0,1.0,1.0,0.0,0.0,0.0,0.0,0.0,0.0,0.0,0.0,0.0,0.0,0.0,0.0],[1.0,1.0,1.0,1.0,1.0,1.0,1.0,1.0,1.0,0.0,0.3397000596,0.0,0.0,0.0,0.0,0.0,0.0,0.0,0.0,0.0],[1.0,1.0,1.0,1.0,1.0,1.0,1.0,1.0,1.0,0.6602999404,0.0,0.0,0.0,0.0,0.0,0.0,0.0,0.0,0.0,0.0],[1.0,1.0,1.0,1.0,1.0,1.0,1.0,1.0,1.0,1.0,1.0,0.0,1.0,1.0,0.0,1.0,0.0,0.0,0.0,0.0],[1.0,1.0,1.0,1.0,1.0,1.0,1.0,1.0,1.0,1.0,1.0,0.0,0.0,0.0,0.0,0.0,0.0,0.0,0.0,0.0],[1.0,1.0,1.0,1.0,1.0,1.0,1.0,1.0,1.0,1.0,1.0,0.0,1.0,0.0,0.0,1.0,0.0,0.0,0.0,0.0],[1.0,1.0,1.0,1.0,1.0,1.0,1.0,1.0,1.0,1.0,1.0,1.0,1.0,1.0,0.0,1.0,0.0,0.0,0.3736480246,0.0],[1.0,1.0,1.0,1.0,1.0,1.0,1.0,1.0,1.0,1.0,1.0,0.0,1.0,0.0,0.0,0.0,0.0,0.0,0.0,0.0],[1.0,1.0,1.0,1.0,1.0,1.0,1.0,1.0,1.0,1.0,1.0,1.0,1.0,1.0,1.0,1.0,0.0,0.0,1.0,1.0],[1.0,1.0,1.0,1.0,1.0,1.0,1.0,1.0,1.0,1.0,1.0,1.0,1.0,1.0,1.0,1.0,1.0,0.0,1.0,1.0],[1.0,1.0,1.0,1.0,1.0,1.0,1.0,1.0,1.0,1.0,1.0,1.0,1.0,1.0,0.6263519754,1.0,0.0,0.0,0.0,0.0],[1.0,1.0,1.0,1.0,1.0,1.0,1.0,1.0,1.0,1.0,1.0,1.0,1.0,1.0,1.0,1.0,0.0,0.0,1.0,0.0]],"outlier_solution":[17,16,19,14,18,11,13,15,12,9,10,8,5,6,4,7,3,2,1,0],"dataset_id":504,"source_dataset_id":551,"options":null,"D":{"0":{"0":0,"1":5,"2":4,"3":0,"4":5,"5":5,"6":5,"7":3,"8":5,"9":5,"10":5,"11":5,"12":1,"13":5,"14":5,"15":4,"16":5,"17":4,"18":0,"19":0},"1":{"0":0,"1":0,"2":1,"3":0,"4":5,"5":5,"6":5,"7":3,"8":4,"9":5,"10":5,"11":0,"12":5,"13":5,"14":2,"15":1,"16":5,"17":5,"18":5,"19":3},"2":{"0":0,"1":0,"2":0,"3":3,"4":5,"5":0,"6":5,"7":1,"8":5,"9":5,"10":5,"11":5,"12":1,"13":0,"14":5,"15":5,"16":3,"17":5,"18":5,"19":5},"3":{"0":0,"1":0,"2":0,"3":0,"4":5,"5":5,"6":2,"7":5,"8":5,"9":0,"10":3,"11":2,"12":5,"13":0,"14":1,"15":5,"16":5,"17":5,"18":5,"19":0},"4":{"0":2,"1":0,"2":1,"3":0,"4":0,"5":5,"6":5,"7":5,"8":5,"9":5,"10":0,"11":5,"12":5,"13":5,"14":4,"15":5,"16":0,"17":1,"18":0,"19":5},"5":{"0":0,"1":5,"2":0,"3":2,"4":0,"5":0,"6":5,"7":5,"8":1,"9":5,"10":5,"11":5,"12":0,"13":1,"14":0,"15":1,"16":5,"17":5,"18":2,"19":5},"6":{"0":0,"1":0,"2":3,"3":0,"4":0,"5":0,"6":0,"7":4,"8":5,"9":0,"10":5,"11":5,"12":5,"13":4,"14":5,"15":5,"16":5,"17":5,"18":5,"19":5},"7":{"0":1,"1":0,"2":0,"3":1,"4":0,"5":4,"6":0,"7":0,"8":5,"9":5,"10":5,"11":5,"12":5,"13":5,"14":5,"15":5,"16":0,"17":5,"18":5,"19":5},"8":{"0":0,"1":0,"2":0,"3":0,"4":0,"5":0,"6":3,"7":0,"8":0,"9":5,"10":0,"11":5,"12":5,"13":5,"14":5,"15":0,"16":5,"17":5,"18":5,"19":5},"9":{"0":0,"1":0,"2":0,"3":0,"4":0,"5":0,"6":0,"7":0,"8":0,"9":0,"10":4,"11":5,"12":5,"13":5,"14":5,"15":3,"16":5,"17":2,"18":5,"19":5},"10":{"0":4,"1":0,"2":0,"3":0,"4":5,"5":0,"6":0,"7":0,"8":0,"9":0,"10":0,"11":5,"12":5,"13":5,"14":5,"15":5,"16":0,"17":2,"18":0,"19":0},"11":{"0":4,"1":0,"2":0,"3":0,"4":0,"5":0,"6":0,"7":0,"8":0,"9":0,"10":0,"11":0,"12":5,"13":5,"14":5,"15":0,"16":5,"17":5,"18":1,"19":0},"12":{"0":0,"1":2,"2":0,"3":0,"4":0,"5":0,"6":0,"7":0,"8":0,"9":0,"10":0,"11":2,"12":0,"13":5,"14":5,"15":0,"16":0,"17":5,"18":5,"19":5},"13":{"0":1,"1":0,"2":1,"3":0,"4":0,"5":1,"6":0,"7":0,"8":0,"9":0,"10":0,"11":0,"12":0,"13":0,"14":5,"15":0,"16":5,"17":5,"18":1,"19":5},"14":{"0":0,"1":0,"2":0,"3":0,"4":0,"5":0,"6":0,"7":0,"8":0,"9":4,"10":0,"11":0,"12":0,"13":0,"14":0,"15":5,"16":5,"17":5,"18":5,"19":5},"15":{"0":0,"1":2,"2":3,"3":0,"4":0,"5":0,"6":1,"7":0,"8":0,"9":0,"10":0,"11":1,"12":0,"13":0,"14":4,"15":0,"16":5,"17":5,"18":5,"19":0},"16":{"0":0,"1":0,"2":0,"3":0,"4":0,"5":0,"6":3,"7":0,"8":0,"9":0,"10":0,"11":0,"12":0,"13":2,"14":0,"15":0,"16":0,"17":0,"18":5,"19":5},"17":{"0":0,"1":0,"2":0,"3":0,"4":0,"5":0,"6":0,"7":0,"8":0,"9":0,"10":0,"11":0,"12":0,"13":0,"14":0,"15":0,"16":0,"17":0,"18":0,"19":0},"18":{"0":0,"1":0,"2":0,"3":0,"4":0,"5":3,"6":0,"7":5,"8":0,"9":1,"10":0,"11":0,"12":0,"13":0,"14":3,"15":0,"16":5,"17":0,"18":0,"19":5},"19":{"0":0,"1":0,"2":0,"3":2,"4":3,"5":0,"6":0,"7":0,"8":1,"9":0,"10":0,"11":0,"12":0,"13":0,"14":5,"15":0,"16":2,"17":0,"18":0,"19":0}},"method":"hillside","closest_pair":[[17,16,19,14,18,11,13,15,12,10,9,8,5,6,4,7,3,2,1,0],[17,16,19,18,14,11,13,15,12,10,9,8,5,6,4,7,3,2,1,0]],"farthest_pair":[[17,16,19,18,14,11,13,15,12,10,9,8,5,6,4,7,3,2,1,0],[17,16,19,14,18,11,13,15,12,9,10,8,5,6,4,7,3,2,1,0]],"tau_farthest_pair":0.9789473684,"tau_closest_pair":0.9894736842,"centroid_solution":[17,16,19,18,14,11,13,15,12,10,9,8,5,6,4,7,3,2,1,0]}