{"solutions":[[18,19,14,16,17,15,13,12,8,10,9,11,7,6,1,5,4,3,2,0],[18,19,14,16,17,15,13,12,8,9,10,11,7,6,1,5,4,3,2,0],[18,19,14,16,17,15,13,12,8,10,9,7,11,6,1,5,4,3,2,0],[18,19,17,15,13,14,16,12,8,9,10,7,11,6,1,5,4,3,2,0],[18,19,17,15,13,14,16,12,8,9,10,11,7,6,1,5,4,3,2,0],[18,19,17,15,13,14,16,12,10,8,9,7,11,6,1,5,4,3,2,0],[18,19,17,15,13,14,16,12,8,10,9,11,7,6,1,5,4,3,2,0],[18,19,17,15,13,14,16,12,8,10,9,7,11,6,1,5,4,3,2,0],[18,19,14,16,17,15,13,12,10,8,9,7,11,6,1,5,4,3,2,0],[18,19,14,16,17,15,13,12,10,8,9,11,7,6,1,5,4,3,2,0],[18,19,17,15,13,14,16,12,10,8,9,11,7,6,1,5,4,3,2,0],[18,19,14,16,17,15,13,12,8,9,10,7,11,6,1,5,4,3,2,0]],"obj":1178.0,"max_tau_solutions":null,"centroid_x":[[0.0,0.0,0.0,0.0,0.0,0.0,0.0,0.0,0.0,0.0,0.0,0.0,0.0,0.0,0.0,0.0,0.0,0.0,0.0,0.0],[1.0,0.0,1.0,1.0,1.0,1.0,0.0,0.0,0.0,0.0,0.0,0.0,0.0,0.0,0.0,0.0,0.0,0.0,0.0,0.0],[1.0,0.0,0.0,0.0,0.0,0.0,0.0,0.0,0.0,0.0,0.0,0.0,0.0,0.0,0.0,0.0,0.0,0.0,0.0,0.0],[1.0,0.0,1.0,0.0,0.0,0.0,0.0,0.0,0.0,0.0,0.0,0.0,0.0,0.0,0.0,0.0,0.0,0.0,0.0,0.0],[1.0,0.0,1.0,1.0,0.0,0.0,0.0,0.0,0.0,0.0,0.0,0.0,0.0,0.0,0.0,0.0,0.0,0.0,0.0,0.0],[1.0,0.0,1.0,1.0,1.0,0.0,0.0,0.0,0.0,0.0,0.0,0.0,0.0,0.0,0.0,0.0,0.0,0.0,0.0,0.0],[1.0,1.0,1.0,1.0,1.0,1.0,0.0,0.0,0.0,0.0,0.0,0.0,0.0,0.0,0.0,0.0,0.0,0.0,0.0,0.0],[1.0,1.0,1.0,1.0,1.0,1.0,1.0,0.0,0.0,0.0,0.0,0.3970392915,0.0,0.0,0.0,0.0,0.0,0.0,0.0,0.0],[1.0,1.0,1.0,1.0,1.0,1.0,1.0,1.0,0.0,1.0,0.4383851008,1.0,0.0,0.0,0.0,0.0,0.0,0.0,0.0,0.0],[1.0,1.0,1.0,1.0,1.0,1.0,1.0,1.0,0.0,0.0,0.2731813288,1.0,0.0,0.0,0.0,0.0,0.0,0.0,0.0,0.0],[1.0,1.0,1.0,1.0,1.0,1.0,1.0,1.0,0.5616148992,0.7268186712,0.0,1.0,0.0,0.0,0.0,0.0,0.0,0.0,0.0,0.0],[1.0,1.0,1.0,1.0,1.0,1.0,1.0,0.6029607085,0.0,0.0,0.0,0.0,0.0,0.0,0.0,0.0,0.0,0.0,0.0,0.0],[1.0,1.0,1.0,1.0,1.0,1.0,1.0,1.0,1.0,1.0,1.0,1.0,0.0,0.0,0.0,0.0,0.0,0.0,0.0,0.0],[1.0,1.0,1.0,1.0,1.0,1.0,1.0,1.0,1.0,1.0,1.0,1.0,1.0,0.0,0.5037844251,0.0,0.5037844248,0.0,0.0,0.0],[1.0,1.0,1.0,1.0,1.0,1.0,1.0,1.0,1.0,1.0,1.0,1.0,1.0,0.4962155749,0.0,0.4962155751,1.0,0.4962155748,0.0,0.0],[1.0,1.0,1.0,1.0,1.0,1.0,1.0,1.0,1.0,1.0,1.0,1.0,1.0,1.0,0.5037844249,0.0,0.503784426,0.0,0.0,0.0],[1.0,1.0,1.0,1.0,1.0,1.0,1.0,1.0,1.0,1.0,1.0,1.0,1.0,0.4962155752,0.0,0.496215574,0.0,0.4962155752,0.0,0.0],[1.0,1.0,1.0,1.0,1.0,1.0,1.0,1.0,1.0,1.0,1.0,1.0,1.0,1.0,0.5037844252,1.0,0.5037844248,0.0,0.0,0.0],[1.0,1.0,1.0,1.0,1.0,1.0,1.0,1.0,1.0,1.0,1.0,1.0,1.0,1.0,1.0,1.0,1.0,1.0,0.0,1.0],[1.0,1.0,1.0,1.0,1.0,1.0,1.0,1.0,1.0,1.0,1.0,1.0,1.0,1.0,1.0,1.0,1.0,1.0,0.0,0.0]],"outlier_solution":[18,19,14,16,17,15,13,12,8,9,10,7,11,6,1,5,4,3,2,0],"dataset_id":507,"source_dataset_id":554,"options":null,"D":{"0":{"0":0,"1":5,"2":5,"3":1,"4":5,"5":5,"6":2,"7":5,"8":5,"9":5,"10":4,"11":5,"12":5,"13":5,"14":2,"15":5,"16":0,"17":0,"18":5,"19":5},"1":{"0":5,"1":0,"2":0,"3":4,"4":5,"5":5,"6":5,"7":5,"8":5,"9":5,"10":0,"11":0,"12":3,"13":3,"14":5,"15":5,"16":2,"17":0,"18":5,"19":0},"2":{"0":0,"1":0,"2":0,"3":5,"4":5,"5":5,"6":5,"7":4,"8":5,"9":0,"10":0,"11":5,"12":5,"13":4,"14":5,"15":4,"16":4,"17":5,"18":5,"19":5},"3":{"0":0,"1":1,"2":1,"3":0,"4":0,"5":5,"6":5,"7":5,"8":5,"9":5,"10":5,"11":5,"12":5,"13":5,"14":0,"15":5,"16":5,"17":5,"18":5,"19":5},"4":{"0":0,"1":3,"2":0,"3":0,"4":0,"5":1,"6":5,"7":4,"8":0,"9":0,"10":5,"11":0,"12":5,"13":5,"14":5,"15":5,"16":2,"17":5,"18":3,"19":5},"5":{"0":0,"1":4,"2":0,"3":3,"4":0,"5":0,"6":5,"7":5,"8":5,"9":0,"10":5,"11":5,"12":5,"13":5,"14":5,"15":5,"16":0,"17":5,"18":5,"19":2},"6":{"0":3,"1":0,"2":0,"3":2,"4":4,"5":0,"6":0,"7":5,"8":4,"9":5,"10":5,"11":5,"12":0,"13":3,"14":5,"15":5,"16":0,"17":5,"18":5,"19":5},"7":{"0":0,"1":3,"2":0,"3":1,"4":0,"5":0,"6":0,"7":0,"8":5,"9":5,"10":3,"11":5,"12":5,"13":1,"14":5,"15":3,"16":5,"17":5,"18":1,"19":0},"8":{"0":0,"1":0,"2":0,"3":0,"4":0,"5":0,"6":0,"7":0,"8":0,"9":5,"10":5,"11":2,"12":5,"13":5,"14":5,"15":5,"16":5,"17":3,"18":5,"19":5},"9":{"0":0,"1":2,"2":0,"3":3,"4":0,"5":0,"6":0,"7":0,"8":0,"9":0,"10":5,"11":5,"12":5,"13":0,"14":5,"15":3,"16":5,"17":4,"18":5,"19":5},"10":{"0":0,"1":0,"2":0,"3":0,"4":0,"5":0,"6":3,"7":0,"8":0,"9":0,"10":0,"11":5,"12":5,"13":3,"14":1,"15":5,"16":0,"17":5,"18":5,"19":1},"11":{"0":0,"1":0,"2":1,"3":3,"4":0,"5":4,"6":0,"7":0,"8":0,"9":3,"10":0,"11":0,"12":5,"13":5,"14":5,"15":5,"16":5,"17":5,"18":2,"19":5},"12":{"0":0,"1":0,"2":0,"3":0,"4":0,"5":5,"6":4,"7":0,"8":0,"9":4,"10":0,"11":0,"12":0,"13":5,"14":5,"15":0,"16":5,"17":5,"18":5,"19":5},"13":{"0":3,"1":0,"2":0,"3":0,"4":0,"5":0,"6":0,"7":0,"8":2,"9":0,"10":0,"11":0,"12":0,"13":0,"14":5,"15":3,"16":0,"17":5,"18":0,"19":5},"14":{"0":4,"1":5,"2":0,"3":0,"4":0,"5":0,"6":0,"7":0,"8":0,"9":0,"10":0,"11":0,"12":0,"13":0,"14":0,"15":5,"16":1,"17":1,"18":5,"19":5},"15":{"0":0,"1":1,"2":0,"3":0,"4":0,"5":0,"6":0,"7":0,"8":2,"9":0,"10":0,"11":0,"12":3,"13":0,"14":0,"15":0,"16":5,"17":1,"18":5,"19":0},"16":{"0":0,"1":0,"2":0,"3":0,"4":0,"5":1,"6":0,"7":0,"8":0,"9":0,"10":0,"11":0,"12":0,"13":0,"14":0,"15":0,"16":0,"17":5,"18":5,"19":5},"17":{"0":0,"1":0,"2":0,"3":4,"4":0,"5":0,"6":0,"7":0,"8":5,"9":0,"10":0,"11":0,"12":1,"13":0,"14":0,"15":1,"16":4,"17":0,"18":5,"19":5},"18":{"0":0,"1":1,"2":0,"3":0,"4":0,"5":0,"6":0,"7":1,"8":0,"9":0,"10":0,"11":0,"12":0,"13":1,"14":0,"15":0,"16":1,"17":0,"18":0,"19":2},"19":{"0":0,"1":0,"2":0,"3":0,"4":0,"5":1,"6":0,"7":0,"8":0,"9":0,"10":0,"11":0,"12":0,"13":5,"14":4,"15":0,"16":0,"17":0,"18":2,"19":0}},"method":"hillside","closest_pair":[[18,19,17,15,13,14,16,12,10,8,9,11,7,6,1,5,4,3,2,0],[18,19,17,15,13,14,16,12,8,10,9,11,7,6,1,5,4,3,2,0]],"farthest_pair":[[18,19,17,15,13,14,16,12,8,9,10,11,7,6,1,5,4,3,2,0],[18,19,14,16,17,15,13,12,10,8,9,7,11,6,1,5,4,3,2,0]],"tau_farthest_pair":0.9052631579,"tau_closest_pair":0.9894736842,"centroid_solution":[18,19,17,15,13,14,16,12,10,8,9,11,7,6,1,5,4,3,2,0]}