{"solutions":[[2,1,0,4,3,5,8,6,9,7,12,13,10,16,11,15,19,18,17,14],[1,2,0,4,3,5,8,6,9,7,12,10,13,16,11,15,19,18,17,14],[1,2,0,4,3,5,8,9,6,7,13,10,12,16,11,15,19,18,17,14],[2,1,0,4,3,5,8,9,6,7,13,12,10,16,11,15,19,18,17,14],[2,1,0,4,3,5,8,9,6,7,10,12,13,16,11,15,19,18,17,14],[2,1,0,4,3,5,8,6,9,7,10,12,13,16,11,15,19,18,17,14],[1,2,0,4,3,5,8,9,6,7,10,13,12,16,11,15,19,18,17,14],[1,2,0,4,3,5,8,9,6,7,12,13,10,16,11,15,19,18,17,14],[1,2,0,4,3,5,8,6,9,7,10,12,13,16,11,15,19,18,17,14],[1,2,0,4,3,5,8,9,6,7,13,12,10,16,11,15,19,18,17,14],[1,2,0,4,3,5,8,6,9,7,12,13,10,16,11,15,19,18,17,14],[2,1,0,4,3,5,8,9,6,7,12,13,10,16,11,15,19,18,17,14],[2,1,0,4,3,5,8,9,6,7,13,10,12,16,11,15,19,18,17,14],[2,1,0,4,3,5,8,6,9,7,10,13,12,16,11,15,19,18,17,14],[2,1,0,4,3,5,8,9,6,7,12,10,13,16,11,15,19,18,17,14],[2,1,0,4,3,5,8,6,9,7,12,10,13,16,11,15,19,18,17,14],[2,1,0,4,3,5,8,9,6,7,10,13,12,16,11,15,19,18,17,14],[1,2,0,4,3,5,8,9,6,7,10,12,13,16,11,15,19,18,17,14],[1,2,0,4,3,5,8,9,6,7,12,10,13,16,11,15,19,18,17,14],[2,1,0,4,3,5,8,6,9,7,13,10,12,16,11,15,19,18,17,14],[1,2,0,4,3,5,8,6,9,7,10,13,12,16,11,15,19,18,17,14],[2,1,0,4,3,5,8,6,9,7,13,12,10,16,11,15,19,18,17,14],[1,2,0,4,3,5,8,6,9,7,13,10,12,16,11,15,19,18,17,14],[1,2,0,4,3,5,8,6,9,7,13,12,10,16,11,15,19,18,17,14]],"obj":1080.0,"max_tau_solutions":null,"centroid_x":[[0.0,0.0,0.0,1.0,1.0,1.0,1.0,1.0,1.0,1.0,1.0,1.0,1.0,1.0,1.0,1.0,1.0,1.0,1.0,1.0],[1.0,0.0,0.5002731455,1.0,1.0,1.0,1.0,1.0,1.0,1.0,1.0,1.0,1.0,1.0,1.0,1.0,1.0,1.0,1.0,1.0],[1.0,0.4997268545,0.0,1.0,1.0,1.0,1.0,1.0,1.0,1.0,1.0,1.0,1.0,1.0,1.0,1.0,1.0,1.0,1.0,1.0],[0.0,0.0,0.0,0.0,0.0,1.0,1.0,1.0,1.0,1.0,1.0,1.0,1.0,1.0,1.0,1.0,1.0,1.0,1.0,1.0],[0.0,0.0,0.0,1.0,0.0,1.0,1.0,1.0,1.0,1.0,1.0,1.0,1.0,1.0,1.0,1.0,1.0,1.0,1.0,1.0],[0.0,0.0,0.0,0.0,0.0,0.0,1.0,1.0,1.0,1.0,1.0,1.0,1.0,1.0,1.0,1.0,1.0,1.0,1.0,1.0],[0.0,0.0,0.0,0.0,0.0,0.0,0.0,1.0,0.0,0.5010331769,1.0,1.0,1.0,1.0,1.0,1.0,1.0,1.0,1.0,1.0],[0.0,0.0,0.0,0.0,0.0,0.0,0.0,0.0,0.0,0.0,1.0,1.0,1.0,1.0,1.0,1.0,1.0,1.0,1.0,1.0],[0.0,0.0,0.0,0.0,0.0,0.0,1.0,1.0,0.0,1.0,1.0,1.0,1.0,1.0,1.0,1.0,1.0,1.0,1.0,1.0],[0.0,0.0,0.0,0.0,0.0,0.0,0.4989668231,1.0,0.0,0.0,1.0,1.0,1.0,1.0,1.0,1.0,1.0,1.0,1.0,1.0],[0.0,0.0,0.0,0.0,0.0,0.0,0.0,0.0,0.0,0.0,0.0,1.0,0.5011282562,0.4980483951,1.0,1.0,1.0,1.0,1.0,1.0],[0.0,0.0,0.0,0.0,0.0,0.0,0.0,0.0,0.0,0.0,0.0,0.0,0.0,0.0,1.0,1.0,0.0,1.0,1.0,1.0],[0.0,0.0,0.0,0.0,0.0,0.0,0.0,0.0,0.0,0.0,0.4988717438,1.0,0.0,0.5038484906,1.0,1.0,1.0,1.0,1.0,1.0],[0.0,0.0,0.0,0.0,0.0,0.0,0.0,0.0,0.0,0.0,0.5019516049,1.0,0.4961515094,0.0,1.0,1.0,1.0,1.0,1.0,1.0],[0.0,0.0,0.0,0.0,0.0,0.0,0.0,0.0,0.0,0.0,0.0,0.0,0.0,0.0,0.0,0.0,0.0,0.0,0.0,0.0],[0.0,0.0,0.0,0.0,0.0,0.0,0.0,0.0,0.0,0.0,0.0,0.0,0.0,0.0,1.0,0.0,0.0,1.0,1.0,1.0],[0.0,0.0,0.0,0.0,0.0,0.0,0.0,0.0,0.0,0.0,0.0,1.0,0.0,0.0,1.0,1.0,0.0,1.0,1.0,1.0],[0.0,0.0,0.0,0.0,0.0,0.0,0.0,0.0,0.0,0.0,0.0,0.0,0.0,0.0,1.0,0.0,0.0,0.0,0.0,0.0],[0.0,0.0,0.0,0.0,0.0,0.0,0.0,0.0,0.0,0.0,0.0,0.0,0.0,0.0,1.0,0.0,0.0,1.0,0.0,0.0],[0.0,0.0,0.0,0.0,0.0,0.0,0.0,0.0,0.0,0.0,0.0,0.0,0.0,0.0,1.0,0.0,0.0,1.0,1.0,0.0]],"outlier_solution":[2,1,0,4,3,5,8,9,6,7,10,13,12,16,11,15,19,18,17,14],"dataset_id":508,"source_dataset_id":555,"options":null,"D":{"0":{"0":0,"1":0,"2":2,"3":0,"4":0,"5":0,"6":0,"7":4,"8":4,"9":0,"10":0,"11":0,"12":0,"13":0,"14":0,"15":0,"16":0,"17":0,"18":0,"19":0},"1":{"0":5,"1":0,"2":0,"3":0,"4":3,"5":0,"6":0,"7":0,"8":0,"9":0,"10":0,"11":0,"12":0,"13":0,"14":0,"15":0,"16":0,"17":0,"18":0,"19":0},"2":{"0":5,"1":5,"2":0,"3":0,"4":0,"5":0,"6":0,"7":0,"8":0,"9":0,"10":0,"11":0,"12":0,"13":0,"14":0,"15":4,"16":5,"17":4,"18":5,"19":0},"3":{"0":5,"1":5,"2":5,"3":0,"4":1,"5":2,"6":0,"7":0,"8":0,"9":0,"10":3,"11":0,"12":0,"13":0,"14":0,"15":0,"16":3,"17":0,"18":0,"19":0},"4":{"0":5,"1":0,"2":5,"3":5,"4":0,"5":0,"6":3,"7":0,"8":0,"9":0,"10":0,"11":0,"12":0,"13":0,"14":0,"15":0,"16":0,"17":0,"18":0,"19":0},"5":{"0":5,"1":0,"2":5,"3":5,"4":5,"5":0,"6":1,"7":0,"8":0,"9":0,"10":0,"11":0,"12":0,"13":0,"14":0,"15":1,"16":1,"17":0,"18":1,"19":0},"6":{"0":5,"1":5,"2":5,"3":5,"4":5,"5":5,"6":0,"7":0,"8":1,"9":0,"10":0,"11":0,"12":5,"13":1,"14":0,"15":0,"16":4,"17":0,"18":0,"19":0},"7":{"0":5,"1":5,"2":5,"3":0,"4":3,"5":5,"6":0,"7":0,"8":0,"9":5,"10":0,"11":0,"12":0,"13":5,"14":0,"15":0,"16":5,"17":0,"18":0,"19":2},"8":{"0":5,"1":5,"2":5,"3":0,"4":5,"5":5,"6":5,"7":5,"8":0,"9":0,"10":0,"11":0,"12":0,"13":0,"14":0,"15":0,"16":0,"17":0,"18":0,"19":0},"9":{"0":1,"1":5,"2":5,"3":5,"4":0,"5":0,"6":1,"7":5,"8":1,"9":0,"10":5,"11":0,"12":0,"13":0,"14":0,"15":2,"16":4,"17":0,"18":0,"19":0},"10":{"0":5,"1":5,"2":5,"3":5,"4":0,"5":5,"6":0,"7":5,"8":5,"9":5,"10":0,"11":0,"12":1,"13":4,"14":0,"15":0,"16":0,"17":0,"18":4,"19":4},"11":{"0":0,"1":5,"2":5,"3":5,"4":5,"5":4,"6":5,"7":1,"8":5,"9":5,"10":0,"11":0,"12":0,"13":5,"14":0,"15":0,"16":0,"17":2,"18":0,"19":0},"12":{"0":4,"1":5,"2":0,"3":5,"4":5,"5":0,"6":3,"7":0,"8":0,"9":5,"10":5,"11":5,"12":0,"13":0,"14":0,"15":4,"16":0,"17":0,"18":5,"19":0},"13":{"0":1,"1":0,"2":5,"3":5,"4":5,"5":5,"6":5,"7":1,"8":5,"9":0,"10":5,"11":4,"12":5,"13":0,"14":0,"15":0,"16":0,"17":0,"18":0,"19":0},"14":{"0":0,"1":5,"2":5,"3":5,"4":5,"5":5,"6":5,"7":5,"8":5,"9":5,"10":5,"11":5,"12":5,"13":5,"14":0,"15":5,"16":0,"17":4,"18":0,"19":5},"15":{"0":4,"1":5,"2":5,"3":5,"4":5,"5":5,"6":0,"7":5,"8":1,"9":5,"10":0,"11":5,"12":1,"13":5,"14":5,"15":0,"16":0,"17":0,"18":0,"19":1},"16":{"0":3,"1":1,"2":5,"3":5,"4":5,"5":5,"6":5,"7":0,"8":5,"9":5,"10":5,"11":5,"12":5,"13":0,"14":5,"15":0,"16":0,"17":0,"18":0,"19":0},"17":{"0":2,"1":5,"2":5,"3":5,"4":5,"5":5,"6":5,"7":5,"8":2,"9":5,"10":5,"11":5,"12":3,"13":5,"14":5,"15":0,"16":5,"17":0,"18":3,"19":0},"18":{"0":5,"1":5,"2":5,"3":3,"4":5,"5":5,"6":5,"7":0,"8":5,"9":5,"10":5,"11":2,"12":4,"13":3,"14":3,"15":5,"16":5,"17":5,"18":0,"19":0},"19":{"0":5,"1":0,"2":5,"3":0,"4":5,"5":0,"6":5,"7":5,"8":5,"9":5,"10":5,"11":1,"12":5,"13":1,"14":0,"15":5,"16":5,"17":5,"18":5,"19":0}},"method":"hillside","closest_pair":[[2,1,0,4,3,5,8,9,6,7,12,13,10,16,11,15,19,18,17,14],[2,1,0,4,3,5,8,9,6,7,12,10,13,16,11,15,19,18,17,14]],"farthest_pair":[[2,1,0,4,3,5,8,9,6,7,10,13,12,16,11,15,19,18,17,14],[1,2,0,4,3,5,8,6,9,7,12,13,10,16,11,15,19,18,17,14]],"tau_farthest_pair":0.9473684211,"tau_closest_pair":0.9894736842,"centroid_solution":[1,2,0,4,3,5,8,6,9,7,12,13,10,16,11,15,19,18,17,14]}