{"solutions":[[14,17,18,19,15,11,16,12,10,13,7,9,6,8,5,3,4,0,2,1],[14,17,18,19,15,11,16,12,13,10,7,9,6,8,5,3,4,0,2,1],[14,17,18,19,15,11,16,12,10,13,7,6,9,8,5,3,4,0,2,1],[14,17,18,19,15,11,16,13,10,12,7,6,9,8,5,3,4,0,2,1],[14,17,18,19,15,11,16,10,12,13,7,6,9,8,5,3,4,0,2,1],[14,17,18,19,15,11,16,12,10,13,7,9,6,8,5,3,4,0,1,2],[14,17,18,19,15,11,16,13,10,12,7,9,6,8,5,3,4,0,1,2],[14,17,18,19,15,11,16,13,10,12,7,9,6,8,5,3,4,0,2,1],[14,17,18,19,15,11,16,13,12,10,7,9,6,8,5,3,4,0,2,1],[14,17,18,19,15,11,16,12,13,10,7,9,6,8,5,3,4,0,1,2],[14,17,18,19,15,11,16,12,10,13,7,6,9,8,5,3,4,0,1,2],[14,17,18,19,15,11,16,13,10,12,7,6,9,8,5,3,4,0,1,2],[14,17,18,19,15,11,16,13,12,10,7,6,9,8,5,3,4,0,2,1],[14,17,18,19,15,11,16,13,12,10,7,9,6,8,5,3,4,0,1,2],[14,17,18,19,15,11,16,12,13,10,7,6,9,8,5,3,4,0,2,1],[14,17,18,19,15,11,16,10,13,12,7,9,6,8,5,3,4,0,2,1],[14,17,18,19,15,11,16,10,12,13,7,6,9,8,5,3,4,0,1,2],[14,17,18,19,15,11,16,12,13,10,7,6,9,8,5,3,4,0,1,2],[14,17,18,19,15,11,16,13,12,10,7,6,9,8,5,3,4,0,1,2],[14,17,18,19,15,11,16,10,13,12,7,6,9,8,5,3,4,0,1,2],[14,17,18,19,15,11,16,10,13,12,7,6,9,8,5,3,4,0,2,1],[14,17,18,19,15,11,16,10,13,12,7,9,6,8,5,3,4,0,1,2],[14,17,18,19,15,11,16,10,12,13,7,9,6,8,5,3,4,0,1,2],[14,17,18,19,15,11,16,10,12,13,7,9,6,8,5,3,4,0,2,1]],"obj":1080.0,"max_tau_solutions":null,"centroid_x":[[0.0,1.0,1.0,0.0,0.0,0.0,0.0,0.0,0.0,0.0,0.0,0.0,0.0,0.0,0.0,0.0,0.0,0.0,0.0,0.0],[0.0,0.0,0.3368318838,0.0,0.0,0.0,0.0,0.0,0.0,0.0,0.0,0.0,0.0,0.0,0.0,0.0,0.0,0.0,0.0,0.0],[0.0,0.6631681162,0.0,0.0,0.0,0.0,0.0,0.0,0.0,0.0,0.0,0.0,0.0,0.0,0.0,0.0,0.0,0.0,0.0,0.0],[1.0,1.0,1.0,0.0,1.0,0.0,0.0,0.0,0.0,0.0,0.0,0.0,0.0,0.0,0.0,0.0,0.0,0.0,0.0,0.0],[1.0,1.0,1.0,0.0,0.0,0.0,0.0,0.0,0.0,0.0,0.0,0.0,0.0,0.0,0.0,0.0,0.0,0.0,0.0,0.0],[1.0,1.0,1.0,1.0,1.0,0.0,0.0,0.0,0.0,0.0,0.0,0.0,0.0,0.0,0.0,0.0,0.0,0.0,0.0,0.0],[1.0,1.0,1.0,1.0,1.0,1.0,0.0,0.0,1.0,0.3752790239,0.0,0.0,0.0,0.0,0.0,0.0,0.0,0.0,0.0,0.0],[1.0,1.0,1.0,1.0,1.0,1.0,1.0,0.0,1.0,1.0,0.0,0.0,0.0,0.0,0.0,0.0,0.0,0.0,0.0,0.0],[1.0,1.0,1.0,1.0,1.0,1.0,0.0,0.0,0.0,0.0,0.0,0.0,0.0,0.0,0.0,0.0,0.0,0.0,0.0,0.0],[1.0,1.0,1.0,1.0,1.0,1.0,0.6247209761,0.0,1.0,0.0,0.0,0.0,0.0,0.0,0.0,0.0,0.0,0.0,0.0,0.0],[1.0,1.0,1.0,1.0,1.0,1.0,1.0,1.0,1.0,1.0,0.0,0.0,0.3550050933,0.3530887562,0.0,0.0,0.0,0.0,0.0,0.0],[1.0,1.0,1.0,1.0,1.0,1.0,1.0,1.0,1.0,1.0,1.0,0.0,1.0,1.0,0.0,0.0,1.0,0.0,0.0,0.0],[1.0,1.0,1.0,1.0,1.0,1.0,1.0,1.0,1.0,1.0,0.6449949067,0.0,0.0,0.3450832634,0.0,0.0,0.0,0.0,0.0,0.0],[1.0,1.0,1.0,1.0,1.0,1.0,1.0,1.0,1.0,1.0,0.6469112438,0.0,0.6549167366,0.0,0.0,0.0,0.0,0.0,0.0,0.0],[1.0,1.0,1.0,1.0,1.0,1.0,1.0,1.0,1.0,1.0,1.0,1.0,1.0,1.0,0.0,1.0,1.0,1.0,1.0,1.0],[1.0,1.0,1.0,1.0,1.0,1.0,1.0,1.0,1.0,1.0,1.0,1.0,1.0,1.0,0.0,0.0,1.0,0.0,0.0,0.0],[1.0,1.0,1.0,1.0,1.0,1.0,1.0,1.0,1.0,1.0,1.0,0.0,1.0,1.0,0.0,0.0,0.0,0.0,0.0,0.0],[1.0,1.0,1.0,1.0,1.0,1.0,1.0,1.0,1.0,1.0,1.0,1.0,1.0,1.0,0.0,1.0,1.0,0.0,1.0,1.0],[1.0,1.0,1.0,1.0,1.0,1.0,1.0,1.0,1.0,1.0,1.0,1.0,1.0,1.0,0.0,1.0,1.0,0.0,0.0,1.0],[1.0,1.0,1.0,1.0,1.0,1.0,1.0,1.0,1.0,1.0,1.0,1.0,1.0,1.0,0.0,1.0,1.0,0.0,0.0,0.0]],"outlier_solution":[14,17,18,19,15,11,16,10,12,13,7,6,9,8,5,3,4,0,1,2],"dataset_id":508,"source_dataset_id":555,"options":null,"D":{"0":{"0":0,"1":5,"2":5,"3":5,"4":5,"5":5,"6":5,"7":5,"8":5,"9":1,"10":5,"11":0,"12":4,"13":1,"14":0,"15":4,"16":3,"17":2,"18":5,"19":5},"1":{"0":0,"1":0,"2":5,"3":5,"4":0,"5":0,"6":5,"7":5,"8":5,"9":5,"10":5,"11":5,"12":5,"13":0,"14":5,"15":5,"16":1,"17":5,"18":5,"19":0},"2":{"0":2,"1":0,"2":0,"3":5,"4":5,"5":5,"6":5,"7":5,"8":5,"9":5,"10":5,"11":5,"12":0,"13":5,"14":5,"15":5,"16":5,"17":5,"18":5,"19":5},"3":{"0":0,"1":0,"2":0,"3":0,"4":5,"5":5,"6":5,"7":0,"8":0,"9":5,"10":5,"11":5,"12":5,"13":5,"14":5,"15":5,"16":5,"17":5,"18":3,"19":0},"4":{"0":0,"1":3,"2":0,"3":1,"4":0,"5":5,"6":5,"7":3,"8":5,"9":0,"10":0,"11":5,"12":5,"13":5,"14":5,"15":5,"16":5,"17":5,"18":5,"19":5},"5":{"0":0,"1":0,"2":0,"3":2,"4":0,"5":0,"6":5,"7":5,"8":5,"9":0,"10":5,"11":4,"12":0,"13":5,"14":5,"15":5,"16":5,"17":5,"18":5,"19":0},"6":{"0":0,"1":0,"2":0,"3":0,"4":3,"5":1,"6":0,"7":0,"8":5,"9":1,"10":0,"11":5,"12":3,"13":5,"14":5,"15":0,"16":5,"17":5,"18":5,"19":5},"7":{"0":4,"1":0,"2":0,"3":0,"4":0,"5":0,"6":0,"7":0,"8":5,"9":5,"10":5,"11":1,"12":0,"13":1,"14":5,"15":5,"16":0,"17":5,"18":0,"19":5},"8":{"0":4,"1":0,"2":0,"3":0,"4":0,"5":0,"6":1,"7":0,"8":0,"9":1,"10":5,"11":5,"12":0,"13":5,"14":5,"15":1,"16":5,"17":2,"18":5,"19":5},"9":{"0":0,"1":0,"2":0,"3":0,"4":0,"5":0,"6":0,"7":5,"8":0,"9":0,"10":5,"11":5,"12":5,"13":0,"14":5,"15":5,"16":5,"17":5,"18":5,"19":5},"10":{"0":0,"1":0,"2":0,"3":3,"4":0,"5":0,"6":0,"7":0,"8":0,"9":5,"10":0,"11":0,"12":5,"13":5,"14":5,"15":0,"16":5,"17":5,"18":5,"19":5},"11":{"0":0,"1":0,"2":0,"3":0,"4":0,"5":0,"6":0,"7":0,"8":0,"9":0,"10":0,"11":0,"12":5,"13":4,"14":5,"15":5,"16":5,"17":5,"18":2,"19":1},"12":{"0":0,"1":0,"2":0,"3":0,"4":0,"5":0,"6":5,"7":0,"8":0,"9":0,"10":1,"11":0,"12":0,"13":5,"14":5,"15":1,"16":5,"17":3,"18":4,"19":5},"13":{"0":0,"1":0,"2":0,"3":0,"4":0,"5":0,"6":1,"7":5,"8":0,"9":0,"10":4,"11":5,"12":0,"13":0,"14":5,"15":5,"16":0,"17":5,"18":3,"19":1},"14":{"0":0,"1":0,"2":0,"3":0,"4":0,"5":0,"6":0,"7":0,"8":0,"9":0,"10":0,"11":0,"12":0,"13":0,"14":0,"15":5,"16":5,"17":5,"18":3,"19":0},"15":{"0":0,"1":0,"2":4,"3":0,"4":0,"5":1,"6":0,"7":0,"8":0,"9":2,"10":0,"11":0,"12":4,"13":0,"14":5,"15":0,"16":0,"17":0,"18":5,"19":5},"16":{"0":0,"1":0,"2":5,"3":3,"4":0,"5":1,"6":4,"7":5,"8":0,"9":4,"10":0,"11":0,"12":0,"13":0,"14":0,"15":0,"16":0,"17":5,"18":5,"19":5},"17":{"0":0,"1":0,"2":4,"3":0,"4":0,"5":0,"6":0,"7":0,"8":0,"9":0,"10":0,"11":2,"12":0,"13":0,"14":4,"15":0,"16":0,"17":0,"18":5,"19":5},"18":{"0":0,"1":0,"2":5,"3":0,"4":0,"5":1,"6":0,"7":0,"8":0,"9":0,"10":4,"11":0,"12":5,"13":0,"14":0,"15":0,"16":0,"17":3,"18":0,"19":5},"19":{"0":0,"1":0,"2":0,"3":0,"4":0,"5":0,"6":0,"7":2,"8":0,"9":0,"10":4,"11":0,"12":0,"13":0,"14":5,"15":1,"16":0,"17":0,"18":0,"19":0}},"method":"hillside","closest_pair":[[14,17,18,19,15,11,16,13,12,10,7,9,6,8,5,3,4,0,1,2],[14,17,18,19,15,11,16,13,12,10,7,9,6,8,5,3,4,0,2,1]],"farthest_pair":[[14,17,18,19,15,11,16,10,12,13,7,9,6,8,5,3,4,0,2,1],[14,17,18,19,15,11,16,13,12,10,7,6,9,8,5,3,4,0,1,2]],"tau_farthest_pair":0.9473684211,"tau_closest_pair":0.9894736842,"centroid_solution":[14,17,18,19,15,11,16,13,12,10,7,9,6,8,5,3,4,0,2,1]}