{"solutions":[[0,2,1,5,4,3,8,6,7,11,9,15,12,10,18,13,14,17,16,19],[0,2,1,5,4,3,8,6,7,11,9,12,15,10,18,13,14,17,16,19],[0,2,1,5,4,6,3,8,7,11,9,15,12,10,18,13,14,17,16,19],[0,2,1,5,4,3,6,8,7,11,9,15,12,10,18,13,14,17,16,19],[0,2,1,5,4,6,3,8,7,11,9,12,15,10,18,13,14,17,16,19],[0,2,1,5,4,6,3,8,7,11,9,12,10,15,18,13,14,17,16,19],[0,2,1,5,4,3,6,8,7,11,9,12,15,10,18,13,14,17,16,19],[0,2,1,5,4,3,6,8,7,11,9,12,10,15,18,13,14,17,16,19],[0,2,1,5,4,3,8,6,7,11,9,12,10,15,18,13,14,17,16,19]],"obj":987.0,"max_tau_solutions":null,"centroid_x":[[0.0,1.0,1.0,1.0,1.0,1.0,1.0,1.0,1.0,1.0,1.0,1.0,1.0,1.0,1.0,1.0,1.0,1.0,1.0,1.0],[0.0,0.0,0.0,1.0,1.0,1.0,1.0,1.0,1.0,1.0,1.0,1.0,1.0,1.0,1.0,1.0,1.0,1.0,1.0,1.0],[0.0,1.0,0.0,1.0,1.0,1.0,1.0,1.0,1.0,1.0,1.0,1.0,1.0,1.0,1.0,1.0,1.0,1.0,1.0,1.0],[0.0,0.0,0.0,0.0,0.0,0.0,0.5696421749,1.0,1.0,1.0,1.0,1.0,1.0,1.0,1.0,1.0,1.0,1.0,1.0,1.0],[0.0,0.0,0.0,1.0,0.0,0.0,1.0,1.0,1.0,1.0,1.0,1.0,1.0,1.0,1.0,1.0,1.0,1.0,1.0,1.0],[0.0,0.0,0.0,1.0,1.0,0.0,1.0,1.0,1.0,1.0,1.0,1.0,1.0,1.0,1.0,1.0,1.0,1.0,1.0,1.0],[0.0,0.0,0.0,0.4303578251,0.0,0.0,0.0,1.0,0.5716125093,1.0,1.0,1.0,1.0,1.0,1.0,1.0,1.0,1.0,1.0,1.0],[0.0,0.0,0.0,0.0,0.0,0.0,0.0,0.0,0.0,1.0,1.0,1.0,1.0,1.0,1.0,1.0,1.0,1.0,1.0,1.0],[0.0,0.0,0.0,0.0,0.0,0.0,0.4283874907,1.0,0.0,1.0,1.0,1.0,1.0,1.0,1.0,1.0,1.0,1.0,1.0,1.0],[0.0,0.0,0.0,0.0,0.0,0.0,0.0,0.0,0.0,0.0,1.0,0.0,1.0,1.0,1.0,1.0,1.0,1.0,1.0,1.0],[0.0,0.0,0.0,0.0,0.0,0.0,0.0,0.0,0.0,0.0,0.0,0.0,0.0,1.0,1.0,0.4450252886,1.0,1.0,1.0,1.0],[0.0,0.0,0.0,0.0,0.0,0.0,0.0,0.0,0.0,1.0,1.0,0.0,1.0,1.0,1.0,1.0,1.0,1.0,1.0,1.0],[0.0,0.0,0.0,0.0,0.0,0.0,0.0,0.0,0.0,0.0,1.0,0.0,0.0,1.0,1.0,0.6115098315,1.0,1.0,1.0,1.0],[0.0,0.0,0.0,0.0,0.0,0.0,0.0,0.0,0.0,0.0,0.0,0.0,0.0,0.0,1.0,0.0,1.0,1.0,0.0,1.0],[0.0,0.0,0.0,0.0,0.0,0.0,0.0,0.0,0.0,0.0,0.0,0.0,0.0,0.0,0.0,0.0,1.0,1.0,0.0,1.0],[0.0,0.0,0.0,0.0,0.0,0.0,0.0,0.0,0.0,0.0,0.5549747114,0.0,0.3884901685,1.0,1.0,0.0,1.0,1.0,1.0,1.0],[0.0,0.0,0.0,0.0,0.0,0.0,0.0,0.0,0.0,0.0,0.0,0.0,0.0,0.0,0.0,0.0,0.0,0.0,0.0,1.0],[0.0,0.0,0.0,0.0,0.0,0.0,0.0,0.0,0.0,0.0,0.0,0.0,0.0,0.0,0.0,0.0,1.0,0.0,0.0,1.0],[0.0,0.0,0.0,0.0,0.0,0.0,0.0,0.0,0.0,0.0,0.0,0.0,0.0,1.0,1.0,0.0,1.0,1.0,0.0,1.0],[0.0,0.0,0.0,0.0,0.0,0.0,0.0,0.0,0.0,0.0,0.0,0.0,0.0,0.0,0.0,0.0,0.0,0.0,0.0,0.0]],"outlier_solution":[0,2,1,5,4,3,8,6,7,11,9,15,12,10,18,13,14,17,16,19],"dataset_id":511,"source_dataset_id":558,"options":null,"D":{"0":{"0":0,"1":0,"2":0,"3":0,"4":0,"5":0,"6":5,"7":0,"8":0,"9":1,"10":0,"11":5,"12":0,"13":0,"14":0,"15":0,"16":0,"17":2,"18":0,"19":0},"1":{"0":5,"1":0,"2":0,"3":0,"4":0,"5":0,"6":0,"7":5,"8":0,"9":3,"10":1,"11":1,"12":0,"13":0,"14":0,"15":0,"16":0,"17":0,"18":0,"19":0},"2":{"0":5,"1":3,"2":0,"3":0,"4":0,"5":0,"6":0,"7":0,"8":0,"9":0,"10":0,"11":0,"12":0,"13":0,"14":1,"15":0,"16":0,"17":0,"18":0,"19":0},"3":{"0":5,"1":5,"2":5,"3":0,"4":0,"5":0,"6":0,"7":0,"8":5,"9":1,"10":0,"11":0,"12":0,"13":0,"14":0,"15":0,"16":0,"17":0,"18":0,"19":1},"4":{"0":5,"1":2,"2":5,"3":5,"4":0,"5":4,"6":0,"7":0,"8":4,"9":0,"10":0,"11":0,"12":0,"13":0,"14":0,"15":0,"16":0,"17":0,"18":5,"19":0},"5":{"0":5,"1":0,"2":0,"3":5,"4":5,"5":0,"6":1,"7":0,"8":3,"9":0,"10":0,"11":0,"12":0,"13":0,"14":0,"15":5,"16":3,"17":0,"18":0,"19":0},"6":{"0":2,"1":5,"2":5,"3":5,"4":5,"5":5,"6":0,"7":0,"8":0,"9":0,"10":0,"11":0,"12":0,"13":0,"14":0,"15":0,"16":3,"17":0,"18":0,"19":0},"7":{"0":4,"1":0,"2":5,"3":4,"4":2,"5":5,"6":5,"7":0,"8":1,"9":0,"10":0,"11":0,"12":0,"13":2,"14":0,"15":2,"16":0,"17":0,"18":5,"19":0},"8":{"0":5,"1":5,"2":2,"3":4,"4":0,"5":5,"6":1,"7":0,"8":0,"9":0,"10":0,"11":0,"12":0,"13":0,"14":0,"15":0,"16":0,"17":0,"18":0,"19":0},"9":{"0":5,"1":5,"2":5,"3":0,"4":5,"5":5,"6":5,"7":5,"8":5,"9":0,"10":0,"11":2,"12":0,"13":0,"14":0,"15":0,"16":0,"17":0,"18":1,"19":4},"10":{"0":5,"1":5,"2":1,"3":5,"4":5,"5":5,"6":5,"7":2,"8":5,"9":5,"10":0,"11":5,"12":0,"13":1,"14":0,"15":0,"16":0,"17":0,"18":2,"19":0},"11":{"0":5,"1":5,"2":5,"3":5,"4":5,"5":1,"6":0,"7":5,"8":0,"9":0,"10":5,"11":0,"12":0,"13":0,"14":0,"15":0,"16":4,"17":5,"18":3,"19":0},"12":{"0":5,"1":5,"2":5,"3":5,"4":5,"5":5,"6":1,"7":5,"8":0,"9":0,"10":0,"11":5,"12":0,"13":0,"14":0,"15":0,"16":0,"17":0,"18":0,"19":0},"13":{"0":5,"1":5,"2":5,"3":0,"4":5,"5":5,"6":5,"7":5,"8":3,"9":5,"10":0,"11":5,"12":1,"13":0,"14":0,"15":0,"16":0,"17":0,"18":2,"19":0},"14":{"0":1,"1":5,"2":5,"3":2,"4":0,"5":5,"6":5,"7":0,"8":5,"9":5,"10":5,"11":5,"12":5,"13":5,"14":0,"15":5,"16":0,"17":0,"18":2,"19":0},"15":{"0":5,"1":0,"2":5,"3":0,"4":4,"5":5,"6":0,"7":5,"8":0,"9":3,"10":2,"11":5,"12":5,"13":0,"14":5,"15":0,"16":0,"17":0,"18":0,"19":1},"16":{"0":5,"1":2,"2":5,"3":5,"4":5,"5":5,"6":5,"7":5,"8":5,"9":1,"10":5,"11":5,"12":0,"13":5,"14":5,"15":5,"16":0,"17":5,"18":2,"19":0},"17":{"0":5,"1":5,"2":2,"3":5,"4":5,"5":5,"6":5,"7":5,"8":5,"9":5,"10":5,"11":4,"12":5,"13":0,"14":5,"15":5,"16":5,"17":0,"18":0,"19":0},"18":{"0":5,"1":5,"2":0,"3":0,"4":5,"5":0,"6":5,"7":5,"8":5,"9":5,"10":5,"11":5,"12":0,"13":1,"14":0,"15":0,"16":2,"17":5,"18":0,"19":0},"19":{"0":5,"1":5,"2":5,"3":5,"4":5,"5":5,"6":5,"7":5,"8":5,"9":5,"10":5,"11":5,"12":5,"13":5,"14":5,"15":5,"16":5,"17":5,"18":5,"19":0}},"method":"hillside","closest_pair":[[0,2,1,5,4,3,6,8,7,11,9,15,12,10,18,13,14,17,16,19],[0,2,1,5,4,6,3,8,7,11,9,15,12,10,18,13,14,17,16,19]],"farthest_pair":[[0,2,1,5,4,3,8,6,7,11,9,12,10,15,18,13,14,17,16,19],[0,2,1,5,4,6,3,8,7,11,9,15,12,10,18,13,14,17,16,19]],"centroid_solution":[0,2,1,5,4,3,6,8,7,11,9,12,15,10,18,13,14,17,16,19]}