{"solutions":[[0,1,6,4,7,3,2,8,10,9,5,11,15,12,13,16,14,17,18,19],[0,1,4,6,7,3,2,8,10,9,5,11,15,12,13,16,14,17,18,19]],"obj":1090.0,"max_tau_solutions":null,"centroid_x":[[0.0,1.0,1.0,1.0,1.0,1.0,1.0,1.0,1.0,1.0,1.0,1.0,1.0,1.0,1.0,1.0,1.0,1.0,1.0,1.0],[0.0,0.0,1.0,1.0,1.0,1.0,1.0,1.0,1.0,1.0,1.0,1.0,1.0,1.0,1.0,1.0,1.0,1.0,1.0,1.0],[0.0,0.0,0.0,0.0,0.0,1.0,0.0,0.0,1.0,1.0,1.0,1.0,1.0,1.0,1.0,1.0,1.0,1.0,1.0,1.0],[0.0,0.0,1.0,0.0,0.0,1.0,0.0,0.0,1.0,1.0,1.0,1.0,1.0,1.0,1.0,1.0,1.0,1.0,1.0,1.0],[0.0,0.0,1.0,1.0,0.0,1.0,0.4917680329,1.0,1.0,1.0,1.0,1.0,1.0,1.0,1.0,1.0,1.0,1.0,1.0,1.0],[0.0,0.0,0.0,0.0,0.0,0.0,0.0,0.0,0.0,0.0,0.0,1.0,1.0,1.0,1.0,1.0,1.0,1.0,1.0,1.0],[0.0,0.0,1.0,1.0,0.5082319671,1.0,0.0,1.0,1.0,1.0,1.0,1.0,1.0,1.0,1.0,1.0,1.0,1.0,1.0,1.0],[0.0,0.0,1.0,1.0,0.0,1.0,0.0,0.0,1.0,1.0,1.0,1.0,1.0,1.0,1.0,1.0,1.0,1.0,1.0,1.0],[0.0,0.0,0.0,0.0,0.0,1.0,0.0,0.0,0.0,1.0,1.0,1.0,1.0,1.0,1.0,1.0,1.0,1.0,1.0,1.0],[0.0,0.0,0.0,0.0,0.0,1.0,0.0,0.0,0.0,0.0,0.0,1.0,1.0,1.0,1.0,1.0,1.0,1.0,1.0,1.0],[0.0,0.0,0.0,0.0,0.0,1.0,0.0,0.0,0.0,1.0,0.0,1.0,1.0,1.0,1.0,1.0,1.0,1.0,1.0,1.0],[0.0,0.0,0.0,0.0,0.0,0.0,0.0,0.0,0.0,0.0,0.0,0.0,1.0,1.0,1.0,1.0,1.0,1.0,1.0,1.0],[0.0,0.0,0.0,0.0,0.0,0.0,0.0,0.0,0.0,0.0,0.0,0.0,0.0,1.0,1.0,0.0,1.0,1.0,1.0,1.0],[0.0,0.0,0.0,0.0,0.0,0.0,0.0,0.0,0.0,0.0,0.0,0.0,0.0,0.0,1.0,0.0,1.0,1.0,1.0,1.0],[0.0,0.0,0.0,0.0,0.0,0.0,0.0,0.0,0.0,0.0,0.0,0.0,0.0,0.0,0.0,0.0,0.0,1.0,1.0,1.0],[0.0,0.0,0.0,0.0,0.0,0.0,0.0,0.0,0.0,0.0,0.0,0.0,1.0,1.0,1.0,0.0,1.0,1.0,1.0,1.0],[0.0,0.0,0.0,0.0,0.0,0.0,0.0,0.0,0.0,0.0,0.0,0.0,0.0,0.0,1.0,0.0,0.0,1.0,1.0,1.0],[0.0,0.0,0.0,0.0,0.0,0.0,0.0,0.0,0.0,0.0,0.0,0.0,0.0,0.0,0.0,0.0,0.0,0.0,1.0,1.0],[0.0,0.0,0.0,0.0,0.0,0.0,0.0,0.0,0.0,0.0,0.0,0.0,0.0,0.0,0.0,0.0,0.0,0.0,0.0,1.0],[0.0,0.0,0.0,0.0,0.0,0.0,0.0,0.0,0.0,0.0,0.0,0.0,0.0,0.0,0.0,0.0,0.0,0.0,0.0,0.0]],"outlier_solution":[0,1,4,6,7,3,2,8,10,9,5,11,15,12,13,16,14,17,18,19],"dataset_id":512,"source_dataset_id":559,"options":null,"D":{"0":{"0":0,"1":3,"2":0,"3":0,"4":0,"5":0,"6":0,"7":0,"8":0,"9":3,"10":2,"11":0,"12":0,"13":0,"14":5,"15":0,"16":1,"17":3,"18":2,"19":0},"1":{"0":5,"1":0,"2":0,"3":5,"4":0,"5":0,"6":0,"7":0,"8":0,"9":0,"10":0,"11":0,"12":0,"13":0,"14":0,"15":0,"16":5,"17":0,"18":0,"19":0},"2":{"0":5,"1":5,"2":0,"3":3,"4":0,"5":0,"6":2,"7":0,"8":0,"9":1,"10":0,"11":5,"12":0,"13":1,"14":5,"15":0,"16":0,"17":0,"18":0,"19":0},"3":{"0":5,"1":5,"2":1,"3":0,"4":5,"5":4,"6":0,"7":5,"8":0,"9":0,"10":0,"11":3,"12":0,"13":0,"14":3,"15":5,"16":0,"17":5,"18":0,"19":0},"4":{"0":5,"1":5,"2":0,"3":5,"4":0,"5":0,"6":0,"7":0,"8":0,"9":0,"10":0,"11":0,"12":0,"13":0,"14":0,"15":0,"16":0,"17":2,"18":0,"19":0},"5":{"0":5,"1":5,"2":5,"3":0,"4":5,"5":0,"6":0,"7":5,"8":0,"9":2,"10":4,"11":4,"12":4,"13":0,"14":2,"15":5,"16":0,"17":0,"18":2,"19":0},"6":{"0":5,"1":0,"2":5,"3":5,"4":0,"5":5,"6":0,"7":0,"8":2,"9":0,"10":1,"11":0,"12":0,"13":0,"14":0,"15":0,"16":0,"17":0,"18":0,"19":0},"7":{"0":5,"1":5,"2":5,"3":0,"4":1,"5":0,"6":2,"7":0,"8":0,"9":0,"10":0,"11":0,"12":0,"13":0,"14":0,"15":1,"16":0,"17":0,"18":0,"19":0},"8":{"0":1,"1":0,"2":0,"3":5,"4":5,"5":5,"6":5,"7":0,"8":0,"9":0,"10":0,"11":0,"12":1,"13":0,"14":0,"15":0,"16":0,"17":0,"18":0,"19":0},"9":{"0":5,"1":5,"2":5,"3":5,"4":5,"5":0,"6":5,"7":5,"8":5,"9":0,"10":0,"11":0,"12":0,"13":0,"14":0,"15":0,"16":0,"17":0,"18":0,"19":0},"10":{"0":5,"1":0,"2":4,"3":2,"4":3,"5":5,"6":5,"7":5,"8":4,"9":5,"10":0,"11":0,"12":5,"13":0,"14":0,"15":0,"16":1,"17":0,"18":0,"19":0},"11":{"0":5,"1":5,"2":1,"3":5,"4":5,"5":5,"6":5,"7":5,"8":5,"9":0,"10":1,"11":0,"12":0,"13":0,"14":0,"15":5,"16":0,"17":0,"18":0,"19":0},"12":{"0":0,"1":0,"2":5,"3":3,"4":5,"5":5,"6":5,"7":5,"8":5,"9":5,"10":5,"11":0,"12":0,"13":1,"14":0,"15":0,"16":0,"17":0,"18":0,"19":0},"13":{"0":5,"1":0,"2":5,"3":5,"4":5,"5":5,"6":0,"7":2,"8":3,"9":5,"10":5,"11":5,"12":0,"13":0,"14":0,"15":0,"16":3,"17":0,"18":0,"19":2},"14":{"0":5,"1":5,"2":1,"3":5,"4":5,"5":5,"6":5,"7":5,"8":5,"9":5,"10":5,"11":5,"12":5,"13":5,"14":0,"15":0,"16":0,"17":0,"18":0,"19":1},"15":{"0":5,"1":5,"2":3,"3":5,"4":0,"5":0,"6":5,"7":5,"8":2,"9":5,"10":4,"11":0,"12":5,"13":0,"14":0,"15":0,"16":2,"17":0,"18":0,"19":0},"16":{"0":5,"1":5,"2":0,"3":5,"4":5,"5":4,"6":5,"7":5,"8":5,"9":0,"10":5,"11":3,"12":0,"13":5,"14":5,"15":1,"16":0,"17":0,"18":0,"19":0},"17":{"0":5,"1":2,"2":5,"3":5,"4":5,"5":5,"6":5,"7":5,"8":1,"9":5,"10":5,"11":5,"12":5,"13":5,"14":3,"15":5,"16":0,"17":0,"18":0,"19":0},"18":{"0":5,"1":0,"2":5,"3":5,"4":0,"5":5,"6":5,"7":5,"8":5,"9":5,"10":5,"11":5,"12":5,"13":0,"14":5,"15":0,"16":5,"17":5,"18":0,"19":0},"19":{"0":5,"1":5,"2":5,"3":0,"4":5,"5":5,"6":5,"7":4,"8":5,"9":5,"10":5,"11":5,"12":5,"13":5,"14":0,"15":5,"16":2,"17":5,"18":5,"19":0}},"method":"hillside","closest_pair":[[0,1,4,6,7,3,2,8,10,9,5,11,15,12,13,16,14,17,18,19],[0,1,6,4,7,3,2,8,10,9,5,11,15,12,13,16,14,17,18,19]],"farthest_pair":[[0,1,6,4,7,3,2,8,10,9,5,11,15,12,13,16,14,17,18,19],[0,1,4,6,7,3,2,8,10,9,5,11,15,12,13,16,14,17,18,19]],"centroid_solution":[0,1,6,4,7,3,2,8,10,9,5,11,15,12,13,16,14,17,18,19]}