{"solutions":[[17,19,15,18,16,13,14,12,9,10,11,3,8,7,6,5,4,1,2,0],[17,19,15,18,16,13,14,12,9,10,11,3,7,8,6,5,4,1,2,0],[17,19,15,18,16,13,14,12,9,10,11,3,8,7,5,4,6,1,2,0],[17,19,15,18,16,13,14,12,9,10,11,3,7,8,5,6,4,1,2,0],[17,19,15,18,16,13,14,12,9,10,11,3,7,8,5,4,6,1,2,0],[17,19,15,18,16,13,14,12,9,10,11,3,8,7,5,6,4,1,2,0]],"obj":1073.0,"max_tau_solutions":null,"centroid_x":[[0.0,0.0,0.0,0.0,0.0,0.0,0.0,0.0,0.0,0.0,0.0,0.0,0.0,0.0,0.0,0.0,0.0,0.0,0.0,0.0],[1.0,0.0,1.0,0.0,0.0,0.0,0.0,0.0,0.0,0.0,0.0,0.0,0.0,0.0,0.0,0.0,0.0,0.0,0.0,0.0],[1.0,0.0,0.0,0.0,0.0,0.0,0.0,0.0,0.0,0.0,0.0,0.0,0.0,0.0,0.0,0.0,0.0,0.0,0.0,0.0],[1.0,1.0,1.0,0.0,1.0,1.0,1.0,1.0,1.0,0.0,0.0,0.0,0.0,0.0,0.0,0.0,0.0,0.0,0.0,0.0],[1.0,1.0,1.0,0.0,0.0,0.0,0.2980801606,0.0,0.0,0.0,0.0,0.0,0.0,0.0,0.0,0.0,0.0,0.0,0.0,0.0],[1.0,1.0,1.0,0.0,1.0,0.0,0.3976383232,0.0,0.0,0.0,0.0,0.0,0.0,0.0,0.0,0.0,0.0,0.0,0.0,0.0],[1.0,1.0,1.0,0.0,0.7019198394,0.6023616768,0.0,0.0,0.0,0.0,0.0,0.0,0.0,0.0,0.0,0.0,0.0,0.0,0.0,0.0],[1.0,1.0,1.0,0.0,1.0,1.0,1.0,0.0,0.3379426158,0.0,0.0,0.0,0.0,0.0,0.0,0.0,0.0,0.0,0.0,0.0],[1.0,1.0,1.0,0.0,1.0,1.0,1.0,0.6620573842,0.0,0.0,0.0,0.0,0.0,0.0,0.0,0.0,0.0,0.0,0.0,0.0],[1.0,1.0,1.0,1.0,1.0,1.0,1.0,1.0,1.0,0.0,1.0,1.0,0.0,0.0,0.0,0.0,0.0,0.0,0.0,0.0],[1.0,1.0,1.0,1.0,1.0,1.0,1.0,1.0,1.0,0.0,0.0,1.0,0.0,0.0,0.0,0.0,0.0,0.0,0.0,0.0],[1.0,1.0,1.0,1.0,1.0,1.0,1.0,1.0,1.0,0.0,0.0,0.0,0.0,0.0,0.0,0.0,0.0,0.0,0.0,0.0],[1.0,1.0,1.0,1.0,1.0,1.0,1.0,1.0,1.0,1.0,1.0,1.0,0.0,0.0,0.0,0.0,0.0,0.0,0.0,0.0],[1.0,1.0,1.0,1.0,1.0,1.0,1.0,1.0,1.0,1.0,1.0,1.0,1.0,0.0,1.0,0.0,0.0,0.0,0.0,0.0],[1.0,1.0,1.0,1.0,1.0,1.0,1.0,1.0,1.0,1.0,1.0,1.0,1.0,0.0,0.0,0.0,0.0,0.0,0.0,0.0],[1.0,1.0,1.0,1.0,1.0,1.0,1.0,1.0,1.0,1.0,1.0,1.0,1.0,1.0,1.0,0.0,1.0,0.0,1.0,0.0],[1.0,1.0,1.0,1.0,1.0,1.0,1.0,1.0,1.0,1.0,1.0,1.0,1.0,1.0,1.0,0.0,0.0,0.0,0.0,0.0],[1.0,1.0,1.0,1.0,1.0,1.0,1.0,1.0,1.0,1.0,1.0,1.0,1.0,1.0,1.0,1.0,1.0,0.0,1.0,1.0],[1.0,1.0,1.0,1.0,1.0,1.0,1.0,1.0,1.0,1.0,1.0,1.0,1.0,1.0,1.0,0.0,1.0,0.0,0.0,0.0],[1.0,1.0,1.0,1.0,1.0,1.0,1.0,1.0,1.0,1.0,1.0,1.0,1.0,1.0,1.0,1.0,1.0,0.0,1.0,0.0]],"outlier_solution":[17,19,15,18,16,13,14,12,9,10,11,3,7,8,5,4,6,1,2,0],"dataset_id":513,"source_dataset_id":560,"options":null,"D":{"0":{"0":0,"1":5,"2":0,"3":5,"4":5,"5":0,"6":4,"7":5,"8":5,"9":5,"10":5,"11":5,"12":5,"13":5,"14":5,"15":5,"16":5,"17":5,"18":5,"19":5},"1":{"0":4,"1":0,"2":1,"3":5,"4":5,"5":5,"6":1,"7":5,"8":5,"9":5,"10":2,"11":0,"12":5,"13":1,"14":0,"15":5,"16":5,"17":5,"18":0,"19":1},"2":{"0":0,"1":0,"2":0,"3":0,"4":1,"5":5,"6":5,"7":5,"8":5,"9":5,"10":4,"11":5,"12":5,"13":5,"14":5,"15":0,"16":5,"17":4,"18":5,"19":5},"3":{"0":0,"1":0,"2":0,"3":0,"4":5,"5":0,"6":5,"7":5,"8":0,"9":5,"10":1,"11":5,"12":5,"13":5,"14":0,"15":5,"16":0,"17":1,"18":5,"19":5},"4":{"0":0,"1":0,"2":4,"3":4,"4":0,"5":5,"6":5,"7":5,"8":1,"9":5,"10":5,"11":5,"12":2,"13":5,"14":5,"15":5,"16":0,"17":5,"18":5,"19":1},"5":{"0":0,"1":0,"2":2,"3":4,"4":0,"5":0,"6":5,"7":5,"8":5,"9":5,"10":5,"11":5,"12":5,"13":5,"14":5,"15":5,"16":0,"17":5,"18":3,"19":4},"6":{"0":0,"1":2,"2":0,"3":0,"4":0,"5":4,"6":0,"7":5,"8":5,"9":5,"10":5,"11":5,"12":3,"13":3,"14":5,"15":1,"16":5,"17":5,"18":5,"19":5},"7":{"0":2,"1":0,"2":4,"3":5,"4":0,"5":0,"6":4,"7":0,"8":5,"9":5,"10":5,"11":5,"12":5,"13":0,"14":5,"15":0,"16":5,"17":5,"18":5,"19":5},"8":{"0":0,"1":0,"2":0,"3":0,"4":0,"5":0,"6":0,"7":5,"8":0,"9":5,"10":5,"11":2,"12":5,"13":5,"14":5,"15":5,"16":5,"17":5,"18":4,"19":5},"9":{"0":0,"1":0,"2":0,"3":0,"4":5,"5":0,"6":0,"7":0,"8":0,"9":0,"10":5,"11":0,"12":5,"13":5,"14":5,"15":5,"16":5,"17":0,"18":3,"19":5},"10":{"0":0,"1":0,"2":0,"3":0,"4":0,"5":0,"6":0,"7":0,"8":1,"9":2,"10":0,"11":2,"12":5,"13":5,"14":5,"15":5,"16":5,"17":0,"18":4,"19":0},"11":{"0":0,"1":0,"2":0,"3":0,"4":0,"5":5,"6":0,"7":0,"8":0,"9":0,"10":0,"11":0,"12":5,"13":2,"14":5,"15":5,"16":5,"17":5,"18":5,"19":5},"12":{"0":0,"1":0,"2":0,"3":0,"4":2,"5":0,"6":0,"7":0,"8":0,"9":0,"10":1,"11":0,"12":0,"13":5,"14":0,"15":5,"16":5,"17":5,"18":0,"19":5},"13":{"0":0,"1":5,"2":0,"3":2,"4":0,"5":0,"6":0,"7":0,"8":0,"9":0,"10":0,"11":0,"12":0,"13":0,"14":1,"15":5,"16":0,"17":5,"18":4,"19":5},"14":{"0":0,"1":0,"2":0,"3":0,"4":0,"5":0,"6":0,"7":1,"8":0,"9":2,"10":0,"11":0,"12":0,"13":0,"14":0,"15":5,"16":5,"17":5,"18":5,"19":5},"15":{"0":1,"1":0,"2":0,"3":0,"4":0,"5":2,"6":0,"7":0,"8":0,"9":0,"10":5,"11":0,"12":0,"13":3,"14":0,"15":0,"16":5,"17":3,"18":0,"19":5},"16":{"0":0,"1":2,"2":0,"3":4,"4":0,"5":3,"6":0,"7":0,"8":0,"9":0,"10":0,"11":0,"12":0,"13":0,"14":0,"15":0,"16":0,"17":5,"18":5,"19":5},"17":{"0":0,"1":0,"2":0,"3":0,"4":0,"5":0,"6":0,"7":0,"8":0,"9":0,"10":0,"11":0,"12":0,"13":0,"14":0,"15":0,"16":0,"17":0,"18":5,"19":0},"18":{"0":0,"1":0,"2":0,"3":4,"4":5,"5":0,"6":0,"7":1,"8":0,"9":0,"10":5,"11":0,"12":0,"13":0,"14":0,"15":0,"16":0,"17":0,"18":0,"19":5},"19":{"0":0,"1":0,"2":0,"3":5,"4":0,"5":0,"6":0,"7":2,"8":0,"9":2,"10":2,"11":0,"12":0,"13":0,"14":0,"15":1,"16":0,"17":0,"18":0,"19":0}},"method":"hillside","closest_pair":[[17,19,15,18,16,13,14,12,9,10,11,3,7,8,6,5,4,1,2,0],[17,19,15,18,16,13,14,12,9,10,11,3,8,7,6,5,4,1,2,0]],"farthest_pair":[[17,19,15,18,16,13,14,12,9,10,11,3,8,7,5,4,6,1,2,0],[17,19,15,18,16,13,14,12,9,10,11,3,7,8,6,5,4,1,2,0]],"tau_farthest_pair":0.9684210526,"tau_closest_pair":0.9894736842,"centroid_solution":[17,19,15,18,16,13,14,12,9,10,11,3,8,7,6,5,4,1,2,0]}