{"solutions":[[1,2,5,0,6,3,8,4,9,13,7,17,16,11,12,10,15,14,19,18],[1,2,5,0,6,3,9,8,4,13,7,17,16,11,12,10,15,14,19,18],[1,2,0,5,3,6,8,4,9,13,7,17,16,11,12,10,15,14,19,18],[1,2,0,5,6,3,9,8,4,13,7,17,16,11,12,10,15,14,19,18],[1,2,0,6,5,3,9,8,4,13,7,17,16,11,12,10,15,14,19,18],[1,2,5,0,3,6,8,4,9,13,7,17,16,11,12,10,15,14,19,18],[1,2,0,6,5,3,8,4,9,13,7,17,16,11,12,10,15,14,19,18],[1,2,0,5,3,6,9,8,4,13,7,17,16,11,12,10,15,14,19,18],[1,2,0,5,6,3,8,4,9,13,7,17,16,11,12,10,15,14,19,18],[1,2,5,0,3,6,9,8,4,13,7,17,16,11,12,10,15,14,19,18]],"obj":1931.0,"max_tau_solutions":null,"centroid_x":[[0.0,0.0,0.0,1.0,1.0,0.5983178454,1.0,1.0,1.0,1.0,1.0,1.0,1.0,1.0,1.0,1.0,1.0,1.0,1.0,1.0],[1.0,0.0,1.0,1.0,1.0,1.0,1.0,1.0,1.0,1.0,1.0,1.0,1.0,1.0,1.0,1.0,1.0,1.0,1.0,1.0],[1.0,0.0,0.0,1.0,1.0,1.0,1.0,1.0,1.0,1.0,1.0,1.0,1.0,1.0,1.0,1.0,1.0,1.0,1.0,1.0],[0.0,0.0,0.0,0.0,1.0,0.0,0.4378774874,1.0,1.0,1.0,1.0,1.0,1.0,1.0,1.0,1.0,1.0,1.0,1.0,1.0],[0.0,0.0,0.0,0.0,0.0,0.0,0.0,1.0,0.0,0.4911150925,1.0,1.0,1.0,1.0,1.0,1.0,1.0,1.0,1.0,1.0],[0.4016821546,0.0,0.0,1.0,1.0,0.0,0.5828122151,1.0,1.0,1.0,1.0,1.0,1.0,1.0,1.0,1.0,1.0,1.0,1.0,1.0],[0.0,0.0,0.0,0.5621225126,1.0,0.4171877849,0.0,1.0,1.0,1.0,1.0,1.0,1.0,1.0,1.0,1.0,1.0,1.0,1.0,1.0],[0.0,0.0,0.0,0.0,0.0,0.0,0.0,0.0,0.0,0.0,1.0,1.0,1.0,0.0,1.0,1.0,1.0,1.0,1.0,1.0],[0.0,0.0,0.0,0.0,1.0,0.0,0.0,1.0,0.0,0.4911150921,1.0,1.0,1.0,1.0,1.0,1.0,1.0,1.0,1.0,1.0],[0.0,0.0,0.0,0.0,0.5088849075,0.0,0.0,1.0,0.5088849079,0.0,1.0,1.0,1.0,1.0,1.0,1.0,1.0,1.0,1.0,1.0],[0.0,0.0,0.0,0.0,0.0,0.0,0.0,0.0,0.0,0.0,0.0,0.0,0.0,0.0,1.0,1.0,0.0,0.0,1.0,1.0],[0.0,0.0,0.0,0.0,0.0,0.0,0.0,0.0,0.0,0.0,1.0,0.0,1.0,0.0,1.0,1.0,0.0,0.0,1.0,1.0],[0.0,0.0,0.0,0.0,0.0,0.0,0.0,0.0,0.0,0.0,1.0,0.0,0.0,0.0,1.0,1.0,0.0,0.0,1.0,1.0],[0.0,0.0,0.0,0.0,0.0,0.0,0.0,1.0,0.0,0.0,1.0,1.0,1.0,0.0,1.0,1.0,1.0,1.0,1.0,1.0],[0.0,0.0,0.0,0.0,0.0,0.0,0.0,0.0,0.0,0.0,0.0,0.0,0.0,0.0,0.0,0.0,0.0,0.0,1.0,1.0],[0.0,0.0,0.0,0.0,0.0,0.0,0.0,0.0,0.0,0.0,0.0,0.0,0.0,0.0,1.0,0.0,0.0,0.0,1.0,1.0],[0.0,0.0,0.0,0.0,0.0,0.0,0.0,0.0,0.0,0.0,1.0,1.0,1.0,0.0,1.0,1.0,0.0,0.0,1.0,1.0],[0.0,0.0,0.0,0.0,0.0,0.0,0.0,0.0,0.0,0.0,1.0,1.0,1.0,0.0,1.0,1.0,1.0,0.0,1.0,1.0],[0.0,0.0,0.0,0.0,0.0,0.0,0.0,0.0,0.0,0.0,0.0,0.0,0.0,0.0,0.0,0.0,0.0,0.0,0.0,0.0],[0.0,0.0,0.0,0.0,0.0,0.0,0.0,0.0,0.0,0.0,0.0,0.0,0.0,0.0,0.0,0.0,0.0,0.0,1.0,0.0]],"outlier_solution":[1,2,5,0,3,6,8,4,9,13,7,17,16,11,12,10,15,14,19,18],"dataset_id":518,"source_dataset_id":565,"options":null,"D":{"0":{"0":0,"1":2,"2":5,"3":4,"4":0,"5":4,"6":0,"7":0,"8":4,"9":0,"10":0,"11":0,"12":0,"13":0,"14":0,"15":0,"16":0,"17":4,"18":0,"19":3},"1":{"0":5,"1":0,"2":4,"3":0,"4":0,"5":0,"6":0,"7":4,"8":0,"9":1,"10":4,"11":0,"12":3,"13":5,"14":0,"15":0,"16":5,"17":0,"18":0,"19":4},"2":{"0":4,"1":2,"2":0,"3":0,"4":0,"5":3,"6":0,"7":0,"8":3,"9":1,"10":0,"11":2,"12":0,"13":0,"14":2,"15":4,"16":0,"17":3,"18":0,"19":0},"3":{"0":0,"1":5,"2":2,"3":0,"4":5,"5":4,"6":3,"7":0,"8":0,"9":0,"10":2,"11":2,"12":4,"13":1,"14":0,"15":4,"16":1,"17":4,"18":0,"19":5},"4":{"0":0,"1":5,"2":5,"3":5,"4":0,"5":4,"6":2,"7":0,"8":0,"9":0,"10":0,"11":0,"12":3,"13":5,"14":3,"15":5,"16":3,"17":0,"18":0,"19":0},"5":{"0":5,"1":5,"2":5,"3":5,"4":5,"5":0,"6":1,"7":2,"8":0,"9":0,"10":1,"11":0,"12":4,"13":4,"14":0,"15":0,"16":1,"17":0,"18":0,"19":3},"6":{"0":3,"1":3,"2":5,"3":2,"4":3,"5":5,"6":0,"7":2,"8":0,"9":5,"10":1,"11":0,"12":1,"13":4,"14":0,"15":1,"16":0,"17":0,"18":0,"19":0},"7":{"0":5,"1":5,"2":5,"3":2,"4":5,"5":3,"6":5,"7":0,"8":0,"9":0,"10":3,"11":2,"12":3,"13":3,"14":0,"15":0,"16":4,"17":0,"18":3,"19":5},"8":{"0":5,"1":0,"2":0,"3":5,"4":5,"5":5,"6":5,"7":5,"8":0,"9":5,"10":0,"11":5,"12":0,"13":0,"14":0,"15":0,"16":3,"17":0,"18":0,"19":2},"9":{"0":5,"1":5,"2":5,"3":2,"4":3,"5":5,"6":5,"7":3,"8":5,"9":0,"10":0,"11":0,"12":0,"13":0,"14":0,"15":0,"16":0,"17":3,"18":0,"19":0},"10":{"0":5,"1":5,"2":5,"3":0,"4":5,"5":5,"6":3,"7":5,"8":5,"9":5,"10":0,"11":5,"12":2,"13":2,"14":0,"15":0,"16":0,"17":3,"18":1,"19":0},"11":{"0":4,"1":4,"2":4,"3":5,"4":5,"5":5,"6":5,"7":0,"8":5,"9":0,"10":5,"11":0,"12":0,"13":1,"14":0,"15":1,"16":0,"17":0,"18":3,"19":0},"12":{"0":5,"1":5,"2":5,"3":5,"4":3,"5":5,"6":5,"7":5,"8":5,"9":5,"10":5,"11":0,"12":0,"13":0,"14":0,"15":3,"16":0,"17":1,"18":3,"19":0},"13":{"0":0,"1":5,"2":0,"3":1,"4":5,"5":4,"6":0,"7":5,"8":5,"9":0,"10":0,"11":5,"12":1,"13":0,"14":5,"15":0,"16":0,"17":1,"18":0,"19":3},"14":{"0":0,"1":5,"2":1,"3":5,"4":5,"5":5,"6":5,"7":4,"8":5,"9":5,"10":4,"11":1,"12":4,"13":5,"14":0,"15":2,"16":0,"17":5,"18":0,"19":0},"15":{"0":0,"1":5,"2":5,"3":5,"4":3,"5":5,"6":5,"7":1,"8":5,"9":2,"10":2,"11":2,"12":2,"13":0,"14":5,"15":0,"16":4,"17":5,"18":0,"19":1},"16":{"0":0,"1":2,"2":0,"3":1,"4":0,"5":5,"6":1,"7":0,"8":5,"9":5,"10":5,"11":5,"12":5,"13":0,"14":3,"15":5,"16":0,"17":0,"18":0,"19":0},"17":{"0":3,"1":3,"2":5,"3":5,"4":0,"5":4,"6":5,"7":5,"8":5,"9":0,"10":1,"11":0,"12":5,"13":0,"14":0,"15":5,"16":5,"17":0,"18":1,"19":0},"18":{"0":0,"1":5,"2":0,"3":5,"4":0,"5":0,"6":1,"7":5,"8":1,"9":5,"10":5,"11":5,"12":2,"13":0,"14":5,"15":5,"16":5,"17":5,"18":0,"19":3},"19":{"0":1,"1":5,"2":0,"3":5,"4":0,"5":5,"6":3,"7":5,"8":4,"9":5,"10":5,"11":5,"12":5,"13":5,"14":5,"15":5,"16":3,"17":5,"18":0,"19":0}},"method":"hillside","closest_pair":[[1,2,5,0,6,3,9,8,4,13,7,17,16,11,12,10,15,14,19,18],[1,2,0,5,6,3,9,8,4,13,7,17,16,11,12,10,15,14,19,18]],"farthest_pair":[[1,2,0,6,5,3,8,4,9,13,7,17,16,11,12,10,15,14,19,18],[1,2,5,0,3,6,9,8,4,13,7,17,16,11,12,10,15,14,19,18]],"tau_farthest_pair":0.9473684211,"tau_closest_pair":0.9894736842,"centroid_solution":[1,2,0,5,6,3,9,8,4,13,7,17,16,11,12,10,15,14,19,18]}