{"solutions":[[19,17,18,16,10,12,15,14,13,8,6,11,7,5,9,2,4,3,0,1],[19,17,18,16,10,12,15,14,13,8,6,11,9,7,2,5,4,3,0,1],[19,17,18,16,10,12,15,14,13,8,6,11,7,9,2,5,4,3,0,1],[19,17,18,16,10,12,15,14,13,8,6,11,5,9,7,2,4,3,0,1],[19,17,18,16,10,12,15,14,13,8,6,11,5,7,9,2,4,3,0,1]],"obj":1779.0,"max_tau_solutions":null,"centroid_x":[[0.0,1.0,0.0,0.0,0.0,0.0,0.0,0.0,0.0,0.0,0.0,0.0,0.0,0.0,0.0,0.0,0.0,0.0,0.0,0.0],[0.0,0.0,0.0,0.0,0.0,0.0,0.0,0.0,0.0,0.0,0.0,0.0,0.0,0.0,0.0,0.0,0.0,0.0,0.0,0.0],[1.0,1.0,0.0,1.0,1.0,0.4758801924,0.0,0.0,0.0,0.0,0.0,0.0,0.0,0.0,0.0,0.0,0.0,0.0,0.0,0.0],[1.0,1.0,0.0,0.0,0.0,0.0,0.0,0.0,0.0,0.0,0.0,0.0,0.0,0.0,0.0,0.0,0.0,0.0,0.0,0.0],[1.0,1.0,0.0,1.0,0.0,0.0,0.0,0.0,0.0,0.0,0.0,0.0,0.0,0.0,0.0,0.0,0.0,0.0,0.0,0.0],[1.0,1.0,0.5241198076,1.0,1.0,0.0,0.0,0.3094950963,0.0,0.5241198076,0.0,0.0,0.0,0.0,0.0,0.0,0.0,0.0,0.0,0.0],[1.0,1.0,1.0,1.0,1.0,1.0,0.0,1.0,0.0,1.0,0.0,1.0,0.0,0.0,0.0,0.0,0.0,0.0,0.0,0.0],[1.0,1.0,1.0,1.0,1.0,0.6905049037,0.0,0.0,0.0,0.4128862912,0.0,0.0,0.0,0.0,0.0,0.0,0.0,0.0,0.0,0.0],[1.0,1.0,1.0,1.0,1.0,1.0,1.0,1.0,0.0,1.0,0.0,1.0,0.0,0.0,0.0,0.0,0.0,0.0,0.0,0.0],[1.0,1.0,1.0,1.0,1.0,0.4758801924,0.0,0.5871137088,0.0,0.0,0.0,0.0,0.0,0.0,0.0,0.0,0.0,0.0,0.0,0.0],[1.0,1.0,1.0,1.0,1.0,1.0,1.0,1.0,1.0,1.0,0.0,1.0,1.0,1.0,1.0,1.0,0.0,0.0,0.0,0.0],[1.0,1.0,1.0,1.0,1.0,1.0,0.0,1.0,0.0,1.0,0.0,0.0,0.0,0.0,0.0,0.0,0.0,0.0,0.0,0.0],[1.0,1.0,1.0,1.0,1.0,1.0,1.0,1.0,1.0,1.0,0.0,1.0,0.0,1.0,1.0,1.0,0.0,0.0,0.0,0.0],[1.0,1.0,1.0,1.0,1.0,1.0,1.0,1.0,1.0,1.0,0.0,1.0,0.0,0.0,0.0,0.0,0.0,0.0,0.0,0.0],[1.0,1.0,1.0,1.0,1.0,1.0,1.0,1.0,1.0,1.0,0.0,1.0,0.0,1.0,0.0,0.0,0.0,0.0,0.0,0.0],[1.0,1.0,1.0,1.0,1.0,1.0,1.0,1.0,1.0,1.0,0.0,1.0,0.0,1.0,1.0,0.0,0.0,0.0,0.0,0.0],[1.0,1.0,1.0,1.0,1.0,1.0,1.0,1.0,1.0,1.0,1.0,1.0,1.0,1.0,1.0,1.0,0.0,0.0,0.0,0.0],[1.0,1.0,1.0,1.0,1.0,1.0,1.0,1.0,1.0,1.0,1.0,1.0,1.0,1.0,1.0,1.0,1.0,0.0,1.0,0.0],[1.0,1.0,1.0,1.0,1.0,1.0,1.0,1.0,1.0,1.0,1.0,1.0,1.0,1.0,1.0,1.0,1.0,0.0,0.0,0.0],[1.0,1.0,1.0,1.0,1.0,1.0,1.0,1.0,1.0,1.0,1.0,1.0,1.0,1.0,1.0,1.0,1.0,1.0,1.0,0.0]],"outlier_solution":[19,17,18,16,10,12,15,14,13,8,6,11,5,7,9,2,4,3,0,1],"dataset_id":524,"source_dataset_id":571,"options":null,"D":{"0":{"0":0,"1":5,"2":0,"3":3,"4":5,"5":4,"6":5,"7":2,"8":3,"9":0,"10":2,"11":1,"12":5,"13":4,"14":5,"15":0,"16":5,"17":1,"18":5,"19":5},"1":{"0":0,"1":0,"2":5,"3":5,"4":5,"5":5,"6":5,"7":5,"8":4,"9":5,"10":5,"11":1,"12":3,"13":0,"14":0,"15":3,"16":5,"17":4,"18":0,"19":5},"2":{"0":1,"1":0,"2":0,"3":0,"4":5,"5":5,"6":4,"7":0,"8":5,"9":4,"10":5,"11":3,"12":0,"13":5,"14":4,"15":5,"16":5,"17":1,"18":5,"19":2},"3":{"0":1,"1":0,"2":0,"3":0,"4":0,"5":0,"6":3,"7":2,"8":5,"9":5,"10":5,"11":0,"12":3,"13":0,"14":5,"15":5,"16":4,"17":4,"18":5,"19":2},"4":{"0":2,"1":5,"2":0,"3":0,"4":0,"5":5,"6":0,"7":5,"8":2,"9":5,"10":5,"11":5,"12":5,"13":2,"14":5,"15":3,"16":0,"17":5,"18":5,"19":5},"5":{"0":4,"1":5,"2":2,"3":0,"4":0,"5":0,"6":5,"7":2,"8":0,"9":5,"10":5,"11":4,"12":5,"13":0,"14":2,"15":0,"16":5,"17":5,"18":1,"19":5},"6":{"0":0,"1":0,"2":0,"3":0,"4":0,"5":3,"6":0,"7":2,"8":2,"9":5,"10":5,"11":3,"12":0,"13":4,"14":4,"15":5,"16":5,"17":2,"18":1,"19":5},"7":{"0":0,"1":0,"2":0,"3":0,"4":3,"5":2,"6":3,"7":0,"8":3,"9":3,"10":5,"11":2,"12":0,"13":0,"14":5,"15":5,"16":5,"17":1,"18":5,"19":5},"8":{"0":0,"1":0,"2":5,"3":0,"4":0,"5":0,"6":0,"7":0,"8":0,"9":5,"10":2,"11":5,"12":0,"13":2,"14":2,"15":5,"16":4,"17":5,"18":0,"19":5},"9":{"0":0,"1":5,"2":5,"3":0,"4":2,"5":5,"6":4,"7":2,"8":2,"9":0,"10":2,"11":5,"12":5,"13":0,"14":5,"15":5,"16":5,"17":5,"18":1,"19":1},"10":{"0":0,"1":0,"2":0,"3":0,"4":0,"5":1,"6":2,"7":0,"8":0,"9":0,"10":0,"11":0,"12":5,"13":5,"14":4,"15":2,"16":2,"17":0,"18":5,"19":3},"11":{"0":1,"1":0,"2":3,"3":0,"4":2,"5":0,"6":0,"7":0,"8":0,"9":0,"10":5,"11":0,"12":5,"13":0,"14":5,"15":5,"16":5,"17":5,"18":5,"19":0},"12":{"0":0,"1":0,"2":5,"3":0,"4":1,"5":0,"6":0,"7":0,"8":0,"9":0,"10":0,"11":5,"12":0,"13":5,"14":0,"15":2,"16":2,"17":5,"18":5,"19":5},"13":{"0":0,"1":0,"2":0,"3":0,"4":0,"5":0,"6":0,"7":0,"8":0,"9":3,"10":1,"11":3,"12":5,"13":0,"14":5,"15":4,"16":5,"17":5,"18":0,"19":5},"14":{"0":0,"1":0,"2":3,"3":1,"4":2,"5":2,"6":0,"7":0,"8":0,"9":0,"10":0,"11":0,"12":0,"13":3,"14":0,"15":2,"16":4,"17":5,"18":5,"19":5},"15":{"0":3,"1":0,"2":0,"3":1,"4":1,"5":0,"6":4,"7":5,"8":5,"9":2,"10":0,"11":0,"12":2,"13":0,"14":0,"15":0,"16":3,"17":5,"18":5,"19":2},"16":{"0":3,"1":4,"2":0,"3":0,"4":2,"5":5,"6":1,"7":0,"8":5,"9":0,"10":1,"11":0,"12":0,"13":1,"14":0,"15":0,"16":0,"17":3,"18":0,"19":0},"17":{"0":0,"1":0,"2":0,"3":0,"4":3,"5":0,"6":0,"7":0,"8":0,"9":0,"10":0,"11":0,"12":0,"13":0,"14":0,"15":2,"16":1,"17":0,"18":5,"19":5},"18":{"0":0,"1":2,"2":3,"3":5,"4":0,"5":0,"6":0,"7":1,"8":3,"9":0,"10":0,"11":0,"12":2,"13":4,"14":2,"15":0,"16":0,"17":2,"18":0,"19":4},"19":{"0":0,"1":0,"2":1,"3":0,"4":0,"5":1,"6":0,"7":2,"8":4,"9":0,"10":0,"11":4,"12":0,"13":0,"14":0,"15":0,"16":0,"17":0,"18":0,"19":0}},"method":"hillside","closest_pair":[[19,17,18,16,10,12,15,14,13,8,6,11,7,9,2,5,4,3,0,1],[19,17,18,16,10,12,15,14,13,8,6,11,9,7,2,5,4,3,0,1]],"farthest_pair":[[19,17,18,16,10,12,15,14,13,8,6,11,5,7,9,2,4,3,0,1],[19,17,18,16,10,12,15,14,13,8,6,11,9,7,2,5,4,3,0,1]],"tau_farthest_pair":0.9578947368,"tau_closest_pair":0.9894736842,"centroid_solution":[19,17,18,16,10,12,15,14,13,8,6,11,9,7,2,5,4,3,0,1]}