{"solutions":[[14,19,13,18,9,12,15,16,11,17,6,8,0,10,7,5,4,2,1,3],[18,14,19,9,12,13,15,16,11,17,6,8,0,10,7,5,4,2,1,3],[18,14,19,13,9,12,15,16,11,17,6,8,0,10,7,5,4,2,1,3]],"obj":2102.0,"max_tau_solutions":null,"centroid_x":[[0.0,1.0,1.0,1.0,1.0,1.0,0.0,1.0,0.0,0.0,1.0,0.0,0.0,0.0,0.0,0.0,0.0,0.0,0.0,0.0],[0.0,0.0,0.0,1.0,0.0,0.0,0.0,0.0,0.0,0.0,0.0,0.0,0.0,0.0,0.0,0.0,0.0,0.0,0.0,0.0],[0.0,1.0,0.0,1.0,0.0,0.0,0.0,0.0,0.0,0.0,0.0,0.0,0.0,0.0,0.0,0.0,0.0,0.0,0.0,0.0],[0.0,0.0,0.0,0.0,0.0,0.0,0.0,0.0,0.0,0.0,0.0,0.0,0.0,0.0,0.0,0.0,0.0,0.0,0.0,0.0],[0.0,1.0,1.0,1.0,0.0,0.0,0.0,0.0,0.0,0.0,0.0,0.0,0.0,0.0,0.0,0.0,0.0,0.0,0.0,0.0],[0.0,1.0,1.0,1.0,1.0,0.0,0.0,0.0,0.0,0.0,0.0,0.0,0.0,0.0,0.0,0.0,0.0,0.0,0.0,0.0],[1.0,1.0,1.0,1.0,1.0,1.0,0.0,1.0,1.0,0.0,1.0,0.0,0.0,0.0,0.0,0.0,0.0,0.0,0.0,0.0],[0.0,1.0,1.0,1.0,1.0,1.0,0.0,0.0,0.0,0.0,0.0,0.0,0.0,0.0,0.0,0.0,0.0,0.0,0.0,0.0],[1.0,1.0,1.0,1.0,1.0,1.0,0.0,1.0,0.0,0.0,1.0,0.0,0.0,0.0,0.0,0.0,0.0,0.0,0.0,0.0],[1.0,1.0,1.0,1.0,1.0,1.0,1.0,1.0,1.0,0.0,1.0,1.0,1.0,0.2941359748,0.0,1.0,1.0,1.0,0.0,0.0],[0.0,1.0,1.0,1.0,1.0,1.0,0.0,1.0,0.0,0.0,0.0,0.0,0.0,0.0,0.0,0.0,0.0,0.0,0.0,0.0],[1.0,1.0,1.0,1.0,1.0,1.0,1.0,1.0,1.0,0.0,1.0,0.0,0.0,0.0,0.0,0.0,0.0,1.0,0.0,0.0],[1.0,1.0,1.0,1.0,1.0,1.0,1.0,1.0,1.0,0.0,1.0,1.0,0.0,0.2941359748,0.0,1.0,1.0,1.0,0.0,0.0],[1.0,1.0,1.0,1.0,1.0,1.0,1.0,1.0,1.0,0.7058640252,1.0,1.0,0.7058640252,0.0,0.0,1.0,1.0,1.0,0.4361196668,0.0],[1.0,1.0,1.0,1.0,1.0,1.0,1.0,1.0,1.0,1.0,1.0,1.0,1.0,1.0,0.0,1.0,1.0,1.0,0.4361196666,1.0],[1.0,1.0,1.0,1.0,1.0,1.0,1.0,1.0,1.0,0.0,1.0,1.0,0.0,0.0,0.0,0.0,1.0,1.0,0.0,0.0],[1.0,1.0,1.0,1.0,1.0,1.0,1.0,1.0,1.0,0.0,1.0,1.0,0.0,0.0,0.0,0.0,0.0,1.0,0.0,0.0],[1.0,1.0,1.0,1.0,1.0,1.0,1.0,1.0,1.0,0.0,1.0,0.0,0.0,0.0,0.0,0.0,0.0,0.0,0.0,0.0],[1.0,1.0,1.0,1.0,1.0,1.0,1.0,1.0,1.0,1.0,1.0,1.0,1.0,0.5638803332,0.5638803334,1.0,1.0,1.0,0.0,0.5638803332],[1.0,1.0,1.0,1.0,1.0,1.0,1.0,1.0,1.0,1.0,1.0,1.0,1.0,1.0,0.0,1.0,1.0,1.0,0.4361196668,0.0]],"outlier_solution":[18,14,19,9,12,13,15,16,11,17,6,8,0,10,7,5,4,2,1,3],"dataset_id":526,"source_dataset_id":573,"options":null,"D":{"0":{"0":0,"1":5,"2":0,"3":1,"4":2,"5":5,"6":5,"7":0,"8":0,"9":2,"10":4,"11":2,"12":2,"13":5,"14":0,"15":2,"16":1,"17":1,"18":5,"19":0},"1":{"0":0,"1":0,"2":5,"3":5,"4":0,"5":5,"6":2,"7":5,"8":5,"9":5,"10":5,"11":3,"12":0,"13":5,"14":2,"15":4,"16":4,"17":0,"18":5,"19":0},"2":{"0":0,"1":0,"2":0,"3":0,"4":1,"5":5,"6":5,"7":5,"8":3,"9":3,"10":0,"11":5,"12":5,"13":1,"14":5,"15":4,"16":0,"17":4,"18":5,"19":5},"3":{"0":1,"1":5,"2":2,"3":0,"4":5,"5":0,"6":4,"7":0,"8":2,"9":5,"10":3,"11":5,"12":5,"13":2,"14":5,"15":0,"16":5,"17":0,"18":5,"19":4},"4":{"0":0,"1":1,"2":4,"3":3,"4":0,"5":4,"6":5,"7":1,"8":5,"9":5,"10":0,"11":5,"12":5,"13":5,"14":1,"15":0,"16":0,"17":5,"18":3,"19":0},"5":{"0":0,"1":0,"2":0,"3":2,"4":0,"5":0,"6":5,"7":5,"8":5,"9":0,"10":5,"11":2,"12":4,"13":0,"14":5,"15":5,"16":2,"17":5,"18":3,"19":5},"6":{"0":5,"1":0,"2":0,"3":0,"4":4,"5":0,"6":0,"7":1,"8":5,"9":4,"10":5,"11":5,"12":5,"13":5,"14":0,"15":2,"16":1,"17":2,"18":5,"19":5},"7":{"0":0,"1":0,"2":0,"3":0,"4":0,"5":5,"6":4,"7":0,"8":4,"9":5,"10":1,"11":4,"12":0,"13":2,"14":5,"15":2,"16":5,"17":5,"18":0,"19":2},"8":{"0":2,"1":0,"2":0,"3":0,"4":0,"5":0,"6":4,"7":0,"8":0,"9":5,"10":5,"11":5,"12":5,"13":0,"14":1,"15":0,"16":1,"17":0,"18":5,"19":1},"9":{"0":5,"1":0,"2":0,"3":0,"4":0,"5":1,"6":4,"7":0,"8":1,"9":0,"10":3,"11":2,"12":0,"13":5,"14":5,"15":4,"16":4,"17":1,"18":2,"19":1},"10":{"0":4,"1":5,"2":5,"3":0,"4":0,"5":0,"6":4,"7":0,"8":1,"9":0,"10":0,"11":5,"12":5,"13":5,"14":5,"15":2,"16":5,"17":2,"18":5,"19":4},"11":{"0":3,"1":0,"2":4,"3":0,"4":0,"5":3,"6":0,"7":2,"8":0,"9":0,"10":3,"11":0,"12":5,"13":0,"14":5,"15":5,"16":5,"17":0,"18":5,"19":0},"12":{"0":0,"1":3,"2":0,"3":5,"4":0,"5":1,"6":0,"7":0,"8":2,"9":1,"10":0,"11":0,"12":0,"13":5,"14":5,"15":5,"16":5,"17":2,"18":2,"19":1},"13":{"0":0,"1":0,"2":0,"3":0,"4":3,"5":0,"6":4,"7":2,"8":0,"9":2,"10":0,"11":0,"12":0,"13":0,"14":5,"15":5,"16":1,"17":5,"18":2,"19":5},"14":{"0":4,"1":0,"2":0,"3":0,"4":0,"5":0,"6":0,"7":3,"8":3,"9":3,"10":0,"11":0,"12":0,"13":4,"14":0,"15":5,"16":5,"17":0,"18":1,"19":0},"15":{"0":2,"1":0,"2":2,"3":0,"4":2,"5":3,"6":3,"7":0,"8":0,"9":3,"10":3,"11":0,"12":0,"13":0,"14":0,"15":0,"16":5,"17":4,"18":5,"19":5},"16":{"0":3,"1":5,"2":4,"3":2,"4":0,"5":2,"6":5,"7":0,"8":0,"9":0,"10":0,"11":0,"12":3,"13":0,"14":0,"15":5,"16":0,"17":5,"18":5,"19":2},"17":{"0":5,"1":0,"2":0,"3":0,"4":1,"5":0,"6":2,"7":0,"8":0,"9":3,"10":4,"11":2,"12":1,"13":0,"14":0,"15":5,"16":0,"17":0,"18":0,"19":5},"18":{"0":0,"1":0,"2":4,"3":0,"4":4,"5":0,"6":5,"7":4,"8":0,"9":2,"10":0,"11":4,"12":1,"13":5,"14":0,"15":0,"16":1,"17":0,"18":0,"19":5},"19":{"0":0,"1":0,"2":2,"3":0,"4":2,"5":0,"6":0,"7":0,"8":5,"9":0,"10":0,"11":3,"12":4,"13":0,"14":0,"15":2,"16":0,"17":0,"18":0,"19":0}},"method":"hillside","closest_pair":[[18,14,19,9,12,13,15,16,11,17,6,8,0,10,7,5,4,2,1,3],[18,14,19,13,9,12,15,16,11,17,6,8,0,10,7,5,4,2,1,3]],"farthest_pair":[[18,14,19,9,12,13,15,16,11,17,6,8,0,10,7,5,4,2,1,3],[14,19,13,18,9,12,15,16,11,17,6,8,0,10,7,5,4,2,1,3]],"tau_farthest_pair":0.9473684211,"tau_closest_pair":0.9789473684,"centroid_solution":[18,14,19,13,9,12,15,16,11,17,6,8,0,10,7,5,4,2,1,3]}