{"solutions":[[19,18,15,17,11,16,13,14,10,9,12,4,6,8,7,3,5,2,0,1],[19,18,15,17,11,16,13,14,9,10,12,4,6,8,7,3,5,2,0,1],[19,18,15,17,11,16,13,14,10,9,12,6,4,8,7,3,5,2,0,1],[19,18,15,17,11,16,13,14,9,10,12,6,4,8,7,3,5,2,0,1]],"obj":1762.0,"max_tau_solutions":null,"centroid_x":[[0.0,1.0,0.0,0.0,0.0,0.0,0.0,0.0,0.0,0.0,0.0,0.0,0.0,0.0,0.0,0.0,0.0,0.0,0.0,0.0],[0.0,0.0,0.0,0.0,0.0,0.0,0.0,0.0,0.0,0.0,0.0,0.0,0.0,0.0,0.0,0.0,0.0,0.0,0.0,0.0],[1.0,1.0,0.0,0.0,0.0,0.0,0.0,0.0,0.0,0.0,0.0,0.0,0.0,0.0,0.0,0.0,0.0,0.0,0.0,0.0],[1.0,1.0,1.0,0.0,0.0,1.0,0.0,0.0,0.0,0.0,0.0,0.0,0.0,0.0,0.0,0.0,0.0,0.0,0.0,0.0],[1.0,1.0,1.0,1.0,0.0,1.0,0.3043843595,1.0,1.0,0.0,0.0,0.0,0.0,0.0,0.0,0.0,0.0,0.0,0.0,0.0],[1.0,1.0,1.0,0.0,0.0,0.0,0.0,0.0,0.0,0.0,0.0,0.0,0.0,0.0,0.0,0.0,0.0,0.0,0.0,0.0],[1.0,1.0,1.0,1.0,0.6956156405,1.0,0.0,1.0,1.0,0.0,0.0,0.0,0.0,0.0,0.0,0.0,0.0,0.0,0.0,0.0],[1.0,1.0,1.0,1.0,0.0,1.0,0.0,0.0,0.0,0.0,0.0,0.0,0.0,0.0,0.0,0.0,0.0,0.0,0.0,0.0],[1.0,1.0,1.0,1.0,0.0,1.0,0.0,1.0,0.0,0.0,0.0,0.0,0.0,0.0,0.0,0.0,0.0,0.0,0.0,0.0],[1.0,1.0,1.0,1.0,1.0,1.0,1.0,1.0,1.0,0.0,0.3561138175,0.0,1.0,0.0,0.0,0.0,0.0,0.0,0.0,0.0],[1.0,1.0,1.0,1.0,1.0,1.0,1.0,1.0,1.0,0.6438861825,0.0,0.0,1.0,0.0,0.0,0.0,0.0,0.0,0.0,0.0],[1.0,1.0,1.0,1.0,1.0,1.0,1.0,1.0,1.0,1.0,1.0,0.0,1.0,1.0,1.0,0.0,1.0,0.0,0.0,0.0],[1.0,1.0,1.0,1.0,1.0,1.0,1.0,1.0,1.0,0.0,0.0,0.0,0.0,0.0,0.0,0.0,0.0,0.0,0.0,0.0],[1.0,1.0,1.0,1.0,1.0,1.0,1.0,1.0,1.0,1.0,1.0,0.0,1.0,0.0,1.0,0.0,0.0,0.0,0.0,0.0],[1.0,1.0,1.0,1.0,1.0,1.0,1.0,1.0,1.0,1.0,1.0,0.0,1.0,0.0,0.0,0.0,0.0,0.0,0.0,0.0],[1.0,1.0,1.0,1.0,1.0,1.0,1.0,1.0,1.0,1.0,1.0,1.0,1.0,1.0,1.0,0.0,1.0,1.0,0.0,0.0],[1.0,1.0,1.0,1.0,1.0,1.0,1.0,1.0,1.0,1.0,1.0,0.0,1.0,1.0,1.0,0.0,0.0,0.0,0.0,0.0],[1.0,1.0,1.0,1.0,1.0,1.0,1.0,1.0,1.0,1.0,1.0,1.0,1.0,1.0,1.0,0.0,1.0,0.0,0.0,0.0],[1.0,1.0,1.0,1.0,1.0,1.0,1.0,1.0,1.0,1.0,1.0,1.0,1.0,1.0,1.0,1.0,1.0,1.0,0.0,0.0],[1.0,1.0,1.0,1.0,1.0,1.0,1.0,1.0,1.0,1.0,1.0,1.0,1.0,1.0,1.0,1.0,1.0,1.0,1.0,0.0]],"outlier_solution":[19,18,15,17,11,16,13,14,9,10,12,4,6,8,7,3,5,2,0,1],"dataset_id":528,"source_dataset_id":575,"options":null,"D":{"0":{"0":0,"1":0,"2":0,"3":3,"4":5,"5":4,"6":2,"7":1,"8":5,"9":5,"10":3,"11":5,"12":0,"13":3,"14":1,"15":5,"16":4,"17":2,"18":1,"19":5},"1":{"0":2,"1":0,"2":5,"3":5,"4":5,"5":3,"6":5,"7":5,"8":5,"9":5,"10":5,"11":0,"12":5,"13":4,"14":5,"15":5,"16":5,"17":5,"18":5,"19":5},"2":{"0":0,"1":5,"2":0,"3":1,"4":4,"5":3,"6":5,"7":4,"8":0,"9":5,"10":5,"11":5,"12":0,"13":5,"14":5,"15":1,"16":5,"17":5,"18":5,"19":5},"3":{"0":0,"1":3,"2":0,"3":0,"4":3,"5":5,"6":5,"7":2,"8":5,"9":1,"10":0,"11":5,"12":0,"13":5,"14":5,"15":0,"16":5,"17":3,"18":2,"19":5},"4":{"0":0,"1":0,"2":0,"3":0,"4":0,"5":0,"6":1,"7":4,"8":0,"9":0,"10":5,"11":5,"12":3,"13":5,"14":0,"15":3,"16":2,"17":5,"18":1,"19":2},"5":{"0":0,"1":0,"2":4,"3":0,"4":3,"5":0,"6":5,"7":5,"8":2,"9":5,"10":0,"11":5,"12":2,"13":5,"14":0,"15":5,"16":0,"17":5,"18":5,"19":5},"6":{"0":0,"1":0,"2":0,"3":4,"4":0,"5":0,"6":0,"7":0,"8":5,"9":3,"10":3,"11":2,"12":1,"13":4,"14":5,"15":5,"16":5,"17":0,"18":1,"19":5},"7":{"0":4,"1":0,"2":0,"3":5,"4":3,"5":4,"6":1,"7":0,"8":2,"9":3,"10":5,"11":0,"12":5,"13":0,"14":3,"15":5,"16":5,"17":3,"18":0,"19":5},"8":{"0":1,"1":0,"2":4,"3":1,"4":1,"5":3,"6":4,"7":5,"8":0,"9":5,"10":5,"11":5,"12":3,"13":2,"14":1,"15":5,"16":0,"17":1,"18":5,"19":4},"9":{"0":0,"1":0,"2":0,"3":0,"4":2,"5":0,"6":0,"7":4,"8":0,"9":0,"10":5,"11":5,"12":5,"13":3,"14":3,"15":5,"16":5,"17":5,"18":5,"19":5},"10":{"0":5,"1":0,"2":3,"3":1,"4":0,"5":0,"6":0,"7":2,"8":0,"9":0,"10":0,"11":5,"12":5,"13":2,"14":0,"15":5,"16":0,"17":2,"18":5,"19":5},"11":{"0":0,"1":0,"2":0,"3":0,"4":0,"5":0,"6":0,"7":0,"8":0,"9":2,"10":0,"11":0,"12":1,"13":5,"14":5,"15":5,"16":1,"17":5,"18":4,"19":5},"12":{"0":0,"1":1,"2":4,"3":0,"4":0,"5":4,"6":0,"7":1,"8":4,"9":0,"10":4,"11":0,"12":0,"13":1,"14":5,"15":3,"16":5,"17":1,"18":2,"19":1},"13":{"0":0,"1":5,"2":0,"3":5,"4":2,"5":1,"6":0,"7":0,"8":0,"9":3,"10":1,"11":3,"12":0,"13":0,"14":5,"15":0,"16":1,"17":5,"18":5,"19":2},"14":{"0":0,"1":0,"2":4,"3":0,"4":5,"5":4,"6":3,"7":0,"8":0,"9":4,"10":0,"11":0,"12":0,"13":0,"14":0,"15":0,"16":4,"17":0,"18":5,"19":5},"15":{"0":0,"1":0,"2":3,"3":0,"4":0,"5":0,"6":0,"7":0,"8":0,"9":0,"10":0,"11":1,"12":3,"13":1,"14":0,"15":0,"16":4,"17":5,"18":4,"19":2},"16":{"0":3,"1":0,"2":5,"3":0,"4":0,"5":0,"6":5,"7":0,"8":4,"9":3,"10":0,"11":2,"12":0,"13":0,"14":1,"15":1,"16":0,"17":0,"18":5,"19":5},"17":{"0":0,"1":2,"2":4,"3":0,"4":0,"5":0,"6":0,"7":5,"8":1,"9":0,"10":3,"11":4,"12":0,"13":4,"14":3,"15":0,"16":0,"17":0,"18":3,"19":5},"18":{"0":0,"1":5,"2":0,"3":3,"4":5,"5":0,"6":0,"7":0,"8":0,"9":3,"10":2,"11":0,"12":0,"13":3,"14":0,"15":0,"16":0,"17":5,"18":0,"19":0},"19":{"0":2,"1":2,"2":0,"3":0,"4":0,"5":1,"6":0,"7":0,"8":0,"9":4,"10":0,"11":0,"12":0,"13":0,"14":0,"15":0,"16":0,"17":1,"18":0,"19":0}},"method":"hillside","closest_pair":[[19,18,15,17,11,16,13,14,9,10,12,6,4,8,7,3,5,2,0,1],[19,18,15,17,11,16,13,14,10,9,12,6,4,8,7,3,5,2,0,1]],"farthest_pair":[[19,18,15,17,11,16,13,14,10,9,12,6,4,8,7,3,5,2,0,1],[19,18,15,17,11,16,13,14,9,10,12,4,6,8,7,3,5,2,0,1]],"tau_farthest_pair":0.9789473684,"tau_closest_pair":0.9894736842,"centroid_solution":[19,18,15,17,11,16,13,14,10,9,12,6,4,8,7,3,5,2,0,1]}