{"solutions":[[19,18,13,14,16,12,11,17,8,10,9,15,2,3,6,7,5,4,0,1],[19,18,14,16,13,12,11,17,8,10,9,15,2,3,6,7,5,0,1,4],[19,18,14,13,12,16,11,17,8,10,9,15,2,3,6,7,5,4,0,1],[19,18,13,14,16,12,11,17,8,10,9,15,2,3,6,7,5,0,1,4],[19,18,13,14,12,16,11,17,8,10,9,15,2,3,6,7,5,0,1,4],[19,18,14,13,12,11,16,17,8,10,9,15,2,3,6,7,5,0,1,4],[19,18,14,16,13,12,11,17,8,10,9,15,2,3,6,7,5,4,0,1],[19,18,13,14,12,11,16,17,8,10,9,15,2,3,6,7,5,0,1,4],[19,18,14,13,16,12,11,17,8,10,9,15,2,3,6,7,5,0,1,4],[19,18,13,14,12,16,11,17,8,10,9,15,2,3,6,7,5,4,0,1],[19,18,13,14,12,11,16,17,8,10,9,15,2,3,6,7,5,4,0,1],[19,18,14,13,16,12,11,17,8,10,9,15,2,3,6,7,5,4,0,1],[19,18,14,13,12,16,11,17,8,10,9,15,2,3,6,7,5,0,1,4],[19,18,14,13,12,11,16,17,8,10,9,15,2,3,6,7,5,4,0,1]],"obj":1742.0,"max_tau_solutions":null,"centroid_x":[[0.0,1.0,0.0,0.0,0.3896045564,0.0,0.0,0.0,0.0,0.0,0.0,0.0,0.0,0.0,0.0,0.0,0.0,0.0,0.0,0.0],[0.0,0.0,0.0,0.0,0.3896045564,0.0,0.0,0.0,0.0,0.0,0.0,0.0,0.0,0.0,0.0,0.0,0.0,0.0,0.0,0.0],[1.0,1.0,0.0,1.0,1.0,1.0,1.0,1.0,0.0,0.0,0.0,0.0,0.0,0.0,0.0,0.0,0.0,0.0,0.0,0.0],[1.0,1.0,0.0,0.0,1.0,1.0,1.0,1.0,0.0,0.0,0.0,0.0,0.0,0.0,0.0,0.0,0.0,0.0,0.0,0.0],[0.6103954436,0.6103954436,0.0,0.0,0.0,0.0,0.0,0.0,0.0,0.0,0.0,0.0,0.0,0.0,0.0,0.0,0.0,0.0,0.0,0.0],[1.0,1.0,0.0,0.0,1.0,0.0,0.0,0.0,0.0,0.0,0.0,0.0,0.0,0.0,0.0,0.0,0.0,0.0,0.0,0.0],[1.0,1.0,0.0,0.0,1.0,1.0,0.0,1.0,0.0,0.0,0.0,0.0,0.0,0.0,0.0,0.0,0.0,0.0,0.0,0.0],[1.0,1.0,0.0,0.0,1.0,1.0,0.0,0.0,0.0,0.0,0.0,0.0,0.0,0.0,0.0,0.0,0.0,0.0,0.0,0.0],[1.0,1.0,1.0,1.0,1.0,1.0,1.0,1.0,0.0,1.0,1.0,0.0,0.0,0.0,0.0,1.0,0.0,0.0,0.0,0.0],[1.0,1.0,1.0,1.0,1.0,1.0,1.0,1.0,0.0,0.0,0.0,0.0,0.0,0.0,0.0,1.0,0.0,0.0,0.0,0.0],[1.0,1.0,1.0,1.0,1.0,1.0,1.0,1.0,0.0,1.0,0.0,0.0,0.0,0.0,0.0,1.0,0.0,0.0,0.0,0.0],[1.0,1.0,1.0,1.0,1.0,1.0,1.0,1.0,1.0,1.0,1.0,0.0,0.0,0.0,0.0,1.0,0.2765942951,1.0,0.0,0.0],[1.0,1.0,1.0,1.0,1.0,1.0,1.0,1.0,1.0,1.0,1.0,1.0,0.0,0.0,0.0,1.0,0.3508095842,1.0,0.0,0.0],[1.0,1.0,1.0,1.0,1.0,1.0,1.0,1.0,1.0,1.0,1.0,1.0,1.0,0.0,0.1261081776,1.0,0.4327916785,1.0,0.0,0.0],[1.0,1.0,1.0,1.0,1.0,1.0,1.0,1.0,1.0,1.0,1.0,1.0,1.0,0.8738918224,0.0,1.0,1.0,1.0,0.0,0.0],[1.0,1.0,1.0,1.0,1.0,1.0,1.0,1.0,0.0,0.0,0.0,0.0,0.0,0.0,0.0,0.0,0.0,0.0,0.0,0.0],[1.0,1.0,1.0,1.0,1.0,1.0,1.0,1.0,1.0,1.0,1.0,0.7234057049,0.6491904158,0.5672083215,0.0,1.0,0.0,1.0,0.0,0.0],[1.0,1.0,1.0,1.0,1.0,1.0,1.0,1.0,1.0,1.0,1.0,0.0,0.0,0.0,0.0,1.0,0.0,0.0,0.0,0.0],[1.0,1.0,1.0,1.0,1.0,1.0,1.0,1.0,1.0,1.0,1.0,1.0,1.0,1.0,1.0,1.0,1.0,1.0,0.0,0.0],[1.0,1.0,1.0,1.0,1.0,1.0,1.0,1.0,1.0,1.0,1.0,1.0,1.0,1.0,1.0,1.0,1.0,1.0,1.0,0.0]],"outlier_solution":[19,18,13,14,12,11,16,17,8,10,9,15,2,3,6,7,5,0,1,4],"dataset_id":529,"source_dataset_id":576,"options":null,"D":{"0":{"0":0,"1":5,"2":5,"3":5,"4":2,"5":5,"6":5,"7":5,"8":3,"9":4,"10":3,"11":2,"12":4,"13":5,"14":4,"15":1,"16":1,"17":5,"18":3,"19":5},"1":{"0":0,"1":0,"2":5,"3":0,"4":5,"5":5,"6":0,"7":5,"8":5,"9":4,"10":5,"11":5,"12":5,"13":5,"14":5,"15":3,"16":4,"17":5,"18":5,"19":5},"2":{"0":0,"1":2,"2":0,"3":3,"4":1,"5":5,"6":0,"7":0,"8":5,"9":4,"10":0,"11":5,"12":4,"13":2,"14":0,"15":0,"16":5,"17":0,"18":5,"19":0},"3":{"0":4,"1":5,"2":0,"3":0,"4":5,"5":0,"6":0,"7":4,"8":0,"9":3,"10":5,"11":4,"12":0,"13":5,"14":0,"15":5,"16":5,"17":2,"18":3,"19":3},"4":{"0":5,"1":0,"2":0,"3":0,"4":0,"5":5,"6":5,"7":5,"8":1,"9":5,"10":5,"11":5,"12":5,"13":5,"14":5,"15":5,"16":0,"17":5,"18":5,"19":5},"5":{"0":0,"1":0,"2":0,"3":1,"4":0,"5":0,"6":5,"7":1,"8":1,"9":4,"10":5,"11":5,"12":5,"13":5,"14":2,"15":5,"16":0,"17":5,"18":3,"19":5},"6":{"0":2,"1":0,"2":3,"3":1,"4":0,"5":0,"6":0,"7":2,"8":4,"9":2,"10":1,"11":5,"12":3,"13":0,"14":0,"15":0,"16":5,"17":4,"18":5,"19":5},"7":{"0":0,"1":0,"2":1,"3":4,"4":5,"5":0,"6":0,"7":0,"8":5,"9":5,"10":5,"11":5,"12":5,"13":5,"14":2,"15":0,"16":5,"17":4,"18":5,"19":5},"8":{"0":0,"1":3,"2":1,"3":0,"4":4,"5":1,"6":0,"7":0,"8":0,"9":0,"10":5,"11":1,"12":5,"13":0,"14":0,"15":1,"16":5,"17":4,"18":1,"19":1},"9":{"0":4,"1":0,"2":0,"3":0,"4":0,"5":2,"6":0,"7":0,"8":5,"9":0,"10":5,"11":5,"12":0,"13":0,"14":5,"15":0,"16":0,"17":5,"18":5,"19":4},"10":{"0":0,"1":5,"2":4,"3":4,"4":0,"5":0,"6":4,"7":3,"8":0,"9":0,"10":0,"11":4,"12":5,"13":5,"14":5,"15":4,"16":0,"17":2,"18":2,"19":4},"11":{"0":0,"1":0,"2":0,"3":0,"4":0,"5":0,"6":0,"7":0,"8":0,"9":0,"10":5,"11":0,"12":3,"13":5,"14":5,"15":5,"16":2,"17":5,"18":0,"19":5},"12":{"0":0,"1":1,"2":0,"3":0,"4":0,"5":0,"6":0,"7":0,"8":4,"9":0,"10":0,"11":0,"12":0,"13":5,"14":5,"15":5,"16":2,"17":5,"18":5,"19":5},"13":{"0":0,"1":5,"2":0,"3":0,"4":4,"5":0,"6":0,"7":0,"8":1,"9":0,"10":0,"11":0,"12":2,"13":0,"14":4,"15":1,"16":0,"17":5,"18":5,"19":5},"14":{"0":0,"1":0,"2":0,"3":4,"4":0,"5":0,"6":0,"7":0,"8":0,"9":4,"10":2,"11":0,"12":2,"13":0,"14":0,"15":5,"16":4,"17":1,"18":5,"19":5},"15":{"0":0,"1":0,"2":0,"3":3,"4":5,"5":0,"6":0,"7":2,"8":0,"9":1,"10":0,"11":2,"12":2,"13":3,"14":3,"15":0,"16":5,"17":3,"18":5,"19":5},"16":{"0":0,"1":2,"2":3,"3":1,"4":0,"5":0,"6":0,"7":2,"8":0,"9":1,"10":5,"11":3,"12":0,"13":1,"14":3,"15":0,"16":0,"17":0,"18":0,"19":5},"17":{"0":1,"1":0,"2":2,"3":1,"4":0,"5":0,"6":0,"7":2,"8":3,"9":2,"10":3,"11":3,"12":3,"13":2,"14":5,"15":0,"16":3,"17":0,"18":5,"19":4},"18":{"0":5,"1":0,"2":0,"3":0,"4":1,"5":0,"6":1,"7":0,"8":3,"9":0,"10":0,"11":0,"12":0,"13":0,"14":1,"15":0,"16":0,"17":1,"18":0,"19":5},"19":{"0":0,"1":0,"2":0,"3":1,"4":0,"5":0,"6":2,"7":5,"8":3,"9":0,"10":3,"11":1,"12":2,"13":0,"14":0,"15":0,"16":5,"17":0,"18":0,"19":0}},"method":"hillside","closest_pair":[[19,18,14,13,16,12,11,17,8,10,9,15,2,3,6,7,5,4,0,1],[19,18,14,13,12,16,11,17,8,10,9,15,2,3,6,7,5,4,0,1]],"farthest_pair":[[19,18,13,14,12,11,16,17,8,10,9,15,2,3,6,7,5,4,0,1],[19,18,14,16,13,12,11,17,8,10,9,15,2,3,6,7,5,0,1,4]],"tau_farthest_pair":0.9368421053,"tau_closest_pair":0.9894736842,"centroid_solution":[19,18,14,16,13,12,11,17,8,10,9,15,2,3,6,7,5,4,0,1]}