{"solutions":[[2,0,3,1,5,6,4,9,8,12,13,7,10,16,11,14,18,17,19,15],[2,0,1,3,5,6,4,9,8,12,13,7,10,11,18,16,14,17,19,15],[2,0,3,1,5,6,4,9,8,12,13,7,10,11,14,18,19,16,15,17],[2,0,3,1,5,6,4,9,8,12,13,7,10,11,18,16,14,19,17,15],[0,2,1,3,5,6,4,9,8,12,13,7,10,16,11,14,18,17,19,15],[2,0,3,1,5,6,4,9,8,12,13,7,10,11,18,16,14,17,19,15],[0,2,3,1,5,6,4,9,8,12,13,7,10,16,11,14,18,19,17,15],[2,0,3,1,5,6,4,9,8,12,13,7,10,16,11,14,18,19,17,15],[0,2,3,1,5,6,4,9,8,12,13,7,10,11,14,18,19,16,17,15],[0,2,1,3,5,6,4,9,8,12,13,7,10,11,14,18,19,16,17,15],[0,2,1,3,5,6,4,9,8,12,13,7,10,16,11,14,18,19,17,15],[0,2,3,1,5,6,4,9,8,12,13,7,10,11,18,16,14,19,17,15],[0,2,3,1,5,6,4,9,8,12,13,7,10,16,11,14,18,19,15,17],[2,0,1,3,5,6,4,9,8,12,13,7,10,11,18,16,14,19,17,15],[2,0,3,1,5,6,4,9,8,12,13,7,10,11,18,16,14,19,15,17],[2,0,1,3,5,6,4,9,8,12,13,7,10,16,11,14,18,19,17,15],[0,2,1,3,5,6,4,9,8,12,13,7,10,16,11,14,18,19,15,17],[0,2,3,1,5,6,4,9,8,12,13,7,10,16,11,14,18,17,19,15],[0,2,3,1,5,6,4,9,8,12,13,7,10,11,14,18,19,16,15,17],[2,0,1,3,5,6,4,9,8,12,13,7,10,11,14,18,19,16,17,15],[2,0,3,1,5,6,4,9,8,12,13,7,10,16,11,14,18,19,15,17],[0,2,1,3,5,6,4,9,8,12,13,7,10,11,18,16,14,17,19,15],[2,0,1,3,5,6,4,9,8,12,13,7,10,16,11,14,18,19,15,17],[0,2,1,3,5,6,4,9,8,12,13,7,10,11,18,16,14,19,17,15],[2,0,1,3,5,6,4,9,8,12,13,7,10,11,14,18,19,16,15,17],[0,2,1,3,5,6,4,9,8,12,13,7,10,11,14,18,19,16,15,17],[2,0,1,3,5,6,4,9,8,12,13,7,10,11,18,16,14,19,15,17],[0,2,3,1,5,6,4,9,8,12,13,7,10,11,18,16,14,19,15,17],[2,0,1,3,5,6,4,9,8,12,13,7,10,16,11,14,18,17,19,15],[0,2,3,1,5,6,4,9,8,12,13,7,10,11,18,16,14,17,19,15],[2,0,3,1,5,6,4,9,8,12,13,7,10,11,14,18,19,16,17,15],[0,2,1,3,5,6,4,9,8,12,13,7,10,11,18,16,14,19,15,17]],"obj":1902.0,"max_tau_solutions":null,"centroid_x":[[0.0,1.0,0.512262974,1.0,1.0,1.0,1.0,1.0,1.0,1.0,1.0,1.0,1.0,1.0,1.0,1.0,1.0,1.0,1.0,1.0],[0.0,0.0,0.0,0.5350035981,1.0,1.0,1.0,1.0,1.0,1.0,1.0,1.0,1.0,1.0,1.0,1.0,1.0,1.0,1.0,1.0],[0.487737026,1.0,0.0,1.0,1.0,1.0,1.0,1.0,1.0,1.0,1.0,1.0,1.0,1.0,1.0,1.0,1.0,1.0,1.0,1.0],[0.0,0.4649964019,0.0,0.0,1.0,1.0,1.0,1.0,1.0,1.0,1.0,1.0,1.0,1.0,1.0,1.0,1.0,1.0,1.0,1.0],[0.0,0.0,0.0,0.0,0.0,0.0,0.0,1.0,1.0,1.0,1.0,1.0,1.0,1.0,1.0,1.0,1.0,1.0,1.0,1.0],[0.0,0.0,0.0,0.0,1.0,0.0,1.0,1.0,1.0,1.0,1.0,1.0,1.0,1.0,1.0,1.0,1.0,1.0,1.0,1.0],[0.0,0.0,0.0,0.0,1.0,0.0,0.0,1.0,1.0,1.0,1.0,1.0,1.0,1.0,1.0,1.0,1.0,1.0,1.0,1.0],[0.0,0.0,0.0,0.0,0.0,0.0,0.0,0.0,0.0,0.0,1.0,1.0,0.0,0.0,1.0,1.0,1.0,1.0,1.0,1.0],[0.0,0.0,0.0,0.0,0.0,0.0,0.0,1.0,0.0,0.0,1.0,1.0,1.0,1.0,1.0,1.0,1.0,1.0,1.0,1.0],[0.0,0.0,0.0,0.0,0.0,0.0,0.0,1.0,1.0,0.0,1.0,1.0,1.0,1.0,1.0,1.0,1.0,1.0,1.0,1.0],[0.0,0.0,0.0,0.0,0.0,0.0,0.0,0.0,0.0,0.0,0.0,1.0,0.0,0.0,1.0,1.0,1.0,1.0,1.0,1.0],[0.0,0.0,0.0,0.0,0.0,0.0,0.0,0.0,0.0,0.0,0.0,0.0,0.0,0.0,1.0,1.0,0.6367560914,1.0,1.0,1.0],[0.0,0.0,0.0,0.0,0.0,0.0,0.0,1.0,0.0,0.0,1.0,1.0,0.0,1.0,1.0,1.0,1.0,1.0,1.0,1.0],[0.0,0.0,0.0,0.0,0.0,0.0,0.0,1.0,0.0,0.0,1.0,1.0,0.0,0.0,1.0,1.0,1.0,1.0,1.0,1.0],[0.0,0.0,0.0,0.0,0.0,0.0,0.0,0.0,0.0,0.0,0.0,0.0,0.0,0.0,0.0,1.0,0.3670306063,1.0,0.7302745149,1.0],[0.0,0.0,0.0,0.0,0.0,0.0,0.0,0.0,0.0,0.0,0.0,0.0,0.0,0.0,0.0,0.0,0.0,0.4296119794,0.0,0.0],[0.0,0.0,0.0,0.0,0.0,0.0,0.0,0.0,0.0,0.0,0.0,0.3632439086,0.0,0.0,0.6329693937,1.0,0.0,1.0,0.3632439086,0.6329693937],[0.0,0.0,0.0,0.0,0.0,0.0,0.0,0.0,0.0,0.0,0.0,0.0,0.0,0.0,0.0,0.5703880206,0.0,0.0,0.0,0.410854592],[0.0,0.0,0.0,0.0,0.0,0.0,0.0,0.0,0.0,0.0,0.0,0.0,0.0,0.0,0.2697254851,1.0,0.6367560914,1.0,0.0,1.0],[0.0,0.0,0.0,0.0,0.0,0.0,0.0,0.0,0.0,0.0,0.0,0.0,0.0,0.0,0.0,1.0,0.3670306063,0.589145408,0.0,0.0]],"outlier_solution":[2,0,3,1,5,6,4,9,8,12,13,7,10,16,11,14,18,17,19,15],"dataset_id":531,"source_dataset_id":578,"options":null,"D":{"0":{"0":0,"1":0,"2":1,"3":4,"4":4,"5":0,"6":4,"7":0,"8":0,"9":0,"10":0,"11":0,"12":0,"13":5,"14":4,"15":0,"16":0,"17":4,"18":0,"19":2},"1":{"0":1,"1":0,"2":0,"3":5,"4":0,"5":1,"6":0,"7":3,"8":0,"9":5,"10":2,"11":0,"12":0,"13":3,"14":0,"15":0,"16":0,"17":4,"18":0,"19":0},"2":{"0":1,"1":0,"2":0,"3":0,"4":0,"5":3,"6":0,"7":0,"8":5,"9":0,"10":0,"11":0,"12":3,"13":0,"14":0,"15":0,"16":0,"17":4,"18":0,"19":4},"3":{"0":5,"1":5,"2":1,"3":0,"4":1,"5":3,"6":0,"7":1,"8":0,"9":0,"10":0,"11":0,"12":0,"13":0,"14":5,"15":0,"16":1,"17":0,"18":3,"19":2},"4":{"0":5,"1":5,"2":5,"3":5,"4":0,"5":0,"6":4,"7":0,"8":5,"9":1,"10":3,"11":0,"12":0,"13":0,"14":0,"15":5,"16":0,"17":0,"18":4,"19":0},"5":{"0":2,"1":2,"2":5,"3":4,"4":2,"5":0,"6":3,"7":0,"8":1,"9":2,"10":0,"11":0,"12":0,"13":0,"14":0,"15":0,"16":0,"17":0,"18":0,"19":0},"6":{"0":0,"1":5,"2":0,"3":5,"4":3,"5":4,"6":0,"7":0,"8":0,"9":0,"10":0,"11":1,"12":0,"13":2,"14":3,"15":0,"16":0,"17":0,"18":5,"19":0},"7":{"0":5,"1":5,"2":5,"3":5,"4":3,"5":2,"6":5,"7":0,"8":4,"9":0,"10":5,"11":0,"12":1,"13":0,"14":2,"15":0,"16":4,"17":1,"18":2,"19":0},"8":{"0":5,"1":3,"2":2,"3":5,"4":5,"5":2,"6":5,"7":5,"8":0,"9":0,"10":3,"11":3,"12":0,"13":0,"14":0,"15":4,"16":0,"17":2,"18":0,"19":0},"9":{"0":5,"1":0,"2":5,"3":4,"4":5,"5":2,"6":0,"7":5,"8":0,"9":0,"10":0,"11":2,"12":0,"13":0,"14":3,"15":0,"16":4,"17":4,"18":0,"19":0},"10":{"0":0,"1":5,"2":5,"3":5,"4":5,"5":1,"6":5,"7":0,"8":5,"9":5,"10":0,"11":5,"12":0,"13":5,"14":3,"15":0,"16":0,"17":0,"18":4,"19":0},"11":{"0":5,"1":5,"2":4,"3":0,"4":3,"5":5,"6":0,"7":3,"8":5,"9":5,"10":5,"11":0,"12":0,"13":0,"14":0,"15":2,"16":2,"17":0,"18":5,"19":2},"12":{"0":5,"1":4,"2":4,"3":2,"4":2,"5":0,"6":4,"7":1,"8":0,"9":0,"10":5,"11":5,"12":0,"13":0,"14":0,"15":1,"16":0,"17":1,"18":3,"19":0},"13":{"0":5,"1":5,"2":5,"3":5,"4":1,"5":1,"6":5,"7":5,"8":0,"9":3,"10":5,"11":5,"12":1,"13":0,"14":0,"15":2,"16":0,"17":0,"18":1,"19":0},"14":{"0":4,"1":5,"2":5,"3":3,"4":5,"5":1,"6":5,"7":5,"8":5,"9":1,"10":2,"11":0,"12":5,"13":5,"14":0,"15":0,"16":3,"17":0,"18":4,"19":3},"15":{"0":1,"1":5,"2":5,"3":5,"4":5,"5":5,"6":5,"7":2,"8":0,"9":1,"10":0,"11":5,"12":5,"13":5,"14":4,"15":0,"16":0,"17":0,"18":5,"19":0},"16":{"0":0,"1":0,"2":5,"3":5,"4":5,"5":3,"6":5,"7":2,"8":2,"9":5,"10":0,"11":5,"12":5,"13":1,"14":3,"15":0,"16":0,"17":2,"18":0,"19":0},"17":{"0":4,"1":0,"2":5,"3":4,"4":2,"5":4,"6":1,"7":2,"8":3,"9":5,"10":4,"11":5,"12":3,"13":4,"14":5,"15":5,"16":5,"17":0,"18":0,"19":0},"18":{"0":5,"1":0,"2":0,"3":5,"4":1,"5":5,"6":2,"7":0,"8":5,"9":1,"10":4,"11":0,"12":5,"13":5,"14":5,"15":3,"16":5,"17":0,"18":0,"19":5},"19":{"0":4,"1":5,"2":3,"3":4,"4":4,"5":2,"6":1,"7":5,"8":5,"9":5,"10":3,"11":3,"12":2,"13":0,"14":3,"15":5,"16":5,"17":0,"18":0,"19":0}},"method":"hillside","closest_pair":[[2,0,3,1,5,6,4,9,8,12,13,7,10,11,18,16,14,17,19,15],[2,0,3,1,5,6,4,9,8,12,13,7,10,11,18,16,14,19,17,15]],"farthest_pair":[[2,0,3,1,5,6,4,9,8,12,13,7,10,16,11,14,18,17,19,15],[0,2,1,3,5,6,4,9,8,12,13,7,10,11,14,18,19,16,15,17]],"tau_farthest_pair":0.9157894737,"tau_closest_pair":0.9894736842,"centroid_solution":[0,2,1,3,5,6,4,9,8,12,13,7,10,11,18,16,14,19,17,15]}