{"solutions":[[18,12,19,15,13,16,17,14,9,8,7,6,11,10,3,5,0,4,1,2],[18,19,12,15,13,16,17,14,9,8,7,6,11,10,3,5,0,4,1,2],[18,19,12,13,16,17,15,14,9,8,7,6,11,10,3,5,0,4,1,2],[18,12,19,13,16,17,15,14,9,8,7,6,11,10,3,5,0,4,1,2]],"obj":1874.0,"max_tau_solutions":null,"centroid_x":[[0.0,1.0,1.0,0.0,1.0,0.0,0.0,0.0,0.0,0.0,0.0,0.0,0.0,0.0,0.0,0.0,0.0,0.0,0.0,0.0],[0.0,0.0,1.0,0.0,0.0,0.0,0.0,0.0,0.0,0.0,0.0,0.0,0.0,0.0,0.0,0.0,0.0,0.0,0.0,0.0],[0.0,0.0,0.0,0.0,0.0,0.0,0.0,0.0,0.0,0.0,0.0,0.0,0.0,0.0,0.0,0.0,0.0,0.0,0.0,0.0],[1.0,1.0,1.0,0.0,1.0,1.0,0.0,0.0,0.0,0.0,0.0,0.0,0.0,0.0,0.0,0.0,0.0,0.0,0.0,0.0],[0.0,1.0,1.0,0.0,0.0,0.0,0.0,0.0,0.0,0.0,0.0,0.0,0.0,0.0,0.0,0.0,0.0,0.0,0.0,0.0],[1.0,1.0,1.0,0.0,1.0,0.0,0.0,0.0,0.0,0.0,0.0,0.0,0.0,0.0,0.0,0.0,0.0,0.0,0.0,0.0],[1.0,1.0,1.0,1.0,1.0,1.0,0.0,0.0,0.0,0.0,1.0,1.0,0.0,0.0,0.0,0.0,0.0,0.0,0.0,0.0],[1.0,1.0,1.0,1.0,1.0,1.0,1.0,0.0,0.0,0.0,1.0,1.0,0.0,0.0,0.0,0.0,0.0,0.0,0.0,0.0],[1.0,1.0,1.0,1.0,1.0,1.0,1.0,1.0,0.0,0.0,1.0,1.0,0.0,0.0,0.0,0.0,0.0,0.0,0.0,0.0],[1.0,1.0,1.0,1.0,1.0,1.0,1.0,1.0,1.0,0.0,1.0,1.0,0.0,0.0,0.0,0.0,0.0,0.0,0.0,0.0],[1.0,1.0,1.0,1.0,1.0,1.0,0.0,0.0,0.0,0.0,0.0,0.0,0.0,0.0,0.0,0.0,0.0,0.0,0.0,0.0],[1.0,1.0,1.0,1.0,1.0,1.0,0.0,0.0,0.0,0.0,1.0,0.0,0.0,0.0,0.0,0.0,0.0,0.0,0.0,0.0],[1.0,1.0,1.0,1.0,1.0,1.0,1.0,1.0,1.0,1.0,1.0,1.0,0.0,1.0,1.0,1.0,1.0,1.0,0.0,0.4509457177],[1.0,1.0,1.0,1.0,1.0,1.0,1.0,1.0,1.0,1.0,1.0,1.0,0.0,0.0,1.0,0.5444620704,1.0,1.0,0.0,0.0],[1.0,1.0,1.0,1.0,1.0,1.0,1.0,1.0,1.0,1.0,1.0,1.0,0.0,0.0,0.0,0.0,0.0,0.0,0.0,0.0],[1.0,1.0,1.0,1.0,1.0,1.0,1.0,1.0,1.0,1.0,1.0,1.0,0.0,0.4555379296,1.0,0.0,0.4555379281,0.4555379278,0.0,0.0],[1.0,1.0,1.0,1.0,1.0,1.0,1.0,1.0,1.0,1.0,1.0,1.0,0.0,0.0,1.0,0.5444620719,0.0,1.0,0.0,0.0],[1.0,1.0,1.0,1.0,1.0,1.0,1.0,1.0,1.0,1.0,1.0,1.0,0.0,0.0,1.0,0.5444620722,0.0,0.0,0.0,0.0],[1.0,1.0,1.0,1.0,1.0,1.0,1.0,1.0,1.0,1.0,1.0,1.0,1.0,1.0,1.0,1.0,1.0,1.0,0.0,1.0],[1.0,1.0,1.0,1.0,1.0,1.0,1.0,1.0,1.0,1.0,1.0,1.0,0.5490542823,1.0,1.0,1.0,1.0,1.0,0.0,0.0]],"outlier_solution":[18,12,19,15,13,16,17,14,9,8,7,6,11,10,3,5,0,4,1,2],"dataset_id":532,"source_dataset_id":579,"options":null,"D":{"0":{"0":0,"1":1,"2":2,"3":0,"4":0,"5":0,"6":5,"7":5,"8":5,"9":5,"10":2,"11":1,"12":5,"13":3,"14":5,"15":0,"16":0,"17":3,"18":2,"19":1},"1":{"0":0,"1":0,"2":3,"3":5,"4":4,"5":5,"6":5,"7":5,"8":3,"9":5,"10":1,"11":2,"12":5,"13":5,"14":5,"15":4,"16":2,"17":5,"18":5,"19":3},"2":{"0":0,"1":1,"2":0,"3":5,"4":4,"5":5,"6":5,"7":5,"8":4,"9":5,"10":2,"11":2,"12":5,"13":4,"14":2,"15":5,"16":5,"17":5,"18":5,"19":5},"3":{"0":0,"1":5,"2":0,"3":0,"4":0,"5":5,"6":2,"7":5,"8":5,"9":0,"10":3,"11":0,"12":1,"13":4,"14":3,"15":0,"16":5,"17":3,"18":0,"19":5},"4":{"0":2,"1":0,"2":0,"3":0,"4":0,"5":5,"6":5,"7":5,"8":0,"9":5,"10":2,"11":3,"12":4,"13":5,"14":5,"15":0,"16":3,"17":5,"18":5,"19":5},"5":{"0":0,"1":0,"2":4,"3":2,"4":0,"5":0,"6":5,"7":5,"8":5,"9":5,"10":0,"11":1,"12":4,"13":0,"14":5,"15":5,"16":0,"17":5,"18":5,"19":5},"6":{"0":1,"1":0,"2":0,"3":0,"4":3,"5":0,"6":0,"7":3,"8":3,"9":4,"10":5,"11":0,"12":5,"13":5,"14":1,"15":2,"16":4,"17":3,"18":5,"19":1},"7":{"0":0,"1":0,"2":2,"3":0,"4":0,"5":0,"6":0,"7":0,"8":5,"9":3,"10":5,"11":5,"12":4,"13":2,"14":3,"15":5,"16":0,"17":2,"18":5,"19":4},"8":{"0":0,"1":3,"2":2,"3":0,"4":4,"5":0,"6":0,"7":0,"8":0,"9":4,"10":5,"11":5,"12":5,"13":0,"14":5,"15":5,"16":0,"17":5,"18":5,"19":2},"9":{"0":0,"1":1,"2":0,"3":0,"4":3,"5":0,"6":0,"7":0,"8":1,"9":0,"10":0,"11":4,"12":4,"13":5,"14":5,"15":2,"16":5,"17":3,"18":5,"19":5},"10":{"0":0,"1":3,"2":4,"3":0,"4":0,"5":2,"6":1,"7":0,"8":3,"9":3,"10":0,"11":5,"12":5,"13":5,"14":4,"15":4,"16":0,"17":4,"18":5,"19":5},"11":{"0":0,"1":0,"2":2,"3":4,"4":0,"5":0,"6":3,"7":0,"8":4,"9":0,"10":2,"11":0,"12":5,"13":3,"14":0,"15":5,"16":5,"17":0,"18":5,"19":5},"12":{"0":0,"1":3,"2":0,"3":0,"4":0,"5":0,"6":0,"7":1,"8":2,"9":0,"10":3,"11":0,"12":0,"13":5,"14":0,"15":5,"16":2,"17":5,"18":0,"19":5},"13":{"0":1,"1":1,"2":0,"3":0,"4":1,"5":2,"6":2,"7":0,"8":3,"9":0,"10":0,"11":0,"12":3,"13":0,"14":1,"15":4,"16":5,"17":0,"18":5,"19":2},"14":{"0":0,"1":1,"2":0,"3":0,"4":0,"5":0,"6":0,"7":0,"8":0,"9":1,"10":0,"11":4,"12":2,"13":5,"14":0,"15":5,"16":2,"17":5,"18":3,"19":5},"15":{"0":3,"1":0,"2":4,"3":0,"4":0,"5":0,"6":3,"7":0,"8":2,"9":0,"10":0,"11":2,"12":2,"13":0,"14":0,"15":0,"16":3,"17":2,"18":3,"19":1},"16":{"0":1,"1":3,"2":2,"3":0,"4":0,"5":2,"6":0,"7":5,"8":0,"9":0,"10":0,"11":0,"12":0,"13":1,"14":0,"15":0,"16":0,"17":5,"18":5,"19":4},"17":{"0":3,"1":0,"2":5,"3":2,"4":0,"5":0,"6":3,"7":0,"8":3,"9":1,"10":0,"11":0,"12":0,"13":2,"14":4,"15":0,"16":1,"17":0,"18":4,"19":5},"18":{"0":0,"1":0,"2":1,"3":3,"4":3,"5":0,"6":0,"7":5,"8":0,"9":1,"10":4,"11":0,"12":0,"13":0,"14":0,"15":0,"16":0,"17":4,"18":0,"19":1},"19":{"0":0,"1":0,"2":0,"3":3,"4":0,"5":2,"6":0,"7":0,"8":3,"9":4,"10":5,"11":2,"12":1,"13":2,"14":0,"15":2,"16":3,"17":0,"18":0,"19":0}},"method":"hillside","closest_pair":[[18,19,12,13,16,17,15,14,9,8,7,6,11,10,3,5,0,4,1,2],[18,12,19,13,16,17,15,14,9,8,7,6,11,10,3,5,0,4,1,2]],"farthest_pair":[[18,19,12,15,13,16,17,14,9,8,7,6,11,10,3,5,0,4,1,2],[18,12,19,13,16,17,15,14,9,8,7,6,11,10,3,5,0,4,1,2]],"tau_farthest_pair":0.9578947368,"tau_closest_pair":0.9894736842,"centroid_solution":[18,19,12,13,16,17,15,14,9,8,7,6,11,10,3,5,0,4,1,2]}