{"solutions":[[19,15,14,11,16,18,10,17,13,6,8,9,0,12,1,7,5,2,4,3],[15,19,14,16,17,11,18,10,13,6,8,9,0,12,1,7,5,2,4,3],[19,15,14,11,16,17,18,10,13,6,8,9,0,12,1,7,5,2,4,3],[15,19,14,11,16,18,10,13,17,6,8,9,0,12,1,7,5,2,4,3],[19,15,14,11,16,10,17,18,13,6,8,9,0,12,1,7,5,2,4,3],[15,19,14,11,16,17,18,10,13,6,8,9,0,12,1,7,5,2,4,3],[15,19,14,11,16,10,17,18,13,6,8,9,0,12,1,7,5,2,4,3],[19,15,14,17,11,16,18,10,13,6,8,9,0,12,1,7,5,2,4,3],[15,19,14,17,11,16,18,10,13,6,8,9,0,12,1,7,5,2,4,3],[19,15,14,11,16,18,10,13,17,6,8,9,0,12,1,7,5,2,4,3],[15,19,14,11,16,18,10,17,13,6,8,9,0,12,1,7,5,2,4,3],[19,15,14,16,17,11,18,10,13,6,8,9,0,12,1,7,5,2,4,3]],"obj":1890.0,"max_tau_solutions":null,"centroid_x":[[0.0,1.0,1.0,1.0,1.0,1.0,0.0,1.0,0.0,0.0,0.0,0.0,1.0,0.0,0.0,0.0,0.0,0.0,0.0,0.0],[0.0,0.0,1.0,1.0,1.0,1.0,0.0,1.0,0.0,0.0,0.0,0.0,0.0,0.0,0.0,0.0,0.0,0.0,0.0,0.0],[0.0,0.0,0.0,1.0,1.0,0.0,0.0,0.0,0.0,0.0,0.0,0.0,0.0,0.0,0.0,0.0,0.0,0.0,0.0,0.0],[0.0,0.0,0.0,0.0,0.0,0.0,0.0,0.0,0.0,0.0,0.0,0.0,0.0,0.0,0.0,0.0,0.0,0.0,0.0,0.0],[0.0,0.0,0.0,1.0,0.0,0.0,0.0,0.0,0.0,0.0,0.0,0.0,0.0,0.0,0.0,0.0,0.0,0.0,0.0,0.0],[0.0,0.0,1.0,1.0,1.0,0.0,0.0,0.0,0.0,0.0,0.0,0.0,0.0,0.0,0.0,0.0,0.0,0.0,0.0,0.0],[1.0,1.0,1.0,1.0,1.0,1.0,0.0,1.0,1.0,1.0,0.0,0.0,1.0,0.0,0.0,0.0,0.0,0.0,0.0,0.0],[0.0,0.0,1.0,1.0,1.0,1.0,0.0,0.0,0.0,0.0,0.0,0.0,0.0,0.0,0.0,0.0,0.0,0.0,0.0,0.0],[1.0,1.0,1.0,1.0,1.0,1.0,0.0,1.0,0.0,1.0,0.0,0.0,1.0,0.0,0.0,0.0,0.0,0.0,0.0,0.0],[1.0,1.0,1.0,1.0,1.0,1.0,0.0,1.0,0.0,0.0,0.0,0.0,1.0,0.0,0.0,0.0,0.0,0.0,0.0,0.0],[1.0,1.0,1.0,1.0,1.0,1.0,1.0,1.0,1.0,1.0,0.0,0.0,1.0,1.0,0.0,0.0,0.0,0.4513073082,0.162503436,0.0],[1.0,1.0,1.0,1.0,1.0,1.0,1.0,1.0,1.0,1.0,1.0,0.0,1.0,1.0,0.0,0.0,0.7599522206,0.5139966373,1.0,0.0],[0.0,1.0,1.0,1.0,1.0,1.0,0.0,1.0,0.0,0.0,0.0,0.0,0.0,0.0,0.0,0.0,0.0,0.0,0.0,0.0],[1.0,1.0,1.0,1.0,1.0,1.0,1.0,1.0,1.0,1.0,0.0,0.0,1.0,0.0,0.0,0.0,0.0,0.2138015089,0.0,0.0],[1.0,1.0,1.0,1.0,1.0,1.0,1.0,1.0,1.0,1.0,1.0,1.0,1.0,1.0,0.0,0.0,1.0,1.0,1.0,0.0],[1.0,1.0,1.0,1.0,1.0,1.0,1.0,1.0,1.0,1.0,1.0,1.0,1.0,1.0,1.0,0.0,1.0,1.0,1.0,0.3907072912],[1.0,1.0,1.0,1.0,1.0,1.0,1.0,1.0,1.0,1.0,1.0,0.2400477794,1.0,1.0,0.0,0.0,0.0,0.7540444166,1.0,0.0],[1.0,1.0,1.0,1.0,1.0,1.0,1.0,1.0,1.0,1.0,0.5486926918,0.4860033627,1.0,0.7861984911,0.0,0.0,0.2459555834,0.0,0.7111961275,0.0],[1.0,1.0,1.0,1.0,1.0,1.0,1.0,1.0,1.0,1.0,0.837496564,0.0,1.0,1.0,0.0,0.0,0.0,0.2888038725,0.0,0.0],[1.0,1.0,1.0,1.0,1.0,1.0,1.0,1.0,1.0,1.0,1.0,1.0,1.0,1.0,1.0,0.6092927088,1.0,1.0,1.0,0.0]],"outlier_solution":[15,19,14,11,16,18,10,13,17,6,8,9,0,12,1,7,5,2,4,3],"dataset_id":535,"source_dataset_id":582,"options":null,"D":{"0":{"0":0,"1":5,"2":3,"3":5,"4":5,"5":5,"6":1,"7":5,"8":0,"9":5,"10":1,"11":5,"12":0,"13":2,"14":5,"15":2,"16":4,"17":5,"18":0,"19":2},"1":{"0":5,"1":0,"2":0,"3":1,"4":0,"5":2,"6":5,"7":5,"8":1,"9":5,"10":5,"11":0,"12":4,"13":2,"14":5,"15":5,"16":1,"17":1,"18":1,"19":0},"2":{"0":1,"1":0,"2":0,"3":5,"4":2,"5":0,"6":5,"7":1,"8":5,"9":5,"10":0,"11":5,"12":5,"13":5,"14":2,"15":4,"16":5,"17":0,"18":5,"19":5},"3":{"0":0,"1":4,"2":5,"3":0,"4":5,"5":5,"6":5,"7":2,"8":5,"9":5,"10":5,"11":5,"12":3,"13":5,"14":5,"15":5,"16":4,"17":4,"18":0,"19":0},"4":{"0":3,"1":0,"2":0,"3":0,"4":0,"5":2,"6":5,"7":5,"8":5,"9":5,"10":0,"11":4,"12":0,"13":0,"14":5,"15":5,"16":4,"17":2,"18":1,"19":5},"5":{"0":0,"1":0,"2":5,"3":3,"4":0,"5":0,"6":5,"7":3,"8":4,"9":1,"10":5,"11":5,"12":5,"13":5,"14":1,"15":5,"16":0,"17":5,"18":3,"19":5},"6":{"0":4,"1":3,"2":1,"3":0,"4":0,"5":0,"6":0,"7":0,"8":1,"9":5,"10":2,"11":5,"12":0,"13":0,"14":5,"15":5,"16":4,"17":1,"18":2,"19":3},"7":{"0":4,"1":0,"2":5,"3":2,"4":0,"5":0,"6":0,"7":0,"8":5,"9":0,"10":0,"11":0,"12":5,"13":5,"14":5,"15":0,"16":5,"17":1,"18":5,"19":5},"8":{"0":5,"1":3,"2":0,"3":0,"4":0,"5":4,"6":0,"7":0,"8":0,"9":0,"10":5,"11":4,"12":0,"13":0,"14":3,"15":4,"16":4,"17":4,"18":5,"19":5},"9":{"0":2,"1":4,"2":0,"3":0,"4":0,"5":0,"6":1,"7":5,"8":4,"9":0,"10":3,"11":5,"12":0,"13":5,"14":5,"15":5,"16":5,"17":0,"18":1,"19":5},"10":{"0":0,"1":0,"2":0,"3":0,"4":0,"5":3,"6":4,"7":0,"8":0,"9":0,"10":0,"11":4,"12":2,"13":5,"14":3,"15":0,"16":3,"17":5,"18":3,"19":3},"11":{"0":2,"1":0,"2":4,"3":0,"4":0,"5":0,"6":3,"7":0,"8":3,"9":0,"10":1,"11":0,"12":1,"13":0,"14":0,"15":5,"16":5,"17":5,"18":3,"19":4},"12":{"0":0,"1":4,"2":1,"3":5,"4":2,"5":0,"6":2,"7":4,"8":0,"9":0,"10":3,"11":3,"12":0,"13":5,"14":5,"15":5,"16":2,"17":0,"18":5,"19":5},"13":{"0":0,"1":4,"2":0,"3":0,"4":0,"5":4,"6":0,"7":1,"8":0,"9":0,"10":0,"11":5,"12":0,"13":0,"14":5,"15":4,"16":5,"17":0,"18":4,"19":5},"14":{"0":0,"1":0,"2":3,"3":0,"4":0,"5":0,"6":0,"7":0,"8":0,"9":4,"10":0,"11":0,"12":4,"13":0,"14":0,"15":5,"16":5,"17":5,"18":5,"19":4},"15":{"0":1,"1":0,"2":0,"3":0,"4":0,"5":1,"6":0,"7":0,"8":0,"9":0,"10":0,"11":0,"12":0,"13":0,"14":0,"15":0,"16":1,"17":5,"18":5,"19":5},"16":{"0":3,"1":0,"2":0,"3":0,"4":0,"5":4,"6":0,"7":0,"8":4,"9":0,"10":4,"11":2,"12":1,"13":0,"14":1,"15":4,"16":0,"17":5,"18":1,"19":1},"17":{"0":1,"1":0,"2":1,"3":4,"4":0,"5":5,"6":0,"7":0,"8":0,"9":4,"10":1,"11":0,"12":0,"13":0,"14":0,"15":0,"16":5,"17":0,"18":5,"19":5},"18":{"0":3,"1":2,"2":0,"3":0,"4":1,"5":0,"6":4,"7":0,"8":0,"9":0,"10":3,"11":5,"12":3,"13":3,"14":5,"15":0,"16":2,"17":0,"18":0,"19":1},"19":{"0":3,"1":2,"2":0,"3":0,"4":0,"5":0,"6":0,"7":0,"8":3,"9":4,"10":0,"11":0,"12":1,"13":0,"14":0,"15":5,"16":0,"17":2,"18":0,"19":0}},"method":"hillside","closest_pair":[[15,19,14,17,11,16,18,10,13,6,8,9,0,12,1,7,5,2,4,3],[19,15,14,17,11,16,18,10,13,6,8,9,0,12,1,7,5,2,4,3]],"farthest_pair":[[19,15,14,11,16,18,10,13,17,6,8,9,0,12,1,7,5,2,4,3],[15,19,14,16,17,11,18,10,13,6,8,9,0,12,1,7,5,2,4,3]],"tau_farthest_pair":0.9368421053,"tau_closest_pair":0.9894736842,"centroid_solution":[19,15,14,11,16,17,18,10,13,6,8,9,0,12,1,7,5,2,4,3]}