{"solutions":[[18,19,16,17,13,14,9,12,7,10,8,11,15,3,2,5,6,4,0,1],[18,19,16,17,13,14,9,12,7,10,8,11,15,3,2,6,4,5,0,1],[18,19,16,17,13,14,9,12,7,10,8,11,15,2,3,6,4,5,0,1],[18,19,16,17,13,14,9,12,7,10,8,11,15,2,3,5,6,4,0,1]],"obj":2039.0,"max_tau_solutions":null,"centroid_x":[[0.0,1.0,0.0,0.0,0.0,0.0,0.0,0.0,0.0,0.0,0.0,0.0,0.0,0.0,0.0,0.0,0.0,0.0,0.0,0.0],[0.0,0.0,0.0,0.0,0.0,0.0,0.0,0.0,0.0,0.0,0.0,0.0,0.0,0.0,0.0,0.0,0.0,0.0,0.0,0.0],[1.0,1.0,0.0,0.3278227905,1.0,1.0,1.0,0.0,0.0,0.0,0.0,0.0,0.0,0.0,0.0,0.0,0.0,0.0,0.0,0.0],[1.0,1.0,0.6721772095,0.0,1.0,1.0,1.0,0.0,0.0,0.0,0.0,0.0,0.0,0.0,0.0,0.0,0.0,0.0,0.0,0.0],[1.0,1.0,0.0,0.0,0.0,0.4470664284,0.0,0.0,0.0,0.0,0.0,0.0,0.0,0.0,0.0,0.0,0.0,0.0,0.0,0.0],[1.0,1.0,0.0,0.0,0.5529335716,0.0,0.5529335716,0.0,0.0,0.0,0.0,0.0,0.0,0.0,0.0,0.0,0.0,0.0,0.0,0.0],[1.0,1.0,0.0,0.0,1.0,0.4470664284,0.0,0.0,0.0,0.0,0.0,0.0,0.0,0.0,0.0,0.0,0.0,0.0,0.0,0.0],[1.0,1.0,1.0,1.0,1.0,1.0,1.0,0.0,1.0,0.0,1.0,1.0,0.0,0.0,0.0,1.0,0.0,0.0,0.0,0.0],[1.0,1.0,1.0,1.0,1.0,1.0,1.0,0.0,0.0,0.0,0.0,1.0,0.0,0.0,0.0,1.0,0.0,0.0,0.0,0.0],[1.0,1.0,1.0,1.0,1.0,1.0,1.0,1.0,1.0,0.0,1.0,1.0,1.0,0.0,0.0,1.0,0.0,0.0,0.0,0.0],[1.0,1.0,1.0,1.0,1.0,1.0,1.0,0.0,1.0,0.0,0.0,1.0,0.0,0.0,0.0,1.0,0.0,0.0,0.0,0.0],[1.0,1.0,1.0,1.0,1.0,1.0,1.0,0.0,0.0,0.0,0.0,0.0,0.0,0.0,0.0,1.0,0.0,0.0,0.0,0.0],[1.0,1.0,1.0,1.0,1.0,1.0,1.0,1.0,1.0,0.0,1.0,1.0,0.0,0.0,0.0,1.0,0.0,0.0,0.0,0.0],[1.0,1.0,1.0,1.0,1.0,1.0,1.0,1.0,1.0,1.0,1.0,1.0,1.0,0.0,1.0,1.0,0.0,0.0,0.0,0.0],[1.0,1.0,1.0,1.0,1.0,1.0,1.0,1.0,1.0,1.0,1.0,1.0,1.0,0.0,0.0,1.0,0.0,0.0,0.0,0.0],[1.0,1.0,1.0,1.0,1.0,1.0,1.0,0.0,0.0,0.0,0.0,0.0,0.0,0.0,0.0,0.0,0.0,0.0,0.0,0.0],[1.0,1.0,1.0,1.0,1.0,1.0,1.0,1.0,1.0,1.0,1.0,1.0,1.0,1.0,1.0,1.0,0.0,1.0,0.0,0.0],[1.0,1.0,1.0,1.0,1.0,1.0,1.0,1.0,1.0,1.0,1.0,1.0,1.0,1.0,1.0,1.0,0.0,0.0,0.0,0.0],[1.0,1.0,1.0,1.0,1.0,1.0,1.0,1.0,1.0,1.0,1.0,1.0,1.0,1.0,1.0,1.0,1.0,1.0,0.0,1.0],[1.0,1.0,1.0,1.0,1.0,1.0,1.0,1.0,1.0,1.0,1.0,1.0,1.0,1.0,1.0,1.0,1.0,1.0,0.0,0.0]],"outlier_solution":[18,19,16,17,13,14,9,12,7,10,8,11,15,2,3,6,4,5,0,1],"dataset_id":536,"source_dataset_id":583,"options":null,"D":{"0":{"0":0,"1":4,"2":2,"3":5,"4":0,"5":0,"6":5,"7":2,"8":5,"9":0,"10":1,"11":5,"12":5,"13":4,"14":0,"15":5,"16":5,"17":4,"18":5,"19":0},"1":{"0":1,"1":0,"2":3,"3":5,"4":5,"5":4,"6":0,"7":5,"8":0,"9":5,"10":2,"11":5,"12":5,"13":5,"14":0,"15":5,"16":5,"17":5,"18":5,"19":5},"2":{"0":0,"1":0,"2":0,"3":2,"4":0,"5":5,"6":5,"7":5,"8":4,"9":5,"10":3,"11":1,"12":5,"13":5,"14":5,"15":0,"16":0,"17":5,"18":5,"19":5},"3":{"0":0,"1":3,"2":0,"3":0,"4":5,"5":0,"6":5,"7":0,"8":5,"9":3,"10":5,"11":4,"12":3,"13":5,"14":5,"15":1,"16":5,"17":0,"18":4,"19":0},"4":{"0":1,"1":2,"2":5,"3":0,"4":0,"5":5,"6":3,"7":5,"8":4,"9":5,"10":0,"11":1,"12":5,"13":4,"14":0,"15":2,"16":4,"17":5,"18":2,"19":5},"5":{"0":0,"1":5,"2":5,"3":4,"4":0,"5":0,"6":5,"7":3,"8":5,"9":3,"10":4,"11":1,"12":5,"13":0,"14":1,"15":2,"16":5,"17":2,"18":5,"19":5},"6":{"0":0,"1":4,"2":0,"3":1,"4":0,"5":0,"6":0,"7":2,"8":0,"9":5,"10":5,"11":3,"12":4,"13":4,"14":5,"15":3,"16":5,"17":5,"18":5,"19":5},"7":{"0":0,"1":0,"2":0,"3":5,"4":2,"5":2,"6":0,"7":0,"8":5,"9":5,"10":5,"11":2,"12":0,"13":3,"14":0,"15":3,"16":1,"17":0,"18":3,"19":5},"8":{"0":0,"1":0,"2":4,"3":0,"4":0,"5":3,"6":0,"7":0,"8":0,"9":5,"10":0,"11":1,"12":5,"13":5,"14":4,"15":5,"16":4,"17":4,"18":5,"19":0},"9":{"0":0,"1":0,"2":0,"3":0,"4":4,"5":0,"6":0,"7":5,"8":1,"9":0,"10":5,"11":5,"12":0,"13":5,"14":5,"15":2,"16":0,"17":4,"18":5,"19":5},"10":{"0":5,"1":4,"2":2,"3":0,"4":0,"5":4,"6":0,"7":1,"8":0,"9":2,"10":0,"11":5,"12":3,"13":3,"14":5,"15":5,"16":2,"17":1,"18":0,"19":5},"11":{"0":4,"1":3,"2":2,"3":0,"4":3,"5":0,"6":0,"7":0,"8":2,"9":0,"10":3,"11":0,"12":5,"13":4,"14":5,"15":0,"16":5,"17":5,"18":5,"19":3},"12":{"0":0,"1":1,"2":4,"3":4,"4":0,"5":3,"6":1,"7":0,"8":1,"9":1,"10":0,"11":5,"12":0,"13":5,"14":2,"15":3,"16":4,"17":5,"18":1,"19":5},"13":{"0":0,"1":3,"2":0,"3":3,"4":4,"5":0,"6":1,"7":0,"8":0,"9":0,"10":0,"11":0,"12":0,"13":0,"14":0,"15":5,"16":1,"17":4,"18":0,"19":5},"14":{"0":0,"1":0,"2":3,"3":0,"4":0,"5":5,"6":1,"7":0,"8":1,"9":0,"10":1,"11":0,"12":0,"13":0,"14":0,"15":0,"16":5,"17":5,"18":5,"19":3},"15":{"0":4,"1":0,"2":5,"3":0,"4":4,"5":4,"6":3,"7":0,"8":0,"9":3,"10":0,"11":4,"12":0,"13":5,"14":2,"15":0,"16":5,"17":3,"18":5,"19":5},"16":{"0":0,"1":0,"2":0,"3":2,"4":0,"5":1,"6":1,"7":0,"8":0,"9":0,"10":0,"11":0,"12":0,"13":4,"14":0,"15":2,"16":0,"17":5,"18":5,"19":5},"17":{"0":0,"1":2,"2":3,"3":0,"4":0,"5":0,"6":2,"7":3,"8":0,"9":1,"10":5,"11":0,"12":2,"13":0,"14":5,"15":0,"16":0,"17":0,"18":5,"19":3},"18":{"0":3,"1":0,"2":4,"3":0,"4":5,"5":0,"6":5,"7":4,"8":0,"9":1,"10":0,"11":0,"12":0,"13":0,"14":0,"15":3,"16":0,"17":0,"18":0,"19":3},"19":{"0":3,"1":0,"2":2,"3":4,"4":0,"5":0,"6":2,"7":3,"8":0,"9":2,"10":5,"11":3,"12":4,"13":0,"14":0,"15":0,"16":0,"17":3,"18":3,"19":0}},"method":"hillside","closest_pair":[[18,19,16,17,13,14,9,12,7,10,8,11,15,2,3,6,4,5,0,1],[18,19,16,17,13,14,9,12,7,10,8,11,15,3,2,6,4,5,0,1]],"farthest_pair":[[18,19,16,17,13,14,9,12,7,10,8,11,15,3,2,6,4,5,0,1],[18,19,16,17,13,14,9,12,7,10,8,11,15,2,3,5,6,4,0,1]],"tau_farthest_pair":0.9684210526,"tau_closest_pair":0.9894736842,"centroid_solution":[18,19,16,17,13,14,9,12,7,10,8,11,15,3,2,5,6,4,0,1]}