{"solutions":[[18,19,16,13,11,15,17,12,4,9,14,2,6,10,7,1,8,5,0,3],[18,19,16,13,11,12,15,17,9,14,2,4,6,10,1,7,8,5,0,3],[18,19,16,13,11,15,17,12,9,14,2,4,6,10,1,7,8,5,0,3],[18,19,16,13,11,15,17,12,9,14,2,4,6,10,7,1,8,5,0,3],[18,19,16,13,11,12,15,17,4,9,14,2,6,10,7,1,8,5,0,3],[18,19,16,13,11,12,15,17,4,9,14,2,6,10,1,7,8,5,0,3],[18,19,16,13,11,15,17,12,4,9,14,2,6,10,1,7,8,5,0,3],[18,19,16,13,11,12,15,17,9,14,2,4,6,10,7,1,8,5,0,3]],"obj":2090.0,"max_tau_solutions":null,"centroid_x":[[0.0,0.0,0.0,1.0,0.0,0.0,0.0,0.0,0.0,0.0,0.0,0.0,0.0,0.0,0.0,0.0,0.0,0.0,0.0,0.0],[1.0,0.0,0.0,1.0,0.0,1.0,0.0,0.4203516304,1.0,0.0,0.0,0.0,0.0,0.0,0.0,0.0,0.0,0.0,0.0,0.0],[1.0,1.0,0.0,1.0,0.494703468,1.0,1.0,1.0,1.0,0.0,1.0,0.0,0.0,0.0,0.0,0.0,0.0,0.0,0.0,0.0],[0.0,0.0,0.0,0.0,0.0,0.0,0.0,0.0,0.0,0.0,0.0,0.0,0.0,0.0,0.0,0.0,0.0,0.0,0.0,0.0],[1.0,1.0,0.505296532,1.0,0.0,1.0,1.0,1.0,1.0,0.505296532,1.0,0.0,0.0,0.0,0.505296532,0.0,0.0,0.0,0.0,0.0],[1.0,0.0,0.0,1.0,0.0,0.0,0.0,0.0,0.0,0.0,0.0,0.0,0.0,0.0,0.0,0.0,0.0,0.0,0.0,0.0],[1.0,1.0,0.0,1.0,0.0,1.0,0.0,1.0,1.0,0.0,1.0,0.0,0.0,0.0,0.0,0.0,0.0,0.0,0.0,0.0],[1.0,0.5796483696,0.0,1.0,0.0,1.0,0.0,0.0,1.0,0.0,0.0,0.0,0.0,0.0,0.0,0.0,0.0,0.0,0.0,0.0],[1.0,0.0,0.0,1.0,0.0,1.0,0.0,0.0,0.0,0.0,0.0,0.0,0.0,0.0,0.0,0.0,0.0,0.0,0.0,0.0],[1.0,1.0,1.0,1.0,0.494703468,1.0,1.0,1.0,1.0,0.0,1.0,0.0,0.0,0.0,1.0,0.0,0.0,0.0,0.0,0.0],[1.0,1.0,0.0,1.0,0.0,1.0,0.0,1.0,1.0,0.0,0.0,0.0,0.0,0.0,0.0,0.0,0.0,0.0,0.0,0.0],[1.0,1.0,1.0,1.0,1.0,1.0,1.0,1.0,1.0,1.0,1.0,0.0,1.0,0.0,1.0,1.0,0.0,1.0,0.0,0.0],[1.0,1.0,1.0,1.0,1.0,1.0,1.0,1.0,1.0,1.0,1.0,0.0,0.0,0.0,1.0,0.4204032243,0.0,0.4204032243,0.0,0.0],[1.0,1.0,1.0,1.0,1.0,1.0,1.0,1.0,1.0,1.0,1.0,1.0,1.0,0.0,1.0,1.0,0.0,1.0,0.0,0.0],[1.0,1.0,1.0,1.0,0.494703468,1.0,1.0,1.0,1.0,0.0,1.0,0.0,0.0,0.0,0.0,0.0,0.0,0.0,0.0,0.0],[1.0,1.0,1.0,1.0,1.0,1.0,1.0,1.0,1.0,1.0,1.0,0.0,0.5795967757,0.0,1.0,0.0,0.0,1.0,0.0,0.0],[1.0,1.0,1.0,1.0,1.0,1.0,1.0,1.0,1.0,1.0,1.0,1.0,1.0,1.0,1.0,1.0,0.0,1.0,0.0,0.0],[1.0,1.0,1.0,1.0,1.0,1.0,1.0,1.0,1.0,1.0,1.0,0.0,0.5795967757,0.0,1.0,0.0,0.0,0.0,0.0,0.0],[1.0,1.0,1.0,1.0,1.0,1.0,1.0,1.0,1.0,1.0,1.0,1.0,1.0,1.0,1.0,1.0,1.0,1.0,0.0,1.0],[1.0,1.0,1.0,1.0,1.0,1.0,1.0,1.0,1.0,1.0,1.0,1.0,1.0,1.0,1.0,1.0,1.0,1.0,0.0,0.0]],"outlier_solution":[18,19,16,13,11,12,15,17,9,14,2,4,6,10,1,7,8,5,0,3],"dataset_id":537,"source_dataset_id":584,"options":null,"D":{"0":{"0":0,"1":5,"2":5,"3":0,"4":1,"5":5,"6":2,"7":5,"8":5,"9":3,"10":0,"11":0,"12":5,"13":4,"14":4,"15":5,"16":5,"17":0,"18":5,"19":5},"1":{"0":3,"1":0,"2":5,"3":2,"4":1,"5":4,"6":5,"7":0,"8":0,"9":0,"10":3,"11":3,"12":2,"13":5,"14":3,"15":5,"16":2,"17":0,"18":3,"19":5},"2":{"0":4,"1":4,"2":0,"3":5,"4":4,"5":5,"6":2,"7":5,"8":5,"9":4,"10":1,"11":5,"12":5,"13":3,"14":1,"15":2,"16":0,"17":1,"18":0,"19":0},"3":{"0":0,"1":0,"2":5,"3":0,"4":5,"5":5,"6":5,"7":3,"8":1,"9":1,"10":3,"11":5,"12":5,"13":5,"14":0,"15":3,"16":5,"17":5,"18":5,"19":0},"4":{"0":0,"1":3,"2":4,"3":0,"4":0,"5":5,"6":5,"7":4,"8":5,"9":5,"10":5,"11":0,"12":5,"13":1,"14":2,"15":0,"16":0,"17":2,"18":0,"19":2},"5":{"0":0,"1":4,"2":5,"3":2,"4":5,"5":0,"6":5,"7":3,"8":1,"9":0,"10":5,"11":5,"12":3,"13":5,"14":4,"15":0,"16":0,"17":5,"18":5,"19":5},"6":{"0":1,"1":0,"2":3,"3":0,"4":1,"5":2,"6":0,"7":5,"8":5,"9":5,"10":2,"11":4,"12":0,"13":1,"14":5,"15":5,"16":5,"17":4,"18":5,"19":5},"7":{"0":3,"1":2,"2":1,"3":1,"4":0,"5":0,"6":5,"7":0,"8":5,"9":0,"10":5,"11":5,"12":5,"13":5,"14":5,"15":4,"16":5,"17":3,"18":3,"19":5},"8":{"0":3,"1":0,"2":3,"3":0,"4":4,"5":5,"6":5,"7":2,"8":0,"9":4,"10":5,"11":2,"12":5,"13":3,"14":0,"15":5,"16":4,"17":3,"18":5,"19":5},"9":{"0":0,"1":0,"2":4,"3":2,"4":0,"5":0,"6":4,"7":0,"8":0,"9":0,"10":3,"11":3,"12":1,"13":1,"14":5,"15":2,"16":2,"17":2,"18":5,"19":5},"10":{"0":4,"1":5,"2":0,"3":2,"4":5,"5":4,"6":0,"7":2,"8":0,"9":0,"10":0,"11":1,"12":5,"13":1,"14":2,"15":5,"16":5,"17":0,"18":0,"19":5},"11":{"0":0,"1":0,"2":2,"3":0,"4":3,"5":0,"6":0,"7":2,"8":0,"9":0,"10":5,"11":0,"12":4,"13":4,"14":0,"15":4,"16":3,"17":5,"18":4,"19":5},"12":{"0":2,"1":0,"2":0,"3":0,"4":0,"5":5,"6":0,"7":0,"8":0,"9":2,"10":0,"11":3,"12":0,"13":0,"14":5,"15":5,"16":5,"17":5,"18":5,"19":5},"13":{"0":0,"1":0,"2":0,"3":0,"4":5,"5":0,"6":0,"7":0,"8":0,"9":0,"10":0,"11":4,"12":0,"13":0,"14":5,"15":0,"16":2,"17":3,"18":5,"19":2},"14":{"0":0,"1":1,"2":0,"3":0,"4":1,"5":4,"6":1,"7":5,"8":0,"9":1,"10":0,"11":3,"12":0,"13":3,"14":0,"15":5,"16":3,"17":5,"18":5,"19":5},"15":{"0":2,"1":2,"2":2,"3":0,"4":0,"5":0,"6":0,"7":1,"8":3,"9":2,"10":0,"11":0,"12":0,"13":5,"14":0,"15":0,"16":5,"17":0,"18":5,"19":5},"16":{"0":0,"1":0,"2":2,"3":0,"4":3,"5":2,"6":2,"7":0,"8":5,"9":2,"10":0,"11":2,"12":0,"13":0,"14":3,"15":0,"16":0,"17":0,"18":0,"19":0},"17":{"0":2,"1":3,"2":5,"3":3,"4":5,"5":0,"6":0,"7":3,"8":0,"9":0,"10":0,"11":0,"12":0,"13":0,"14":0,"15":0,"16":0,"17":0,"18":5,"19":5},"18":{"0":0,"1":0,"2":1,"3":1,"4":0,"5":0,"6":1,"7":4,"8":1,"9":0,"10":0,"11":0,"12":0,"13":0,"14":0,"15":0,"16":5,"17":0,"18":0,"19":5},"19":{"0":2,"1":4,"2":4,"3":0,"4":0,"5":0,"6":2,"7":0,"8":2,"9":5,"10":1,"11":5,"12":1,"13":1,"14":1,"15":0,"16":0,"17":0,"18":0,"19":0}},"method":"hillside","closest_pair":[[18,19,16,13,11,15,17,12,4,9,14,2,6,10,7,1,8,5,0,3],[18,19,16,13,11,15,17,12,4,9,14,2,6,10,1,7,8,5,0,3]],"farthest_pair":[[18,19,16,13,11,15,17,12,4,9,14,2,6,10,7,1,8,5,0,3],[18,19,16,13,11,12,15,17,9,14,2,4,6,10,1,7,8,5,0,3]],"tau_farthest_pair":0.9368421053,"tau_closest_pair":0.9894736842,"centroid_solution":[18,19,16,13,11,15,17,12,4,9,14,2,6,10,7,1,8,5,0,3]}