{"solutions":[[17,19,18,14,16,9,15,12,11,13,10,1,5,6,3,7,8,4,0,2],[19,18,14,17,16,9,15,12,11,10,13,1,5,6,3,7,8,4,0,2],[19,18,14,17,16,9,15,12,11,10,1,5,13,6,3,8,7,4,0,2],[19,18,14,17,16,9,15,12,11,13,10,1,5,6,3,8,7,4,0,2],[17,19,18,14,16,9,15,12,11,10,13,1,5,6,3,7,8,4,0,2],[19,18,14,17,16,9,15,12,11,10,1,5,13,6,3,7,8,4,0,2],[17,19,18,14,16,9,15,12,11,10,1,13,5,6,3,8,7,4,0,2],[19,18,14,17,16,9,15,12,11,10,13,1,5,6,3,8,7,4,0,2],[17,19,18,14,16,9,15,12,11,10,13,1,5,6,3,8,7,4,0,2],[17,19,18,14,16,9,15,12,11,10,1,5,13,6,3,8,7,4,0,2],[17,19,18,14,16,9,15,12,11,10,1,13,5,6,3,7,8,4,0,2],[19,18,14,17,16,9,15,12,11,10,1,13,5,6,3,7,8,4,0,2],[17,19,18,14,16,9,15,12,11,10,1,5,13,6,3,7,8,4,0,2],[17,19,18,14,16,9,15,12,11,13,10,1,5,6,3,8,7,4,0,2],[19,18,14,17,16,9,15,12,11,10,1,13,5,6,3,8,7,4,0,2],[19,18,14,17,16,9,15,12,11,13,10,1,5,6,3,7,8,4,0,2]],"obj":1937.0,"max_tau_solutions":null,"centroid_x":[[0.0,0.0,1.0,0.0,0.0,0.0,0.0,0.0,0.0,0.0,0.0,0.0,0.0,0.0,0.0,0.0,0.0,0.0,0.0,0.0],[1.0,0.0,1.0,1.0,1.0,1.0,1.0,1.0,1.0,0.0,0.0,0.0,0.0,0.4678744562,0.0,0.0,0.0,0.0,0.0,0.0],[0.0,0.0,0.0,0.0,0.0,0.0,0.0,0.0,0.0,0.0,0.0,0.0,0.0,0.0,0.0,0.0,0.0,0.0,0.0,0.0],[1.0,0.0,1.0,0.0,1.0,0.0,0.0,1.0,1.0,0.0,0.0,0.0,0.0,0.0,0.0,0.0,0.0,0.0,0.0,0.0],[1.0,0.0,1.0,0.0,0.0,0.0,0.0,0.0,0.0,0.0,0.0,0.0,0.0,0.0,0.0,0.0,0.0,0.0,0.0,0.0],[1.0,0.0,1.0,1.0,1.0,0.0,1.0,1.0,1.0,0.0,0.0,0.0,0.0,0.3326614115,0.0,0.0,0.0,0.0,0.0,0.0],[1.0,0.0,1.0,1.0,1.0,0.0,0.0,1.0,1.0,0.0,0.0,0.0,0.0,0.0,0.0,0.0,0.0,0.0,0.0,0.0],[1.0,0.0,1.0,0.0,1.0,0.0,0.0,0.0,0.2879445092,0.0,0.0,0.0,0.0,0.0,0.0,0.0,0.0,0.0,0.0,0.0],[1.0,0.0,1.0,0.0,1.0,0.0,0.0,0.7120554908,0.0,0.0,0.0,0.0,0.0,0.0,0.0,0.0,0.0,0.0,0.0,0.0],[1.0,1.0,1.0,1.0,1.0,1.0,1.0,1.0,1.0,0.0,1.0,1.0,1.0,1.0,0.0,1.0,0.0,0.0,0.0,0.0],[1.0,1.0,1.0,1.0,1.0,1.0,1.0,1.0,1.0,0.0,0.0,0.0,0.0,0.5383362768,0.0,0.0,0.0,0.0,0.0,0.0],[1.0,1.0,1.0,1.0,1.0,1.0,1.0,1.0,1.0,0.0,1.0,0.0,0.0,1.0,0.0,0.0,0.0,0.0,0.0,0.0],[1.0,1.0,1.0,1.0,1.0,1.0,1.0,1.0,1.0,0.0,1.0,1.0,0.0,1.0,0.0,0.0,0.0,0.0,0.0,0.0],[1.0,0.5321255438,1.0,1.0,1.0,0.6673385885,1.0,1.0,1.0,0.0,0.4616637232,0.0,0.0,0.0,0.0,0.0,0.0,0.0,0.0,0.0],[1.0,1.0,1.0,1.0,1.0,1.0,1.0,1.0,1.0,1.0,1.0,1.0,1.0,1.0,0.0,1.0,1.0,0.5455934023,0.0,0.0],[1.0,1.0,1.0,1.0,1.0,1.0,1.0,1.0,1.0,0.0,1.0,1.0,1.0,1.0,0.0,0.0,0.0,0.0,0.0,0.0],[1.0,1.0,1.0,1.0,1.0,1.0,1.0,1.0,1.0,1.0,1.0,1.0,1.0,1.0,0.0,1.0,0.0,0.0,0.0,0.0],[1.0,1.0,1.0,1.0,1.0,1.0,1.0,1.0,1.0,1.0,1.0,1.0,1.0,1.0,0.4544065977,1.0,1.0,0.0,0.4544065977,0.4544065977],[1.0,1.0,1.0,1.0,1.0,1.0,1.0,1.0,1.0,1.0,1.0,1.0,1.0,1.0,1.0,1.0,1.0,0.5455934023,0.0,0.0],[1.0,1.0,1.0,1.0,1.0,1.0,1.0,1.0,1.0,1.0,1.0,1.0,1.0,1.0,1.0,1.0,1.0,0.5455934023,1.0,0.0]],"outlier_solution":[17,19,18,14,16,9,15,12,11,10,1,5,13,6,3,7,8,4,0,2],"dataset_id":539,"source_dataset_id":586,"options":null,"D":{"0":{"0":0,"1":5,"2":0,"3":5,"4":4,"5":5,"6":5,"7":5,"8":0,"9":5,"10":0,"11":5,"12":5,"13":0,"14":5,"15":2,"16":5,"17":4,"18":0,"19":0},"1":{"0":0,"1":0,"2":0,"3":5,"4":0,"5":5,"6":3,"7":3,"8":5,"9":3,"10":5,"11":0,"12":0,"13":3,"14":5,"15":5,"16":5,"17":5,"18":5,"19":0},"2":{"0":2,"1":0,"2":0,"3":0,"4":5,"5":5,"6":5,"7":3,"8":5,"9":1,"10":0,"11":0,"12":3,"13":5,"14":5,"15":0,"16":5,"17":5,"18":5,"19":5},"3":{"0":5,"1":0,"2":0,"3":0,"4":0,"5":5,"6":0,"7":4,"8":5,"9":5,"10":5,"11":5,"12":5,"13":0,"14":0,"15":5,"16":1,"17":5,"18":0,"19":4},"4":{"0":0,"1":0,"2":5,"3":0,"4":0,"5":5,"6":3,"7":3,"8":5,"9":5,"10":5,"11":5,"12":0,"13":0,"14":3,"15":3,"16":4,"17":1,"18":5,"19":5},"5":{"0":2,"1":0,"2":4,"3":0,"4":0,"5":0,"6":1,"7":1,"8":0,"9":5,"10":5,"11":1,"12":5,"13":0,"14":5,"15":1,"16":5,"17":5,"18":0,"19":5},"6":{"0":0,"1":0,"2":3,"3":0,"4":0,"5":0,"6":0,"7":1,"8":5,"9":5,"10":5,"11":3,"12":5,"13":0,"14":5,"15":5,"16":3,"17":3,"18":5,"19":0},"7":{"0":3,"1":5,"2":1,"3":4,"4":0,"5":0,"6":0,"7":0,"8":5,"9":5,"10":5,"11":5,"12":0,"13":0,"14":3,"15":5,"16":2,"17":5,"18":5,"19":4},"8":{"0":0,"1":3,"2":0,"3":0,"4":0,"5":1,"6":0,"7":2,"8":0,"9":5,"10":5,"11":0,"12":2,"13":5,"14":5,"15":5,"16":4,"17":5,"18":3,"19":5},"9":{"0":2,"1":5,"2":0,"3":0,"4":3,"5":0,"6":2,"7":5,"8":0,"9":0,"10":1,"11":5,"12":3,"13":0,"14":5,"15":5,"16":5,"17":5,"18":0,"19":4},"10":{"0":1,"1":5,"2":3,"3":2,"4":0,"5":2,"6":0,"7":0,"8":0,"9":4,"10":0,"11":5,"12":0,"13":2,"14":5,"15":0,"16":4,"17":5,"18":3,"19":5},"11":{"0":0,"1":3,"2":0,"3":5,"4":0,"5":0,"6":0,"7":3,"8":0,"9":5,"10":0,"11":0,"12":4,"13":0,"14":4,"15":5,"16":1,"17":4,"18":4,"19":5},"12":{"0":0,"1":0,"2":5,"3":3,"4":0,"5":2,"6":0,"7":0,"8":0,"9":3,"10":0,"11":0,"12":0,"13":5,"14":5,"15":5,"16":5,"17":5,"18":1,"19":2},"13":{"0":3,"1":3,"2":0,"3":0,"4":5,"5":2,"6":0,"7":0,"8":0,"9":0,"10":0,"11":0,"12":0,"13":0,"14":2,"15":0,"16":0,"17":0,"18":5,"19":5},"14":{"0":0,"1":2,"2":0,"3":0,"4":1,"5":0,"6":1,"7":2,"8":0,"9":0,"10":0,"11":0,"12":5,"13":1,"14":0,"15":5,"16":0,"17":5,"18":2,"19":5},"15":{"0":5,"1":5,"2":0,"3":3,"4":5,"5":4,"6":3,"7":1,"8":0,"9":0,"10":0,"11":0,"12":0,"13":0,"14":0,"15":0,"16":3,"17":5,"18":4,"19":5},"16":{"0":1,"1":2,"2":0,"3":3,"4":0,"5":0,"6":3,"7":0,"8":0,"9":0,"10":4,"11":4,"12":0,"13":0,"14":0,"15":5,"16":0,"17":0,"18":0,"19":0},"17":{"0":3,"1":3,"2":0,"3":2,"4":0,"5":2,"6":2,"7":0,"8":0,"9":4,"10":0,"11":3,"12":0,"13":0,"14":1,"15":0,"16":0,"17":0,"18":4,"19":2},"18":{"0":1,"1":2,"2":0,"3":0,"4":0,"5":2,"6":0,"7":0,"8":1,"9":4,"10":3,"11":0,"12":3,"13":0,"14":0,"15":0,"16":0,"17":0,"18":0,"19":1},"19":{"0":0,"1":4,"2":0,"3":0,"4":2,"5":1,"6":0,"7":0,"8":0,"9":0,"10":4,"11":0,"12":0,"13":0,"14":3,"15":1,"16":0,"17":5,"18":0,"19":0}},"method":"hillside","closest_pair":[[19,18,14,17,16,9,15,12,11,10,1,13,5,6,3,8,7,4,0,2],[19,18,14,17,16,9,15,12,11,10,13,1,5,6,3,8,7,4,0,2]],"farthest_pair":[[17,19,18,14,16,9,15,12,11,10,1,5,13,6,3,8,7,4,0,2],[19,18,14,17,16,9,15,12,11,13,10,1,5,6,3,7,8,4,0,2]],"tau_farthest_pair":0.9263157895,"tau_closest_pair":0.9894736842,"centroid_solution":[19,18,14,17,16,9,15,12,11,10,13,1,5,6,3,8,7,4,0,2]}