{"solutions":[[19,17,18,15,13,10,14,7,16,8,11,9,12,0,1,5,6,3,4,2],[19,17,18,15,13,10,14,16,7,8,11,9,12,0,1,5,6,3,4,2],[19,17,18,15,13,10,16,8,14,11,7,9,12,0,1,5,6,3,4,2],[19,17,18,15,13,10,14,16,8,11,7,9,12,0,1,5,6,3,2,4],[19,17,18,15,13,10,14,16,7,8,11,9,12,0,1,5,6,3,2,4],[19,17,18,15,13,10,16,8,14,7,11,9,12,0,1,5,6,3,2,4],[19,17,18,15,13,10,14,7,16,8,11,9,12,0,1,5,6,3,2,4],[19,17,18,15,13,10,16,8,14,7,11,9,12,0,1,5,6,3,4,2],[19,17,18,15,13,10,14,16,8,11,7,9,12,0,1,5,6,3,4,2],[19,17,18,15,13,10,14,16,8,7,11,9,12,0,1,5,6,3,4,2],[19,17,18,15,13,10,16,8,14,11,7,9,12,0,1,5,6,3,2,4],[19,17,18,15,13,10,14,16,8,7,11,9,12,0,1,5,6,3,2,4]],"obj":2151.0,"max_tau_solutions":null,"centroid_x":[[0.0,1.0,1.0,1.0,1.0,1.0,1.0,0.0,0.0,0.0,0.0,0.0,0.0,0.0,0.0,0.0,0.0,0.0,0.0,0.0],[0.0,0.0,1.0,1.0,1.0,1.0,1.0,0.0,0.0,0.0,0.0,0.0,0.0,0.0,0.0,0.0,0.0,0.0,0.0,0.0],[0.0,0.0,0.0,0.0,0.3688849486,0.0,0.0,0.0,0.0,0.0,0.0,0.0,0.0,0.0,0.0,0.0,0.0,0.0,0.0,0.0],[0.0,0.0,1.0,0.0,1.0,0.0,0.0,0.0,0.0,0.0,0.0,0.0,0.0,0.0,0.0,0.0,0.0,0.0,0.0,0.0],[0.0,0.0,0.6311150514,0.0,0.0,0.0,0.0,0.0,0.0,0.0,0.0,0.0,0.0,0.0,0.0,0.0,0.0,0.0,0.0,0.0],[0.0,0.0,1.0,1.0,1.0,0.0,1.0,0.0,0.0,0.0,0.0,0.0,0.0,0.0,0.0,0.0,0.0,0.0,0.0,0.0],[0.0,0.0,1.0,1.0,1.0,0.0,0.0,0.0,0.0,0.0,0.0,0.0,0.0,0.0,0.0,0.0,0.0,0.0,0.0,0.0],[1.0,1.0,1.0,1.0,1.0,1.0,1.0,0.0,0.3418924199,1.0,0.0,0.4725549394,1.0,0.0,0.0,0.0,0.2971349818,0.0,0.0,0.0],[1.0,1.0,1.0,1.0,1.0,1.0,1.0,0.6581075801,0.0,1.0,0.0,1.0,1.0,0.0,0.496427164,0.0,0.0,0.0,0.0,0.0],[1.0,1.0,1.0,1.0,1.0,1.0,1.0,0.0,0.0,0.0,0.0,0.0,1.0,0.0,0.0,0.0,0.0,0.0,0.0,0.0],[1.0,1.0,1.0,1.0,1.0,1.0,1.0,1.0,1.0,1.0,0.0,1.0,1.0,0.0,1.0,0.0,1.0,0.0,0.0,0.0],[1.0,1.0,1.0,1.0,1.0,1.0,1.0,0.5274450606,0.0,1.0,0.0,0.0,1.0,0.0,0.0,0.0,0.0,0.0,0.0,0.0],[1.0,1.0,1.0,1.0,1.0,1.0,1.0,0.0,0.0,0.0,0.0,0.0,0.0,0.0,0.0,0.0,0.0,0.0,0.0,0.0],[1.0,1.0,1.0,1.0,1.0,1.0,1.0,1.0,1.0,1.0,1.0,1.0,1.0,0.0,1.0,0.0,1.0,0.0,0.0,0.0],[1.0,1.0,1.0,1.0,1.0,1.0,1.0,1.0,0.503572836,1.0,0.0,1.0,1.0,0.0,0.0,0.0,0.503572837,0.0,0.0,0.0],[1.0,1.0,1.0,1.0,1.0,1.0,1.0,1.0,1.0,1.0,1.0,1.0,1.0,1.0,1.0,0.0,1.0,0.0,0.0,0.0],[1.0,1.0,1.0,1.0,1.0,1.0,1.0,0.7028650182,1.0,1.0,0.0,1.0,1.0,0.0,0.496427163,0.0,0.0,0.0,0.0,0.0],[1.0,1.0,1.0,1.0,1.0,1.0,1.0,1.0,1.0,1.0,1.0,1.0,1.0,1.0,1.0,1.0,1.0,0.0,1.0,0.0],[1.0,1.0,1.0,1.0,1.0,1.0,1.0,1.0,1.0,1.0,1.0,1.0,1.0,1.0,1.0,1.0,1.0,0.0,0.0,0.0],[1.0,1.0,1.0,1.0,1.0,1.0,1.0,1.0,1.0,1.0,1.0,1.0,1.0,1.0,1.0,1.0,1.0,1.0,1.0,0.0]],"outlier_solution":[19,17,18,15,13,10,14,7,16,8,11,9,12,0,1,5,6,3,2,4],"dataset_id":542,"source_dataset_id":589,"options":null,"D":{"0":{"0":0,"1":5,"2":0,"3":0,"4":4,"5":4,"6":0,"7":5,"8":2,"9":5,"10":5,"11":5,"12":0,"13":4,"14":1,"15":4,"16":3,"17":0,"18":0,"19":1},"1":{"0":5,"1":0,"2":5,"3":0,"4":4,"5":5,"6":4,"7":1,"8":2,"9":2,"10":2,"11":1,"12":5,"13":5,"14":5,"15":3,"16":1,"17":5,"18":5,"19":3},"2":{"0":2,"1":0,"2":0,"3":4,"4":5,"5":0,"6":2,"7":0,"8":3,"9":5,"10":1,"11":1,"12":3,"13":5,"14":4,"15":0,"16":1,"17":3,"18":5,"19":5},"3":{"0":4,"1":0,"2":0,"3":0,"4":0,"5":5,"6":1,"7":5,"8":5,"9":4,"10":4,"11":2,"12":0,"13":5,"14":5,"15":5,"16":4,"17":5,"18":5,"19":3},"4":{"0":2,"1":0,"2":0,"3":3,"4":0,"5":5,"6":5,"7":5,"8":2,"9":4,"10":5,"11":5,"12":3,"13":5,"14":5,"15":2,"16":5,"17":2,"18":1,"19":3},"5":{"0":0,"1":2,"2":0,"3":5,"4":2,"5":0,"6":5,"7":5,"8":5,"9":5,"10":5,"11":2,"12":0,"13":5,"14":0,"15":5,"16":5,"17":1,"18":5,"19":5},"6":{"0":0,"1":0,"2":0,"3":4,"4":4,"5":0,"6":0,"7":4,"8":5,"9":5,"10":5,"11":5,"12":2,"13":3,"14":4,"15":0,"16":0,"17":5,"18":5,"19":2},"7":{"0":0,"1":4,"2":1,"3":5,"4":3,"5":0,"6":0,"7":0,"8":5,"9":3,"10":2,"11":5,"12":2,"13":0,"14":2,"15":0,"16":0,"17":5,"18":1,"19":3},"8":{"0":0,"1":0,"2":0,"3":0,"4":3,"5":3,"6":0,"7":4,"8":0,"9":4,"10":5,"11":2,"12":5,"13":2,"14":3,"15":5,"16":3,"17":1,"18":5,"19":3},"9":{"0":0,"1":5,"2":4,"3":0,"4":0,"5":4,"6":4,"7":0,"8":2,"9":0,"10":4,"11":5,"12":1,"13":2,"14":5,"15":5,"16":5,"17":5,"18":0,"19":5},"10":{"0":3,"1":5,"2":0,"3":0,"4":0,"5":0,"6":3,"7":0,"8":0,"9":0,"10":0,"11":2,"12":5,"13":5,"14":5,"15":4,"16":5,"17":3,"18":5,"19":0},"11":{"0":4,"1":0,"2":5,"3":2,"4":0,"5":3,"6":0,"7":0,"8":2,"9":0,"10":0,"11":0,"12":0,"13":1,"14":3,"15":5,"16":2,"17":5,"18":5,"19":5},"12":{"0":0,"1":5,"2":3,"3":3,"4":1,"5":3,"6":5,"7":0,"8":0,"9":0,"10":4,"11":0,"12":0,"13":5,"14":0,"15":0,"16":5,"17":0,"18":5,"19":5},"13":{"0":0,"1":5,"2":0,"3":1,"4":0,"5":4,"6":0,"7":5,"8":0,"9":2,"10":0,"11":1,"12":0,"13":0,"14":3,"15":4,"16":5,"17":5,"18":0,"19":5},"14":{"0":4,"1":4,"2":5,"3":0,"4":0,"5":5,"6":3,"7":5,"8":1,"9":0,"10":0,"11":0,"12":1,"13":0,"14":0,"15":5,"16":0,"17":5,"18":5,"19":3},"15":{"0":4,"1":0,"2":0,"3":0,"4":0,"5":4,"6":0,"7":0,"8":0,"9":5,"10":3,"11":0,"12":0,"13":4,"14":0,"15":0,"16":5,"17":5,"18":0,"19":4},"16":{"0":5,"1":0,"2":4,"3":5,"4":0,"5":1,"6":0,"7":3,"8":3,"9":2,"10":3,"11":0,"12":0,"13":0,"14":0,"15":5,"16":0,"17":5,"18":5,"19":5},"17":{"0":5,"1":0,"2":0,"3":2,"4":0,"5":0,"6":0,"7":0,"8":1,"9":4,"10":1,"11":0,"12":5,"13":2,"14":0,"15":0,"16":0,"17":0,"18":3,"19":5},"18":{"0":0,"1":3,"2":0,"3":0,"4":3,"5":1,"6":0,"7":0,"8":3,"9":0,"10":2,"11":2,"12":0,"13":0,"14":0,"15":0,"16":5,"17":0,"18":0,"19":5},"19":{"0":0,"1":5,"2":0,"3":1,"4":0,"5":0,"6":0,"7":0,"8":4,"9":0,"10":0,"11":4,"12":0,"13":0,"14":2,"15":4,"16":0,"17":4,"18":0,"19":0}},"method":"hillside","closest_pair":[[19,17,18,15,13,10,14,16,8,11,7,9,12,0,1,5,6,3,2,4],[19,17,18,15,13,10,14,16,8,11,7,9,12,0,1,5,6,3,4,2]],"farthest_pair":[[19,17,18,15,13,10,14,7,16,8,11,9,12,0,1,5,6,3,4,2],[19,17,18,15,13,10,16,8,14,11,7,9,12,0,1,5,6,3,2,4]],"tau_farthest_pair":0.9368421053,"tau_closest_pair":0.9894736842,"centroid_solution":[19,17,18,15,13,10,14,16,8,11,7,9,12,0,1,5,6,3,4,2]}