{"solutions":[[19,17,16,18,12,15,11,14,13,10,7,9,6,8,5,3,4,0,1,2],[19,17,16,18,12,15,11,14,13,10,7,9,8,6,5,3,4,0,1,2],[19,16,17,18,12,15,11,14,13,10,7,9,8,6,5,3,4,0,1,2],[16,19,17,18,12,15,11,14,13,10,7,9,8,6,5,3,4,0,1,2],[16,19,17,18,12,15,11,14,13,10,7,9,6,8,5,3,4,0,1,2],[19,16,17,18,12,15,11,14,13,10,7,9,6,8,5,3,4,0,1,2]],"obj":1360.0,"max_tau_solutions":null,"centroid_x":[[0.0,1.0,1.0,0.0,0.0,0.0,0.0,0.0,0.0,0.0,0.0,0.0,0.0,0.0,0.0,0.0,0.0,0.0,0.0,0.0],[0.0,0.0,1.0,0.0,0.0,0.0,0.0,0.0,0.0,0.0,0.0,0.0,0.0,0.0,0.0,0.0,0.0,0.0,0.0,0.0],[0.0,0.0,0.0,0.0,0.0,0.0,0.0,0.0,0.0,0.0,0.0,0.0,0.0,0.0,0.0,0.0,0.0,0.0,0.0,0.0],[1.0,1.0,1.0,0.0,1.0,0.0,0.0,0.0,0.0,0.0,0.0,0.0,0.0,0.0,0.0,0.0,0.0,0.0,0.0,0.0],[1.0,1.0,1.0,0.0,0.0,0.0,0.0,0.0,0.0,0.0,0.0,0.0,0.0,0.0,0.0,0.0,0.0,0.0,0.0,0.0],[1.0,1.0,1.0,1.0,1.0,0.0,0.0,0.0,0.0,0.0,0.0,0.0,0.0,0.0,0.0,0.0,0.0,0.0,0.0,0.0],[1.0,1.0,1.0,1.0,1.0,1.0,0.0,0.0,0.3506548804,0.0,0.0,0.0,0.0,0.0,0.0,0.0,0.0,0.0,0.0,0.0],[1.0,1.0,1.0,1.0,1.0,1.0,1.0,0.0,1.0,1.0,0.0,0.0,0.0,0.0,0.0,0.0,0.0,0.0,0.0,0.0],[1.0,1.0,1.0,1.0,1.0,1.0,0.6493451196,0.0,0.0,0.0,0.0,0.0,0.0,0.0,0.0,0.0,0.0,0.0,0.0,0.0],[1.0,1.0,1.0,1.0,1.0,1.0,1.0,0.0,1.0,0.0,0.0,0.0,0.0,0.0,0.0,0.0,0.0,0.0,0.0,0.0],[1.0,1.0,1.0,1.0,1.0,1.0,1.0,1.0,1.0,1.0,0.0,0.0,0.0,0.0,0.0,0.0,0.0,0.0,0.0,0.0],[1.0,1.0,1.0,1.0,1.0,1.0,1.0,1.0,1.0,1.0,1.0,0.0,0.0,1.0,1.0,0.0,0.0,0.0,0.0,0.0],[1.0,1.0,1.0,1.0,1.0,1.0,1.0,1.0,1.0,1.0,1.0,1.0,0.0,1.0,1.0,1.0,0.0,0.0,0.0,0.0],[1.0,1.0,1.0,1.0,1.0,1.0,1.0,1.0,1.0,1.0,1.0,0.0,0.0,0.0,0.0,0.0,0.0,0.0,0.0,0.0],[1.0,1.0,1.0,1.0,1.0,1.0,1.0,1.0,1.0,1.0,1.0,0.0,0.0,1.0,0.0,0.0,0.0,0.0,0.0,0.0],[1.0,1.0,1.0,1.0,1.0,1.0,1.0,1.0,1.0,1.0,1.0,1.0,0.0,1.0,1.0,0.0,0.0,0.0,0.0,0.0],[1.0,1.0,1.0,1.0,1.0,1.0,1.0,1.0,1.0,1.0,1.0,1.0,1.0,1.0,1.0,1.0,0.0,0.4057985662,1.0,0.3117602503],[1.0,1.0,1.0,1.0,1.0,1.0,1.0,1.0,1.0,1.0,1.0,1.0,1.0,1.0,1.0,1.0,0.5942014338,0.0,1.0,0.0],[1.0,1.0,1.0,1.0,1.0,1.0,1.0,1.0,1.0,1.0,1.0,1.0,1.0,1.0,1.0,1.0,0.0,0.0,0.0,0.0],[1.0,1.0,1.0,1.0,1.0,1.0,1.0,1.0,1.0,1.0,1.0,1.0,1.0,1.0,1.0,1.0,0.6882397497,1.0,1.0,0.0]],"outlier_solution":[16,19,17,18,12,15,11,14,13,10,7,9,6,8,5,3,4,0,1,2],"dataset_id":546,"source_dataset_id":593,"options":null,"D":{"0":{"0":0,"1":5,"2":2,"3":4,"4":5,"5":5,"6":4,"7":1,"8":3,"9":5,"10":3,"11":5,"12":5,"13":0,"14":2,"15":0,"16":5,"17":5,"18":0,"19":5},"1":{"0":0,"1":0,"2":5,"3":0,"4":3,"5":5,"6":5,"7":5,"8":5,"9":0,"10":5,"11":0,"12":5,"13":4,"14":5,"15":5,"16":5,"17":2,"18":0,"19":3},"2":{"0":0,"1":0,"2":0,"3":5,"4":5,"5":0,"6":5,"7":5,"8":5,"9":0,"10":5,"11":5,"12":5,"13":1,"14":5,"15":5,"16":5,"17":5,"18":5,"19":5},"3":{"0":0,"1":0,"2":0,"3":0,"4":4,"5":3,"6":0,"7":5,"8":5,"9":0,"10":2,"11":0,"12":5,"13":5,"14":5,"15":4,"16":5,"17":2,"18":2,"19":0},"4":{"0":0,"1":1,"2":4,"3":0,"4":0,"5":1,"6":5,"7":3,"8":5,"9":5,"10":5,"11":4,"12":5,"13":5,"14":5,"15":5,"16":5,"17":5,"18":0,"19":3},"5":{"0":0,"1":0,"2":0,"3":0,"4":0,"5":0,"6":5,"7":5,"8":5,"9":3,"10":5,"11":5,"12":5,"13":5,"14":5,"15":5,"16":5,"17":0,"18":5,"19":4},"6":{"0":5,"1":0,"2":0,"3":3,"4":0,"5":4,"6":0,"7":4,"8":1,"9":5,"10":5,"11":5,"12":0,"13":5,"14":0,"15":2,"16":5,"17":5,"18":5,"19":5},"7":{"0":0,"1":0,"2":0,"3":0,"4":0,"5":2,"6":0,"7":0,"8":5,"9":5,"10":0,"11":1,"12":3,"13":0,"14":1,"15":5,"16":3,"17":5,"18":4,"19":5},"8":{"0":0,"1":0,"2":0,"3":0,"4":0,"5":0,"6":0,"7":4,"8":0,"9":5,"10":5,"11":5,"12":5,"13":3,"14":5,"15":3,"16":5,"17":5,"18":5,"19":5},"9":{"0":0,"1":0,"2":0,"3":0,"4":4,"5":1,"6":1,"7":3,"8":0,"9":0,"10":5,"11":3,"12":5,"13":5,"14":1,"15":3,"16":4,"17":5,"18":5,"19":4},"10":{"0":0,"1":0,"2":0,"3":4,"4":0,"5":0,"6":2,"7":0,"8":0,"9":0,"10":0,"11":5,"12":5,"13":5,"14":0,"15":5,"16":5,"17":5,"18":5,"19":5},"11":{"0":0,"1":1,"2":0,"3":0,"4":0,"5":1,"6":0,"7":0,"8":0,"9":2,"10":0,"11":0,"12":5,"13":0,"14":5,"15":5,"16":1,"17":5,"18":5,"19":5},"12":{"0":0,"1":0,"2":0,"3":3,"4":0,"5":0,"6":5,"7":0,"8":0,"9":0,"10":0,"11":0,"12":0,"13":2,"14":5,"15":5,"16":5,"17":0,"18":0,"19":1},"13":{"0":0,"1":0,"2":0,"3":0,"4":3,"5":0,"6":0,"7":1,"8":0,"9":0,"10":4,"11":0,"12":0,"13":0,"14":1,"15":5,"16":5,"17":5,"18":5,"19":5},"14":{"0":0,"1":0,"2":1,"3":0,"4":3,"5":0,"6":0,"7":0,"8":0,"9":0,"10":0,"11":1,"12":0,"13":2,"14":0,"15":5,"16":0,"17":5,"18":5,"19":5},"15":{"0":0,"1":0,"2":0,"3":0,"4":0,"5":3,"6":4,"7":4,"8":0,"9":0,"10":3,"11":3,"12":0,"13":1,"14":1,"15":0,"16":5,"17":5,"18":1,"19":5},"16":{"0":5,"1":0,"2":0,"3":2,"4":0,"5":0,"6":0,"7":0,"8":0,"9":0,"10":0,"11":1,"12":0,"13":0,"14":0,"15":0,"16":0,"17":5,"18":5,"19":5},"17":{"0":0,"1":0,"2":0,"3":0,"4":0,"5":0,"6":0,"7":4,"8":0,"9":1,"10":0,"11":2,"12":0,"13":0,"14":2,"15":5,"16":0,"17":0,"18":5,"19":4},"18":{"0":0,"1":0,"2":2,"3":0,"4":0,"5":0,"6":0,"7":0,"8":0,"9":2,"10":0,"11":5,"12":0,"13":4,"14":0,"15":0,"16":4,"17":0,"18":0,"19":0},"19":{"0":2,"1":0,"2":0,"3":0,"4":0,"5":0,"6":0,"7":0,"8":0,"9":0,"10":4,"11":2,"12":4,"13":5,"14":0,"15":0,"16":0,"17":2,"18":0,"19":0}},"method":"hillside","closest_pair":[[19,17,16,18,12,15,11,14,13,10,7,9,8,6,5,3,4,0,1,2],[19,16,17,18,12,15,11,14,13,10,7,9,8,6,5,3,4,0,1,2]],"farthest_pair":[[16,19,17,18,12,15,11,14,13,10,7,9,8,6,5,3,4,0,1,2],[19,17,16,18,12,15,11,14,13,10,7,9,6,8,5,3,4,0,1,2]],"tau_farthest_pair":0.9684210526,"tau_closest_pair":0.9894736842,"centroid_solution":[19,17,16,18,12,15,11,14,13,10,7,9,8,6,5,3,4,0,1,2]}