{"solutions":[[0,1,3,6,5,4,2,7,8,11,10,12,9,14,13,15,17,18,19,16],[1,0,3,6,5,4,2,7,8,11,10,12,9,14,13,15,17,19,18,16],[0,1,3,6,5,4,2,7,8,11,10,12,9,14,13,15,17,19,18,16],[0,1,3,6,5,4,2,8,7,11,10,12,9,14,13,15,17,19,18,16],[1,0,3,6,5,4,2,8,7,11,10,12,9,14,13,15,17,18,19,16],[1,0,3,6,5,4,2,7,8,11,10,12,9,14,13,15,17,18,19,16],[1,0,3,6,5,4,2,8,7,11,10,12,9,14,13,15,17,19,18,16],[0,1,3,6,5,4,2,8,7,11,10,12,9,14,13,15,17,18,19,16]],"obj":1268.0,"max_tau_solutions":null,"centroid_x":[[0.0,0.5001490476,1.0,1.0,1.0,1.0,1.0,1.0,1.0,1.0,1.0,1.0,1.0,1.0,1.0,1.0,1.0,1.0,1.0,1.0],[0.4998509524,0.0,1.0,1.0,1.0,1.0,1.0,1.0,1.0,1.0,1.0,1.0,1.0,1.0,1.0,1.0,1.0,1.0,1.0,1.0],[0.0,0.0,0.0,0.0,0.0,0.0,0.0,1.0,1.0,1.0,1.0,1.0,1.0,1.0,1.0,1.0,1.0,1.0,1.0,1.0],[0.0,0.0,1.0,0.0,1.0,1.0,1.0,1.0,1.0,1.0,1.0,1.0,1.0,1.0,1.0,1.0,1.0,1.0,1.0,1.0],[0.0,0.0,1.0,0.0,0.0,0.0,0.0,1.0,1.0,1.0,1.0,1.0,1.0,1.0,1.0,1.0,1.0,1.0,1.0,1.0],[0.0,0.0,1.0,0.0,1.0,0.0,0.0,1.0,1.0,1.0,1.0,1.0,1.0,1.0,1.0,1.0,1.0,1.0,1.0,1.0],[0.0,0.0,1.0,0.0,1.0,1.0,0.0,1.0,1.0,1.0,1.0,1.0,1.0,1.0,1.0,1.0,1.0,1.0,1.0,1.0],[0.0,0.0,0.0,0.0,0.0,0.0,0.0,0.0,0.4994856588,1.0,1.0,1.0,1.0,1.0,1.0,1.0,1.0,1.0,1.0,1.0],[0.0,0.0,0.0,0.0,0.0,0.0,0.0,0.5005143412,0.0,1.0,1.0,1.0,1.0,1.0,1.0,1.0,1.0,1.0,1.0,1.0],[0.0,0.0,0.0,0.0,0.0,0.0,0.0,0.0,0.0,0.0,0.0,0.0,0.0,1.0,1.0,1.0,1.0,1.0,1.0,1.0],[0.0,0.0,0.0,0.0,0.0,0.0,0.0,0.0,0.0,1.0,0.0,0.0,1.0,1.0,1.0,1.0,1.0,1.0,1.0,1.0],[0.0,0.0,0.0,0.0,0.0,0.0,0.0,0.0,0.0,1.0,1.0,0.0,1.0,1.0,1.0,1.0,1.0,1.0,1.0,1.0],[0.0,0.0,0.0,0.0,0.0,0.0,0.0,0.0,0.0,1.0,0.0,0.0,0.0,1.0,1.0,1.0,1.0,1.0,1.0,1.0],[0.0,0.0,0.0,0.0,0.0,0.0,0.0,0.0,0.0,0.0,0.0,0.0,0.0,0.0,0.0,1.0,1.0,1.0,1.0,1.0],[0.0,0.0,0.0,0.0,0.0,0.0,0.0,0.0,0.0,0.0,0.0,0.0,0.0,1.0,0.0,1.0,1.0,1.0,1.0,1.0],[0.0,0.0,0.0,0.0,0.0,0.0,0.0,0.0,0.0,0.0,0.0,0.0,0.0,0.0,0.0,0.0,1.0,1.0,1.0,1.0],[0.0,0.0,0.0,0.0,0.0,0.0,0.0,0.0,0.0,0.0,0.0,0.0,0.0,0.0,0.0,0.0,0.0,0.0,0.0,0.0],[0.0,0.0,0.0,0.0,0.0,0.0,0.0,0.0,0.0,0.0,0.0,0.0,0.0,0.0,0.0,0.0,1.0,0.0,1.0,1.0],[0.0,0.0,0.0,0.0,0.0,0.0,0.0,0.0,0.0,0.0,0.0,0.0,0.0,0.0,0.0,0.0,1.0,0.0,0.0,0.5024455995],[0.0,0.0,0.0,0.0,0.0,0.0,0.0,0.0,0.0,0.0,0.0,0.0,0.0,0.0,0.0,0.0,1.0,0.0,0.4975544005,0.0]],"outlier_solution":[1,0,3,6,5,4,2,7,8,11,10,12,9,14,13,15,17,19,18,16],"dataset_id":547,"source_dataset_id":594,"options":null,"D":{"0":{"0":0,"1":0,"2":0,"3":1,"4":0,"5":0,"6":0,"7":0,"8":0,"9":0,"10":0,"11":0,"12":0,"13":0,"14":1,"15":0,"16":0,"17":0,"18":0,"19":0},"1":{"0":5,"1":0,"2":0,"3":0,"4":0,"5":1,"6":1,"7":0,"8":1,"9":0,"10":0,"11":0,"12":4,"13":0,"14":2,"15":5,"16":0,"17":0,"18":1,"19":0},"2":{"0":4,"1":5,"2":0,"3":0,"4":0,"5":0,"6":0,"7":1,"8":0,"9":0,"10":4,"11":0,"12":0,"13":4,"14":0,"15":0,"16":0,"17":0,"18":0,"19":0},"3":{"0":2,"1":5,"2":0,"3":0,"4":3,"5":3,"6":5,"7":0,"8":0,"9":0,"10":0,"11":0,"12":0,"13":3,"14":0,"15":0,"16":0,"17":0,"18":0,"19":0},"4":{"0":0,"1":3,"2":5,"3":5,"4":0,"5":0,"6":0,"7":0,"8":0,"9":2,"10":1,"11":5,"12":5,"13":0,"14":0,"15":0,"16":0,"17":2,"18":0,"19":0},"5":{"0":1,"1":5,"2":0,"3":5,"4":5,"5":0,"6":5,"7":0,"8":0,"9":0,"10":0,"11":0,"12":0,"13":0,"14":0,"15":1,"16":0,"17":0,"18":0,"19":5},"6":{"0":5,"1":5,"2":0,"3":0,"4":5,"5":5,"6":0,"7":0,"8":2,"9":0,"10":0,"11":0,"12":0,"13":5,"14":0,"15":0,"16":0,"17":0,"18":1,"19":4},"7":{"0":0,"1":5,"2":5,"3":5,"4":5,"5":3,"6":5,"7":0,"8":0,"9":2,"10":0,"11":0,"12":0,"13":0,"14":4,"15":0,"16":3,"17":0,"18":0,"19":2},"8":{"0":5,"1":4,"2":0,"3":0,"4":5,"5":0,"6":5,"7":3,"8":0,"9":0,"10":0,"11":0,"12":0,"13":0,"14":5,"15":5,"16":0,"17":0,"18":0,"19":5},"9":{"0":5,"1":5,"2":5,"3":5,"4":5,"5":5,"6":0,"7":5,"8":5,"9":0,"10":0,"11":1,"12":3,"13":0,"14":0,"15":5,"16":0,"17":0,"18":0,"19":4},"10":{"0":4,"1":5,"2":5,"3":2,"4":4,"5":5,"6":2,"7":5,"8":3,"9":5,"10":0,"11":0,"12":5,"13":0,"14":0,"15":0,"16":0,"17":3,"18":0,"19":0},"11":{"0":0,"1":5,"2":5,"3":0,"4":5,"5":5,"6":0,"7":5,"8":5,"9":0,"10":5,"11":0,"12":0,"13":0,"14":0,"15":0,"16":0,"17":5,"18":0,"19":0},"12":{"0":4,"1":5,"2":5,"3":5,"4":5,"5":5,"6":5,"7":5,"8":0,"9":5,"10":5,"11":5,"12":0,"13":0,"14":0,"15":0,"16":0,"17":0,"18":0,"19":2},"13":{"0":5,"1":5,"2":5,"3":5,"4":3,"5":5,"6":5,"7":5,"8":5,"9":5,"10":4,"11":5,"12":5,"13":0,"14":1,"15":0,"16":0,"17":0,"18":0,"19":0},"14":{"0":5,"1":1,"2":5,"3":5,"4":5,"5":0,"6":5,"7":5,"8":0,"9":5,"10":5,"11":5,"12":5,"13":5,"14":0,"15":0,"16":0,"17":0,"18":0,"19":0},"15":{"0":1,"1":5,"2":2,"3":5,"4":5,"5":0,"6":5,"7":5,"8":5,"9":4,"10":5,"11":5,"12":5,"13":1,"14":5,"15":0,"16":0,"17":3,"18":2,"19":0},"16":{"0":5,"1":5,"2":5,"3":5,"4":0,"5":5,"6":5,"7":4,"8":5,"9":5,"10":5,"11":5,"12":5,"13":5,"14":5,"15":2,"16":0,"17":5,"18":0,"19":1},"17":{"0":2,"1":5,"2":0,"3":5,"4":4,"5":5,"6":5,"7":5,"8":5,"9":5,"10":0,"11":5,"12":2,"13":5,"14":1,"15":5,"16":5,"17":0,"18":4,"19":0},"18":{"0":5,"1":5,"2":3,"3":3,"4":4,"5":5,"6":5,"7":5,"8":5,"9":0,"10":5,"11":2,"12":4,"13":5,"14":5,"15":5,"16":1,"17":0,"18":0,"19":0},"19":{"0":5,"1":5,"2":0,"3":5,"4":3,"5":5,"6":5,"7":1,"8":2,"9":5,"10":5,"11":5,"12":5,"13":5,"14":5,"15":5,"16":5,"17":5,"18":1,"19":0}},"method":"hillside","closest_pair":[[1,0,3,6,5,4,2,8,7,11,10,12,9,14,13,15,17,18,19,16],[1,0,3,6,5,4,2,8,7,11,10,12,9,14,13,15,17,19,18,16]],"farthest_pair":[[1,0,3,6,5,4,2,8,7,11,10,12,9,14,13,15,17,19,18,16],[0,1,3,6,5,4,2,7,8,11,10,12,9,14,13,15,17,18,19,16]],"tau_farthest_pair":0.9684210526,"tau_closest_pair":0.9894736842,"centroid_solution":[0,1,3,6,5,4,2,8,7,11,10,12,9,14,13,15,17,18,19,16]}