{"solutions":[[19,18,11,12,17,15,16,14,13,8,10,9,5,7,6,3,2,4,0,1],[19,18,12,15,11,17,16,14,13,8,10,9,7,5,6,3,2,4,0,1],[19,18,11,12,17,16,15,14,13,8,10,9,7,5,6,3,2,4,0,1],[19,18,11,12,17,15,16,14,13,8,10,9,7,5,6,3,2,4,0,1],[19,18,12,15,11,17,16,14,13,8,10,9,5,7,6,3,2,4,0,1],[19,18,11,12,15,17,16,14,13,8,10,9,7,5,6,3,2,4,0,1],[19,18,11,12,15,17,16,14,13,8,10,9,5,7,6,3,2,4,0,1],[19,18,11,12,17,16,15,14,13,8,10,9,5,7,6,3,2,4,0,1]],"obj":1330.0,"max_tau_solutions":null,"centroid_x":[[0.0,1.0,0.0,0.0,0.0,0.0,0.0,0.0,0.0,0.0,0.0,0.0,0.0,0.0,0.0,0.0,0.0,0.0,0.0,0.0],[0.0,0.0,0.0,0.0,0.0,0.0,0.0,0.0,0.0,0.0,0.0,0.0,0.0,0.0,0.0,0.0,0.0,0.0,0.0,0.0],[1.0,1.0,0.0,0.0,1.0,0.0,0.0,0.0,0.0,0.0,0.0,0.0,0.0,0.0,0.0,0.0,0.0,0.0,0.0,0.0],[1.0,1.0,1.0,0.0,1.0,0.0,0.0,0.0,0.0,0.0,0.0,0.0,0.0,0.0,0.0,0.0,0.0,0.0,0.0,0.0],[1.0,1.0,0.0,0.0,0.0,0.0,0.0,0.0,0.0,0.0,0.0,0.0,0.0,0.0,0.0,0.0,0.0,0.0,0.0,0.0],[1.0,1.0,1.0,1.0,1.0,0.0,1.0,0.3681370993,0.0,0.0,0.0,0.0,0.0,0.0,0.0,0.0,0.0,0.0,0.0,0.0],[1.0,1.0,1.0,1.0,1.0,0.0,0.0,0.0,0.0,0.0,0.0,0.0,0.0,0.0,0.0,0.0,0.0,0.0,0.0,0.0],[1.0,1.0,1.0,1.0,1.0,0.6318629007,1.0,0.0,0.0,0.0,0.0,0.0,0.0,0.0,0.0,0.0,0.0,0.0,0.0,0.0],[1.0,1.0,1.0,1.0,1.0,1.0,1.0,1.0,0.0,1.0,1.0,0.0,0.0,0.0,0.0,0.0,0.0,0.0,0.0,0.0],[1.0,1.0,1.0,1.0,1.0,1.0,1.0,1.0,0.0,0.0,0.0,0.0,0.0,0.0,0.0,0.0,0.0,0.0,0.0,0.0],[1.0,1.0,1.0,1.0,1.0,1.0,1.0,1.0,0.0,1.0,0.0,0.0,0.0,0.0,0.0,0.0,0.0,0.0,0.0,0.0],[1.0,1.0,1.0,1.0,1.0,1.0,1.0,1.0,1.0,1.0,1.0,0.0,0.5627738232,1.0,1.0,0.5627738232,1.0,1.0,0.0,0.0],[1.0,1.0,1.0,1.0,1.0,1.0,1.0,1.0,1.0,1.0,1.0,0.4372261768,0.0,1.0,1.0,1.0,1.0,1.0,0.0,0.0],[1.0,1.0,1.0,1.0,1.0,1.0,1.0,1.0,1.0,1.0,1.0,0.0,0.0,0.0,0.0,0.0,0.0,0.0,0.0,0.0],[1.0,1.0,1.0,1.0,1.0,1.0,1.0,1.0,1.0,1.0,1.0,0.0,0.0,1.0,0.0,0.0,0.0,0.0,0.0,0.0],[1.0,1.0,1.0,1.0,1.0,1.0,1.0,1.0,1.0,1.0,1.0,0.4372261768,0.0,1.0,1.0,0.0,0.5843914229,0.5513110738,0.0,0.0],[1.0,1.0,1.0,1.0,1.0,1.0,1.0,1.0,1.0,1.0,1.0,0.0,0.0,1.0,1.0,0.4156085771,0.0,0.0,0.0,0.0],[1.0,1.0,1.0,1.0,1.0,1.0,1.0,1.0,1.0,1.0,1.0,0.0,0.0,1.0,1.0,0.4486889262,1.0,0.0,0.0,0.0],[1.0,1.0,1.0,1.0,1.0,1.0,1.0,1.0,1.0,1.0,1.0,1.0,1.0,1.0,1.0,1.0,1.0,1.0,0.0,0.0],[1.0,1.0,1.0,1.0,1.0,1.0,1.0,1.0,1.0,1.0,1.0,1.0,1.0,1.0,1.0,1.0,1.0,1.0,1.0,0.0]],"outlier_solution":[19,18,11,12,17,16,15,14,13,8,10,9,5,7,6,3,2,4,0,1],"dataset_id":548,"source_dataset_id":595,"options":null,"D":{"0":{"0":0,"1":5,"2":5,"3":5,"4":1,"5":1,"6":5,"7":0,"8":5,"9":2,"10":5,"11":0,"12":5,"13":5,"14":5,"15":2,"16":0,"17":5,"18":4,"19":0},"1":{"0":5,"1":0,"2":5,"3":5,"4":3,"5":4,"6":4,"7":5,"8":5,"9":5,"10":5,"11":5,"12":5,"13":5,"14":5,"15":5,"16":5,"17":5,"18":5,"19":5},"2":{"0":0,"1":0,"2":0,"3":4,"4":5,"5":4,"6":4,"7":5,"8":5,"9":0,"10":0,"11":5,"12":5,"13":1,"14":5,"15":5,"16":5,"17":4,"18":5,"19":5},"3":{"0":0,"1":0,"2":3,"3":0,"4":0,"5":5,"6":0,"7":0,"8":5,"9":5,"10":5,"11":5,"12":4,"13":5,"14":5,"15":2,"16":4,"17":5,"18":5,"19":3},"4":{"0":0,"1":0,"2":0,"3":0,"4":0,"5":4,"6":5,"7":5,"8":0,"9":0,"10":4,"11":0,"12":5,"13":3,"14":5,"15":5,"16":5,"17":5,"18":4,"19":5},"5":{"0":0,"1":0,"2":0,"3":0,"4":0,"5":0,"6":5,"7":5,"8":0,"9":2,"10":5,"11":5,"12":5,"13":5,"14":5,"15":5,"16":5,"17":1,"18":5,"19":5},"6":{"0":0,"1":0,"2":0,"3":2,"4":0,"5":4,"6":0,"7":5,"8":0,"9":4,"10":0,"11":0,"12":5,"13":5,"14":5,"15":5,"16":5,"17":0,"18":3,"19":5},"7":{"0":0,"1":0,"2":5,"3":0,"4":1,"5":2,"6":0,"7":0,"8":4,"9":2,"10":0,"11":5,"12":5,"13":1,"14":5,"15":1,"16":5,"17":3,"18":5,"19":5},"8":{"0":4,"1":0,"2":0,"3":0,"4":5,"5":2,"6":0,"7":0,"8":0,"9":2,"10":5,"11":5,"12":5,"13":5,"14":0,"15":5,"16":2,"17":0,"18":5,"19":0},"9":{"0":0,"1":0,"2":0,"3":0,"4":0,"5":0,"6":0,"7":0,"8":3,"9":0,"10":2,"11":5,"12":4,"13":5,"14":5,"15":0,"16":3,"17":5,"18":5,"19":1},"10":{"0":0,"1":0,"2":3,"3":0,"4":0,"5":5,"6":2,"7":1,"8":2,"9":0,"10":0,"11":5,"12":5,"13":5,"14":5,"15":5,"16":5,"17":0,"18":0,"19":0},"11":{"0":0,"1":0,"2":0,"3":2,"4":0,"5":0,"6":4,"7":0,"8":0,"9":0,"10":0,"11":0,"12":0,"13":5,"14":5,"15":5,"16":0,"17":5,"18":4,"19":5},"12":{"0":3,"1":0,"2":0,"3":0,"4":0,"5":0,"6":0,"7":5,"8":0,"9":3,"10":0,"11":0,"12":0,"13":5,"14":0,"15":0,"16":5,"17":4,"18":5,"19":4},"13":{"0":0,"1":4,"2":0,"3":0,"4":0,"5":2,"6":0,"7":0,"8":0,"9":0,"10":0,"11":3,"12":0,"13":0,"14":0,"15":4,"16":5,"17":5,"18":5,"19":5},"14":{"0":0,"1":0,"2":0,"3":0,"4":0,"5":0,"6":0,"7":0,"8":5,"9":0,"10":5,"11":4,"12":0,"13":0,"14":0,"15":5,"16":1,"17":2,"18":4,"19":5},"15":{"0":0,"1":0,"2":0,"3":1,"4":0,"5":0,"6":0,"7":0,"8":3,"9":0,"10":3,"11":0,"12":4,"13":0,"14":0,"15":0,"16":5,"17":5,"18":5,"19":5},"16":{"0":0,"1":0,"2":3,"3":0,"4":0,"5":3,"6":0,"7":5,"8":0,"9":0,"10":0,"11":5,"12":2,"13":4,"14":0,"15":1,"16":0,"17":1,"18":5,"19":5},"17":{"0":0,"1":0,"2":0,"3":2,"4":3,"5":0,"6":0,"7":0,"8":0,"9":0,"10":2,"11":4,"12":0,"13":0,"14":0,"15":1,"16":0,"17":0,"18":5,"19":5},"18":{"0":3,"1":5,"2":0,"3":0,"4":0,"5":0,"6":0,"7":0,"8":0,"9":0,"10":1,"11":0,"12":5,"13":0,"14":0,"15":3,"16":1,"17":0,"18":0,"19":5},"19":{"0":0,"1":0,"2":0,"3":0,"4":0,"5":2,"6":0,"7":0,"8":0,"9":3,"10":0,"11":5,"12":0,"13":0,"14":0,"15":0,"16":1,"17":0,"18":0,"19":0}},"method":"hillside","closest_pair":[[19,18,11,12,15,17,16,14,13,8,10,9,7,5,6,3,2,4,0,1],[19,18,11,12,17,15,16,14,13,8,10,9,7,5,6,3,2,4,0,1]],"farthest_pair":[[19,18,11,12,17,16,15,14,13,8,10,9,7,5,6,3,2,4,0,1],[19,18,12,15,11,17,16,14,13,8,10,9,5,7,6,3,2,4,0,1]],"tau_farthest_pair":0.9473684211,"tau_closest_pair":0.9894736842,"centroid_solution":[19,18,11,12,15,17,16,14,13,8,10,9,7,5,6,3,2,4,0,1]}