{"solutions":[[16,18,17,19,15,13,14,12,11,7,9,3,6,10,8,2,5,4,0,1],[16,17,18,15,19,13,14,12,7,11,9,3,6,10,8,2,5,4,0,1],[16,17,18,19,15,13,14,12,11,7,3,9,6,10,8,2,5,4,0,1],[16,18,17,19,15,13,14,12,7,11,3,9,6,10,8,2,5,4,0,1],[16,18,17,15,19,13,14,12,11,9,7,3,6,10,8,2,5,4,0,1],[16,17,18,19,15,13,14,12,7,11,9,3,6,10,8,2,5,4,0,1],[16,17,18,19,15,13,14,12,11,9,7,3,6,10,8,2,5,4,0,1],[16,18,17,19,15,13,14,12,11,7,3,9,6,10,8,2,5,4,0,1],[16,18,17,19,15,13,14,12,11,9,7,3,6,10,8,2,5,4,0,1],[16,17,18,15,19,13,14,12,11,7,3,9,6,10,8,2,5,4,0,1],[16,18,17,15,19,13,14,12,11,7,3,9,6,10,8,2,5,4,0,1],[16,17,18,19,15,13,14,12,7,11,3,9,6,10,8,2,5,4,0,1],[16,18,17,15,19,13,14,12,11,7,9,3,6,10,8,2,5,4,0,1],[16,18,17,19,15,13,14,12,7,11,9,3,6,10,8,2,5,4,0,1],[16,17,18,15,19,13,14,12,7,11,3,9,6,10,8,2,5,4,0,1],[16,18,17,15,19,13,14,12,7,11,3,9,6,10,8,2,5,4,0,1],[16,18,17,15,19,13,14,12,7,11,9,3,6,10,8,2,5,4,0,1],[16,17,18,15,19,13,14,12,11,7,9,3,6,10,8,2,5,4,0,1],[16,17,18,15,19,13,14,12,11,9,7,3,6,10,8,2,5,4,0,1],[16,17,18,19,15,13,14,12,11,7,9,3,6,10,8,2,5,4,0,1]],"obj":1316.0,"max_tau_solutions":null,"centroid_x":[[0.0,1.0,0.0,0.0,0.0,0.0,0.0,0.0,0.0,0.0,0.0,0.0,0.0,0.0,0.0,0.0,0.0,0.0,0.0,0.0],[0.0,0.0,0.0,0.0,0.0,0.0,0.0,0.0,0.0,0.0,0.0,0.0,0.0,0.0,0.0,0.0,0.0,0.0,0.0,0.0],[1.0,1.0,0.0,0.0,1.0,1.0,0.0,0.0,0.0,0.0,0.0,0.0,0.0,0.0,0.0,0.0,0.0,0.0,0.0,0.0],[1.0,1.0,1.0,0.0,1.0,1.0,1.0,0.0,1.0,0.353120736,1.0,0.0,0.0,0.0,0.0,0.0,0.0,0.0,0.0,0.0],[1.0,1.0,0.0,0.0,0.0,0.0,0.0,0.0,0.0,0.0,0.0,0.0,0.0,0.0,0.0,0.0,0.0,0.0,0.0,0.0],[1.0,1.0,0.0,0.0,1.0,0.0,0.0,0.0,0.0,0.0,0.0,0.0,0.0,0.0,0.0,0.0,0.0,0.0,0.0,0.0],[1.0,1.0,1.0,0.0,1.0,1.0,0.0,0.0,1.0,0.0,1.0,0.0,0.0,0.0,0.0,0.0,0.0,0.0,0.0,0.0],[1.0,1.0,1.0,1.0,1.0,1.0,1.0,0.0,1.0,0.4571951871,1.0,0.3341590598,0.0,0.0,0.0,0.0,0.0,0.0,0.0,0.0],[1.0,1.0,1.0,0.0,1.0,1.0,0.0,0.0,0.0,0.0,0.0,0.0,0.0,0.0,0.0,0.0,0.0,0.0,0.0,0.0],[1.0,1.0,1.0,0.646879264,1.0,1.0,1.0,0.5428048129,1.0,0.0,1.0,0.0,0.0,0.0,0.0,0.0,0.0,0.0,0.0,0.0],[1.0,1.0,1.0,0.0,1.0,1.0,0.0,0.0,1.0,0.0,0.0,0.0,0.0,0.0,0.0,0.0,0.0,0.0,0.0,0.0],[1.0,1.0,1.0,1.0,1.0,1.0,1.0,0.6658409402,1.0,1.0,1.0,0.0,0.0,0.0,0.0,0.0,0.0,0.0,0.0,0.0],[1.0,1.0,1.0,1.0,1.0,1.0,1.0,1.0,1.0,1.0,1.0,1.0,0.0,0.0,0.0,0.0,0.0,0.0,0.0,0.0],[1.0,1.0,1.0,1.0,1.0,1.0,1.0,1.0,1.0,1.0,1.0,1.0,1.0,0.0,1.0,0.0,0.0,0.0,0.0,0.0],[1.0,1.0,1.0,1.0,1.0,1.0,1.0,1.0,1.0,1.0,1.0,1.0,1.0,0.0,0.0,0.0,0.0,0.0,0.0,0.0],[1.0,1.0,1.0,1.0,1.0,1.0,1.0,1.0,1.0,1.0,1.0,1.0,1.0,1.0,1.0,0.0,0.0,0.0,0.0,0.3877317506],[1.0,1.0,1.0,1.0,1.0,1.0,1.0,1.0,1.0,1.0,1.0,1.0,1.0,1.0,1.0,1.0,0.0,1.0,1.0,1.0],[1.0,1.0,1.0,1.0,1.0,1.0,1.0,1.0,1.0,1.0,1.0,1.0,1.0,1.0,1.0,1.0,0.0,0.0,0.34362206,1.0],[1.0,1.0,1.0,1.0,1.0,1.0,1.0,1.0,1.0,1.0,1.0,1.0,1.0,1.0,1.0,1.0,0.0,0.65637794,0.0,1.0],[1.0,1.0,1.0,1.0,1.0,1.0,1.0,1.0,1.0,1.0,1.0,1.0,1.0,1.0,1.0,0.6122682494,0.0,0.0,0.0,0.0]],"outlier_solution":[16,17,18,15,19,13,14,12,7,11,3,9,6,10,8,2,5,4,0,1],"dataset_id":549,"source_dataset_id":596,"options":null,"D":{"0":{"0":0,"1":5,"2":5,"3":5,"4":4,"5":0,"6":5,"7":5,"8":2,"9":5,"10":5,"11":1,"12":5,"13":0,"14":0,"15":5,"16":5,"17":5,"18":4,"19":0},"1":{"0":0,"1":0,"2":1,"3":5,"4":5,"5":5,"6":5,"7":5,"8":0,"9":5,"10":3,"11":5,"12":1,"13":3,"14":5,"15":0,"16":5,"17":4,"18":5,"19":0},"2":{"0":0,"1":0,"2":0,"3":0,"4":5,"5":5,"6":5,"7":2,"8":5,"9":4,"10":0,"11":5,"12":5,"13":5,"14":0,"15":5,"16":5,"17":5,"18":2,"19":2},"3":{"0":0,"1":0,"2":0,"3":0,"4":0,"5":5,"6":5,"7":0,"8":5,"9":5,"10":5,"11":5,"12":0,"13":0,"14":2,"15":1,"16":5,"17":5,"18":5,"19":0},"4":{"0":1,"1":0,"2":0,"3":2,"4":0,"5":0,"6":5,"7":5,"8":5,"9":5,"10":5,"11":5,"12":5,"13":5,"14":5,"15":5,"16":5,"17":2,"18":0,"19":5},"5":{"0":0,"1":3,"2":0,"3":2,"4":0,"5":0,"6":5,"7":4,"8":5,"9":5,"10":2,"11":3,"12":5,"13":5,"14":5,"15":5,"16":5,"17":5,"18":5,"19":5},"6":{"0":1,"1":0,"2":0,"3":3,"4":2,"5":0,"6":0,"7":5,"8":0,"9":5,"10":4,"11":5,"12":5,"13":5,"14":3,"15":5,"16":3,"17":5,"18":5,"19":3},"7":{"0":0,"1":0,"2":0,"3":0,"4":0,"5":1,"6":0,"7":0,"8":5,"9":1,"10":0,"11":0,"12":5,"13":0,"14":4,"15":5,"16":5,"17":5,"18":0,"19":0},"8":{"0":0,"1":0,"2":0,"3":3,"4":0,"5":0,"6":0,"7":0,"8":0,"9":5,"10":5,"11":5,"12":5,"13":5,"14":5,"15":5,"16":5,"17":5,"18":5,"19":4},"9":{"0":1,"1":0,"2":3,"3":0,"4":0,"5":5,"6":0,"7":0,"8":4,"9":0,"10":5,"11":1,"12":4,"13":1,"14":5,"15":5,"16":5,"17":5,"18":5,"19":5},"10":{"0":2,"1":0,"2":0,"3":5,"4":3,"5":0,"6":0,"7":0,"8":0,"9":0,"10":0,"11":5,"12":1,"13":5,"14":5,"15":5,"16":5,"17":2,"18":5,"19":5},"11":{"0":3,"1":0,"2":0,"3":0,"4":0,"5":0,"6":0,"7":2,"8":0,"9":4,"10":0,"11":0,"12":5,"13":5,"14":5,"15":0,"16":5,"17":5,"18":5,"19":5},"12":{"0":0,"1":0,"2":5,"3":1,"4":0,"5":0,"6":0,"7":0,"8":0,"9":0,"10":2,"11":4,"12":0,"13":5,"14":0,"15":0,"16":5,"17":5,"18":5,"19":5},"13":{"0":5,"1":0,"2":0,"3":0,"4":0,"5":0,"6":0,"7":0,"8":0,"9":0,"10":0,"11":0,"12":0,"13":0,"14":5,"15":5,"16":5,"17":5,"18":1,"19":5},"14":{"0":0,"1":0,"2":1,"3":0,"4":0,"5":4,"6":0,"7":0,"8":1,"9":0,"10":0,"11":4,"12":0,"13":0,"14":0,"15":5,"16":5,"17":5,"18":5,"19":5},"15":{"0":2,"1":0,"2":0,"3":0,"4":0,"5":0,"6":1,"7":0,"8":0,"9":0,"10":0,"11":0,"12":4,"13":0,"14":0,"15":0,"16":5,"17":5,"18":4,"19":5},"16":{"0":0,"1":0,"2":0,"3":0,"4":2,"5":0,"6":0,"7":0,"8":0,"9":0,"10":0,"11":0,"12":0,"13":0,"14":0,"15":0,"16":0,"17":0,"18":5,"19":0},"17":{"0":0,"1":0,"2":2,"3":3,"4":1,"5":0,"6":0,"7":0,"8":0,"9":2,"10":0,"11":1,"12":0,"13":2,"14":0,"15":0,"16":0,"17":0,"18":5,"19":5},"18":{"0":5,"1":0,"2":0,"3":1,"4":0,"5":5,"6":0,"7":0,"8":0,"9":0,"10":0,"11":0,"12":0,"13":3,"14":0,"15":0,"16":0,"17":0,"18":0,"19":5},"19":{"0":0,"1":0,"2":0,"3":3,"4":0,"5":0,"6":2,"7":2,"8":0,"9":0,"10":0,"11":0,"12":0,"13":0,"14":5,"15":0,"16":5,"17":3,"18":0,"19":0}},"method":"hillside","closest_pair":[[16,18,17,19,15,13,14,12,11,9,7,3,6,10,8,2,5,4,0,1],[16,18,17,19,15,13,14,12,11,7,9,3,6,10,8,2,5,4,0,1]],"farthest_pair":[[16,18,17,19,15,13,14,12,11,9,7,3,6,10,8,2,5,4,0,1],[16,17,18,15,19,13,14,12,7,11,3,9,6,10,8,2,5,4,0,1]],"tau_farthest_pair":0.9473684211,"tau_closest_pair":0.9894736842,"centroid_solution":[16,18,17,19,15,13,14,12,11,9,7,3,6,10,8,2,5,4,0,1]}