{"solutions":[[18,17,19,14,12,16,13,15,9,6,10,8,7,11,0,4,3,2,5,1],[18,17,19,14,16,12,13,15,9,6,10,11,8,7,4,0,3,2,5,1],[18,17,19,14,16,12,13,15,9,6,10,8,7,11,0,4,3,2,5,1],[18,17,19,14,12,16,13,15,9,6,10,8,7,11,4,0,3,2,5,1],[18,17,19,14,12,16,13,15,9,6,10,11,8,7,0,4,3,2,5,1],[18,17,19,14,16,12,13,15,9,6,10,8,11,7,4,0,3,2,5,1],[18,17,19,14,16,12,13,15,9,6,10,8,11,7,0,4,3,2,5,1],[18,17,19,14,16,12,13,15,9,6,10,11,8,7,0,4,3,2,5,1],[18,17,19,14,12,16,13,15,9,6,10,8,11,7,0,4,3,2,5,1],[18,17,19,14,16,12,13,15,9,6,10,8,7,11,4,0,3,2,5,1],[18,17,19,14,12,16,13,15,9,6,10,8,11,7,4,0,3,2,5,1],[18,17,19,14,12,16,13,15,9,6,10,11,8,7,4,0,3,2,5,1]],"obj":1333.0,"max_tau_solutions":null,"centroid_x":[[0.0,1.0,1.0,1.0,0.3794699534,1.0,0.0,0.0,0.0,0.0,0.0,0.0,0.0,0.0,0.0,0.0,0.0,0.0,0.0,0.0],[0.0,0.0,0.0,0.0,0.0,0.0,0.0,0.0,0.0,0.0,0.0,0.0,0.0,0.0,0.0,0.0,0.0,0.0,0.0,0.0],[0.0,1.0,0.0,0.0,0.0,1.0,0.0,0.0,0.0,0.0,0.0,0.0,0.0,0.0,0.0,0.0,0.0,0.0,0.0,0.0],[0.0,1.0,1.0,0.0,0.0,1.0,0.0,0.0,0.0,0.0,0.0,0.0,0.0,0.0,0.0,0.0,0.0,0.0,0.0,0.0],[0.6205300466,1.0,1.0,1.0,0.0,1.0,0.0,0.0,0.0,0.0,0.0,0.0,0.0,0.0,0.0,0.0,0.0,0.0,0.0,0.0],[0.0,1.0,0.0,0.0,0.0,0.0,0.0,0.0,0.0,0.0,0.0,0.0,0.0,0.0,0.0,0.0,0.0,0.0,0.0,0.0],[1.0,1.0,1.0,1.0,1.0,1.0,0.0,1.0,1.0,0.0,1.0,1.0,0.0,0.0,0.0,0.0,0.0,0.0,0.0,0.0],[1.0,1.0,1.0,1.0,1.0,1.0,0.0,0.0,0.0,0.0,0.0,0.3347728879,0.0,0.0,0.0,0.0,0.0,0.0,0.0,0.0],[1.0,1.0,1.0,1.0,1.0,1.0,0.0,1.0,0.0,0.0,0.0,0.4197205218,0.0,0.0,0.0,0.0,0.0,0.0,0.0,0.0],[1.0,1.0,1.0,1.0,1.0,1.0,1.0,1.0,1.0,0.0,1.0,1.0,0.0,0.0,0.0,0.0,0.0,0.0,0.0,0.0],[1.0,1.0,1.0,1.0,1.0,1.0,0.0,1.0,1.0,0.0,0.0,1.0,0.0,0.0,0.0,0.0,0.0,0.0,0.0,0.0],[1.0,1.0,1.0,1.0,1.0,1.0,0.0,0.6652271121,0.5802794782,0.0,0.0,0.0,0.0,0.0,0.0,0.0,0.0,0.0,0.0,0.0],[1.0,1.0,1.0,1.0,1.0,1.0,1.0,1.0,1.0,1.0,1.0,1.0,0.0,1.0,0.0,1.0,0.3789319305,0.0,0.0,0.0],[1.0,1.0,1.0,1.0,1.0,1.0,1.0,1.0,1.0,1.0,1.0,1.0,0.0,0.0,0.0,1.0,0.0,0.0,0.0,0.0],[1.0,1.0,1.0,1.0,1.0,1.0,1.0,1.0,1.0,1.0,1.0,1.0,1.0,1.0,0.0,1.0,1.0,0.0,0.0,0.0],[1.0,1.0,1.0,1.0,1.0,1.0,1.0,1.0,1.0,1.0,1.0,1.0,0.0,0.0,0.0,0.0,0.0,0.0,0.0,0.0],[1.0,1.0,1.0,1.0,1.0,1.0,1.0,1.0,1.0,1.0,1.0,1.0,0.6210680695,1.0,0.0,1.0,0.0,0.0,0.0,0.0],[1.0,1.0,1.0,1.0,1.0,1.0,1.0,1.0,1.0,1.0,1.0,1.0,1.0,1.0,1.0,1.0,1.0,0.0,0.0,1.0],[1.0,1.0,1.0,1.0,1.0,1.0,1.0,1.0,1.0,1.0,1.0,1.0,1.0,1.0,1.0,1.0,1.0,1.0,0.0,1.0],[1.0,1.0,1.0,1.0,1.0,1.0,1.0,1.0,1.0,1.0,1.0,1.0,1.0,1.0,1.0,1.0,1.0,0.0,0.0,0.0]],"outlier_solution":[18,17,19,14,12,16,13,15,9,6,10,8,7,11,0,4,3,2,5,1],"dataset_id":550,"source_dataset_id":597,"options":null,"D":{"0":{"0":0,"1":5,"2":5,"3":0,"4":2,"5":4,"6":5,"7":3,"8":5,"9":1,"10":5,"11":2,"12":5,"13":5,"14":5,"15":2,"16":5,"17":5,"18":0,"19":5},"1":{"0":0,"1":0,"2":0,"3":5,"4":5,"5":5,"6":5,"7":0,"8":3,"9":5,"10":5,"11":5,"12":5,"13":2,"14":5,"15":5,"16":5,"17":5,"18":2,"19":5},"2":{"0":0,"1":1,"2":0,"3":5,"4":0,"5":5,"6":0,"7":5,"8":5,"9":5,"10":5,"11":0,"12":5,"13":5,"14":3,"15":5,"16":5,"17":3,"18":4,"19":0},"3":{"0":3,"1":0,"2":0,"3":0,"4":5,"5":0,"6":5,"7":3,"8":1,"9":5,"10":5,"11":5,"12":0,"13":5,"14":5,"15":3,"16":1,"17":5,"18":5,"19":5},"4":{"0":2,"1":0,"2":0,"3":4,"4":0,"5":0,"6":4,"7":5,"8":5,"9":5,"10":0,"11":5,"12":5,"13":5,"14":5,"15":4,"16":5,"17":5,"18":0,"19":0},"5":{"0":0,"1":0,"2":2,"3":0,"4":4,"5":0,"6":5,"7":5,"8":5,"9":4,"10":5,"11":0,"12":5,"13":0,"14":5,"15":5,"16":5,"17":5,"18":5,"19":5},"6":{"0":0,"1":5,"2":0,"3":0,"4":0,"5":0,"6":0,"7":0,"8":5,"9":5,"10":3,"11":5,"12":5,"13":0,"14":5,"15":5,"16":2,"17":0,"18":4,"19":5},"7":{"0":2,"1":0,"2":0,"3":0,"4":0,"5":0,"6":0,"7":0,"8":5,"9":5,"10":0,"11":5,"12":5,"13":0,"14":5,"15":5,"16":5,"17":3,"18":5,"19":5},"8":{"0":1,"1":0,"2":0,"3":0,"4":0,"5":0,"6":0,"7":0,"8":0,"9":5,"10":5,"11":5,"12":5,"13":5,"14":5,"15":5,"16":5,"17":5,"18":5,"19":1},"9":{"0":0,"1":0,"2":0,"3":0,"4":0,"5":0,"6":0,"7":0,"8":0,"9":0,"10":1,"11":5,"12":4,"13":5,"14":5,"15":1,"16":0,"17":5,"18":5,"19":5},"10":{"0":0,"1":0,"2":0,"3":0,"4":0,"5":0,"6":3,"7":0,"8":2,"9":0,"10":0,"11":5,"12":5,"13":2,"14":5,"15":5,"16":5,"17":5,"18":5,"19":5},"11":{"0":1,"1":0,"2":0,"3":1,"4":0,"5":1,"6":0,"7":0,"8":2,"9":0,"10":0,"11":0,"12":5,"13":5,"14":5,"15":5,"16":5,"17":5,"18":5,"19":5},"12":{"0":0,"1":0,"2":1,"3":0,"4":0,"5":0,"6":0,"7":1,"8":0,"9":0,"10":0,"11":0,"12":0,"13":5,"14":5,"15":4,"16":5,"17":5,"18":3,"19":5},"13":{"0":4,"1":0,"2":4,"3":0,"4":2,"5":0,"6":2,"7":3,"8":0,"9":0,"10":0,"11":0,"12":0,"13":0,"14":0,"15":5,"16":0,"17":5,"18":5,"19":4},"14":{"0":0,"1":0,"2":0,"3":1,"4":0,"5":2,"6":4,"7":0,"8":0,"9":0,"10":2,"11":0,"12":0,"13":0,"14":0,"15":2,"16":5,"17":3,"18":4,"19":5},"15":{"0":4,"1":5,"2":0,"3":0,"4":4,"5":2,"6":5,"7":3,"8":0,"9":5,"10":0,"11":0,"12":0,"13":0,"14":0,"15":0,"16":5,"17":0,"18":3,"19":5},"16":{"0":5,"1":0,"2":0,"3":5,"4":0,"5":0,"6":3,"7":0,"8":0,"9":2,"10":0,"11":0,"12":1,"13":0,"14":0,"15":0,"16":0,"17":5,"18":5,"19":5},"17":{"0":0,"1":0,"2":0,"3":0,"4":0,"5":0,"6":0,"7":0,"8":0,"9":0,"10":0,"11":0,"12":0,"13":4,"14":4,"15":0,"16":0,"17":0,"18":5,"19":5},"18":{"0":0,"1":0,"2":0,"3":0,"4":0,"5":0,"6":0,"7":0,"8":0,"9":2,"10":0,"11":0,"12":5,"13":0,"14":0,"15":1,"16":0,"17":0,"18":0,"19":4},"19":{"0":0,"1":0,"2":3,"3":0,"4":1,"5":0,"6":5,"7":1,"8":0,"9":0,"10":5,"11":0,"12":0,"13":2,"14":0,"15":0,"16":0,"17":1,"18":1,"19":0}},"method":"hillside","closest_pair":[[18,17,19,14,16,12,13,15,9,6,10,8,11,7,4,0,3,2,5,1],[18,17,19,14,16,12,13,15,9,6,10,8,7,11,4,0,3,2,5,1]],"farthest_pair":[[18,17,19,14,16,12,13,15,9,6,10,8,7,11,4,0,3,2,5,1],[18,17,19,14,12,16,13,15,9,6,10,11,8,7,0,4,3,2,5,1]],"tau_farthest_pair":0.9578947368,"tau_closest_pair":0.9894736842,"centroid_solution":[18,17,19,14,16,12,13,15,9,6,10,11,8,7,4,0,3,2,5,1]}