{"solutions":[[3,2,4,1,0,5,7,6,8,10,13,12,11,9,14,16,17,15,19,18],[3,2,4,1,0,5,6,7,8,10,12,13,11,9,14,16,17,15,19,18],[3,2,4,1,0,5,6,7,8,10,13,12,11,9,17,14,16,15,19,18],[3,2,4,1,0,5,6,7,8,10,13,12,11,9,16,17,14,15,19,18],[3,2,4,1,0,5,6,7,8,10,12,13,11,9,17,14,16,15,19,18],[3,2,4,1,0,5,7,6,8,10,12,13,11,9,16,17,14,15,19,18],[3,2,4,1,0,5,6,7,8,10,12,13,11,9,16,17,14,15,19,18],[3,2,4,1,0,5,6,7,8,10,13,12,11,9,14,16,17,15,19,18],[3,2,4,1,0,5,7,6,8,10,13,12,11,9,17,14,16,15,19,18],[3,2,4,1,0,5,7,6,8,10,12,13,11,9,17,14,16,15,19,18],[3,2,4,1,0,5,7,6,8,10,13,12,11,9,16,17,14,15,19,18],[3,2,4,1,0,5,7,6,8,10,12,13,11,9,16,17,15,14,19,18],[3,2,4,1,0,5,6,7,8,10,12,13,11,9,16,17,15,14,19,18],[3,2,4,1,0,5,6,7,8,10,13,12,11,9,16,17,15,14,19,18],[3,2,4,1,0,5,7,6,8,10,13,12,11,9,16,17,15,14,19,18],[3,2,4,1,0,5,7,6,8,10,12,13,11,9,14,16,17,15,19,18]],"obj":1260.0,"max_tau_solutions":null,"centroid_x":[[0.0,0.0,0.0,0.0,0.0,1.0,1.0,1.0,1.0,1.0,1.0,1.0,1.0,1.0,1.0,1.0,1.0,1.0,1.0,1.0],[1.0,0.0,0.0,0.0,0.0,1.0,1.0,1.0,1.0,1.0,1.0,1.0,1.0,1.0,1.0,1.0,1.0,1.0,1.0,1.0],[1.0,1.0,0.0,0.0,1.0,1.0,1.0,1.0,1.0,1.0,1.0,1.0,1.0,1.0,1.0,1.0,1.0,1.0,1.0,1.0],[1.0,1.0,1.0,0.0,1.0,1.0,1.0,1.0,1.0,1.0,1.0,1.0,1.0,1.0,1.0,1.0,1.0,1.0,1.0,1.0],[1.0,1.0,0.0,0.0,0.0,1.0,1.0,1.0,1.0,1.0,1.0,1.0,1.0,1.0,1.0,1.0,1.0,1.0,1.0,1.0],[0.0,0.0,0.0,0.0,0.0,0.0,1.0,1.0,1.0,1.0,1.0,1.0,1.0,1.0,1.0,1.0,1.0,1.0,1.0,1.0],[0.0,0.0,0.0,0.0,0.0,0.0,0.0,0.5089219368,1.0,1.0,1.0,1.0,1.0,1.0,1.0,1.0,1.0,1.0,1.0,1.0],[0.0,0.0,0.0,0.0,0.0,0.0,0.4910780632,0.0,1.0,1.0,1.0,1.0,1.0,1.0,1.0,1.0,1.0,1.0,1.0,1.0],[0.0,0.0,0.0,0.0,0.0,0.0,0.0,0.0,0.0,1.0,1.0,1.0,1.0,1.0,1.0,1.0,1.0,1.0,1.0,1.0],[0.0,0.0,0.0,0.0,0.0,0.0,0.0,0.0,0.0,0.0,0.0,0.0,0.0,0.0,1.0,1.0,1.0,1.0,1.0,1.0],[0.0,0.0,0.0,0.0,0.0,0.0,0.0,0.0,0.0,1.0,0.0,1.0,1.0,1.0,1.0,1.0,1.0,1.0,1.0,1.0],[0.0,0.0,0.0,0.0,0.0,0.0,0.0,0.0,0.0,1.0,0.0,0.0,0.0,0.0,1.0,1.0,1.0,1.0,1.0,1.0],[0.0,0.0,0.0,0.0,0.0,0.0,0.0,0.0,0.0,1.0,0.0,1.0,0.0,0.501627657,1.0,1.0,1.0,1.0,1.0,1.0],[0.0,0.0,0.0,0.0,0.0,0.0,0.0,0.0,0.0,1.0,0.0,1.0,0.498372343,0.0,1.0,1.0,1.0,1.0,1.0,1.0],[0.0,0.0,0.0,0.0,0.0,0.0,0.0,0.0,0.0,0.0,0.0,0.0,0.0,0.0,0.0,0.6844110595,0.5974684178,0.2966724539,1.0,1.0],[0.0,0.0,0.0,0.0,0.0,0.0,0.0,0.0,0.0,0.0,0.0,0.0,0.0,0.0,0.3155889405,0.0,0.0,0.0,1.0,1.0],[0.0,0.0,0.0,0.0,0.0,0.0,0.0,0.0,0.0,0.0,0.0,0.0,0.0,0.0,0.4025315822,1.0,0.0,0.699204036,1.0,1.0],[0.0,0.0,0.0,0.0,0.0,0.0,0.0,0.0,0.0,0.0,0.0,0.0,0.0,0.0,0.7033275461,1.0,0.300795964,0.0,1.0,1.0],[0.0,0.0,0.0,0.0,0.0,0.0,0.0,0.0,0.0,0.0,0.0,0.0,0.0,0.0,0.0,0.0,0.0,0.0,0.0,0.0],[0.0,0.0,0.0,0.0,0.0,0.0,0.0,0.0,0.0,0.0,0.0,0.0,0.0,0.0,0.0,0.0,0.0,0.0,1.0,0.0]],"outlier_solution":[3,2,4,1,0,5,7,6,8,10,13,12,11,9,16,17,15,14,19,18],"dataset_id":552,"source_dataset_id":599,"options":null,"D":{"0":{"0":0,"1":3,"2":0,"3":5,"4":0,"5":0,"6":0,"7":4,"8":0,"9":0,"10":0,"11":0,"12":0,"13":0,"14":0,"15":3,"16":0,"17":0,"18":4,"19":0},"1":{"0":5,"1":0,"2":0,"3":1,"4":2,"5":4,"6":0,"7":0,"8":0,"9":0,"10":4,"11":1,"12":1,"13":1,"14":0,"15":0,"16":0,"17":0,"18":0,"19":0},"2":{"0":3,"1":5,"2":0,"3":5,"4":4,"5":0,"6":0,"7":0,"8":0,"9":0,"10":0,"11":0,"12":3,"13":0,"14":0,"15":0,"16":0,"17":0,"18":0,"19":5},"3":{"0":0,"1":5,"2":5,"3":0,"4":0,"5":0,"6":0,"7":0,"8":0,"9":0,"10":0,"11":0,"12":0,"13":0,"14":0,"15":0,"16":2,"17":0,"18":0,"19":0},"4":{"0":5,"1":0,"2":5,"3":5,"4":0,"5":2,"6":0,"7":0,"8":0,"9":0,"10":0,"11":0,"12":5,"13":0,"14":0,"15":0,"16":0,"17":0,"18":2,"19":0},"5":{"0":1,"1":5,"2":5,"3":5,"4":0,"5":0,"6":0,"7":0,"8":0,"9":0,"10":0,"11":0,"12":0,"13":0,"14":2,"15":1,"16":0,"17":0,"18":0,"19":0},"6":{"0":5,"1":0,"2":5,"3":5,"4":3,"5":5,"6":0,"7":0,"8":3,"9":2,"10":1,"11":0,"12":0,"13":3,"14":0,"15":0,"16":0,"17":2,"18":0,"19":0},"7":{"0":5,"1":3,"2":5,"3":0,"4":5,"5":5,"6":3,"7":0,"8":0,"9":0,"10":0,"11":0,"12":0,"13":0,"14":3,"15":0,"16":0,"17":0,"18":0,"19":0},"8":{"0":1,"1":5,"2":5,"3":2,"4":5,"5":5,"6":0,"7":5,"8":0,"9":4,"10":3,"11":2,"12":0,"13":3,"14":1,"15":4,"16":0,"17":0,"18":0,"19":4},"9":{"0":1,"1":5,"2":5,"3":5,"4":3,"5":5,"6":5,"7":5,"8":5,"9":0,"10":3,"11":1,"12":2,"13":1,"14":1,"15":4,"16":0,"17":0,"18":0,"19":4},"10":{"0":5,"1":5,"2":5,"3":5,"4":5,"5":5,"6":5,"7":5,"8":4,"9":5,"10":0,"11":0,"12":0,"13":0,"14":0,"15":0,"16":0,"17":0,"18":0,"19":0},"11":{"0":0,"1":4,"2":5,"3":5,"4":5,"5":5,"6":5,"7":5,"8":5,"9":5,"10":0,"11":0,"12":5,"13":2,"14":1,"15":0,"16":0,"17":0,"18":0,"19":0},"12":{"0":0,"1":5,"2":0,"3":5,"4":5,"5":1,"6":5,"7":5,"8":5,"9":0,"10":5,"11":5,"12":0,"13":2,"14":0,"15":0,"16":0,"17":4,"18":0,"19":0},"13":{"0":5,"1":5,"2":5,"3":0,"4":5,"5":5,"6":5,"7":0,"8":5,"9":5,"10":0,"11":5,"12":0,"13":0,"14":1,"15":0,"16":1,"17":0,"18":0,"19":0},"14":{"0":5,"1":1,"2":5,"3":5,"4":5,"5":0,"6":5,"7":5,"8":5,"9":4,"10":5,"11":5,"12":3,"13":5,"14":0,"15":0,"16":5,"17":4,"18":0,"19":0},"15":{"0":5,"1":4,"2":5,"3":5,"4":5,"5":5,"6":5,"7":0,"8":5,"9":1,"10":5,"11":5,"12":4,"13":5,"14":2,"15":0,"16":0,"17":0,"18":0,"19":0},"16":{"0":0,"1":3,"2":0,"3":2,"4":5,"5":2,"6":5,"7":5,"8":0,"9":0,"10":5,"11":5,"12":5,"13":5,"14":3,"15":5,"16":0,"17":0,"18":0,"19":0},"17":{"0":0,"1":1,"2":4,"3":5,"4":1,"5":0,"6":5,"7":5,"8":5,"9":0,"10":1,"11":1,"12":5,"13":5,"14":0,"15":5,"16":1,"17":0,"18":0,"19":0},"18":{"0":5,"1":5,"2":5,"3":5,"4":5,"5":0,"6":5,"7":2,"8":5,"9":4,"10":5,"11":2,"12":0,"13":5,"14":0,"15":2,"16":5,"17":0,"18":0,"19":2},"19":{"0":2,"1":5,"2":5,"3":5,"4":5,"5":5,"6":5,"7":5,"8":4,"9":5,"10":2,"11":0,"12":5,"13":2,"14":5,"15":1,"16":5,"17":5,"18":5,"19":0}},"method":"hillside","closest_pair":[[3,2,4,1,0,5,7,6,8,10,13,12,11,9,16,17,14,15,19,18],[3,2,4,1,0,5,7,6,8,10,13,12,11,9,16,17,15,14,19,18]],"farthest_pair":[[3,2,4,1,0,5,7,6,8,10,13,12,11,9,14,16,17,15,19,18],[3,2,4,1,0,5,6,7,8,10,12,13,11,9,16,17,15,14,19,18]],"tau_farthest_pair":0.9473684211,"tau_closest_pair":0.9894736842,"centroid_solution":[3,2,4,1,0,5,6,7,8,10,12,13,11,9,16,17,14,15,19,18]}