{"solutions":[[0,3,2,1,4,8,5,7,6,11,9,12,10,13,17,14,16,15,18,19],[0,3,2,1,8,4,5,7,6,11,9,12,10,13,17,16,14,18,15,19],[0,3,2,1,4,8,5,7,6,11,9,12,10,13,17,14,16,18,15,19],[0,3,2,1,4,8,5,7,6,11,9,12,10,13,16,17,14,15,18,19],[0,3,2,1,8,4,5,7,6,11,9,12,10,13,17,14,16,15,18,19],[0,3,2,1,8,4,5,7,6,11,9,12,10,13,17,14,16,18,15,19],[0,3,2,1,4,8,5,7,6,11,9,12,10,13,17,16,14,18,15,19],[0,3,2,1,8,4,5,7,6,11,9,12,10,13,17,16,14,15,18,19],[0,3,2,1,8,4,5,7,6,11,9,12,10,13,16,17,14,18,15,19],[0,3,2,1,4,8,5,7,6,11,9,12,10,13,16,17,14,18,15,19],[0,3,2,1,4,8,5,7,6,11,9,12,10,13,17,16,14,15,18,19],[0,3,2,1,8,4,5,7,6,11,9,12,10,13,16,17,14,15,18,19]],"obj":1207.0,"max_tau_solutions":null,"centroid_x":[[0.0,1.0,1.0,1.0,1.0,1.0,1.0,1.0,1.0,1.0,1.0,1.0,1.0,1.0,1.0,1.0,1.0,1.0,1.0,1.0],[0.0,0.0,0.0,0.0,1.0,1.0,1.0,1.0,1.0,1.0,1.0,1.0,1.0,1.0,1.0,1.0,1.0,1.0,1.0,1.0],[0.0,1.0,0.0,0.0,1.0,1.0,1.0,1.0,1.0,1.0,1.0,1.0,1.0,1.0,1.0,1.0,1.0,1.0,1.0,1.0],[0.0,1.0,1.0,0.0,1.0,1.0,1.0,1.0,1.0,1.0,1.0,1.0,1.0,1.0,1.0,1.0,1.0,1.0,1.0,1.0],[0.0,0.0,0.0,0.0,0.0,1.0,1.0,1.0,0.4990040666,1.0,1.0,1.0,1.0,1.0,1.0,1.0,1.0,1.0,1.0,1.0],[0.0,0.0,0.0,0.0,0.0,0.0,1.0,1.0,0.0,1.0,1.0,1.0,1.0,1.0,1.0,1.0,1.0,1.0,1.0,1.0],[0.0,0.0,0.0,0.0,0.0,0.0,0.0,0.0,0.0,1.0,1.0,1.0,1.0,1.0,1.0,1.0,1.0,1.0,1.0,1.0],[0.0,0.0,0.0,0.0,0.0,0.0,1.0,0.0,0.0,1.0,1.0,1.0,1.0,1.0,1.0,1.0,1.0,1.0,1.0,1.0],[0.0,0.0,0.0,0.0,0.5009959334,1.0,1.0,1.0,0.0,1.0,1.0,1.0,1.0,1.0,1.0,1.0,1.0,1.0,1.0,1.0],[0.0,0.0,0.0,0.0,0.0,0.0,0.0,0.0,0.0,0.0,1.0,0.0,1.0,1.0,1.0,1.0,1.0,1.0,1.0,1.0],[0.0,0.0,0.0,0.0,0.0,0.0,0.0,0.0,0.0,0.0,0.0,0.0,0.0,1.0,1.0,1.0,1.0,1.0,1.0,1.0],[0.0,0.0,0.0,0.0,0.0,0.0,0.0,0.0,0.0,1.0,1.0,0.0,1.0,1.0,1.0,1.0,1.0,1.0,1.0,1.0],[0.0,0.0,0.0,0.0,0.0,0.0,0.0,0.0,0.0,0.0,1.0,0.0,0.0,1.0,1.0,1.0,1.0,1.0,1.0,1.0],[0.0,0.0,0.0,0.0,0.0,0.0,0.0,0.0,0.0,0.0,0.0,0.0,0.0,0.0,1.0,1.0,1.0,1.0,1.0,1.0],[0.0,0.0,0.0,0.0,0.0,0.0,0.0,0.0,0.0,0.0,0.0,0.0,0.0,0.0,0.0,1.0,0.4294341773,0.0,1.0,1.0],[0.0,0.0,0.0,0.0,0.0,0.0,0.0,0.0,0.0,0.0,0.0,0.0,0.0,0.0,0.0,0.0,0.0,0.0,0.4981179812,1.0],[0.0,0.0,0.0,0.0,0.0,0.0,0.0,0.0,0.0,0.0,0.0,0.0,0.0,0.0,0.5705658227,1.0,0.0,0.4237811445,1.0,1.0],[0.0,0.0,0.0,0.0,0.0,0.0,0.0,0.0,0.0,0.0,0.0,0.0,0.0,0.0,1.0,1.0,0.5762188555,0.0,1.0,1.0],[0.0,0.0,0.0,0.0,0.0,0.0,0.0,0.0,0.0,0.0,0.0,0.0,0.0,0.0,0.0,0.5018820188,0.0,0.0,0.0,1.0],[0.0,0.0,0.0,0.0,0.0,0.0,0.0,0.0,0.0,0.0,0.0,0.0,0.0,0.0,0.0,0.0,0.0,0.0,0.0,0.0]],"outlier_solution":[0,3,2,1,4,8,5,7,6,11,9,12,10,13,16,17,14,15,18,19],"dataset_id":553,"source_dataset_id":600,"options":null,"D":{"0":{"0":0,"1":0,"2":0,"3":0,"4":0,"5":3,"6":0,"7":0,"8":0,"9":5,"10":0,"11":5,"12":0,"13":0,"14":0,"15":0,"16":0,"17":0,"18":5,"19":0},"1":{"0":5,"1":0,"2":0,"3":3,"4":4,"5":0,"6":0,"7":0,"8":1,"9":0,"10":0,"11":0,"12":3,"13":0,"14":0,"15":0,"16":0,"17":0,"18":0,"19":5},"2":{"0":5,"1":0,"2":0,"3":0,"4":0,"5":0,"6":0,"7":0,"8":0,"9":0,"10":0,"11":0,"12":0,"13":0,"14":0,"15":4,"16":0,"17":4,"18":0,"19":0},"3":{"0":1,"1":0,"2":3,"3":0,"4":0,"5":0,"6":0,"7":0,"8":0,"9":1,"10":0,"11":0,"12":0,"13":0,"14":0,"15":0,"16":5,"17":3,"18":0,"19":0},"4":{"0":5,"1":2,"2":2,"3":3,"4":0,"5":1,"6":0,"7":0,"8":2,"9":4,"10":0,"11":0,"12":0,"13":0,"14":0,"15":0,"16":0,"17":0,"18":5,"19":0},"5":{"0":5,"1":5,"2":5,"3":2,"4":5,"5":0,"6":3,"7":0,"8":0,"9":0,"10":0,"11":1,"12":5,"13":0,"14":5,"15":0,"16":2,"17":0,"18":0,"19":0},"6":{"0":5,"1":5,"2":4,"3":5,"4":0,"5":4,"6":0,"7":0,"8":2,"9":0,"10":4,"11":0,"12":0,"13":0,"14":0,"15":0,"16":0,"17":0,"18":0,"19":0},"7":{"0":5,"1":5,"2":3,"3":5,"4":0,"5":5,"6":0,"7":0,"8":0,"9":0,"10":4,"11":0,"12":0,"13":1,"14":0,"15":0,"16":0,"17":0,"18":2,"19":0},"8":{"0":0,"1":1,"2":5,"3":5,"4":5,"5":1,"6":0,"7":4,"8":0,"9":0,"10":0,"11":1,"12":0,"13":0,"14":0,"15":0,"16":0,"17":0,"18":0,"19":0},"9":{"0":5,"1":5,"2":5,"3":1,"4":5,"5":3,"6":5,"7":5,"8":5,"9":0,"10":0,"11":4,"12":2,"13":0,"14":0,"15":0,"16":5,"17":0,"18":0,"19":0},"10":{"0":5,"1":5,"2":5,"3":5,"4":5,"5":5,"6":5,"7":0,"8":5,"9":5,"10":0,"11":0,"12":0,"13":0,"14":5,"15":0,"16":0,"17":0,"18":0,"19":0},"11":{"0":5,"1":5,"2":1,"3":0,"4":5,"5":0,"6":1,"7":5,"8":5,"9":5,"10":5,"11":0,"12":5,"13":1,"14":0,"15":0,"16":2,"17":0,"18":0,"19":1},"12":{"0":5,"1":5,"2":5,"3":5,"4":0,"5":3,"6":0,"7":1,"8":5,"9":5,"10":5,"11":5,"12":0,"13":3,"14":0,"15":0,"16":0,"17":0,"18":0,"19":2},"13":{"0":5,"1":5,"2":1,"3":5,"4":5,"5":5,"6":1,"7":2,"8":5,"9":5,"10":0,"11":4,"12":5,"13":0,"14":0,"15":4,"16":2,"17":0,"18":0,"19":0},"14":{"0":5,"1":4,"2":3,"3":0,"4":5,"5":5,"6":5,"7":5,"8":5,"9":4,"10":5,"11":5,"12":5,"13":5,"14":0,"15":0,"16":0,"17":0,"18":3,"19":1},"15":{"0":1,"1":1,"2":5,"3":5,"4":5,"5":5,"6":5,"7":4,"8":5,"9":1,"10":3,"11":5,"12":5,"13":5,"14":1,"15":0,"16":0,"17":5,"18":0,"19":3},"16":{"0":5,"1":5,"2":5,"3":5,"4":3,"5":5,"6":5,"7":5,"8":0,"9":4,"10":5,"11":1,"12":5,"13":5,"14":5,"15":5,"16":0,"17":0,"18":0,"19":1},"17":{"0":5,"1":0,"2":5,"3":5,"4":0,"5":5,"6":0,"7":5,"8":5,"9":3,"10":0,"11":5,"12":2,"13":5,"14":5,"15":0,"16":5,"17":0,"18":0,"19":0},"18":{"0":4,"1":5,"2":0,"3":2,"4":5,"5":5,"6":5,"7":5,"8":5,"9":5,"10":5,"11":4,"12":5,"13":0,"14":5,"15":0,"16":5,"17":5,"18":0,"19":0},"19":{"0":5,"1":5,"2":5,"3":5,"4":5,"5":5,"6":2,"7":5,"8":5,"9":4,"10":5,"11":5,"12":1,"13":5,"14":4,"15":1,"16":5,"17":1,"18":3,"19":0}},"method":"hillside","closest_pair":[[0,3,2,1,8,4,5,7,6,11,9,12,10,13,17,16,14,18,15,19],[0,3,2,1,8,4,5,7,6,11,9,12,10,13,17,14,16,18,15,19]],"farthest_pair":[[0,3,2,1,8,4,5,7,6,11,9,12,10,13,17,14,16,18,15,19],[0,3,2,1,4,8,5,7,6,11,9,12,10,13,16,17,14,15,18,19]],"centroid_solution":[0,3,2,1,8,4,5,7,6,11,9,12,10,13,17,16,14,18,15,19]}