{"solutions":[[19,18,15,16,14,17,13,10,12,9,11,6,7,5,4,8,1,2,3,0],[19,18,15,14,17,16,13,10,12,9,11,6,7,5,8,4,1,2,3,0],[19,18,15,16,14,17,13,10,12,9,11,6,7,5,8,4,1,2,3,0],[19,15,18,16,14,17,13,10,12,9,11,6,7,5,4,8,1,2,3,0],[19,18,15,14,16,17,13,10,12,9,11,6,7,5,4,8,1,2,3,0],[19,18,15,14,16,17,13,10,12,9,11,6,7,5,8,4,1,2,3,0],[19,15,18,14,16,17,13,10,12,9,11,6,7,5,4,8,1,2,3,0],[19,15,18,16,14,17,13,10,12,9,11,6,7,5,8,4,1,2,3,0],[19,15,18,14,17,16,13,10,12,9,11,6,7,5,8,4,1,2,3,0],[19,15,18,14,16,17,13,10,12,9,11,6,7,5,8,4,1,2,3,0],[19,18,15,14,17,16,13,10,12,9,11,6,7,5,4,8,1,2,3,0],[19,15,18,14,17,16,13,10,12,9,11,6,7,5,4,8,1,2,3,0]],"obj":1207.0,"max_tau_solutions":null,"centroid_x":[[0.0,0.0,0.0,0.0,0.0,0.0,0.0,0.0,0.0,0.0,0.0,0.0,0.0,0.0,0.0,0.0,0.0,0.0,0.0,0.0],[1.0,0.0,1.0,1.0,0.0,0.0,0.0,0.0,0.0,0.0,0.0,0.0,0.0,0.0,0.0,0.0,0.0,0.0,0.0,0.0],[1.0,0.0,0.0,1.0,0.0,0.0,0.0,0.0,0.0,0.0,0.0,0.0,0.0,0.0,0.0,0.0,0.0,0.0,0.0,0.0],[1.0,0.0,0.0,0.0,0.0,0.0,0.0,0.0,0.0,0.0,0.0,0.0,0.0,0.0,0.0,0.0,0.0,0.0,0.0,0.0],[1.0,1.0,1.0,1.0,0.0,0.0,0.0,0.0,0.3787834039,0.0,0.0,0.0,0.0,0.0,0.0,0.0,0.0,0.0,0.0,0.0],[1.0,1.0,1.0,1.0,1.0,0.0,0.0,0.0,1.0,0.0,0.0,0.0,0.0,0.0,0.0,0.0,0.0,0.0,0.0,0.0],[1.0,1.0,1.0,1.0,1.0,1.0,0.0,1.0,1.0,0.0,0.0,0.0,0.0,0.0,0.0,0.0,0.0,0.0,0.0,0.0],[1.0,1.0,1.0,1.0,1.0,1.0,0.0,0.0,1.0,0.0,0.0,0.0,0.0,0.0,0.0,0.0,0.0,0.0,0.0,0.0],[1.0,1.0,1.0,1.0,0.6212165961,0.0,0.0,0.0,0.0,0.0,0.0,0.0,0.0,0.0,0.0,0.0,0.0,0.0,0.0,0.0],[1.0,1.0,1.0,1.0,1.0,1.0,1.0,1.0,1.0,0.0,0.0,1.0,0.0,0.0,0.0,0.0,0.0,0.0,0.0,0.0],[1.0,1.0,1.0,1.0,1.0,1.0,1.0,1.0,1.0,1.0,0.0,1.0,1.0,0.0,0.0,0.0,0.0,0.0,0.0,0.0],[1.0,1.0,1.0,1.0,1.0,1.0,1.0,1.0,1.0,0.0,0.0,0.0,0.0,0.0,0.0,0.0,0.0,0.0,0.0,0.0],[1.0,1.0,1.0,1.0,1.0,1.0,1.0,1.0,1.0,1.0,0.0,1.0,0.0,0.0,0.0,0.0,0.0,0.0,0.0,0.0],[1.0,1.0,1.0,1.0,1.0,1.0,1.0,1.0,1.0,1.0,1.0,1.0,1.0,0.0,0.0,0.0,0.0,0.0,0.0,0.0],[1.0,1.0,1.0,1.0,1.0,1.0,1.0,1.0,1.0,1.0,1.0,1.0,1.0,1.0,0.0,0.0,0.5411634444,1.0,0.0,0.0],[1.0,1.0,1.0,1.0,1.0,1.0,1.0,1.0,1.0,1.0,1.0,1.0,1.0,1.0,1.0,0.0,1.0,1.0,0.3786966009,0.0],[1.0,1.0,1.0,1.0,1.0,1.0,1.0,1.0,1.0,1.0,1.0,1.0,1.0,1.0,0.4588365556,0.0,0.0,0.5150715704,0.0,0.0],[1.0,1.0,1.0,1.0,1.0,1.0,1.0,1.0,1.0,1.0,1.0,1.0,1.0,1.0,0.0,0.0,0.4849284296,0.0,0.0,0.0],[1.0,1.0,1.0,1.0,1.0,1.0,1.0,1.0,1.0,1.0,1.0,1.0,1.0,1.0,1.0,0.6213033991,1.0,1.0,0.0,0.0],[1.0,1.0,1.0,1.0,1.0,1.0,1.0,1.0,1.0,1.0,1.0,1.0,1.0,1.0,1.0,1.0,1.0,1.0,1.0,0.0]],"outlier_solution":[19,15,18,16,14,17,13,10,12,9,11,6,7,5,4,8,1,2,3,0],"dataset_id":553,"source_dataset_id":600,"options":null,"D":{"0":{"0":0,"1":5,"2":5,"3":1,"4":5,"5":5,"6":5,"7":5,"8":0,"9":5,"10":5,"11":5,"12":5,"13":5,"14":5,"15":1,"16":5,"17":5,"18":4,"19":5},"1":{"0":0,"1":0,"2":0,"3":0,"4":2,"5":5,"6":5,"7":5,"8":1,"9":5,"10":5,"11":5,"12":5,"13":5,"14":4,"15":1,"16":5,"17":0,"18":5,"19":5},"2":{"0":0,"1":0,"2":0,"3":3,"4":2,"5":5,"6":4,"7":3,"8":5,"9":5,"10":5,"11":1,"12":5,"13":1,"14":3,"15":5,"16":5,"17":5,"18":0,"19":5},"3":{"0":0,"1":3,"2":0,"3":0,"4":3,"5":2,"6":5,"7":5,"8":5,"9":1,"10":5,"11":0,"12":5,"13":5,"14":0,"15":5,"16":5,"17":5,"18":2,"19":5},"4":{"0":0,"1":4,"2":0,"3":0,"4":0,"5":5,"6":0,"7":0,"8":5,"9":5,"10":5,"11":5,"12":0,"13":5,"14":5,"15":5,"16":3,"17":0,"18":5,"19":5},"5":{"0":3,"1":0,"2":0,"3":0,"4":1,"5":0,"6":4,"7":5,"8":1,"9":3,"10":5,"11":0,"12":3,"13":5,"14":5,"15":5,"16":5,"17":5,"18":5,"19":5},"6":{"0":0,"1":0,"2":0,"3":0,"4":0,"5":3,"6":0,"7":0,"8":0,"9":5,"10":5,"11":1,"12":0,"13":1,"14":5,"15":5,"16":5,"17":0,"18":5,"19":2},"7":{"0":0,"1":0,"2":0,"3":0,"4":0,"5":0,"6":0,"7":0,"8":4,"9":5,"10":0,"11":5,"12":1,"13":2,"14":5,"15":4,"16":5,"17":5,"18":5,"19":5},"8":{"0":0,"1":1,"2":0,"3":0,"4":2,"5":0,"6":2,"7":0,"8":0,"9":5,"10":5,"11":5,"12":5,"13":5,"14":5,"15":5,"16":0,"17":5,"18":5,"19":5},"9":{"0":5,"1":0,"2":0,"3":1,"4":4,"5":0,"6":0,"7":0,"8":0,"9":0,"10":5,"11":5,"12":5,"13":5,"14":4,"15":1,"16":4,"17":3,"18":5,"19":4},"10":{"0":0,"1":0,"2":0,"3":0,"4":0,"5":0,"6":4,"7":4,"8":0,"9":0,"10":0,"11":5,"12":5,"13":0,"14":5,"15":3,"16":5,"17":0,"18":5,"19":5},"11":{"0":5,"1":0,"2":0,"3":0,"4":0,"5":1,"6":0,"7":0,"8":1,"9":4,"10":0,"11":0,"12":5,"13":4,"14":5,"15":5,"16":1,"17":5,"18":4,"19":5},"12":{"0":0,"1":3,"2":0,"3":0,"4":0,"5":5,"6":0,"7":0,"8":0,"9":2,"10":0,"11":5,"12":0,"13":5,"14":5,"15":5,"16":5,"17":2,"18":5,"19":1},"13":{"0":0,"1":0,"2":0,"3":0,"4":0,"5":0,"6":0,"7":1,"8":0,"9":0,"10":0,"11":1,"12":3,"13":0,"14":5,"15":5,"16":5,"17":5,"18":0,"19":5},"14":{"0":0,"1":0,"2":0,"3":0,"4":0,"5":5,"6":0,"7":0,"8":0,"9":0,"10":5,"11":0,"12":0,"13":0,"14":0,"15":1,"16":5,"17":5,"18":5,"19":4},"15":{"0":0,"1":0,"2":4,"3":0,"4":0,"5":0,"6":0,"7":0,"8":0,"9":0,"10":0,"11":0,"12":0,"13":4,"14":0,"15":0,"16":5,"17":0,"18":0,"19":1},"16":{"0":0,"1":0,"2":0,"3":5,"4":0,"5":2,"6":0,"7":0,"8":0,"9":5,"10":0,"11":2,"12":0,"13":2,"14":0,"15":0,"16":0,"17":5,"18":5,"19":5},"17":{"0":0,"1":0,"2":4,"3":3,"4":0,"5":0,"6":0,"7":0,"8":0,"9":0,"10":0,"11":0,"12":0,"13":0,"14":0,"15":5,"16":0,"17":0,"18":5,"19":1},"18":{"0":5,"1":0,"2":0,"3":0,"4":5,"5":0,"6":0,"7":2,"8":0,"9":0,"10":0,"11":0,"12":0,"13":0,"14":3,"15":0,"16":0,"17":0,"18":0,"19":3},"19":{"0":0,"1":5,"2":0,"3":0,"4":0,"5":0,"6":0,"7":0,"8":0,"9":0,"10":0,"11":1,"12":2,"13":0,"14":1,"15":3,"16":1,"17":0,"18":0,"19":0}},"method":"hillside","closest_pair":[[19,18,15,14,16,17,13,10,12,9,11,6,7,5,8,4,1,2,3,0],[19,18,15,16,14,17,13,10,12,9,11,6,7,5,8,4,1,2,3,0]],"farthest_pair":[[19,18,15,14,17,16,13,10,12,9,11,6,7,5,8,4,1,2,3,0],[19,15,18,16,14,17,13,10,12,9,11,6,7,5,4,8,1,2,3,0]],"tau_farthest_pair":0.9578947368,"tau_closest_pair":0.9894736842,"centroid_solution":[19,18,15,14,16,17,13,10,12,9,11,6,7,5,8,4,1,2,3,0]}