{"solutions":[[3,0,4,1,5,2,6,7,11,9,8,10,14,15,12,13,18,16,17,19],[3,0,4,1,5,6,2,7,11,9,8,10,14,15,12,18,13,16,17,19],[0,3,4,1,5,6,2,7,11,9,8,14,10,15,18,12,13,16,17,19],[0,3,4,1,5,2,6,7,11,9,8,10,14,15,12,13,18,16,17,19],[0,3,4,1,5,2,6,7,11,9,8,14,10,15,18,12,13,16,17,19],[3,0,4,1,5,2,6,7,11,9,8,14,10,15,12,18,13,16,17,19],[0,3,4,1,5,6,2,7,11,9,8,14,10,15,12,13,18,16,17,19],[3,0,4,1,5,2,6,7,11,9,8,10,14,15,12,18,13,16,17,19],[0,3,4,1,6,5,2,7,11,9,8,14,10,15,12,18,13,16,17,19],[0,3,4,1,6,5,2,7,11,9,8,10,14,15,18,12,13,16,17,19],[0,3,4,1,5,6,2,7,11,9,8,10,14,15,18,12,13,16,17,19],[0,3,4,1,6,5,2,7,11,9,8,10,14,15,12,13,18,16,17,19],[3,0,4,1,5,2,6,7,11,9,8,14,10,15,18,12,13,16,17,19],[3,0,4,1,6,5,2,7,11,9,8,10,14,15,12,13,18,16,17,19],[0,3,4,1,5,2,6,7,11,9,8,14,10,15,12,18,13,16,17,19],[3,0,4,1,5,6,2,7,11,9,8,14,10,15,12,18,13,16,17,19],[0,3,4,1,6,5,2,7,11,9,8,14,10,15,18,12,13,16,17,19],[3,0,4,1,5,6,2,7,11,9,8,14,10,15,18,12,13,16,17,19],[0,3,4,1,6,5,2,7,11,9,8,10,14,15,12,18,13,16,17,19],[3,0,4,1,5,2,6,7,11,9,8,10,14,15,18,12,13,16,17,19],[3,0,4,1,6,5,2,7,11,9,8,10,14,15,12,18,13,16,17,19],[0,3,4,1,5,2,6,7,11,9,8,10,14,15,12,18,13,16,17,19],[3,0,4,1,5,6,2,7,11,9,8,10,14,15,18,12,13,16,17,19],[3,0,4,1,5,6,2,7,11,9,8,14,10,15,12,13,18,16,17,19],[3,0,4,1,6,5,2,7,11,9,8,14,10,15,18,12,13,16,17,19],[3,0,4,1,5,2,6,7,11,9,8,14,10,15,12,13,18,16,17,19],[0,3,4,1,5,6,2,7,11,9,8,10,14,15,12,18,13,16,17,19],[0,3,4,1,6,5,2,7,11,9,8,14,10,15,12,13,18,16,17,19],[0,3,4,1,5,6,2,7,11,9,8,14,10,15,12,18,13,16,17,19],[3,0,4,1,6,5,2,7,11,9,8,14,10,15,12,18,13,16,17,19],[0,3,4,1,5,2,6,7,11,9,8,14,10,15,12,13,18,16,17,19],[3,0,4,1,6,5,2,7,11,9,8,14,10,15,12,13,18,16,17,19],[3,0,4,1,5,6,2,7,11,9,8,10,14,15,12,13,18,16,17,19],[0,3,4,1,5,6,2,7,11,9,8,10,14,15,12,13,18,16,17,19],[0,3,4,1,5,2,6,7,11,9,8,10,14,15,18,12,13,16,17,19],[3,0,4,1,6,5,2,7,11,9,8,10,14,15,18,12,13,16,17,19]],"obj":1260.0,"max_tau_solutions":null,"centroid_x":[[0.0,1.0,1.0,0.4989347911,1.0,1.0,1.0,1.0,1.0,1.0,1.0,1.0,1.0,1.0,1.0,1.0,1.0,1.0,1.0,1.0],[0.0,0.0,1.0,0.0,0.0,1.0,1.0,1.0,1.0,1.0,1.0,1.0,1.0,1.0,1.0,1.0,1.0,1.0,1.0,1.0],[0.0,0.0,0.0,0.0,0.0,0.0,0.4209191439,1.0,1.0,1.0,1.0,1.0,1.0,1.0,1.0,1.0,1.0,1.0,1.0,1.0],[0.5010652089,1.0,1.0,0.0,1.0,1.0,1.0,1.0,1.0,1.0,1.0,1.0,1.0,1.0,1.0,1.0,1.0,1.0,1.0,1.0],[0.0,1.0,1.0,0.0,0.0,1.0,1.0,1.0,1.0,1.0,1.0,1.0,1.0,1.0,1.0,1.0,1.0,1.0,1.0,1.0],[0.0,0.0,1.0,0.0,0.0,0.0,0.5602976025,1.0,1.0,1.0,1.0,1.0,1.0,1.0,1.0,1.0,1.0,1.0,1.0,1.0],[0.0,0.0,0.5790808561,0.0,0.0,0.4397023975,0.0,1.0,1.0,1.0,1.0,1.0,1.0,1.0,1.0,1.0,1.0,1.0,1.0,1.0],[0.0,0.0,0.0,0.0,0.0,0.0,0.0,0.0,1.0,1.0,1.0,1.0,1.0,1.0,1.0,1.0,1.0,1.0,1.0,1.0],[0.0,0.0,0.0,0.0,0.0,0.0,0.0,0.0,0.0,0.0,1.0,0.0,1.0,1.0,1.0,1.0,1.0,1.0,1.0,1.0],[0.0,0.0,0.0,0.0,0.0,0.0,0.0,0.0,1.0,0.0,1.0,0.0,1.0,1.0,1.0,1.0,1.0,1.0,1.0,1.0],[0.0,0.0,0.0,0.0,0.0,0.0,0.0,0.0,0.0,0.0,0.0,0.0,1.0,1.0,0.5013638433,1.0,1.0,1.0,1.0,1.0],[0.0,0.0,0.0,0.0,0.0,0.0,0.0,0.0,1.0,1.0,1.0,0.0,1.0,1.0,1.0,1.0,1.0,1.0,1.0,1.0],[0.0,0.0,0.0,0.0,0.0,0.0,0.0,0.0,0.0,0.0,0.0,0.0,0.0,1.0,0.0,0.0,1.0,1.0,0.5454230436,1.0],[0.0,0.0,0.0,0.0,0.0,0.0,0.0,0.0,0.0,0.0,0.0,0.0,0.0,0.0,0.0,0.0,1.0,1.0,0.4329628371,1.0],[0.0,0.0,0.0,0.0,0.0,0.0,0.0,0.0,0.0,0.0,0.4986361567,0.0,1.0,1.0,0.0,1.0,1.0,1.0,1.0,1.0],[0.0,0.0,0.0,0.0,0.0,0.0,0.0,0.0,0.0,0.0,0.0,0.0,1.0,1.0,0.0,0.0,1.0,1.0,1.0,1.0],[0.0,0.0,0.0,0.0,0.0,0.0,0.0,0.0,0.0,0.0,0.0,0.0,0.0,0.0,0.0,0.0,0.0,1.0,0.0,1.0],[0.0,0.0,0.0,0.0,0.0,0.0,0.0,0.0,0.0,0.0,0.0,0.0,0.0,0.0,0.0,0.0,0.0,0.0,0.0,1.0],[0.0,0.0,0.0,0.0,0.0,0.0,0.0,0.0,0.0,0.0,0.0,0.0,0.4545769564,0.5670371629,0.0,0.0,1.0,1.0,0.0,1.0],[0.0,0.0,0.0,0.0,0.0,0.0,0.0,0.0,0.0,0.0,0.0,0.0,0.0,0.0,0.0,0.0,0.0,0.0,0.0,0.0]],"outlier_solution":[0,3,4,1,5,2,6,7,11,9,8,14,10,15,12,13,18,16,17,19],"dataset_id":555,"source_dataset_id":602,"options":null,"D":{"0":{"0":0,"1":4,"2":0,"3":0,"4":0,"5":0,"6":0,"7":0,"8":0,"9":0,"10":5,"11":0,"12":1,"13":0,"14":0,"15":0,"16":0,"17":0,"18":3,"19":0},"1":{"0":5,"1":0,"2":2,"3":5,"4":0,"5":0,"6":0,"7":0,"8":0,"9":1,"10":0,"11":5,"12":0,"13":0,"14":0,"15":1,"16":0,"17":3,"18":1,"19":0},"2":{"0":0,"1":5,"2":0,"3":0,"4":0,"5":5,"6":0,"7":0,"8":0,"9":2,"10":1,"11":1,"12":0,"13":1,"14":0,"15":1,"16":0,"17":5,"18":4,"19":0},"3":{"0":5,"1":5,"2":5,"3":0,"4":1,"5":0,"6":0,"7":0,"8":0,"9":0,"10":0,"11":0,"12":0,"13":0,"14":0,"15":0,"16":0,"17":0,"18":0,"19":0},"4":{"0":3,"1":5,"2":1,"3":5,"4":0,"5":0,"6":2,"7":2,"8":0,"9":0,"10":0,"11":0,"12":0,"13":0,"14":0,"15":0,"16":0,"17":0,"18":0,"19":0},"5":{"0":5,"1":5,"2":0,"3":5,"4":5,"5":0,"6":0,"7":0,"8":4,"9":0,"10":0,"11":0,"12":0,"13":0,"14":0,"15":0,"16":0,"17":0,"18":4,"19":0},"6":{"0":4,"1":5,"2":5,"3":1,"4":5,"5":5,"6":0,"7":0,"8":0,"9":0,"10":0,"11":0,"12":0,"13":4,"14":0,"15":0,"16":0,"17":0,"18":0,"19":0},"7":{"0":5,"1":4,"2":4,"3":1,"4":5,"5":5,"6":3,"7":0,"8":0,"9":5,"10":3,"11":0,"12":0,"13":0,"14":0,"15":0,"16":4,"17":2,"18":0,"19":0},"8":{"0":5,"1":0,"2":2,"3":5,"4":2,"5":5,"6":5,"7":5,"8":0,"9":1,"10":0,"11":0,"12":1,"13":0,"14":4,"15":0,"16":1,"17":1,"18":2,"19":0},"9":{"0":5,"1":1,"2":5,"3":4,"4":5,"5":5,"6":5,"7":5,"8":5,"9":0,"10":5,"11":0,"12":0,"13":0,"14":0,"15":0,"16":0,"17":1,"18":0,"19":0},"10":{"0":5,"1":5,"2":5,"3":5,"4":5,"5":5,"6":5,"7":5,"8":0,"9":5,"10":0,"11":0,"12":0,"13":3,"14":0,"15":5,"16":3,"17":0,"18":0,"19":0},"11":{"0":0,"1":0,"2":0,"3":5,"4":2,"5":2,"6":5,"7":5,"8":4,"9":5,"10":0,"11":0,"12":0,"13":0,"14":0,"15":0,"16":0,"17":0,"18":0,"19":0},"12":{"0":5,"1":5,"2":2,"3":5,"4":1,"5":3,"6":5,"7":5,"8":5,"9":5,"10":5,"11":5,"12":0,"13":0,"14":5,"15":5,"16":0,"17":0,"18":0,"19":0},"13":{"0":5,"1":5,"2":5,"3":5,"4":5,"5":5,"6":5,"7":5,"8":5,"9":1,"10":4,"11":5,"12":5,"13":0,"14":0,"15":0,"16":0,"17":3,"18":5,"19":0},"14":{"0":3,"1":3,"2":5,"3":5,"4":5,"5":4,"6":0,"7":5,"8":5,"9":5,"10":5,"11":1,"12":0,"13":5,"14":0,"15":0,"16":0,"17":0,"18":0,"19":0},"15":{"0":5,"1":5,"2":3,"3":5,"4":0,"5":5,"6":3,"7":5,"8":0,"9":0,"10":1,"11":0,"12":5,"13":5,"14":3,"15":0,"16":0,"17":0,"18":3,"19":0},"16":{"0":0,"1":5,"2":5,"3":5,"4":5,"5":5,"6":1,"7":5,"8":5,"9":0,"10":5,"11":5,"12":4,"13":5,"14":5,"15":4,"16":0,"17":3,"18":0,"19":0},"17":{"0":5,"1":5,"2":5,"3":5,"4":2,"5":1,"6":5,"7":5,"8":5,"9":5,"10":5,"11":0,"12":5,"13":5,"14":5,"15":5,"16":5,"17":0,"18":0,"19":1},"18":{"0":5,"1":5,"2":5,"3":5,"4":0,"5":5,"6":5,"7":5,"8":0,"9":5,"10":0,"11":1,"12":5,"13":0,"14":5,"15":5,"16":5,"17":5,"18":0,"19":0},"19":{"0":0,"1":5,"2":0,"3":5,"4":5,"5":0,"6":4,"7":0,"8":5,"9":5,"10":0,"11":5,"12":5,"13":5,"14":5,"15":5,"16":5,"17":1,"18":5,"19":0}},"method":"hillside","closest_pair":[[3,0,4,1,5,2,6,7,11,9,8,14,10,15,12,18,13,16,17,19],[3,0,4,1,5,6,2,7,11,9,8,14,10,15,12,18,13,16,17,19]],"farthest_pair":[[3,0,4,1,5,2,6,7,11,9,8,14,10,15,12,13,18,16,17,19],[0,3,4,1,6,5,2,7,11,9,8,10,14,15,18,12,13,16,17,19]],"centroid_solution":[3,0,4,1,5,6,2,7,11,9,8,10,14,15,12,18,13,16,17,19]}