{"solutions":[[19,17,18,15,16,13,12,14,11,10,7,8,9,4,5,6,0,2,1,3],[19,17,18,15,16,13,12,14,10,11,7,8,9,4,5,6,0,2,1,3],[17,19,18,15,13,12,14,16,10,11,7,8,9,4,5,6,2,0,1,3],[17,19,18,13,15,12,14,16,10,11,7,8,9,4,5,6,0,2,1,3],[19,17,18,15,16,13,12,14,10,11,7,8,9,4,5,6,2,0,1,3],[19,17,18,13,15,12,14,16,11,10,7,8,9,4,5,6,0,2,1,3],[17,19,18,15,16,13,12,14,10,11,7,8,9,4,5,6,2,0,1,3],[17,19,18,15,13,12,14,16,11,10,7,8,9,4,5,6,0,2,1,3],[19,17,18,15,13,12,14,16,10,11,7,8,9,4,5,6,2,0,1,3],[19,17,18,13,15,12,14,16,10,11,7,8,9,4,5,6,2,0,1,3],[19,17,18,15,13,12,14,16,11,10,7,8,9,4,5,6,0,2,1,3],[19,17,18,15,16,13,12,14,11,10,7,8,9,4,5,6,2,0,1,3],[17,19,18,15,13,12,14,16,10,11,7,8,9,4,5,6,0,2,1,3],[19,17,18,13,15,12,14,16,10,11,7,8,9,4,5,6,0,2,1,3],[19,17,18,15,13,12,14,16,11,10,7,8,9,4,5,6,2,0,1,3],[17,19,18,15,16,13,12,14,11,10,7,8,9,4,5,6,0,2,1,3],[19,17,18,15,13,12,14,16,10,11,7,8,9,4,5,6,0,2,1,3],[17,19,18,13,15,12,14,16,11,10,7,8,9,4,5,6,0,2,1,3],[17,19,18,15,16,13,12,14,11,10,7,8,9,4,5,6,2,0,1,3],[17,19,18,15,13,12,14,16,11,10,7,8,9,4,5,6,2,0,1,3],[17,19,18,15,16,13,12,14,10,11,7,8,9,4,5,6,0,2,1,3],[17,19,18,13,15,12,14,16,11,10,7,8,9,4,5,6,2,0,1,3],[17,19,18,13,15,12,14,16,10,11,7,8,9,4,5,6,2,0,1,3],[19,17,18,13,15,12,14,16,11,10,7,8,9,4,5,6,2,0,1,3]],"obj":1327.0,"max_tau_solutions":null,"centroid_x":[[0.0,1.0,0.4012186178,1.0,0.0,0.0,0.0,0.0,0.0,0.0,0.0,0.0,0.0,0.0,0.0,0.0,0.0,0.0,0.0,0.0],[0.0,0.0,0.0,1.0,0.0,0.0,0.0,0.0,0.0,0.0,0.0,0.0,0.0,0.0,0.0,0.0,0.0,0.0,0.0,0.0],[0.5987813822,1.0,0.0,1.0,0.0,0.0,0.0,0.0,0.0,0.0,0.0,0.0,0.0,0.0,0.0,0.0,0.0,0.0,0.0,0.0],[0.0,0.0,0.0,0.0,0.0,0.0,0.0,0.0,0.0,0.0,0.0,0.0,0.0,0.0,0.0,0.0,0.0,0.0,0.0,0.0],[1.0,1.0,1.0,1.0,0.0,1.0,1.0,0.0,0.0,0.0,0.0,0.0,0.0,0.0,0.0,0.0,0.0,0.0,0.0,0.0],[1.0,1.0,1.0,1.0,0.0,0.0,1.0,0.0,0.0,0.0,0.0,0.0,0.0,0.0,0.0,0.0,0.0,0.0,0.0,0.0],[1.0,1.0,1.0,1.0,0.0,0.0,0.0,0.0,0.0,0.0,0.0,0.0,0.0,0.0,0.0,0.0,0.0,0.0,0.0,0.0],[1.0,1.0,1.0,1.0,1.0,1.0,1.0,0.0,1.0,1.0,0.0,0.0,0.0,0.0,0.0,0.0,0.0,0.0,0.0,0.0],[1.0,1.0,1.0,1.0,1.0,1.0,1.0,0.0,0.0,1.0,0.0,0.0,0.0,0.0,0.0,0.0,0.0,0.0,0.0,0.0],[1.0,1.0,1.0,1.0,1.0,1.0,1.0,0.0,0.0,0.0,0.0,0.0,0.0,0.0,0.0,0.0,0.0,0.0,0.0,0.0],[1.0,1.0,1.0,1.0,1.0,1.0,1.0,1.0,1.0,1.0,0.0,0.3480884421,0.0,0.0,0.0,0.0,0.0,0.0,0.0,0.0],[1.0,1.0,1.0,1.0,1.0,1.0,1.0,1.0,1.0,1.0,0.6519115579,0.0,0.0,0.0,0.0,0.0,0.0,0.0,0.0,0.0],[1.0,1.0,1.0,1.0,1.0,1.0,1.0,1.0,1.0,1.0,1.0,1.0,0.0,0.0,1.0,0.0,0.3879453221,0.0,0.0,0.0],[1.0,1.0,1.0,1.0,1.0,1.0,1.0,1.0,1.0,1.0,1.0,1.0,1.0,0.0,1.0,0.3406281908,0.3879453221,0.0,0.0,0.0],[1.0,1.0,1.0,1.0,1.0,1.0,1.0,1.0,1.0,1.0,1.0,1.0,0.0,0.0,0.0,0.0,0.3879453222,0.0,0.0,0.0],[1.0,1.0,1.0,1.0,1.0,1.0,1.0,1.0,1.0,1.0,1.0,1.0,1.0,0.6593718092,1.0,0.0,1.0,0.0,0.0,0.0],[1.0,1.0,1.0,1.0,1.0,1.0,1.0,1.0,1.0,1.0,1.0,1.0,0.6120546779,0.6120546779,0.6120546778,0.0,0.0,0.0,0.0,0.0],[1.0,1.0,1.0,1.0,1.0,1.0,1.0,1.0,1.0,1.0,1.0,1.0,1.0,1.0,1.0,1.0,1.0,0.0,1.0,0.3564815432],[1.0,1.0,1.0,1.0,1.0,1.0,1.0,1.0,1.0,1.0,1.0,1.0,1.0,1.0,1.0,1.0,1.0,0.0,0.0,0.0],[1.0,1.0,1.0,1.0,1.0,1.0,1.0,1.0,1.0,1.0,1.0,1.0,1.0,1.0,1.0,1.0,1.0,0.6435184568,1.0,0.0]],"outlier_solution":[17,19,18,13,15,12,14,16,10,11,7,8,9,4,5,6,0,2,1,3],"dataset_id":556,"source_dataset_id":603,"options":null,"D":{"0":{"0":0,"1":5,"2":5,"3":5,"4":5,"5":5,"6":5,"7":0,"8":5,"9":0,"10":5,"11":5,"12":0,"13":0,"14":0,"15":0,"16":2,"17":5,"18":4,"19":2},"1":{"0":0,"1":0,"2":0,"3":4,"4":5,"5":5,"6":5,"7":5,"8":5,"9":3,"10":1,"11":5,"12":5,"13":0,"14":0,"15":5,"16":5,"17":5,"18":5,"19":3},"2":{"0":0,"1":0,"2":0,"3":5,"4":1,"5":4,"6":0,"7":5,"8":5,"9":2,"10":5,"11":5,"12":5,"13":5,"14":5,"15":5,"16":5,"17":5,"18":4,"19":5},"3":{"0":0,"1":2,"2":0,"3":0,"4":5,"5":5,"6":4,"7":0,"8":5,"9":4,"10":5,"11":5,"12":5,"13":2,"14":5,"15":5,"16":5,"17":5,"18":4,"19":5},"4":{"0":0,"1":0,"2":5,"3":0,"4":0,"5":5,"6":5,"7":5,"8":4,"9":4,"10":5,"11":5,"12":2,"13":5,"14":5,"15":0,"16":0,"17":5,"18":4,"19":2},"5":{"0":0,"1":0,"2":0,"3":0,"4":0,"5":0,"6":5,"7":5,"8":5,"9":3,"10":5,"11":5,"12":5,"13":5,"14":1,"15":5,"16":5,"17":1,"18":4,"19":5},"6":{"0":1,"1":1,"2":1,"3":0,"4":0,"5":0,"6":0,"7":5,"8":0,"9":0,"10":5,"11":5,"12":5,"13":5,"14":5,"15":5,"16":5,"17":5,"18":5,"19":4},"7":{"0":0,"1":0,"2":0,"3":0,"4":1,"5":0,"6":0,"7":0,"8":5,"9":3,"10":4,"11":1,"12":4,"13":5,"14":1,"15":0,"16":0,"17":5,"18":0,"19":5},"8":{"0":1,"1":0,"2":0,"3":5,"4":0,"5":0,"6":0,"7":1,"8":0,"9":5,"10":5,"11":5,"12":4,"13":4,"14":2,"15":0,"16":0,"17":3,"18":5,"19":5},"9":{"0":0,"1":0,"2":3,"3":0,"4":4,"5":2,"6":0,"7":0,"8":5,"9":0,"10":2,"11":2,"12":5,"13":5,"14":0,"15":4,"16":0,"17":5,"18":0,"19":5},"10":{"0":0,"1":0,"2":0,"3":0,"4":0,"5":0,"6":1,"7":0,"8":0,"9":0,"10":0,"11":5,"12":5,"13":3,"14":0,"15":1,"16":5,"17":5,"18":5,"19":5},"11":{"0":0,"1":0,"2":0,"3":3,"4":1,"5":0,"6":0,"7":5,"8":0,"9":0,"10":0,"11":0,"12":0,"13":5,"14":3,"15":5,"16":4,"17":5,"18":5,"19":4},"12":{"0":0,"1":0,"2":0,"3":0,"4":0,"5":0,"6":0,"7":3,"8":2,"9":0,"10":0,"11":5,"12":0,"13":5,"14":0,"15":5,"16":5,"17":5,"18":5,"19":5},"13":{"0":0,"1":0,"2":0,"3":0,"4":0,"5":0,"6":0,"7":0,"8":0,"9":1,"10":0,"11":0,"12":5,"13":0,"14":5,"15":2,"16":1,"17":1,"18":5,"19":0},"14":{"0":0,"1":0,"2":1,"3":0,"4":0,"5":0,"6":0,"7":0,"8":0,"9":0,"10":2,"11":0,"12":0,"13":0,"14":0,"15":0,"16":0,"17":5,"18":2,"19":5},"15":{"0":0,"1":0,"2":0,"3":0,"4":0,"5":5,"6":0,"7":0,"8":0,"9":0,"10":0,"11":0,"12":0,"13":5,"14":0,"15":0,"16":5,"17":2,"18":5,"19":0},"16":{"0":3,"1":0,"2":2,"3":0,"4":0,"5":0,"6":0,"7":0,"8":0,"9":0,"10":0,"11":0,"12":2,"13":0,"14":1,"15":0,"16":0,"17":5,"18":5,"19":5},"17":{"0":0,"1":4,"2":0,"3":0,"4":3,"5":0,"6":0,"7":0,"8":0,"9":0,"10":0,"11":0,"12":5,"13":0,"14":3,"15":5,"16":0,"17":0,"18":0,"19":1},"18":{"0":0,"1":0,"2":4,"3":0,"4":0,"5":0,"6":4,"7":0,"8":3,"9":0,"10":0,"11":0,"12":0,"13":0,"14":0,"15":5,"16":0,"17":0,"18":0,"19":0},"19":{"0":0,"1":3,"2":0,"3":0,"4":0,"5":0,"6":0,"7":3,"8":0,"9":0,"10":0,"11":0,"12":0,"13":0,"14":0,"15":2,"16":2,"17":0,"18":0,"19":0}},"method":"hillside","closest_pair":[[19,17,18,15,13,12,14,16,10,11,7,8,9,4,5,6,2,0,1,3],[19,17,18,15,13,12,14,16,11,10,7,8,9,4,5,6,2,0,1,3]],"farthest_pair":[[19,17,18,13,15,12,14,16,11,10,7,8,9,4,5,6,2,0,1,3],[17,19,18,15,16,13,12,14,10,11,7,8,9,4,5,6,0,2,1,3]],"tau_farthest_pair":0.9263157895,"tau_closest_pair":0.9894736842,"centroid_solution":[19,17,18,15,16,13,12,14,11,10,7,8,9,4,5,6,2,0,1,3]}