{"solutions":[[3,1,2,0,6,5,4,9,8,7,11,10,14,12,13,16,15,18,19,17],[3,1,2,0,6,5,4,9,8,7,11,10,16,14,12,15,13,18,19,17],[3,1,2,0,6,5,4,9,8,7,11,10,16,14,12,13,15,18,19,17],[3,1,0,2,6,5,4,9,8,7,10,11,14,12,13,16,15,18,19,17],[3,1,2,0,6,5,4,9,8,7,10,11,14,12,13,16,15,18,17,19],[3,1,2,0,6,5,4,9,8,7,11,10,16,14,12,13,15,18,17,19],[3,1,0,2,6,5,4,9,8,7,11,10,14,12,13,16,15,18,19,17],[3,1,2,0,6,5,4,9,8,7,11,10,14,12,13,16,15,18,17,19],[3,1,0,2,6,5,4,9,8,7,11,10,16,14,12,15,13,18,19,17],[3,1,2,0,6,5,4,9,8,7,10,11,16,14,12,13,15,18,19,17],[3,1,2,0,6,5,4,9,8,7,11,10,16,14,12,15,13,18,17,19],[3,1,0,2,6,5,4,9,8,7,11,10,16,14,12,13,15,18,19,17],[3,1,0,2,6,5,4,9,8,7,10,11,14,12,13,16,15,18,17,19],[3,1,0,2,6,5,4,9,8,7,10,11,16,14,12,13,15,18,19,17],[3,1,0,2,6,5,4,9,8,7,10,11,16,14,12,15,13,18,19,17],[3,1,0,2,6,5,4,9,8,7,11,10,16,14,12,13,15,18,17,19],[3,1,2,0,6,5,4,9,8,7,10,11,16,14,12,15,13,18,19,17],[3,1,0,2,6,5,4,9,8,7,11,10,16,14,12,15,13,18,17,19],[3,1,2,0,6,5,4,9,8,7,10,11,16,14,12,13,15,18,17,19],[3,1,0,2,6,5,4,9,8,7,10,11,16,14,12,15,13,18,17,19],[3,1,0,2,6,5,4,9,8,7,11,10,14,12,13,16,15,18,17,19],[3,1,2,0,6,5,4,9,8,7,10,11,14,12,13,16,15,18,19,17],[3,1,0,2,6,5,4,9,8,7,10,11,16,14,12,13,15,18,17,19],[3,1,2,0,6,5,4,9,8,7,10,11,16,14,12,15,13,18,17,19]],"obj":1327.0,"max_tau_solutions":null,"centroid_x":[[0.0,0.0,0.496846048,0.0,1.0,1.0,1.0,1.0,1.0,1.0,1.0,1.0,1.0,1.0,1.0,1.0,1.0,1.0,1.0,1.0],[1.0,0.0,1.0,0.0,1.0,1.0,1.0,1.0,1.0,1.0,1.0,1.0,1.0,1.0,1.0,1.0,1.0,1.0,1.0,1.0],[0.503153952,0.0,0.0,0.0,1.0,1.0,1.0,1.0,1.0,1.0,1.0,1.0,1.0,1.0,1.0,1.0,1.0,1.0,1.0,1.0],[1.0,1.0,1.0,0.0,1.0,1.0,1.0,1.0,1.0,1.0,1.0,1.0,1.0,1.0,1.0,1.0,1.0,1.0,1.0,1.0],[0.0,0.0,0.0,0.0,0.0,0.0,0.0,1.0,1.0,1.0,1.0,1.0,1.0,1.0,1.0,1.0,1.0,1.0,1.0,1.0],[0.0,0.0,0.0,0.0,1.0,0.0,0.0,1.0,1.0,1.0,1.0,1.0,1.0,1.0,1.0,1.0,1.0,1.0,1.0,1.0],[0.0,0.0,0.0,0.0,1.0,1.0,0.0,1.0,1.0,1.0,1.0,1.0,1.0,1.0,1.0,1.0,1.0,1.0,1.0,1.0],[0.0,0.0,0.0,0.0,0.0,0.0,0.0,0.0,0.0,0.0,1.0,1.0,1.0,1.0,1.0,1.0,1.0,1.0,1.0,1.0],[0.0,0.0,0.0,0.0,0.0,0.0,0.0,1.0,0.0,0.0,1.0,1.0,1.0,1.0,1.0,1.0,1.0,1.0,1.0,1.0],[0.0,0.0,0.0,0.0,0.0,0.0,0.0,1.0,1.0,0.0,1.0,1.0,1.0,1.0,1.0,1.0,1.0,1.0,1.0,1.0],[0.0,0.0,0.0,0.0,0.0,0.0,0.0,0.0,0.0,0.0,0.0,0.5084397472,1.0,1.0,1.0,1.0,1.0,1.0,1.0,1.0],[0.0,0.0,0.0,0.0,0.0,0.0,0.0,0.0,0.0,0.0,0.4915602528,0.0,1.0,1.0,1.0,1.0,1.0,1.0,1.0,1.0],[0.0,0.0,0.0,0.0,0.0,0.0,0.0,0.0,0.0,0.0,0.0,0.0,0.0,1.0,0.0,1.0,0.4778160767,1.0,1.0,1.0],[0.0,0.0,0.0,0.0,0.0,0.0,0.0,0.0,0.0,0.0,0.0,0.0,0.0,0.0,0.0,0.5962110183,0.4778160767,1.0,1.0,1.0],[0.0,0.0,0.0,0.0,0.0,0.0,0.0,0.0,0.0,0.0,0.0,0.0,1.0,1.0,0.0,1.0,0.4778160767,1.0,1.0,1.0],[0.0,0.0,0.0,0.0,0.0,0.0,0.0,0.0,0.0,0.0,0.0,0.0,0.0,0.4037889817,0.0,0.0,0.0,1.0,1.0,1.0],[0.0,0.0,0.0,0.0,0.0,0.0,0.0,0.0,0.0,0.0,0.0,0.0,0.5221839233,0.5221839233,0.5221839233,1.0,0.0,1.0,1.0,1.0],[0.0,0.0,0.0,0.0,0.0,0.0,0.0,0.0,0.0,0.0,0.0,0.0,0.0,0.0,0.0,0.0,0.0,0.0,0.0,0.4998093014],[0.0,0.0,0.0,0.0,0.0,0.0,0.0,0.0,0.0,0.0,0.0,0.0,0.0,0.0,0.0,0.0,0.0,1.0,0.0,1.0],[0.0,0.0,0.0,0.0,0.0,0.0,0.0,0.0,0.0,0.0,0.0,0.0,0.0,0.0,0.0,0.0,0.0,0.5001906986,0.0,0.0]],"outlier_solution":[3,1,0,2,6,5,4,9,8,7,11,10,16,14,12,15,13,18,17,19],"dataset_id":556,"source_dataset_id":603,"options":null,"D":{"0":{"0":0,"1":0,"2":0,"3":0,"4":0,"5":0,"6":1,"7":0,"8":1,"9":0,"10":0,"11":0,"12":0,"13":0,"14":0,"15":0,"16":3,"17":0,"18":0,"19":0},"1":{"0":5,"1":0,"2":0,"3":2,"4":0,"5":0,"6":1,"7":0,"8":0,"9":0,"10":0,"11":0,"12":0,"13":0,"14":0,"15":0,"16":0,"17":4,"18":0,"19":3},"2":{"0":5,"1":0,"2":0,"3":0,"4":5,"5":0,"6":1,"7":0,"8":0,"9":3,"10":0,"11":0,"12":0,"13":0,"14":1,"15":0,"16":2,"17":0,"18":4,"19":0},"3":{"0":5,"1":4,"2":5,"3":0,"4":0,"5":0,"6":0,"7":0,"8":5,"9":0,"10":0,"11":3,"12":0,"13":0,"14":0,"15":0,"16":0,"17":0,"18":0,"19":0},"4":{"0":5,"1":5,"2":1,"3":5,"4":0,"5":0,"6":0,"7":1,"8":0,"9":4,"10":0,"11":1,"12":0,"13":0,"14":0,"15":0,"16":0,"17":3,"18":0,"19":0},"5":{"0":5,"1":5,"2":4,"3":5,"4":5,"5":0,"6":0,"7":0,"8":0,"9":2,"10":0,"11":0,"12":0,"13":0,"14":0,"15":5,"16":0,"17":0,"18":0,"19":0},"6":{"0":5,"1":5,"2":0,"3":4,"4":5,"5":5,"6":0,"7":0,"8":0,"9":0,"10":1,"11":0,"12":0,"13":0,"14":0,"15":0,"16":0,"17":0,"18":4,"19":0},"7":{"0":0,"1":5,"2":5,"3":0,"4":5,"5":5,"6":5,"7":0,"8":1,"9":0,"10":0,"11":5,"12":3,"13":0,"14":0,"15":0,"16":0,"17":0,"18":0,"19":3},"8":{"0":5,"1":5,"2":5,"3":5,"4":4,"5":5,"6":0,"7":5,"8":0,"9":5,"10":0,"11":0,"12":2,"13":0,"14":0,"15":0,"16":0,"17":0,"18":3,"19":0},"9":{"0":0,"1":3,"2":2,"3":4,"4":4,"5":3,"6":0,"7":3,"8":5,"9":0,"10":0,"11":0,"12":0,"13":1,"14":0,"15":0,"16":0,"17":0,"18":0,"19":0},"10":{"0":5,"1":1,"2":5,"3":5,"4":5,"5":5,"6":5,"7":4,"8":5,"9":2,"10":0,"11":0,"12":0,"13":0,"14":2,"15":0,"16":0,"17":0,"18":0,"19":0},"11":{"0":5,"1":5,"2":5,"3":5,"4":5,"5":5,"6":5,"7":1,"8":5,"9":2,"10":5,"11":0,"12":5,"13":0,"14":0,"15":0,"16":0,"17":0,"18":0,"19":0},"12":{"0":0,"1":5,"2":5,"3":5,"4":2,"5":5,"6":5,"7":4,"8":4,"9":5,"10":5,"11":0,"12":0,"13":5,"14":0,"15":0,"16":2,"17":5,"18":0,"19":0},"13":{"0":0,"1":0,"2":5,"3":2,"4":5,"5":5,"6":5,"7":5,"8":4,"9":5,"10":3,"11":5,"12":5,"13":0,"14":0,"15":5,"16":0,"17":0,"18":0,"19":0},"14":{"0":0,"1":0,"2":5,"3":5,"4":5,"5":1,"6":5,"7":1,"8":2,"9":0,"10":0,"11":3,"12":0,"13":5,"14":0,"15":0,"16":1,"17":3,"18":0,"19":0},"15":{"0":0,"1":5,"2":5,"3":5,"4":0,"5":5,"6":5,"7":0,"8":0,"9":4,"10":1,"11":5,"12":5,"13":2,"14":0,"15":0,"16":0,"17":5,"18":5,"19":2},"16":{"0":2,"1":5,"2":5,"3":5,"4":0,"5":5,"6":5,"7":0,"8":0,"9":0,"10":5,"11":4,"12":5,"13":1,"14":0,"15":5,"16":0,"17":0,"18":0,"19":2},"17":{"0":5,"1":5,"2":5,"3":5,"4":5,"5":1,"6":5,"7":5,"8":3,"9":5,"10":5,"11":5,"12":5,"13":1,"14":5,"15":2,"16":5,"17":0,"18":0,"19":0},"18":{"0":4,"1":5,"2":4,"3":4,"4":4,"5":4,"6":5,"7":0,"8":5,"9":0,"10":5,"11":5,"12":5,"13":5,"14":2,"15":5,"16":5,"17":0,"18":0,"19":0},"19":{"0":2,"1":3,"2":5,"3":5,"4":2,"5":5,"6":4,"7":5,"8":5,"9":5,"10":5,"11":4,"12":5,"13":0,"14":5,"15":0,"16":5,"17":1,"18":0,"19":0}},"method":"hillside","closest_pair":[[3,1,2,0,6,5,4,9,8,7,10,11,16,14,12,15,13,18,19,17],[3,1,2,0,6,5,4,9,8,7,11,10,16,14,12,15,13,18,19,17]],"farthest_pair":[[3,1,2,0,6,5,4,9,8,7,11,10,14,12,13,16,15,18,19,17],[3,1,0,2,6,5,4,9,8,7,10,11,16,14,12,15,13,18,17,19]],"tau_farthest_pair":0.9263157895,"tau_closest_pair":0.9894736842,"centroid_solution":[3,1,2,0,6,5,4,9,8,7,10,11,16,14,12,13,15,18,19,17]}