{"solutions":[[0,3,1,6,2,10,7,4,8,5,9,13,12,11,14,15,16,19,18,17],[0,3,1,6,2,7,10,4,8,5,9,13,12,11,14,15,16,18,17,19],[0,3,1,6,2,10,7,4,8,5,9,13,12,11,14,15,16,18,17,19],[0,3,1,6,2,7,4,8,5,9,13,10,12,11,14,15,16,18,19,17],[0,3,1,6,2,7,10,4,8,5,9,13,12,11,14,15,16,18,19,17],[0,3,1,6,2,7,4,8,5,9,13,10,12,11,14,15,16,19,18,17],[0,3,1,6,2,7,4,8,5,9,13,10,12,11,14,15,16,18,17,19],[0,3,1,6,2,7,10,4,8,5,9,13,12,11,14,15,16,19,18,17],[0,3,1,6,2,10,7,4,8,5,9,13,12,11,14,15,16,18,19,17]],"obj":1356.0,"max_tau_solutions":null,"centroid_x":[[0.0,1.0,1.0,1.0,1.0,1.0,1.0,1.0,1.0,1.0,1.0,1.0,1.0,1.0,1.0,1.0,1.0,1.0,1.0,1.0],[0.0,0.0,1.0,0.0,1.0,1.0,1.0,1.0,1.0,1.0,1.0,1.0,1.0,1.0,1.0,1.0,1.0,1.0,1.0,1.0],[0.0,0.0,0.0,0.0,1.0,1.0,0.0,1.0,1.0,1.0,1.0,1.0,1.0,1.0,1.0,1.0,1.0,1.0,1.0,1.0],[0.0,1.0,1.0,0.0,1.0,1.0,1.0,1.0,1.0,1.0,1.0,1.0,1.0,1.0,1.0,1.0,1.0,1.0,1.0,1.0],[0.0,0.0,0.0,0.0,0.0,1.0,0.0,0.0,1.0,1.0,0.4692156013,1.0,1.0,1.0,1.0,1.0,1.0,1.0,1.0,1.0],[0.0,0.0,0.0,0.0,0.0,0.0,0.0,0.0,0.0,1.0,0.4692150042,1.0,1.0,1.0,1.0,1.0,1.0,1.0,1.0,1.0],[0.0,0.0,1.0,0.0,1.0,1.0,0.0,1.0,1.0,1.0,1.0,1.0,1.0,1.0,1.0,1.0,1.0,1.0,1.0,1.0],[0.0,0.0,0.0,0.0,1.0,1.0,0.0,0.0,1.0,1.0,0.678040129,1.0,1.0,1.0,1.0,1.0,1.0,1.0,1.0,1.0],[0.0,0.0,0.0,0.0,0.0,1.0,0.0,0.0,0.0,1.0,0.469215759,1.0,1.0,1.0,1.0,1.0,1.0,1.0,1.0,1.0],[0.0,0.0,0.0,0.0,0.0,0.0,0.0,0.0,0.0,0.0,0.4692155106,1.0,1.0,1.0,1.0,1.0,1.0,1.0,1.0,1.0],[0.0,0.0,0.0,0.0,0.5307843987,0.5307849958,0.0,0.321959871,0.530784241,0.5307844894,0.0,1.0,1.0,0.5307841917,1.0,1.0,1.0,1.0,1.0,1.0],[0.0,0.0,0.0,0.0,0.0,0.0,0.0,0.0,0.0,0.0,0.0,0.0,0.0,0.0,1.0,1.0,1.0,1.0,1.0,1.0],[0.0,0.0,0.0,0.0,0.0,0.0,0.0,0.0,0.0,0.0,0.0,1.0,0.0,0.0,1.0,1.0,1.0,1.0,1.0,1.0],[0.0,0.0,0.0,0.0,0.0,0.0,0.0,0.0,0.0,0.0,0.4692158083,1.0,1.0,0.0,1.0,1.0,1.0,1.0,1.0,1.0],[0.0,0.0,0.0,0.0,0.0,0.0,0.0,0.0,0.0,0.0,0.0,0.0,0.0,0.0,0.0,1.0,1.0,1.0,1.0,1.0],[0.0,0.0,0.0,0.0,0.0,0.0,0.0,0.0,0.0,0.0,0.0,0.0,0.0,0.0,0.0,0.0,1.0,1.0,1.0,1.0],[0.0,0.0,0.0,0.0,0.0,0.0,0.0,0.0,0.0,0.0,0.0,0.0,0.0,0.0,0.0,0.0,0.0,1.0,1.0,1.0],[0.0,0.0,0.0,0.0,0.0,0.0,0.0,0.0,0.0,0.0,0.0,0.0,0.0,0.0,0.0,0.0,0.0,0.0,0.0,0.4376927058],[0.0,0.0,0.0,0.0,0.0,0.0,0.0,0.0,0.0,0.0,0.0,0.0,0.0,0.0,0.0,0.0,0.0,1.0,0.0,0.5544998254],[0.0,0.0,0.0,0.0,0.0,0.0,0.0,0.0,0.0,0.0,0.0,0.0,0.0,0.0,0.0,0.0,0.0,0.5623072942,0.4455001746,0.0]],"outlier_solution":[0,3,1,6,2,10,7,4,8,5,9,13,12,11,14,15,16,18,17,19],"dataset_id":558,"source_dataset_id":605,"options":null,"D":{"0":{"0":0,"1":0,"2":0,"3":0,"4":0,"5":0,"6":0,"7":0,"8":0,"9":5,"10":0,"11":0,"12":2,"13":0,"14":0,"15":1,"16":0,"17":0,"18":0,"19":0},"1":{"0":0,"1":0,"2":0,"3":0,"4":1,"5":0,"6":0,"7":4,"8":0,"9":0,"10":3,"11":0,"12":0,"13":4,"14":0,"15":0,"16":0,"17":0,"18":0,"19":0},"2":{"0":5,"1":1,"2":0,"3":2,"4":0,"5":0,"6":0,"7":4,"8":0,"9":3,"10":3,"11":0,"12":0,"13":0,"14":2,"15":0,"16":0,"17":0,"18":0,"19":0},"3":{"0":5,"1":5,"2":1,"3":0,"4":0,"5":0,"6":0,"7":0,"8":0,"9":2,"10":5,"11":0,"12":0,"13":0,"14":0,"15":0,"16":0,"17":0,"18":0,"19":0},"4":{"0":5,"1":5,"2":5,"3":5,"4":0,"5":4,"6":0,"7":0,"8":0,"9":0,"10":0,"11":0,"12":5,"13":5,"14":1,"15":0,"16":1,"17":2,"18":0,"19":0},"5":{"0":1,"1":5,"2":5,"3":5,"4":5,"5":0,"6":0,"7":0,"8":4,"9":0,"10":0,"11":0,"12":0,"13":4,"14":4,"15":3,"16":0,"17":5,"18":0,"19":0},"6":{"0":5,"1":0,"2":5,"3":0,"4":3,"5":5,"6":0,"7":4,"8":0,"9":3,"10":0,"11":0,"12":0,"13":0,"14":0,"15":1,"16":0,"17":0,"18":4,"19":5},"7":{"0":5,"1":5,"2":4,"3":3,"4":5,"5":5,"6":5,"7":0,"8":0,"9":0,"10":0,"11":0,"12":0,"13":4,"14":3,"15":5,"16":3,"17":0,"18":0,"19":5},"8":{"0":5,"1":5,"2":5,"3":5,"4":0,"5":0,"6":5,"7":5,"8":0,"9":0,"10":0,"11":0,"12":0,"13":0,"14":0,"15":0,"16":4,"17":3,"18":3,"19":0},"9":{"0":5,"1":0,"2":5,"3":5,"4":5,"5":5,"6":5,"7":0,"8":5,"9":0,"10":0,"11":0,"12":5,"13":0,"14":0,"15":0,"16":0,"17":0,"18":0,"19":0},"10":{"0":5,"1":2,"2":2,"3":5,"4":1,"5":5,"6":5,"7":0,"8":5,"9":0,"10":0,"11":0,"12":0,"13":3,"14":0,"15":0,"16":0,"17":0,"18":0,"19":0},"11":{"0":5,"1":5,"2":4,"3":3,"4":5,"5":5,"6":5,"7":3,"8":5,"9":5,"10":0,"11":0,"12":2,"13":0,"14":0,"15":0,"16":0,"17":0,"18":0,"19":0},"12":{"0":4,"1":5,"2":5,"3":5,"4":1,"5":2,"6":5,"7":5,"8":4,"9":1,"10":5,"11":5,"12":0,"13":0,"14":0,"15":5,"16":0,"17":0,"18":0,"19":3},"13":{"0":5,"1":0,"2":1,"3":5,"4":0,"5":5,"6":5,"7":5,"8":5,"9":5,"10":0,"11":5,"12":0,"13":0,"14":0,"15":0,"16":0,"17":0,"18":0,"19":5},"14":{"0":4,"1":5,"2":3,"3":5,"4":1,"5":5,"6":5,"7":3,"8":5,"9":5,"10":3,"11":5,"12":5,"13":5,"14":0,"15":0,"16":1,"17":0,"18":0,"19":0},"15":{"0":4,"1":0,"2":5,"3":5,"4":5,"5":0,"6":5,"7":5,"8":5,"9":5,"10":5,"11":5,"12":5,"13":5,"14":2,"15":0,"16":0,"17":3,"18":0,"19":0},"16":{"0":5,"1":5,"2":1,"3":2,"4":5,"5":4,"6":4,"7":5,"8":5,"9":2,"10":5,"11":2,"12":5,"13":5,"14":3,"15":5,"16":0,"17":0,"18":0,"19":0},"17":{"0":5,"1":3,"2":5,"3":5,"4":5,"5":3,"6":5,"7":5,"8":5,"9":5,"10":5,"11":1,"12":5,"13":5,"14":5,"15":5,"16":0,"17":0,"18":2,"19":0},"18":{"0":5,"1":5,"2":2,"3":5,"4":1,"5":5,"6":5,"7":5,"8":0,"9":0,"10":0,"11":0,"12":5,"13":5,"14":5,"15":5,"16":5,"17":5,"18":0,"19":0},"19":{"0":5,"1":0,"2":5,"3":3,"4":5,"5":0,"6":5,"7":5,"8":5,"9":5,"10":5,"11":4,"12":3,"13":4,"14":0,"15":5,"16":5,"17":5,"18":5,"19":0}},"method":"hillside","closest_pair":[[0,3,1,6,2,7,10,4,8,5,9,13,12,11,14,15,16,18,19,17],[0,3,1,6,2,7,10,4,8,5,9,13,12,11,14,15,16,19,18,17]],"farthest_pair":[[0,3,1,6,2,7,4,8,5,9,13,10,12,11,14,15,16,18,17,19],[0,3,1,6,2,10,7,4,8,5,9,13,12,11,14,15,16,19,18,17]],"tau_farthest_pair":0.9157894737,"tau_closest_pair":0.9894736842,"centroid_solution":[0,3,1,6,2,7,10,4,8,5,9,13,12,11,14,15,16,18,19,17]}