{"solutions":[[13,19,16,17,12,14,18,15,11,10,9,5,6,7,8,4,3,0,2,1],[13,19,16,17,12,14,15,18,11,10,9,5,6,8,7,4,3,0,2,1],[13,19,16,17,12,14,15,18,11,10,9,5,6,7,8,4,3,0,2,1],[13,19,16,17,12,14,18,15,11,9,10,5,6,8,7,4,3,0,2,1],[13,19,16,17,12,14,15,18,11,10,9,5,8,6,7,4,3,0,2,1],[13,19,16,17,12,14,18,15,11,9,10,5,8,6,7,4,3,0,2,1],[13,19,16,17,12,14,15,18,11,9,10,5,8,6,7,4,3,0,2,1],[13,19,16,17,12,14,15,18,11,9,10,5,6,8,7,4,3,0,2,1],[13,19,16,17,12,14,18,15,11,9,10,5,6,7,8,4,3,0,2,1],[13,19,16,17,12,14,15,18,11,9,10,5,6,7,8,4,3,0,2,1],[13,19,16,17,12,14,18,15,11,10,9,5,6,8,7,4,3,0,2,1],[13,19,16,17,12,14,18,15,11,10,9,5,8,6,7,4,3,0,2,1]],"obj":1300.0,"max_tau_solutions":null,"centroid_x":[[0.0,1.0,1.0,0.0,0.0,0.0,0.0,0.0,0.0,0.0,0.0,0.0,0.0,0.0,0.0,0.0,0.0,0.0,0.0,0.0],[0.0,0.0,0.0,0.0,0.0,0.0,0.0,0.0,0.0,0.0,0.0,0.0,0.0,0.0,0.0,0.0,0.0,0.0,0.0,0.0],[0.0,1.0,0.0,0.0,0.0,0.0,0.0,0.0,0.0,0.0,0.0,0.0,0.0,0.0,0.0,0.0,0.0,0.0,0.0,0.0],[1.0,1.0,1.0,0.0,0.0,0.0,0.0,0.0,0.0,0.0,0.0,0.0,0.0,0.0,0.0,0.0,0.0,0.0,0.0,0.0],[1.0,1.0,1.0,1.0,0.0,0.0,0.0,0.0,0.0,0.0,0.0,0.0,0.0,0.0,0.0,0.0,0.0,0.0,0.0,0.0],[1.0,1.0,1.0,1.0,1.0,0.0,1.0,1.0,1.0,0.0,0.0,0.0,0.0,0.0,0.0,0.0,0.0,0.0,0.0,0.0],[1.0,1.0,1.0,1.0,1.0,0.0,0.0,1.0,0.3656757097,0.0,0.0,0.0,0.0,0.0,0.0,0.0,0.0,0.0,0.0,0.0],[1.0,1.0,1.0,1.0,1.0,0.0,0.0,0.0,0.2716706387,0.0,0.0,0.0,0.0,0.0,0.0,0.0,0.0,0.0,0.0,0.0],[1.0,1.0,1.0,1.0,1.0,0.0,0.6343242903,0.7283293613,0.0,0.0,0.0,0.0,0.0,0.0,0.0,0.0,0.0,0.0,0.0,0.0],[1.0,1.0,1.0,1.0,1.0,1.0,1.0,1.0,1.0,0.0,0.3408540095,0.0,0.0,0.0,0.0,0.0,0.0,0.0,0.0,0.0],[1.0,1.0,1.0,1.0,1.0,1.0,1.0,1.0,1.0,0.6591459905,0.0,0.0,0.0,0.0,0.0,0.0,0.0,0.0,0.0,0.0],[1.0,1.0,1.0,1.0,1.0,1.0,1.0,1.0,1.0,1.0,1.0,0.0,0.0,0.0,0.0,0.0,0.0,0.0,0.0,0.0],[1.0,1.0,1.0,1.0,1.0,1.0,1.0,1.0,1.0,1.0,1.0,1.0,0.0,0.0,1.0,1.0,0.0,0.0,1.0,0.0],[1.0,1.0,1.0,1.0,1.0,1.0,1.0,1.0,1.0,1.0,1.0,1.0,1.0,0.0,1.0,1.0,1.0,1.0,1.0,1.0],[1.0,1.0,1.0,1.0,1.0,1.0,1.0,1.0,1.0,1.0,1.0,1.0,0.0,0.0,0.0,1.0,0.0,0.0,1.0,0.0],[1.0,1.0,1.0,1.0,1.0,1.0,1.0,1.0,1.0,1.0,1.0,1.0,0.0,0.0,0.0,0.0,0.0,0.0,0.3542676832,0.0],[1.0,1.0,1.0,1.0,1.0,1.0,1.0,1.0,1.0,1.0,1.0,1.0,1.0,0.0,1.0,1.0,0.0,1.0,1.0,0.0],[1.0,1.0,1.0,1.0,1.0,1.0,1.0,1.0,1.0,1.0,1.0,1.0,1.0,0.0,1.0,1.0,0.0,0.0,1.0,0.0],[1.0,1.0,1.0,1.0,1.0,1.0,1.0,1.0,1.0,1.0,1.0,1.0,0.0,0.0,0.0,0.6457323168,0.0,0.0,0.0,0.0],[1.0,1.0,1.0,1.0,1.0,1.0,1.0,1.0,1.0,1.0,1.0,1.0,1.0,0.0,1.0,1.0,1.0,1.0,1.0,0.0]],"outlier_solution":[13,19,16,17,12,14,15,18,11,9,10,5,6,7,8,4,3,0,2,1],"dataset_id":561,"source_dataset_id":608,"options":null,"D":{"0":{"0":0,"1":0,"2":5,"3":5,"4":2,"5":5,"6":5,"7":4,"8":5,"9":4,"10":5,"11":5,"12":0,"13":4,"14":5,"15":4,"16":5,"17":1,"18":5,"19":5},"1":{"0":0,"1":0,"2":5,"3":5,"4":5,"5":5,"6":2,"7":5,"8":3,"9":5,"10":5,"11":5,"12":3,"13":5,"14":1,"15":0,"16":3,"17":5,"18":5,"19":5},"2":{"0":0,"1":0,"2":0,"3":2,"4":2,"5":5,"6":5,"7":5,"8":4,"9":5,"10":5,"11":5,"12":5,"13":4,"14":5,"15":5,"16":5,"17":5,"18":5,"19":2},"3":{"0":0,"1":3,"2":0,"3":0,"4":5,"5":5,"6":5,"7":5,"8":5,"9":4,"10":5,"11":5,"12":0,"13":2,"14":0,"15":0,"16":5,"17":2,"18":5,"19":0},"4":{"0":0,"1":0,"2":0,"3":1,"4":0,"5":5,"6":5,"7":2,"8":4,"9":0,"10":5,"11":5,"12":5,"13":5,"14":5,"15":5,"16":5,"17":1,"18":3,"19":5},"5":{"0":0,"1":0,"2":2,"3":0,"4":0,"5":0,"6":0,"7":0,"8":5,"9":5,"10":5,"11":5,"12":5,"13":5,"14":5,"15":5,"16":5,"17":5,"18":5,"19":5},"6":{"0":0,"1":0,"2":0,"3":0,"4":0,"5":0,"6":0,"7":5,"8":5,"9":5,"10":5,"11":5,"12":5,"13":5,"14":5,"15":2,"16":5,"17":5,"18":1,"19":5},"7":{"0":3,"1":0,"2":0,"3":1,"4":0,"5":5,"6":3,"7":0,"8":4,"9":5,"10":5,"11":5,"12":5,"13":5,"14":0,"15":4,"16":5,"17":5,"18":5,"19":4},"8":{"0":5,"1":4,"2":0,"3":0,"4":0,"5":0,"6":0,"7":4,"8":0,"9":5,"10":5,"11":5,"12":5,"13":5,"14":5,"15":5,"16":5,"17":5,"18":1,"19":3},"9":{"0":0,"1":4,"2":0,"3":0,"4":0,"5":0,"6":3,"7":0,"8":3,"9":0,"10":0,"11":0,"12":5,"13":0,"14":5,"15":0,"16":5,"17":5,"18":5,"19":5},"10":{"0":0,"1":0,"2":0,"3":0,"4":4,"5":5,"6":0,"7":4,"8":0,"9":5,"10":0,"11":4,"12":5,"13":5,"14":1,"15":5,"16":3,"17":3,"18":5,"19":5},"11":{"0":0,"1":0,"2":0,"3":0,"4":5,"5":4,"6":0,"7":0,"8":0,"9":0,"10":0,"11":0,"12":5,"13":5,"14":5,"15":2,"16":5,"17":1,"18":1,"19":4},"12":{"0":3,"1":0,"2":3,"3":0,"4":0,"5":0,"6":2,"7":0,"8":0,"9":0,"10":0,"11":0,"12":0,"13":5,"14":0,"15":0,"16":5,"17":2,"18":2,"19":0},"13":{"0":0,"1":0,"2":0,"3":0,"4":0,"5":0,"6":0,"7":0,"8":0,"9":0,"10":0,"11":0,"12":0,"13":0,"14":5,"15":5,"16":5,"17":0,"18":0,"19":0},"14":{"0":0,"1":0,"2":0,"3":0,"4":1,"5":0,"6":0,"7":0,"8":0,"9":4,"10":1,"11":0,"12":0,"13":0,"14":0,"15":5,"16":3,"17":5,"18":2,"19":3},"15":{"0":0,"1":0,"2":0,"3":0,"4":0,"5":0,"6":0,"7":0,"8":0,"9":0,"10":0,"11":3,"12":0,"13":0,"14":3,"15":0,"16":0,"17":5,"18":1,"19":5},"16":{"0":0,"1":0,"2":0,"3":0,"4":0,"5":4,"6":0,"7":0,"8":0,"9":0,"10":0,"11":0,"12":0,"13":5,"14":5,"15":0,"16":0,"17":5,"18":5,"19":5},"17":{"0":2,"1":0,"2":0,"3":0,"4":3,"5":0,"6":2,"7":2,"8":1,"9":0,"10":0,"11":0,"12":1,"13":0,"14":0,"15":0,"16":0,"17":0,"18":5,"19":0},"18":{"0":0,"1":4,"2":5,"3":0,"4":5,"5":5,"6":0,"7":3,"8":0,"9":0,"10":0,"11":0,"12":2,"13":0,"14":3,"15":0,"16":0,"17":4,"18":0,"19":5},"19":{"0":1,"1":0,"2":0,"3":0,"4":0,"5":0,"6":0,"7":0,"8":0,"9":0,"10":0,"11":2,"12":3,"13":0,"14":0,"15":0,"16":0,"17":2,"18":0,"19":0}},"method":"hillside","closest_pair":[[13,19,16,17,12,14,18,15,11,10,9,5,8,6,7,4,3,0,2,1],[13,19,16,17,12,14,18,15,11,10,9,5,6,8,7,4,3,0,2,1]],"farthest_pair":[[13,19,16,17,12,14,18,15,11,10,9,5,6,7,8,4,3,0,2,1],[13,19,16,17,12,14,15,18,11,9,10,5,8,6,7,4,3,0,2,1]],"tau_farthest_pair":0.9578947368,"tau_closest_pair":0.9894736842,"centroid_solution":[13,19,16,17,12,14,18,15,11,10,9,5,8,6,7,4,3,0,2,1]}