{"solutions":[[1,2,0,3,4,7,8,6,5,10,9,11,18,15,14,12,17,16,19,13],[1,2,0,3,4,8,7,6,5,10,9,11,18,15,14,12,17,16,19,13],[1,2,0,3,4,8,7,6,5,10,9,11,15,18,14,12,17,16,19,13],[1,2,0,3,4,7,8,6,5,10,9,11,15,18,14,12,17,16,19,13],[1,2,0,3,4,7,6,8,5,9,10,11,15,18,14,12,17,16,19,13],[1,2,0,3,4,7,8,6,5,9,10,11,15,18,14,12,17,16,19,13],[1,2,0,3,4,8,7,6,5,9,10,11,15,18,14,12,17,16,19,13],[1,2,0,3,4,7,6,8,5,10,9,11,18,15,14,12,17,16,19,13],[1,2,0,3,4,7,6,8,5,10,9,11,15,18,14,12,17,16,19,13],[1,2,0,3,4,8,7,6,5,9,10,11,18,15,14,12,17,16,19,13],[1,2,0,3,4,7,8,6,5,9,10,11,18,15,14,12,17,16,19,13],[1,2,0,3,4,7,6,8,5,9,10,11,18,15,14,12,17,16,19,13]],"obj":1300.0,"max_tau_solutions":null,"centroid_x":[[0.0,0.0,0.0,1.0,1.0,1.0,1.0,1.0,1.0,1.0,1.0,1.0,1.0,1.0,1.0,1.0,1.0,1.0,1.0,1.0],[1.0,0.0,1.0,1.0,1.0,1.0,1.0,1.0,1.0,1.0,1.0,1.0,1.0,1.0,1.0,1.0,1.0,1.0,1.0,1.0],[1.0,0.0,0.0,1.0,1.0,1.0,1.0,1.0,1.0,1.0,1.0,1.0,1.0,1.0,1.0,1.0,1.0,1.0,1.0,1.0],[0.0,0.0,0.0,0.0,1.0,1.0,1.0,1.0,1.0,1.0,1.0,1.0,1.0,1.0,1.0,1.0,1.0,1.0,1.0,1.0],[0.0,0.0,0.0,0.0,0.0,1.0,1.0,1.0,1.0,1.0,1.0,1.0,1.0,1.0,1.0,1.0,1.0,1.0,1.0,1.0],[0.0,0.0,0.0,0.0,0.0,0.0,0.0,0.0,0.0,1.0,1.0,1.0,1.0,1.0,1.0,1.0,1.0,1.0,1.0,1.0],[0.0,0.0,0.0,0.0,0.0,1.0,0.0,0.0,0.4282542839,1.0,1.0,1.0,1.0,1.0,1.0,1.0,1.0,1.0,1.0,1.0],[0.0,0.0,0.0,0.0,0.0,1.0,1.0,0.0,0.5687941463,1.0,1.0,1.0,1.0,1.0,1.0,1.0,1.0,1.0,1.0,1.0],[0.0,0.0,0.0,0.0,0.0,1.0,0.5717457161,0.4312058537,0.0,1.0,1.0,1.0,1.0,1.0,1.0,1.0,1.0,1.0,1.0,1.0],[0.0,0.0,0.0,0.0,0.0,0.0,0.0,0.0,0.0,0.0,0.4997280057,1.0,1.0,1.0,1.0,1.0,1.0,1.0,1.0,1.0],[0.0,0.0,0.0,0.0,0.0,0.0,0.0,0.0,0.0,0.5002719943,0.0,1.0,1.0,1.0,1.0,1.0,1.0,1.0,1.0,1.0],[0.0,0.0,0.0,0.0,0.0,0.0,0.0,0.0,0.0,0.0,0.0,0.0,1.0,1.0,1.0,1.0,1.0,1.0,1.0,1.0],[0.0,0.0,0.0,0.0,0.0,0.0,0.0,0.0,0.0,0.0,0.0,0.0,0.0,1.0,0.0,0.0,1.0,1.0,0.0,1.0],[0.0,0.0,0.0,0.0,0.0,0.0,0.0,0.0,0.0,0.0,0.0,0.0,0.0,0.0,0.0,0.0,0.0,0.0,0.0,0.0],[0.0,0.0,0.0,0.0,0.0,0.0,0.0,0.0,0.0,0.0,0.0,0.0,1.0,1.0,0.0,0.0,1.0,1.0,0.0,1.0],[0.0,0.0,0.0,0.0,0.0,0.0,0.0,0.0,0.0,0.0,0.0,0.0,1.0,1.0,1.0,0.0,1.0,1.0,0.506342909,1.0],[0.0,0.0,0.0,0.0,0.0,0.0,0.0,0.0,0.0,0.0,0.0,0.0,0.0,1.0,0.0,0.0,0.0,0.0,0.0,1.0],[0.0,0.0,0.0,0.0,0.0,0.0,0.0,0.0,0.0,0.0,0.0,0.0,0.0,1.0,0.0,0.0,1.0,0.0,0.0,1.0],[0.0,0.0,0.0,0.0,0.0,0.0,0.0,0.0,0.0,0.0,0.0,0.0,1.0,1.0,1.0,0.493657091,1.0,1.0,0.0,1.0],[0.0,0.0,0.0,0.0,0.0,0.0,0.0,0.0,0.0,0.0,0.0,0.0,0.0,1.0,0.0,0.0,0.0,0.0,0.0,0.0]],"outlier_solution":[1,2,0,3,4,7,6,8,5,9,10,11,18,15,14,12,17,16,19,13],"dataset_id":561,"source_dataset_id":608,"options":null,"D":{"0":{"0":0,"1":0,"2":0,"3":0,"4":0,"5":0,"6":0,"7":3,"8":5,"9":0,"10":0,"11":0,"12":3,"13":0,"14":0,"15":0,"16":0,"17":2,"18":0,"19":1},"1":{"0":0,"1":0,"2":0,"3":3,"4":0,"5":0,"6":0,"7":0,"8":4,"9":4,"10":0,"11":0,"12":0,"13":0,"14":0,"15":0,"16":0,"17":0,"18":4,"19":0},"2":{"0":5,"1":5,"2":0,"3":0,"4":0,"5":2,"6":0,"7":0,"8":0,"9":0,"10":0,"11":0,"12":3,"13":0,"14":0,"15":0,"16":0,"17":0,"18":5,"19":0},"3":{"0":5,"1":5,"2":2,"3":0,"4":1,"5":0,"6":0,"7":1,"8":0,"9":0,"10":0,"11":0,"12":0,"13":0,"14":0,"15":0,"16":0,"17":0,"18":0,"19":0},"4":{"0":2,"1":5,"2":2,"3":5,"4":0,"5":0,"6":0,"7":0,"8":0,"9":0,"10":4,"11":5,"12":0,"13":0,"14":1,"15":0,"16":0,"17":3,"18":5,"19":0},"5":{"0":5,"1":5,"2":5,"3":5,"4":5,"5":0,"6":0,"7":5,"8":0,"9":0,"10":5,"11":4,"12":0,"13":0,"14":0,"15":0,"16":4,"17":0,"18":5,"19":0},"6":{"0":5,"1":2,"2":5,"3":5,"4":5,"5":0,"6":0,"7":3,"8":0,"9":3,"10":0,"11":0,"12":2,"13":0,"14":0,"15":0,"16":0,"17":2,"18":0,"19":0},"7":{"0":4,"1":5,"2":5,"3":5,"4":2,"5":0,"6":5,"7":0,"8":4,"9":0,"10":4,"11":0,"12":0,"13":0,"14":0,"15":0,"16":0,"17":2,"18":3,"19":0},"8":{"0":5,"1":3,"2":4,"3":5,"4":4,"5":5,"6":5,"7":4,"8":0,"9":3,"10":0,"11":0,"12":0,"13":0,"14":0,"15":0,"16":0,"17":1,"18":0,"19":0},"9":{"0":4,"1":5,"2":5,"3":4,"4":0,"5":5,"6":5,"7":5,"8":5,"9":0,"10":5,"11":0,"12":0,"13":0,"14":4,"15":0,"16":0,"17":0,"18":0,"19":0},"10":{"0":5,"1":5,"2":5,"3":5,"4":5,"5":5,"6":5,"7":5,"8":5,"9":0,"10":0,"11":0,"12":0,"13":0,"14":1,"15":0,"16":0,"17":0,"18":0,"19":0},"11":{"0":5,"1":5,"2":5,"3":5,"4":5,"5":5,"6":5,"7":5,"8":5,"9":0,"10":4,"11":0,"12":0,"13":0,"14":0,"15":3,"16":0,"17":0,"18":0,"19":2},"12":{"0":0,"1":3,"2":5,"3":0,"4":5,"5":5,"6":5,"7":5,"8":5,"9":5,"10":5,"11":5,"12":0,"13":0,"14":0,"15":0,"16":0,"17":1,"18":2,"19":3},"13":{"0":4,"1":5,"2":4,"3":2,"4":5,"5":5,"6":5,"7":5,"8":5,"9":0,"10":5,"11":5,"12":5,"13":0,"14":0,"15":0,"16":5,"17":0,"18":0,"19":0},"14":{"0":5,"1":1,"2":5,"3":0,"4":5,"5":5,"6":5,"7":0,"8":5,"9":5,"10":1,"11":5,"12":0,"13":5,"14":0,"15":3,"16":5,"17":0,"18":3,"19":0},"15":{"0":4,"1":0,"2":5,"3":0,"4":5,"5":5,"6":2,"7":4,"8":5,"9":0,"10":5,"11":2,"12":0,"13":5,"14":5,"15":0,"16":0,"17":0,"18":0,"19":0},"16":{"0":5,"1":3,"2":5,"3":5,"4":5,"5":5,"6":5,"7":5,"8":5,"9":5,"10":3,"11":5,"12":5,"13":5,"14":3,"15":0,"16":0,"17":0,"18":0,"19":0},"17":{"0":1,"1":5,"2":5,"3":2,"4":1,"5":5,"6":5,"7":5,"8":5,"9":5,"10":3,"11":1,"12":2,"13":0,"14":5,"15":5,"16":5,"17":0,"18":4,"19":2},"18":{"0":5,"1":5,"2":5,"3":5,"4":3,"5":5,"6":1,"7":5,"8":1,"9":5,"10":5,"11":1,"12":2,"13":0,"14":2,"15":1,"16":5,"17":5,"18":0,"19":0},"19":{"0":5,"1":5,"2":2,"3":0,"4":5,"5":5,"6":5,"7":4,"8":3,"9":5,"10":5,"11":4,"12":0,"13":0,"14":3,"15":5,"16":5,"17":0,"18":5,"19":0}},"method":"hillside","closest_pair":[[1,2,0,3,4,7,8,6,5,10,9,11,18,15,14,12,17,16,19,13],[1,2,0,3,4,7,6,8,5,10,9,11,18,15,14,12,17,16,19,13]],"farthest_pair":[[1,2,0,3,4,7,6,8,5,10,9,11,18,15,14,12,17,16,19,13],[1,2,0,3,4,8,7,6,5,9,10,11,15,18,14,12,17,16,19,13]],"centroid_solution":[1,2,0,3,4,7,8,6,5,10,9,11,15,18,14,12,17,16,19,13]}