{"solutions":[[18,19,17,12,11,14,16,13,15,8,9,10,5,7,6,4,2,3,1,0],[18,19,17,12,14,16,11,13,15,8,9,10,5,6,7,4,2,3,1,0],[18,19,17,12,16,14,11,13,15,8,9,10,5,6,7,4,2,3,1,0],[18,19,17,12,16,11,14,13,15,8,9,10,5,6,7,4,2,3,1,0],[18,19,17,12,11,16,14,13,15,8,9,10,5,7,6,4,2,3,1,0],[18,19,17,12,16,11,14,13,15,8,9,10,5,7,6,4,2,3,1,0],[18,19,17,12,11,16,14,13,15,8,9,10,5,6,7,4,2,3,1,0],[18,19,17,12,11,14,16,13,15,8,9,10,5,6,7,4,2,3,1,0],[18,19,17,12,14,16,11,13,15,8,9,10,5,7,6,4,2,3,1,0],[18,19,17,12,14,11,16,13,15,8,9,10,5,7,6,4,2,3,1,0],[18,19,17,12,16,14,11,13,15,8,9,10,5,7,6,4,2,3,1,0],[18,19,17,12,14,11,16,13,15,8,9,10,5,6,7,4,2,3,1,0]],"obj":1430.0,"max_tau_solutions":null,"centroid_x":[[0.0,0.0,0.0,0.0,0.0,0.0,0.0,0.0,0.0,0.0,0.0,0.0,0.0,0.0,0.0,0.0,0.0,0.0,0.0,0.0],[1.0,0.0,0.0,0.0,0.0,0.0,0.0,0.0,0.0,0.0,0.0,0.0,0.0,0.0,0.0,0.0,0.0,0.0,0.0,0.0],[1.0,1.0,0.0,1.0,0.0,0.0,0.0,0.0,0.0,0.0,0.0,0.0,0.0,0.0,0.0,0.0,0.0,0.0,0.0,0.0],[1.0,1.0,0.0,0.0,0.0,0.0,0.0,0.0,0.0,0.0,0.0,0.0,0.0,0.0,0.0,0.0,0.0,0.0,0.0,0.0],[1.0,1.0,1.0,1.0,0.0,0.0,0.0,0.0,0.0,0.0,0.0,0.0,0.0,0.0,0.0,0.0,0.0,0.0,0.0,0.0],[1.0,1.0,1.0,1.0,1.0,0.0,1.0,1.0,0.0,0.0,0.0,0.0,0.0,0.0,0.0,0.0,0.0,0.0,0.0,0.0],[1.0,1.0,1.0,1.0,1.0,0.0,0.0,0.3319202668,0.0,0.0,0.0,0.0,0.0,0.0,0.0,0.0,0.0,0.0,0.0,0.0],[1.0,1.0,1.0,1.0,1.0,0.0,0.6680797332,0.0,0.0,0.0,0.0,0.0,0.0,0.0,0.0,0.0,0.0,0.0,0.0,0.0],[1.0,1.0,1.0,1.0,1.0,1.0,1.0,1.0,0.0,1.0,1.0,0.0,0.0,0.0,0.0,0.0,0.0,0.0,0.0,0.0],[1.0,1.0,1.0,1.0,1.0,1.0,1.0,1.0,0.0,0.0,1.0,0.0,0.0,0.0,0.0,0.0,0.0,0.0,0.0,0.0],[1.0,1.0,1.0,1.0,1.0,1.0,1.0,1.0,0.0,0.0,0.0,0.0,0.0,0.0,0.0,0.0,0.0,0.0,0.0,0.0],[1.0,1.0,1.0,1.0,1.0,1.0,1.0,1.0,1.0,1.0,1.0,0.0,0.0,1.0,0.3973886423,1.0,0.4710515603,0.0,0.0,0.0],[1.0,1.0,1.0,1.0,1.0,1.0,1.0,1.0,1.0,1.0,1.0,1.0,0.0,1.0,1.0,1.0,1.0,0.0,0.0,0.0],[1.0,1.0,1.0,1.0,1.0,1.0,1.0,1.0,1.0,1.0,1.0,0.0,0.0,0.0,0.0,1.0,0.0,0.0,0.0,0.0],[1.0,1.0,1.0,1.0,1.0,1.0,1.0,1.0,1.0,1.0,1.0,0.6026113577,0.0,1.0,0.0,1.0,0.3591055335,0.0,0.0,0.0],[1.0,1.0,1.0,1.0,1.0,1.0,1.0,1.0,1.0,1.0,1.0,0.0,0.0,0.0,0.0,0.0,0.0,0.0,0.0,0.0],[1.0,1.0,1.0,1.0,1.0,1.0,1.0,1.0,1.0,1.0,1.0,0.5289484397,0.0,1.0,0.6408944665,1.0,0.0,0.0,0.0,0.0],[1.0,1.0,1.0,1.0,1.0,1.0,1.0,1.0,1.0,1.0,1.0,1.0,1.0,1.0,1.0,1.0,1.0,0.0,0.0,0.0],[1.0,1.0,1.0,1.0,1.0,1.0,1.0,1.0,1.0,1.0,1.0,1.0,1.0,1.0,1.0,1.0,1.0,1.0,0.0,1.0],[1.0,1.0,1.0,1.0,1.0,1.0,1.0,1.0,1.0,1.0,1.0,1.0,1.0,1.0,1.0,1.0,1.0,1.0,0.0,0.0]],"outlier_solution":[18,19,17,12,11,14,16,13,15,8,9,10,5,6,7,4,2,3,1,0],"dataset_id":563,"source_dataset_id":610,"options":null,"D":{"0":{"0":0,"1":5,"2":5,"3":1,"4":5,"5":5,"6":5,"7":5,"8":5,"9":5,"10":5,"11":1,"12":5,"13":5,"14":0,"15":2,"16":5,"17":1,"18":5,"19":5},"1":{"0":4,"1":0,"2":5,"3":3,"4":5,"5":5,"6":5,"7":5,"8":5,"9":0,"10":5,"11":5,"12":2,"13":5,"14":5,"15":1,"16":2,"17":5,"18":0,"19":3},"2":{"0":1,"1":2,"2":0,"3":5,"4":4,"5":5,"6":5,"7":0,"8":5,"9":5,"10":5,"11":5,"12":5,"13":0,"14":0,"15":3,"16":5,"17":4,"18":5,"19":5},"3":{"0":3,"1":4,"2":0,"3":0,"4":0,"5":4,"6":1,"7":0,"8":5,"9":5,"10":0,"11":5,"12":5,"13":2,"14":5,"15":1,"16":5,"17":5,"18":5,"19":2},"4":{"0":1,"1":0,"2":3,"3":0,"4":0,"5":0,"6":3,"7":0,"8":1,"9":5,"10":5,"11":5,"12":5,"13":3,"14":3,"15":5,"16":5,"17":2,"18":5,"19":1},"5":{"0":0,"1":0,"2":0,"3":0,"4":1,"5":0,"6":4,"7":5,"8":5,"9":5,"10":0,"11":0,"12":5,"13":5,"14":5,"15":4,"16":5,"17":0,"18":5,"19":5},"6":{"0":0,"1":0,"2":4,"3":0,"4":2,"5":5,"6":0,"7":5,"8":5,"9":5,"10":4,"11":5,"12":5,"13":5,"14":3,"15":0,"16":1,"17":5,"18":5,"19":0},"7":{"0":0,"1":0,"2":3,"3":0,"4":0,"5":5,"6":0,"7":0,"8":5,"9":0,"10":5,"11":0,"12":4,"13":5,"14":5,"15":5,"16":5,"17":5,"18":5,"19":5},"8":{"0":0,"1":0,"2":2,"3":1,"4":0,"5":0,"6":0,"7":0,"8":0,"9":5,"10":0,"11":5,"12":5,"13":5,"14":0,"15":5,"16":5,"17":3,"18":0,"19":5},"9":{"0":2,"1":0,"2":0,"3":1,"4":1,"5":0,"6":0,"7":0,"8":0,"9":0,"10":5,"11":5,"12":4,"13":5,"14":5,"15":5,"16":5,"17":3,"18":5,"19":4},"10":{"0":0,"1":0,"2":0,"3":0,"4":0,"5":1,"6":0,"7":3,"8":3,"9":0,"10":0,"11":3,"12":4,"13":5,"14":5,"15":5,"16":0,"17":5,"18":5,"19":2},"11":{"0":0,"1":0,"2":0,"3":0,"4":0,"5":0,"6":0,"7":0,"8":0,"9":1,"10":0,"11":0,"12":5,"13":5,"14":5,"15":0,"16":0,"17":5,"18":5,"19":5},"12":{"0":0,"1":0,"2":3,"3":0,"4":0,"5":2,"6":3,"7":0,"8":0,"9":0,"10":0,"11":0,"12":0,"13":0,"14":0,"15":5,"16":5,"17":5,"18":5,"19":0},"13":{"0":0,"1":1,"2":0,"3":3,"4":0,"5":0,"6":3,"7":0,"8":0,"9":0,"10":0,"11":3,"12":5,"13":0,"14":5,"15":5,"16":0,"17":5,"18":5,"19":5},"14":{"0":3,"1":3,"2":0,"3":0,"4":0,"5":0,"6":0,"7":2,"8":0,"9":0,"10":0,"11":4,"12":0,"13":0,"14":0,"15":5,"16":5,"17":0,"18":1,"19":0},"15":{"0":2,"1":0,"2":1,"3":0,"4":5,"5":0,"6":0,"7":0,"8":0,"9":0,"10":0,"11":0,"12":0,"13":1,"14":5,"15":0,"16":5,"17":5,"18":5,"19":5},"16":{"0":0,"1":1,"2":5,"3":5,"4":0,"5":0,"6":2,"7":2,"8":0,"9":5,"10":0,"11":0,"12":0,"13":0,"14":0,"15":0,"16":0,"17":5,"18":5,"19":4},"17":{"0":0,"1":0,"2":1,"3":0,"4":0,"5":0,"6":0,"7":0,"8":5,"9":1,"10":0,"11":0,"12":3,"13":0,"14":0,"15":0,"16":0,"17":0,"18":3,"19":5},"18":{"0":0,"1":0,"2":0,"3":0,"4":0,"5":0,"6":0,"7":0,"8":0,"9":0,"10":0,"11":4,"12":0,"13":0,"14":0,"15":0,"16":0,"17":3,"18":0,"19":5},"19":{"0":0,"1":0,"2":0,"3":0,"4":0,"5":1,"6":0,"7":0,"8":3,"9":0,"10":0,"11":0,"12":2,"13":1,"14":0,"15":0,"16":3,"17":5,"18":0,"19":0}},"method":"hillside","closest_pair":[[18,19,17,12,14,16,11,13,15,8,9,10,5,7,6,4,2,3,1,0],[18,19,17,12,14,11,16,13,15,8,9,10,5,7,6,4,2,3,1,0]],"farthest_pair":[[18,19,17,12,11,14,16,13,15,8,9,10,5,7,6,4,2,3,1,0],[18,19,17,12,16,14,11,13,15,8,9,10,5,6,7,4,2,3,1,0]],"tau_farthest_pair":0.9578947368,"tau_closest_pair":0.9894736842,"centroid_solution":[18,19,17,12,16,14,11,13,15,8,9,10,5,7,6,4,2,3,1,0]}