{"solutions":[[0,1,2,3,4,6,7,10,5,9,8,14,13,12,11,18,17,15,16,19],[0,1,2,3,4,6,7,5,10,9,8,14,13,12,11,17,18,15,16,19],[0,1,2,3,4,6,7,5,10,9,8,14,13,12,11,17,15,16,18,19],[0,1,2,3,4,6,7,5,10,9,8,14,13,12,11,18,17,15,16,19],[0,1,2,3,4,6,7,10,5,9,8,14,13,12,11,17,15,16,18,19],[0,1,2,3,4,6,7,5,10,9,8,14,13,12,11,17,16,18,15,19],[0,1,2,3,4,6,7,10,5,9,8,14,13,12,11,17,18,15,16,19],[0,1,2,3,4,6,7,10,5,9,8,14,13,12,11,17,16,18,15,19]],"obj":1531.0,"max_tau_solutions":null,"centroid_x":[[0.0,1.0,1.0,1.0,1.0,1.0,1.0,1.0,1.0,1.0,1.0,1.0,1.0,1.0,1.0,1.0,1.0,1.0,1.0,1.0],[0.0,0.0,1.0,1.0,1.0,1.0,1.0,1.0,1.0,1.0,1.0,1.0,1.0,1.0,1.0,1.0,1.0,1.0,1.0,1.0],[0.0,0.0,0.0,1.0,1.0,1.0,1.0,1.0,1.0,1.0,1.0,1.0,1.0,1.0,1.0,1.0,1.0,1.0,1.0,1.0],[0.0,0.0,0.0,0.0,1.0,1.0,1.0,1.0,1.0,1.0,1.0,1.0,1.0,1.0,1.0,1.0,1.0,1.0,1.0,1.0],[0.0,0.0,0.0,0.0,0.0,1.0,1.0,1.0,1.0,1.0,1.0,1.0,1.0,1.0,1.0,1.0,1.0,1.0,1.0,1.0],[0.0,0.0,0.0,0.0,0.0,0.0,0.0,0.0,1.0,1.0,0.5023627807,1.0,1.0,1.0,1.0,1.0,1.0,1.0,1.0,1.0],[0.0,0.0,0.0,0.0,0.0,1.0,0.0,1.0,1.0,1.0,1.0,1.0,1.0,1.0,1.0,1.0,1.0,1.0,1.0,1.0],[0.0,0.0,0.0,0.0,0.0,1.0,0.0,0.0,1.0,1.0,1.0,1.0,1.0,1.0,1.0,1.0,1.0,1.0,1.0,1.0],[0.0,0.0,0.0,0.0,0.0,0.0,0.0,0.0,0.0,0.0,0.0,1.0,1.0,1.0,1.0,1.0,1.0,1.0,1.0,1.0],[0.0,0.0,0.0,0.0,0.0,0.0,0.0,0.0,1.0,0.0,0.0,1.0,1.0,1.0,1.0,1.0,1.0,1.0,1.0,1.0],[0.0,0.0,0.0,0.0,0.0,0.4976372193,0.0,0.0,1.0,1.0,0.0,1.0,1.0,1.0,1.0,1.0,1.0,1.0,1.0,1.0],[0.0,0.0,0.0,0.0,0.0,0.0,0.0,0.0,0.0,0.0,0.0,0.0,0.0,0.0,0.0,1.0,1.0,1.0,1.0,1.0],[0.0,0.0,0.0,0.0,0.0,0.0,0.0,0.0,0.0,0.0,0.0,1.0,0.0,0.0,0.0,1.0,1.0,1.0,1.0,1.0],[0.0,0.0,0.0,0.0,0.0,0.0,0.0,0.0,0.0,0.0,0.0,1.0,1.0,0.0,0.0,1.0,1.0,1.0,1.0,1.0],[0.0,0.0,0.0,0.0,0.0,0.0,0.0,0.0,0.0,0.0,0.0,1.0,1.0,1.0,0.0,1.0,1.0,1.0,1.0,1.0],[0.0,0.0,0.0,0.0,0.0,0.0,0.0,0.0,0.0,0.0,0.0,0.0,0.0,0.0,0.0,0.0,0.6960051821,0.0,0.3125342383,1.0],[0.0,0.0,0.0,0.0,0.0,0.0,0.0,0.0,0.0,0.0,0.0,0.0,0.0,0.0,0.0,0.3039948179,0.0,0.0,0.6165290524,1.0],[0.0,0.0,0.0,0.0,0.0,0.0,0.0,0.0,0.0,0.0,0.0,0.0,0.0,0.0,0.0,1.0,1.0,0.0,0.6773609755,1.0],[0.0,0.0,0.0,0.0,0.0,0.0,0.0,0.0,0.0,0.0,0.0,0.0,0.0,0.0,0.0,0.6874657617,0.3834709476,0.3226390245,0.0,1.0],[0.0,0.0,0.0,0.0,0.0,0.0,0.0,0.0,0.0,0.0,0.0,0.0,0.0,0.0,0.0,0.0,0.0,0.0,0.0,0.0]],"outlier_solution":[0,1,2,3,4,6,7,10,5,9,8,14,13,12,11,18,17,15,16,19],"dataset_id":565,"source_dataset_id":612,"options":null,"D":{"0":{"0":0,"1":0,"2":0,"3":0,"4":4,"5":0,"6":0,"7":0,"8":0,"9":0,"10":0,"11":0,"12":0,"13":0,"14":4,"15":0,"16":0,"17":3,"18":0,"19":0},"1":{"0":5,"1":0,"2":0,"3":0,"4":5,"5":0,"6":0,"7":1,"8":0,"9":0,"10":0,"11":0,"12":0,"13":0,"14":5,"15":0,"16":0,"17":0,"18":4,"19":0},"2":{"0":5,"1":5,"2":0,"3":0,"4":0,"5":4,"6":0,"7":0,"8":0,"9":5,"10":0,"11":0,"12":4,"13":0,"14":0,"15":2,"16":0,"17":0,"18":4,"19":0},"3":{"0":5,"1":5,"2":4,"3":0,"4":0,"5":1,"6":0,"7":0,"8":0,"9":0,"10":0,"11":3,"12":2,"13":0,"14":1,"15":2,"16":0,"17":0,"18":5,"19":3},"4":{"0":5,"1":5,"2":3,"3":2,"4":0,"5":3,"6":0,"7":0,"8":0,"9":0,"10":0,"11":2,"12":0,"13":3,"14":2,"15":0,"16":2,"17":0,"18":4,"19":0},"5":{"0":5,"1":5,"2":0,"3":5,"4":5,"5":0,"6":0,"7":2,"8":0,"9":0,"10":0,"11":1,"12":4,"13":0,"14":0,"15":0,"16":0,"17":3,"18":0,"19":2},"6":{"0":3,"1":4,"2":5,"3":4,"4":0,"5":0,"6":0,"7":0,"8":3,"9":1,"10":4,"11":0,"12":0,"13":5,"14":0,"15":0,"16":0,"17":0,"18":0,"19":0},"7":{"0":5,"1":5,"2":0,"3":5,"4":4,"5":4,"6":5,"7":0,"8":0,"9":0,"10":0,"11":1,"12":0,"13":3,"14":0,"15":0,"16":0,"17":0,"18":0,"19":0},"8":{"0":5,"1":5,"2":5,"3":0,"4":4,"5":5,"6":5,"7":2,"8":0,"9":0,"10":0,"11":5,"12":0,"13":0,"14":0,"15":0,"16":0,"17":0,"18":3,"19":0},"9":{"0":5,"1":0,"2":5,"3":5,"4":0,"5":4,"6":5,"7":5,"8":3,"9":0,"10":4,"11":0,"12":0,"13":1,"14":2,"15":0,"16":0,"17":3,"18":0,"19":0},"10":{"0":5,"1":0,"2":5,"3":5,"4":5,"5":5,"6":5,"7":1,"8":5,"9":5,"10":0,"11":0,"12":4,"13":0,"14":0,"15":0,"16":0,"17":0,"18":0,"19":0},"11":{"0":5,"1":5,"2":5,"3":5,"4":5,"5":0,"6":0,"7":5,"8":1,"9":2,"10":5,"11":0,"12":0,"13":0,"14":0,"15":5,"16":0,"17":0,"18":4,"19":0},"12":{"0":5,"1":2,"2":5,"3":0,"4":0,"5":5,"6":5,"7":5,"8":0,"9":5,"10":1,"11":5,"12":0,"13":0,"14":2,"15":0,"16":4,"17":3,"18":0,"19":0},"13":{"0":3,"1":5,"2":2,"3":4,"4":3,"5":0,"6":1,"7":0,"8":5,"9":5,"10":5,"11":5,"12":5,"13":0,"14":0,"15":0,"16":0,"17":2,"18":0,"19":0},"14":{"0":0,"1":0,"2":5,"3":5,"4":5,"5":3,"6":0,"7":5,"8":5,"9":1,"10":5,"11":0,"12":4,"13":5,"14":0,"15":0,"16":0,"17":0,"18":5,"19":0},"15":{"0":5,"1":5,"2":0,"3":5,"4":5,"5":5,"6":5,"7":5,"8":0,"9":5,"10":5,"11":1,"12":3,"13":5,"14":5,"15":0,"16":0,"17":0,"18":0,"19":0},"16":{"0":5,"1":1,"2":5,"3":5,"4":5,"5":0,"6":0,"7":5,"8":5,"9":0,"10":5,"11":0,"12":5,"13":0,"14":1,"15":3,"16":0,"17":1,"18":0,"19":5},"17":{"0":5,"1":5,"2":5,"3":4,"4":1,"5":1,"6":5,"7":5,"8":1,"9":5,"10":5,"11":0,"12":0,"13":0,"14":5,"15":5,"16":5,"17":0,"18":2,"19":0},"18":{"0":5,"1":5,"2":5,"3":5,"4":5,"5":2,"6":0,"7":0,"8":0,"9":5,"10":5,"11":5,"12":5,"13":4,"14":3,"15":4,"16":5,"17":5,"18":0,"19":0},"19":{"0":0,"1":1,"2":5,"3":5,"4":5,"5":5,"6":3,"7":1,"8":0,"9":5,"10":5,"11":0,"12":5,"13":5,"14":5,"15":5,"16":0,"17":5,"18":5,"19":0}},"method":"hillside","closest_pair":[[0,1,2,3,4,6,7,10,5,9,8,14,13,12,11,17,18,15,16,19],[0,1,2,3,4,6,7,10,5,9,8,14,13,12,11,18,17,15,16,19]],"farthest_pair":[[0,1,2,3,4,6,7,10,5,9,8,14,13,12,11,17,15,16,18,19],[0,1,2,3,4,6,7,5,10,9,8,14,13,12,11,18,17,15,16,19]],"tau_farthest_pair":0.9578947368,"tau_closest_pair":0.9894736842,"centroid_solution":[0,1,2,3,4,6,7,5,10,9,8,14,13,12,11,17,18,15,16,19]}