{"solutions":[[19,18,15,16,12,17,13,14,9,8,6,11,10,7,5,1,4,3,0,2],[19,18,15,16,12,17,13,14,9,8,6,11,10,7,5,4,1,3,0,2],[19,18,15,12,17,16,13,14,9,8,6,10,11,7,5,1,4,3,0,2],[19,18,15,12,16,17,13,14,9,8,6,11,10,7,5,1,4,3,0,2],[19,18,15,12,16,17,13,14,9,8,6,11,10,7,5,4,1,3,0,2],[19,18,15,12,16,17,13,14,9,8,6,10,11,7,5,4,1,3,0,2],[19,18,15,16,12,17,13,14,9,8,6,10,11,7,5,1,4,3,0,2],[19,18,15,16,12,17,13,14,9,8,6,10,11,7,5,4,1,3,0,2],[19,18,15,12,17,16,13,14,9,8,6,11,10,7,5,4,1,3,0,2],[19,18,15,12,16,17,13,14,9,8,6,10,11,7,5,1,4,3,0,2],[19,18,15,12,17,16,13,14,9,8,6,11,10,7,5,1,4,3,0,2],[19,18,15,12,17,16,13,14,9,8,6,10,11,7,5,4,1,3,0,2]],"obj":1261.0,"max_tau_solutions":null,"centroid_x":[[0.0,0.0,1.0,0.0,0.0,0.0,0.0,0.0,0.0,0.0,0.0,0.0,0.0,0.0,0.0,0.0,0.0,0.0,0.0,0.0],[1.0,0.0,1.0,1.0,0.3526866166,0.0,0.0,0.0,0.0,0.0,0.0,0.0,0.0,0.0,0.0,0.0,0.0,0.0,0.0,0.0],[0.0,0.0,0.0,0.0,0.0,0.0,0.0,0.0,0.0,0.0,0.0,0.0,0.0,0.0,0.0,0.0,0.0,0.0,0.0,0.0],[1.0,0.0,1.0,0.0,0.0,0.0,0.0,0.0,0.0,0.0,0.0,0.0,0.0,0.0,0.0,0.0,0.0,0.0,0.0,0.0],[1.0,0.6473133834,1.0,1.0,0.0,0.0,0.0,0.0,0.0,0.0,0.0,0.0,0.0,0.0,0.0,0.0,0.0,0.0,0.0,0.0],[1.0,1.0,1.0,1.0,1.0,0.0,0.0,0.0,0.0,0.0,0.0,0.0,0.0,0.0,0.0,0.0,0.0,0.0,0.0,0.0],[1.0,1.0,1.0,1.0,1.0,1.0,0.0,1.0,0.0,0.0,1.0,1.0,0.0,0.0,0.0,0.0,0.0,0.0,0.0,0.0],[1.0,1.0,1.0,1.0,1.0,1.0,0.0,0.0,0.0,0.0,0.0,0.0,0.0,0.0,0.0,0.0,0.0,0.0,0.0,0.0],[1.0,1.0,1.0,1.0,1.0,1.0,1.0,1.0,0.0,0.0,1.0,1.0,0.0,0.0,0.0,0.0,0.0,0.0,0.0,0.0],[1.0,1.0,1.0,1.0,1.0,1.0,1.0,1.0,1.0,0.0,1.0,1.0,0.0,0.0,0.0,0.0,0.0,0.0,0.0,0.0],[1.0,1.0,1.0,1.0,1.0,1.0,0.0,1.0,0.0,0.0,0.0,0.3394525164,0.0,0.0,0.0,0.0,0.0,0.0,0.0,0.0],[1.0,1.0,1.0,1.0,1.0,1.0,0.0,1.0,0.0,0.0,0.6605474836,0.0,0.0,0.0,0.0,0.0,0.0,0.0,0.0,0.0],[1.0,1.0,1.0,1.0,1.0,1.0,1.0,1.0,1.0,1.0,1.0,1.0,0.0,1.0,1.0,0.0,0.5356141014,1.0,0.0,0.0],[1.0,1.0,1.0,1.0,1.0,1.0,1.0,1.0,1.0,1.0,1.0,1.0,0.0,0.0,1.0,0.0,0.0,0.0,0.0,0.0],[1.0,1.0,1.0,1.0,1.0,1.0,1.0,1.0,1.0,1.0,1.0,1.0,0.0,0.0,0.0,0.0,0.0,0.0,0.0,0.0],[1.0,1.0,1.0,1.0,1.0,1.0,1.0,1.0,1.0,1.0,1.0,1.0,1.0,1.0,1.0,0.0,1.0,1.0,0.0,0.0],[1.0,1.0,1.0,1.0,1.0,1.0,1.0,1.0,1.0,1.0,1.0,1.0,0.4643858986,1.0,1.0,0.0,0.0,0.5043591357,0.0,0.0],[1.0,1.0,1.0,1.0,1.0,1.0,1.0,1.0,1.0,1.0,1.0,1.0,0.0,1.0,1.0,0.0,0.4956408643,0.0,0.0,0.0],[1.0,1.0,1.0,1.0,1.0,1.0,1.0,1.0,1.0,1.0,1.0,1.0,1.0,1.0,1.0,1.0,1.0,1.0,0.0,0.0],[1.0,1.0,1.0,1.0,1.0,1.0,1.0,1.0,1.0,1.0,1.0,1.0,1.0,1.0,1.0,1.0,1.0,1.0,1.0,0.0]],"outlier_solution":[19,18,15,16,12,17,13,14,9,8,6,10,11,7,5,1,4,3,0,2],"dataset_id":568,"source_dataset_id":615,"options":null,"D":{"0":{"0":0,"1":5,"2":5,"3":3,"4":5,"5":1,"6":5,"7":5,"8":4,"9":5,"10":0,"11":5,"12":5,"13":5,"14":0,"15":5,"16":5,"17":5,"18":3,"19":5},"1":{"0":0,"1":0,"2":5,"3":5,"4":0,"5":5,"6":5,"7":0,"8":5,"9":5,"10":3,"11":5,"12":3,"13":5,"14":5,"15":5,"16":5,"17":5,"18":1,"19":0},"2":{"0":4,"1":3,"2":0,"3":0,"4":5,"5":5,"6":5,"7":5,"8":5,"9":5,"10":0,"11":5,"12":5,"13":5,"14":0,"15":5,"16":5,"17":5,"18":4,"19":5},"3":{"0":2,"1":3,"2":0,"3":0,"4":5,"5":5,"6":5,"7":5,"8":2,"9":5,"10":4,"11":4,"12":5,"13":5,"14":0,"15":0,"16":5,"17":5,"18":0,"19":5},"4":{"0":0,"1":5,"2":3,"3":5,"4":0,"5":5,"6":0,"7":5,"8":5,"9":0,"10":5,"11":0,"12":5,"13":5,"14":0,"15":2,"16":5,"17":0,"18":5,"19":5},"5":{"0":0,"1":4,"2":0,"3":0,"4":0,"5":0,"6":1,"7":0,"8":3,"9":5,"10":2,"11":1,"12":5,"13":4,"14":0,"15":5,"16":5,"17":5,"18":5,"19":1},"6":{"0":0,"1":0,"2":0,"3":0,"4":0,"5":0,"6":0,"7":5,"8":5,"9":1,"10":5,"11":5,"12":5,"13":0,"14":5,"15":5,"16":0,"17":1,"18":5,"19":5},"7":{"0":0,"1":0,"2":0,"3":0,"4":0,"5":0,"6":1,"7":0,"8":5,"9":5,"10":5,"11":0,"12":5,"13":5,"14":5,"15":5,"16":5,"17":3,"18":0,"19":5},"8":{"0":0,"1":1,"2":0,"3":0,"4":0,"5":1,"6":0,"7":4,"8":0,"9":5,"10":5,"11":0,"12":5,"13":0,"14":1,"15":5,"16":0,"17":4,"18":4,"19":0},"9":{"0":0,"1":0,"2":5,"3":0,"4":0,"5":0,"6":0,"7":0,"8":0,"9":0,"10":5,"11":5,"12":5,"13":4,"14":2,"15":0,"16":3,"17":0,"18":5,"19":4},"10":{"0":1,"1":0,"2":0,"3":0,"4":0,"5":0,"6":0,"7":0,"8":0,"9":1,"10":0,"11":5,"12":5,"13":3,"14":5,"15":0,"16":5,"17":1,"18":5,"19":5},"11":{"0":0,"1":5,"2":0,"3":0,"4":0,"5":0,"6":0,"7":4,"8":0,"9":0,"10":0,"11":0,"12":5,"13":3,"14":5,"15":5,"16":5,"17":3,"18":5,"19":0},"12":{"0":0,"1":0,"2":0,"3":0,"4":0,"5":0,"6":0,"7":0,"8":0,"9":1,"10":0,"11":0,"12":0,"13":5,"14":5,"15":5,"16":5,"17":5,"18":2,"19":5},"13":{"0":0,"1":3,"2":0,"3":0,"4":0,"5":0,"6":4,"7":5,"8":0,"9":0,"10":0,"11":0,"12":0,"13":0,"14":4,"15":3,"16":5,"17":0,"18":3,"19":5},"14":{"0":0,"1":0,"2":0,"3":0,"4":0,"5":0,"6":4,"7":0,"8":5,"9":0,"10":0,"11":0,"12":4,"13":0,"14":0,"15":5,"16":5,"17":1,"18":5,"19":5},"15":{"0":2,"1":0,"2":0,"3":0,"4":0,"5":0,"6":0,"7":0,"8":0,"9":0,"10":0,"11":0,"12":2,"13":0,"14":0,"15":0,"16":5,"17":2,"18":5,"19":5},"16":{"0":0,"1":0,"2":0,"3":0,"4":2,"5":1,"6":3,"7":5,"8":0,"9":3,"10":0,"11":1,"12":0,"13":0,"14":0,"15":1,"16":0,"17":5,"18":5,"19":5},"17":{"0":0,"1":0,"2":0,"3":0,"4":3,"5":0,"6":0,"7":0,"8":0,"9":0,"10":0,"11":0,"12":0,"13":0,"14":0,"15":0,"16":0,"17":0,"18":5,"19":5},"18":{"0":5,"1":0,"2":0,"3":0,"4":0,"5":0,"6":5,"7":0,"8":0,"9":0,"10":4,"11":0,"12":0,"13":0,"14":0,"15":0,"16":2,"17":0,"18":0,"19":5},"19":{"0":0,"1":0,"2":0,"3":0,"4":0,"5":3,"6":0,"7":0,"8":0,"9":0,"10":0,"11":0,"12":0,"13":5,"14":5,"15":0,"16":0,"17":0,"18":0,"19":0}},"method":"hillside","closest_pair":[[19,18,15,12,17,16,13,14,9,8,6,11,10,7,5,4,1,3,0,2],[19,18,15,12,16,17,13,14,9,8,6,11,10,7,5,4,1,3,0,2]],"farthest_pair":[[19,18,15,12,17,16,13,14,9,8,6,11,10,7,5,4,1,3,0,2],[19,18,15,16,12,17,13,14,9,8,6,10,11,7,5,1,4,3,0,2]],"tau_farthest_pair":0.9578947368,"tau_closest_pair":0.9894736842,"centroid_solution":[19,18,15,12,16,17,13,14,9,8,6,11,10,7,5,4,1,3,0,2]}