{"solutions":[[19,18,17,16,14,15,13,10,7,12,11,6,8,9,2,5,4,3,0,1],[19,18,17,16,14,15,13,10,7,12,11,6,8,9,5,2,4,3,0,1],[19,18,17,16,15,14,13,10,7,12,11,6,8,9,5,2,4,3,0,1],[19,18,17,16,15,14,13,10,7,12,11,6,8,9,5,4,2,3,0,1],[19,18,17,16,14,15,13,10,7,12,11,6,8,9,5,4,2,3,0,1],[19,18,17,16,15,14,13,10,7,12,11,6,8,9,2,5,4,3,0,1]],"obj":1330.0,"max_tau_solutions":null,"centroid_x":[[0.0,1.0,0.0,0.0,0.0,0.0,0.0,0.0,0.0,0.0,0.0,0.0,0.0,0.0,0.0,0.0,0.0,0.0,0.0,0.0],[0.0,0.0,0.0,0.0,0.0,0.0,0.0,0.0,0.0,0.0,0.0,0.0,0.0,0.0,0.0,0.0,0.0,0.0,0.0,0.0],[1.0,1.0,0.0,1.0,0.4015579587,0.3060569674,0.0,0.0,0.0,0.0,0.0,0.0,0.0,0.0,0.0,0.0,0.0,0.0,0.0,0.0],[1.0,1.0,0.0,0.0,0.0,0.0,0.0,0.0,0.0,0.0,0.0,0.0,0.0,0.0,0.0,0.0,0.0,0.0,0.0,0.0],[1.0,1.0,0.5984420413,1.0,0.0,0.0,0.0,0.0,0.0,0.0,0.0,0.0,0.0,0.0,0.0,0.0,0.0,0.0,0.0,0.0],[1.0,1.0,0.6939430326,1.0,1.0,0.0,0.0,0.0,0.0,0.0,0.0,0.0,0.0,0.0,0.0,0.0,0.0,0.0,0.0,0.0],[1.0,1.0,1.0,1.0,1.0,1.0,0.0,0.0,1.0,1.0,0.0,0.0,0.0,0.0,0.0,0.0,0.0,0.0,0.0,0.0],[1.0,1.0,1.0,1.0,1.0,1.0,1.0,0.0,1.0,1.0,0.0,1.0,1.0,0.0,0.0,0.0,0.0,0.0,0.0,0.0],[1.0,1.0,1.0,1.0,1.0,1.0,0.0,0.0,0.0,1.0,0.0,0.0,0.0,0.0,0.0,0.0,0.0,0.0,0.0,0.0],[1.0,1.0,1.0,1.0,1.0,1.0,0.0,0.0,0.0,0.0,0.0,0.0,0.0,0.0,0.0,0.0,0.0,0.0,0.0,0.0],[1.0,1.0,1.0,1.0,1.0,1.0,1.0,1.0,1.0,1.0,0.0,1.0,1.0,0.0,0.0,0.0,0.0,0.0,0.0,0.0],[1.0,1.0,1.0,1.0,1.0,1.0,1.0,0.0,1.0,1.0,0.0,0.0,0.0,0.0,0.0,0.0,0.0,0.0,0.0,0.0],[1.0,1.0,1.0,1.0,1.0,1.0,1.0,0.0,1.0,1.0,0.0,1.0,0.0,0.0,0.0,0.0,0.0,0.0,0.0,0.0],[1.0,1.0,1.0,1.0,1.0,1.0,1.0,1.0,1.0,1.0,1.0,1.0,1.0,0.0,0.0,0.0,0.0,0.0,0.0,0.0],[1.0,1.0,1.0,1.0,1.0,1.0,1.0,1.0,1.0,1.0,1.0,1.0,1.0,1.0,0.0,0.3456176683,0.0,0.0,0.0,0.0],[1.0,1.0,1.0,1.0,1.0,1.0,1.0,1.0,1.0,1.0,1.0,1.0,1.0,1.0,0.6543823317,0.0,0.0,0.0,0.0,0.0],[1.0,1.0,1.0,1.0,1.0,1.0,1.0,1.0,1.0,1.0,1.0,1.0,1.0,1.0,1.0,1.0,0.0,0.0,0.0,0.0],[1.0,1.0,1.0,1.0,1.0,1.0,1.0,1.0,1.0,1.0,1.0,1.0,1.0,1.0,1.0,1.0,1.0,0.0,0.0,0.0],[1.0,1.0,1.0,1.0,1.0,1.0,1.0,1.0,1.0,1.0,1.0,1.0,1.0,1.0,1.0,1.0,1.0,1.0,0.0,0.0],[1.0,1.0,1.0,1.0,1.0,1.0,1.0,1.0,1.0,1.0,1.0,1.0,1.0,1.0,1.0,1.0,1.0,1.0,1.0,0.0]],"outlier_solution":[19,18,17,16,14,15,13,10,7,12,11,6,8,9,2,5,4,3,0,1],"dataset_id":569,"source_dataset_id":616,"options":null,"D":{"0":{"0":0,"1":5,"2":5,"3":1,"4":5,"5":0,"6":5,"7":5,"8":5,"9":5,"10":3,"11":0,"12":5,"13":5,"14":5,"15":4,"16":5,"17":5,"18":0,"19":5},"1":{"0":0,"1":0,"2":5,"3":1,"4":5,"5":5,"6":5,"7":5,"8":5,"9":5,"10":5,"11":1,"12":5,"13":0,"14":5,"15":0,"16":2,"17":0,"18":5,"19":1},"2":{"0":4,"1":0,"2":0,"3":5,"4":5,"5":4,"6":5,"7":5,"8":5,"9":1,"10":5,"11":5,"12":0,"13":5,"14":5,"15":2,"16":0,"17":4,"18":5,"19":5},"3":{"0":2,"1":1,"2":0,"3":0,"4":3,"5":5,"6":5,"7":5,"8":5,"9":0,"10":5,"11":5,"12":5,"13":5,"14":0,"15":2,"16":5,"17":5,"18":5,"19":5},"4":{"0":0,"1":0,"2":2,"3":0,"4":0,"5":1,"6":5,"7":5,"8":5,"9":5,"10":0,"11":5,"12":0,"13":5,"14":0,"15":5,"16":2,"17":1,"18":5,"19":5},"5":{"0":0,"1":0,"2":0,"3":1,"4":0,"5":0,"6":5,"7":0,"8":5,"9":5,"10":5,"11":5,"12":1,"13":1,"14":5,"15":5,"16":2,"17":5,"18":0,"19":5},"6":{"0":1,"1":0,"2":0,"3":0,"4":0,"5":0,"6":0,"7":1,"8":5,"9":5,"10":5,"11":5,"12":5,"13":3,"14":5,"15":5,"16":3,"17":5,"18":5,"19":5},"7":{"0":0,"1":0,"2":4,"3":0,"4":0,"5":0,"6":5,"7":0,"8":5,"9":5,"10":0,"11":0,"12":5,"13":5,"14":5,"15":0,"16":5,"17":2,"18":0,"19":5},"8":{"0":3,"1":0,"2":2,"3":3,"4":0,"5":0,"6":0,"7":5,"8":0,"9":0,"10":5,"11":0,"12":5,"13":0,"14":5,"15":5,"16":5,"17":5,"18":5,"19":5},"9":{"0":0,"1":0,"2":4,"3":5,"4":0,"5":0,"6":1,"7":0,"8":0,"9":0,"10":5,"11":0,"12":2,"13":5,"14":5,"15":3,"16":2,"17":2,"18":5,"19":5},"10":{"0":0,"1":0,"2":0,"3":0,"4":0,"5":4,"6":1,"7":0,"8":0,"9":0,"10":0,"11":5,"12":5,"13":1,"14":1,"15":5,"16":5,"17":5,"18":0,"19":5},"11":{"0":0,"1":0,"2":0,"3":0,"4":0,"5":0,"6":0,"7":1,"8":0,"9":0,"10":5,"11":0,"12":0,"13":5,"14":5,"15":5,"16":5,"17":5,"18":5,"19":0},"12":{"0":0,"1":0,"2":2,"3":2,"4":0,"5":3,"6":0,"7":5,"8":0,"9":0,"10":2,"11":0,"12":0,"13":0,"14":5,"15":4,"16":1,"17":2,"18":4,"19":5},"13":{"0":0,"1":0,"2":0,"3":3,"4":0,"5":0,"6":0,"7":0,"8":0,"9":0,"10":0,"11":1,"12":0,"13":0,"14":5,"15":5,"16":4,"17":5,"18":5,"19":5},"14":{"0":0,"1":0,"2":2,"3":0,"4":0,"5":2,"6":1,"7":0,"8":5,"9":0,"10":4,"11":0,"12":0,"13":0,"14":0,"15":2,"16":4,"17":3,"18":5,"19":5},"15":{"0":0,"1":2,"2":0,"3":0,"4":0,"5":0,"6":0,"7":4,"8":4,"9":0,"10":0,"11":0,"12":0,"13":0,"14":0,"15":0,"16":5,"17":5,"18":1,"19":5},"16":{"0":5,"1":0,"2":0,"3":0,"4":0,"5":0,"6":0,"7":3,"8":0,"9":0,"10":0,"11":0,"12":0,"13":0,"14":0,"15":0,"16":0,"17":4,"18":5,"19":5},"17":{"0":0,"1":0,"2":0,"3":0,"4":4,"5":0,"6":5,"7":5,"8":0,"9":0,"10":0,"11":0,"12":0,"13":0,"14":0,"15":0,"16":0,"17":0,"18":2,"19":5},"18":{"0":0,"1":0,"2":4,"3":0,"4":0,"5":0,"6":0,"7":0,"8":4,"9":0,"10":0,"11":0,"12":0,"13":1,"14":3,"15":0,"16":0,"17":0,"18":0,"19":0},"19":{"0":0,"1":0,"2":0,"3":0,"4":5,"5":0,"6":1,"7":0,"8":0,"9":0,"10":0,"11":2,"12":0,"13":0,"14":0,"15":0,"16":4,"17":0,"18":0,"19":0}},"method":"hillside","closest_pair":[[19,18,17,16,15,14,13,10,7,12,11,6,8,9,5,4,2,3,0,1],[19,18,17,16,15,14,13,10,7,12,11,6,8,9,5,2,4,3,0,1]],"farthest_pair":[[19,18,17,16,15,14,13,10,7,12,11,6,8,9,2,5,4,3,0,1],[19,18,17,16,14,15,13,10,7,12,11,6,8,9,5,4,2,3,0,1]],"tau_farthest_pair":0.9684210526,"tau_closest_pair":0.9894736842,"centroid_solution":[19,18,17,16,15,14,13,10,7,12,11,6,8,9,5,4,2,3,0,1]}