{"solutions":[[0,1,5,3,6,4,10,2,8,7,9,11,14,12,16,17,15,13,18,19],[0,1,5,3,6,4,2,10,8,7,9,11,14,12,16,17,15,13,18,19],[0,1,5,3,6,4,10,2,8,9,7,11,14,12,16,17,15,13,18,19],[0,1,5,3,6,4,2,10,8,9,7,11,14,12,16,17,15,13,18,19]],"obj":1315.0,"max_tau_solutions":null,"centroid_x":[[0.0,1.0,1.0,1.0,1.0,1.0,1.0,1.0,1.0,1.0,1.0,1.0,1.0,1.0,1.0,1.0,1.0,1.0,1.0,1.0],[0.0,0.0,1.0,1.0,1.0,1.0,1.0,1.0,1.0,1.0,1.0,1.0,1.0,1.0,1.0,1.0,1.0,1.0,1.0,1.0],[0.0,0.0,0.0,0.0,0.0,0.0,0.0,1.0,1.0,1.0,0.5062164716,1.0,1.0,1.0,1.0,1.0,1.0,1.0,1.0,1.0],[0.0,0.0,1.0,0.0,1.0,0.0,1.0,1.0,1.0,1.0,1.0,1.0,1.0,1.0,1.0,1.0,1.0,1.0,1.0,1.0],[0.0,0.0,1.0,0.0,0.0,0.0,0.0,1.0,1.0,1.0,1.0,1.0,1.0,1.0,1.0,1.0,1.0,1.0,1.0,1.0],[0.0,0.0,1.0,1.0,1.0,0.0,1.0,1.0,1.0,1.0,1.0,1.0,1.0,1.0,1.0,1.0,1.0,1.0,1.0,1.0],[0.0,0.0,1.0,0.0,1.0,0.0,0.0,1.0,1.0,1.0,1.0,1.0,1.0,1.0,1.0,1.0,1.0,1.0,1.0,1.0],[0.0,0.0,0.0,0.0,0.0,0.0,0.0,0.0,0.0,0.5024994772,0.0,1.0,1.0,1.0,1.0,1.0,1.0,1.0,1.0,1.0],[0.0,0.0,0.0,0.0,0.0,0.0,0.0,1.0,0.0,1.0,0.0,1.0,1.0,1.0,1.0,1.0,1.0,1.0,1.0,1.0],[0.0,0.0,0.0,0.0,0.0,0.0,0.0,0.4975005228,0.0,0.0,0.0,1.0,1.0,1.0,1.0,1.0,1.0,1.0,1.0,1.0],[0.0,0.0,0.4937835284,0.0,0.0,0.0,0.0,1.0,1.0,1.0,0.0,1.0,1.0,1.0,1.0,1.0,1.0,1.0,1.0,1.0],[0.0,0.0,0.0,0.0,0.0,0.0,0.0,0.0,0.0,0.0,0.0,0.0,1.0,1.0,1.0,1.0,1.0,1.0,1.0,1.0],[0.0,0.0,0.0,0.0,0.0,0.0,0.0,0.0,0.0,0.0,0.0,0.0,0.0,1.0,0.0,1.0,1.0,1.0,1.0,1.0],[0.0,0.0,0.0,0.0,0.0,0.0,0.0,0.0,0.0,0.0,0.0,0.0,0.0,0.0,0.0,0.0,0.0,0.0,1.0,1.0],[0.0,0.0,0.0,0.0,0.0,0.0,0.0,0.0,0.0,0.0,0.0,0.0,1.0,1.0,0.0,1.0,1.0,1.0,1.0,1.0],[0.0,0.0,0.0,0.0,0.0,0.0,0.0,0.0,0.0,0.0,0.0,0.0,0.0,1.0,0.0,0.0,0.0,0.0,1.0,1.0],[0.0,0.0,0.0,0.0,0.0,0.0,0.0,0.0,0.0,0.0,0.0,0.0,0.0,1.0,0.0,1.0,0.0,1.0,1.0,1.0],[0.0,0.0,0.0,0.0,0.0,0.0,0.0,0.0,0.0,0.0,0.0,0.0,0.0,1.0,0.0,1.0,0.0,0.0,1.0,1.0],[0.0,0.0,0.0,0.0,0.0,0.0,0.0,0.0,0.0,0.0,0.0,0.0,0.0,0.0,0.0,0.0,0.0,0.0,0.0,1.0],[0.0,0.0,0.0,0.0,0.0,0.0,0.0,0.0,0.0,0.0,0.0,0.0,0.0,0.0,0.0,0.0,0.0,0.0,0.0,0.0]],"outlier_solution":[0,1,5,3,6,4,10,2,8,9,7,11,14,12,16,17,15,13,18,19],"dataset_id":572,"source_dataset_id":619,"options":null,"D":{"0":{"0":0,"1":0,"2":0,"3":1,"4":0,"5":0,"6":0,"7":0,"8":0,"9":0,"10":5,"11":3,"12":4,"13":0,"14":0,"15":0,"16":5,"17":2,"18":0,"19":2},"1":{"0":5,"1":0,"2":0,"3":5,"4":2,"5":0,"6":5,"7":0,"8":0,"9":0,"10":1,"11":0,"12":0,"13":0,"14":0,"15":0,"16":5,"17":0,"18":0,"19":0},"2":{"0":5,"1":4,"2":0,"3":3,"4":0,"5":5,"6":0,"7":2,"8":4,"9":2,"10":0,"11":0,"12":0,"13":0,"14":5,"15":0,"16":3,"17":0,"18":4,"19":1},"3":{"0":1,"1":0,"2":5,"3":0,"4":0,"5":0,"6":0,"7":0,"8":0,"9":0,"10":0,"11":0,"12":0,"13":0,"14":1,"15":0,"16":5,"17":0,"18":3,"19":0},"4":{"0":5,"1":3,"2":5,"3":5,"4":0,"5":2,"6":2,"7":0,"8":0,"9":0,"10":0,"11":0,"12":0,"13":0,"14":0,"15":0,"16":0,"17":5,"18":0,"19":0},"5":{"0":5,"1":5,"2":5,"3":0,"4":5,"5":0,"6":0,"7":0,"8":0,"9":0,"10":4,"11":0,"12":0,"13":0,"14":0,"15":0,"16":0,"17":3,"18":0,"19":0},"6":{"0":5,"1":1,"2":5,"3":0,"4":5,"5":5,"6":0,"7":0,"8":0,"9":0,"10":0,"11":5,"12":0,"13":0,"14":0,"15":0,"16":3,"17":0,"18":0,"19":0},"7":{"0":5,"1":2,"2":5,"3":5,"4":5,"5":5,"6":5,"7":0,"8":0,"9":5,"10":0,"11":0,"12":0,"13":2,"14":3,"15":0,"16":1,"17":3,"18":0,"19":0},"8":{"0":5,"1":5,"2":0,"3":0,"4":2,"5":5,"6":5,"7":0,"8":0,"9":0,"10":2,"11":3,"12":0,"13":3,"14":2,"15":0,"16":0,"17":0,"18":0,"19":0},"9":{"0":5,"1":5,"2":5,"3":3,"4":5,"5":5,"6":5,"7":3,"8":0,"9":0,"10":4,"11":0,"12":0,"13":0,"14":0,"15":0,"16":2,"17":1,"18":0,"19":0},"10":{"0":5,"1":5,"2":0,"3":3,"4":5,"5":5,"6":5,"7":5,"8":5,"9":0,"10":0,"11":0,"12":0,"13":0,"14":4,"15":0,"16":0,"17":2,"18":0,"19":0},"11":{"0":0,"1":5,"2":0,"3":5,"4":1,"5":5,"6":0,"7":5,"8":5,"9":5,"10":5,"11":0,"12":0,"13":0,"14":0,"15":0,"16":0,"17":4,"18":0,"19":1},"12":{"0":5,"1":5,"2":0,"3":3,"4":5,"5":5,"6":0,"7":5,"8":5,"9":5,"10":5,"11":5,"12":0,"13":0,"14":0,"15":0,"16":0,"17":0,"18":0,"19":0},"13":{"0":5,"1":5,"2":5,"3":5,"4":2,"5":5,"6":3,"7":5,"8":5,"9":5,"10":5,"11":5,"12":1,"13":0,"14":0,"15":0,"16":1,"17":2,"18":0,"19":0},"14":{"0":5,"1":5,"2":0,"3":2,"4":5,"5":5,"6":5,"7":5,"8":0,"9":5,"10":5,"11":2,"12":5,"13":4,"14":0,"15":0,"16":4,"17":0,"18":0,"19":0},"15":{"0":5,"1":0,"2":5,"3":0,"4":5,"5":1,"6":1,"7":2,"8":1,"9":5,"10":5,"11":5,"12":5,"13":2,"14":5,"15":0,"16":0,"17":0,"18":0,"19":0},"16":{"0":5,"1":5,"2":5,"3":5,"4":0,"5":5,"6":5,"7":5,"8":5,"9":0,"10":5,"11":0,"12":1,"13":5,"14":5,"15":5,"16":0,"17":5,"18":0,"19":0},"17":{"0":0,"1":5,"2":5,"3":5,"4":1,"5":5,"6":5,"7":5,"8":4,"9":4,"10":5,"11":3,"12":5,"13":4,"14":4,"15":5,"16":3,"17":0,"18":5,"19":4},"18":{"0":0,"1":5,"2":2,"3":5,"4":5,"5":5,"6":5,"7":5,"8":5,"9":5,"10":5,"11":5,"12":0,"13":3,"14":0,"15":5,"16":3,"17":4,"18":0,"19":0},"19":{"0":5,"1":5,"2":5,"3":5,"4":5,"5":0,"6":5,"7":0,"8":5,"9":5,"10":5,"11":5,"12":5,"13":5,"14":5,"15":3,"16":4,"17":5,"18":5,"19":0}},"method":"hillside","closest_pair":[[0,1,5,3,6,4,10,2,8,7,9,11,14,12,16,17,15,13,18,19],[0,1,5,3,6,4,10,2,8,9,7,11,14,12,16,17,15,13,18,19]],"farthest_pair":[[0,1,5,3,6,4,10,2,8,9,7,11,14,12,16,17,15,13,18,19],[0,1,5,3,6,4,2,10,8,7,9,11,14,12,16,17,15,13,18,19]],"centroid_solution":[0,1,5,3,6,4,2,10,8,7,9,11,14,12,16,17,15,13,18,19]}