{"solutions":[[19,14,12,16,18,15,8,17,13,9,5,11,6,10,7,2,0,3,4,1],[19,14,12,16,18,15,8,17,13,9,5,11,6,2,10,7,0,3,4,1],[19,12,14,16,18,15,8,17,13,9,5,11,6,10,7,2,4,0,3,1],[19,14,12,16,18,15,8,17,13,9,5,11,6,2,10,7,4,0,3,1],[19,12,14,16,18,15,8,17,13,9,5,11,6,10,7,2,0,4,3,1],[19,14,12,16,18,15,8,17,13,9,5,11,6,10,7,2,4,0,3,1],[19,12,14,16,18,15,8,17,13,9,5,11,6,10,7,2,0,3,4,1],[19,12,14,16,18,15,8,17,13,9,5,11,6,2,10,7,0,3,4,1],[19,14,12,16,18,15,8,17,13,9,5,11,6,10,7,2,0,4,3,1],[19,12,14,16,18,15,8,17,13,9,5,11,6,2,10,7,4,0,3,1],[19,14,12,16,18,15,8,17,13,9,5,11,6,2,10,7,0,4,3,1],[19,12,14,16,18,15,8,17,13,9,5,11,6,2,10,7,0,4,3,1]],"obj":2119.0,"max_tau_solutions":null,"centroid_x":[[0.0,1.0,0.0,1.0,0.4457694933,0.0,0.0,0.0,0.0,0.0,0.0,0.0,0.0,0.0,0.0,0.0,0.0,0.0,0.0,0.0],[0.0,0.0,0.0,0.0,0.0,0.0,0.0,0.0,0.0,0.0,0.0,0.0,0.0,0.0,0.0,0.0,0.0,0.0,0.0,0.0],[1.0,1.0,0.0,1.0,1.0,0.0,0.0,0.4405954608,0.0,0.0,0.4405954608,0.0,0.0,0.0,0.0,0.0,0.0,0.0,0.0,0.0],[0.0,1.0,0.0,0.0,0.2846408092,0.0,0.0,0.0,0.0,0.0,0.0,0.0,0.0,0.0,0.0,0.0,0.0,0.0,0.0,0.0],[0.5542305067,1.0,0.0,0.7153591908,0.0,0.0,0.0,0.0,0.0,0.0,0.0,0.0,0.0,0.0,0.0,0.0,0.0,0.0,0.0,0.0],[1.0,1.0,1.0,1.0,1.0,0.0,1.0,1.0,0.0,0.0,1.0,1.0,0.0,0.0,0.0,0.0,0.0,0.0,0.0,0.0],[1.0,1.0,1.0,1.0,1.0,0.0,0.0,1.0,0.0,0.0,1.0,0.0,0.0,0.0,0.0,0.0,0.0,0.0,0.0,0.0],[1.0,1.0,0.5594045392,1.0,1.0,0.0,0.0,0.0,0.0,0.0,0.0,0.0,0.0,0.0,0.0,0.0,0.0,0.0,0.0,0.0],[1.0,1.0,1.0,1.0,1.0,1.0,1.0,1.0,0.0,1.0,1.0,1.0,0.0,1.0,0.0,0.0,0.0,1.0,0.0,0.0],[1.0,1.0,1.0,1.0,1.0,1.0,1.0,1.0,0.0,0.0,1.0,1.0,0.0,0.0,0.0,0.0,0.0,0.0,0.0,0.0],[1.0,1.0,0.5594045392,1.0,1.0,0.0,0.0,1.0,0.0,0.0,0.0,0.0,0.0,0.0,0.0,0.0,0.0,0.0,0.0,0.0],[1.0,1.0,1.0,1.0,1.0,0.0,1.0,1.0,0.0,0.0,1.0,0.0,0.0,0.0,0.0,0.0,0.0,0.0,0.0,0.0],[1.0,1.0,1.0,1.0,1.0,1.0,1.0,1.0,1.0,1.0,1.0,1.0,0.0,1.0,0.3683919924,1.0,1.0,1.0,1.0,0.0],[1.0,1.0,1.0,1.0,1.0,1.0,1.0,1.0,0.0,1.0,1.0,1.0,0.0,0.0,0.0,0.0,0.0,0.0,0.0,0.0],[1.0,1.0,1.0,1.0,1.0,1.0,1.0,1.0,1.0,1.0,1.0,1.0,0.6316080076,1.0,0.0,1.0,1.0,1.0,1.0,0.0],[1.0,1.0,1.0,1.0,1.0,1.0,1.0,1.0,1.0,1.0,1.0,1.0,0.0,1.0,0.0,0.0,0.0,1.0,0.0,0.0],[1.0,1.0,1.0,1.0,1.0,1.0,1.0,1.0,1.0,1.0,1.0,1.0,0.0,1.0,0.0,1.0,0.0,1.0,1.0,0.0],[1.0,1.0,1.0,1.0,1.0,1.0,1.0,1.0,0.0,1.0,1.0,1.0,0.0,1.0,0.0,0.0,0.0,0.0,0.0,0.0],[1.0,1.0,1.0,1.0,1.0,1.0,1.0,1.0,1.0,1.0,1.0,1.0,0.0,1.0,0.0,1.0,0.0,1.0,0.0,0.0],[1.0,1.0,1.0,1.0,1.0,1.0,1.0,1.0,1.0,1.0,1.0,1.0,1.0,1.0,1.0,1.0,1.0,1.0,1.0,0.0]],"outlier_solution":[19,12,14,16,18,15,8,17,13,9,5,11,6,2,10,7,0,3,4,1],"dataset_id":578,"source_dataset_id":625,"options":null,"D":{"0":{"0":0,"1":0,"2":5,"3":5,"4":5,"5":5,"6":5,"7":0,"8":5,"9":0,"10":3,"11":5,"12":1,"13":5,"14":5,"15":0,"16":5,"17":0,"18":0,"19":0},"1":{"0":5,"1":0,"2":3,"3":4,"4":0,"5":1,"6":5,"7":2,"8":5,"9":0,"10":2,"11":5,"12":5,"13":0,"14":2,"15":0,"16":5,"17":5,"18":3,"19":5},"2":{"0":0,"1":0,"2":0,"3":5,"4":5,"5":3,"6":0,"7":5,"8":0,"9":5,"10":5,"11":0,"12":4,"13":2,"14":5,"15":0,"16":0,"17":5,"18":5,"19":5},"3":{"0":0,"1":4,"2":0,"3":0,"4":2,"5":5,"6":4,"7":2,"8":5,"9":3,"10":5,"11":5,"12":5,"13":0,"14":3,"15":2,"16":0,"17":5,"18":5,"19":4},"4":{"0":3,"1":2,"2":0,"3":0,"4":0,"5":5,"6":3,"7":3,"8":3,"9":3,"10":1,"11":5,"12":5,"13":5,"14":5,"15":5,"16":2,"17":2,"18":3,"19":5},"5":{"0":4,"1":2,"2":0,"3":4,"4":4,"5":0,"6":5,"7":2,"8":4,"9":1,"10":0,"11":0,"12":1,"13":1,"14":4,"15":5,"16":5,"17":3,"18":2,"19":0},"6":{"0":0,"1":0,"2":1,"3":2,"4":3,"5":0,"6":0,"7":5,"8":3,"9":0,"10":0,"11":5,"12":4,"13":5,"14":1,"15":5,"16":0,"17":2,"18":3,"19":5},"7":{"0":0,"1":0,"2":0,"3":0,"4":0,"5":1,"6":0,"7":0,"8":5,"9":5,"10":0,"11":5,"12":5,"13":5,"14":5,"15":4,"16":1,"17":5,"18":5,"19":5},"8":{"0":0,"1":0,"2":0,"3":0,"4":0,"5":0,"6":0,"7":5,"8":0,"9":0,"10":5,"11":1,"12":3,"13":2,"14":0,"15":0,"16":1,"17":5,"18":2,"19":5},"9":{"0":0,"1":0,"2":3,"3":2,"4":0,"5":5,"6":3,"7":1,"8":0,"9":0,"10":2,"11":0,"12":1,"13":1,"14":3,"15":5,"16":5,"17":2,"18":0,"19":0},"10":{"0":4,"1":3,"2":5,"3":3,"4":0,"5":5,"6":0,"7":0,"8":3,"9":0,"10":0,"11":5,"12":0,"13":1,"14":4,"15":5,"16":5,"17":5,"18":4,"19":5},"11":{"0":0,"1":0,"2":2,"3":0,"4":0,"5":5,"6":4,"7":5,"8":2,"9":2,"10":0,"11":0,"12":0,"13":5,"14":0,"15":5,"16":5,"17":0,"18":5,"19":5},"12":{"0":0,"1":5,"2":2,"3":0,"4":5,"5":0,"6":0,"7":2,"8":0,"9":0,"10":0,"11":0,"12":0,"13":0,"14":3,"15":0,"16":1,"17":5,"18":0,"19":4},"13":{"0":1,"1":0,"2":1,"3":0,"4":4,"5":2,"6":0,"7":0,"8":4,"9":3,"10":3,"11":0,"12":0,"13":0,"14":5,"15":4,"16":5,"17":5,"18":4,"19":0},"14":{"0":0,"1":0,"2":5,"3":3,"4":0,"5":0,"6":0,"7":0,"8":0,"9":0,"10":3,"11":0,"12":0,"13":0,"14":0,"15":2,"16":5,"17":3,"18":5,"19":5},"15":{"0":1,"1":0,"2":0,"3":0,"4":0,"5":2,"6":1,"7":3,"8":0,"9":0,"10":4,"11":0,"12":0,"13":0,"14":4,"15":0,"16":5,"17":1,"18":5,"19":5},"16":{"0":0,"1":0,"2":0,"3":5,"4":0,"5":0,"6":0,"7":2,"8":2,"9":1,"10":3,"11":0,"12":2,"13":1,"14":5,"15":2,"16":0,"17":5,"18":5,"19":5},"17":{"0":5,"1":5,"2":0,"3":0,"4":3,"5":4,"6":2,"7":1,"8":1,"9":4,"10":5,"11":2,"12":3,"13":2,"14":0,"15":2,"16":0,"17":0,"18":5,"19":5},"18":{"0":0,"1":2,"2":3,"3":1,"4":0,"5":4,"6":0,"7":0,"8":0,"9":4,"10":0,"11":0,"12":4,"13":4,"14":0,"15":4,"16":1,"17":5,"18":0,"19":1},"19":{"0":0,"1":0,"2":1,"3":0,"4":2,"5":3,"6":0,"7":0,"8":1,"9":4,"10":0,"11":0,"12":3,"13":5,"14":1,"15":0,"16":3,"17":5,"18":0,"19":0}},"method":"hillside","closest_pair":[[19,14,12,16,18,15,8,17,13,9,5,11,6,10,7,2,4,0,3,1],[19,14,12,16,18,15,8,17,13,9,5,11,6,10,7,2,0,4,3,1]],"farthest_pair":[[19,14,12,16,18,15,8,17,13,9,5,11,6,10,7,2,0,3,4,1],[19,12,14,16,18,15,8,17,13,9,5,11,6,2,10,7,4,0,3,1]],"tau_farthest_pair":0.9473684211,"tau_closest_pair":0.9894736842,"centroid_solution":[19,14,12,16,18,15,8,17,13,9,5,11,6,10,7,2,4,0,3,1]}