{"solutions":[[4,1,0,6,2,3,5,8,9,10,7,12,15,18,11,14,13,17,16,19],[4,1,0,2,3,6,5,9,8,10,7,15,18,11,14,12,13,17,16,19],[4,1,0,2,3,6,5,8,9,10,7,12,15,18,11,14,13,17,16,19],[4,1,0,6,2,3,5,9,8,10,7,11,12,15,18,14,13,17,16,19],[4,1,0,6,2,3,5,8,9,10,7,11,15,18,14,12,13,17,16,19],[4,1,0,6,2,3,5,8,9,10,7,12,11,15,18,14,13,17,16,19],[4,1,0,2,3,6,5,9,8,10,7,12,11,15,18,14,13,17,16,19],[4,1,0,2,3,6,5,9,8,10,7,11,12,15,18,14,13,17,16,19],[4,1,0,6,2,3,5,9,8,10,7,15,18,11,14,12,13,17,16,19],[4,1,0,6,2,3,5,8,9,10,7,11,12,15,18,14,13,17,16,19],[4,1,0,6,2,3,5,8,9,10,7,15,18,11,14,12,13,17,16,19],[4,1,0,2,3,6,5,9,8,10,7,11,15,18,14,12,13,17,16,19],[4,1,0,6,2,3,5,9,8,10,7,12,11,15,18,14,13,17,16,19],[4,1,0,2,3,6,5,8,9,10,7,12,11,15,18,14,13,17,16,19],[4,1,0,2,3,6,5,8,9,10,7,15,18,11,14,12,13,17,16,19],[4,1,0,2,3,6,5,9,8,10,7,12,15,18,11,14,13,17,16,19],[4,1,0,2,3,6,5,8,9,10,7,11,12,15,18,14,13,17,16,19],[4,1,0,6,2,3,5,9,8,10,7,11,15,18,14,12,13,17,16,19],[4,1,0,2,3,6,5,8,9,10,7,11,15,18,14,12,13,17,16,19],[4,1,0,6,2,3,5,9,8,10,7,12,15,18,11,14,13,17,16,19]],"obj":2057.0,"max_tau_solutions":null,"centroid_x":[[0.0,0.0,1.0,1.0,0.0,1.0,1.0,1.0,1.0,1.0,1.0,1.0,1.0,1.0,1.0,1.0,1.0,1.0,1.0,1.0],[1.0,0.0,1.0,1.0,0.0,1.0,1.0,1.0,1.0,1.0,1.0,1.0,1.0,1.0,1.0,1.0,1.0,1.0,1.0,1.0],[0.0,0.0,0.0,1.0,0.0,1.0,0.6096040796,1.0,1.0,1.0,1.0,1.0,1.0,1.0,1.0,1.0,1.0,1.0,1.0,1.0],[0.0,0.0,0.0,0.0,0.0,1.0,0.6096040796,1.0,1.0,1.0,1.0,1.0,1.0,1.0,1.0,1.0,1.0,1.0,1.0,1.0],[1.0,1.0,1.0,1.0,0.0,1.0,1.0,1.0,1.0,1.0,1.0,1.0,1.0,1.0,1.0,1.0,1.0,1.0,1.0,1.0],[0.0,0.0,0.0,0.0,0.0,0.0,0.0,1.0,1.0,1.0,1.0,1.0,1.0,1.0,1.0,1.0,1.0,1.0,1.0,1.0],[0.0,0.0,0.3903959204,0.3903959204,0.0,1.0,0.0,1.0,1.0,1.0,1.0,1.0,1.0,1.0,1.0,1.0,1.0,1.0,1.0,1.0],[0.0,0.0,0.0,0.0,0.0,0.0,0.0,0.0,0.0,0.0,0.0,1.0,1.0,1.0,1.0,1.0,1.0,1.0,1.0,1.0],[0.0,0.0,0.0,0.0,0.0,0.0,0.0,1.0,0.0,0.5112777897,1.0,1.0,1.0,1.0,1.0,1.0,1.0,1.0,1.0,1.0],[0.0,0.0,0.0,0.0,0.0,0.0,0.0,1.0,0.4887222103,0.0,1.0,1.0,1.0,1.0,1.0,1.0,1.0,1.0,1.0,1.0],[0.0,0.0,0.0,0.0,0.0,0.0,0.0,1.0,0.0,0.0,0.0,1.0,1.0,1.0,1.0,1.0,1.0,1.0,1.0,1.0],[0.0,0.0,0.0,0.0,0.0,0.0,0.0,0.0,0.0,0.0,0.0,0.0,0.5931145109,1.0,1.0,0.5028632041,1.0,1.0,0.5028632042,1.0],[0.0,0.0,0.0,0.0,0.0,0.0,0.0,0.0,0.0,0.0,0.0,0.4068854891,0.0,1.0,0.5538081821,0.553808182,1.0,1.0,0.5538081821,1.0],[0.0,0.0,0.0,0.0,0.0,0.0,0.0,0.0,0.0,0.0,0.0,0.0,0.0,0.0,0.0,0.0,1.0,1.0,0.0,1.0],[0.0,0.0,0.0,0.0,0.0,0.0,0.0,0.0,0.0,0.0,0.0,0.0,0.4461918179,1.0,0.0,0.0,1.0,1.0,0.0,1.0],[0.0,0.0,0.0,0.0,0.0,0.0,0.0,0.0,0.0,0.0,0.0,0.4971367959,0.446191818,1.0,1.0,0.0,1.0,1.0,1.0,1.0],[0.0,0.0,0.0,0.0,0.0,0.0,0.0,0.0,0.0,0.0,0.0,0.0,0.0,0.0,0.0,0.0,0.0,0.0,0.0,1.0],[0.0,0.0,0.0,0.0,0.0,0.0,0.0,0.0,0.0,0.0,0.0,0.0,0.0,0.0,0.0,0.0,1.0,0.0,0.0,1.0],[0.0,0.0,0.0,0.0,0.0,0.0,0.0,0.0,0.0,0.0,0.0,0.4971367958,0.4461918179,1.0,1.0,0.0,1.0,1.0,0.0,1.0],[0.0,0.0,0.0,0.0,0.0,0.0,0.0,0.0,0.0,0.0,0.0,0.0,0.0,0.0,0.0,0.0,0.0,0.0,0.0,0.0]],"outlier_solution":[4,1,0,6,2,3,5,9,8,10,7,15,18,11,14,12,13,17,16,19],"dataset_id":580,"source_dataset_id":627,"options":null,"D":{"0":{"0":0,"1":4,"2":3,"3":4,"4":4,"5":0,"6":3,"7":0,"8":5,"9":4,"10":0,"11":0,"12":1,"13":1,"14":4,"15":0,"16":3,"17":4,"18":2,"19":0},"1":{"0":5,"1":0,"2":0,"3":3,"4":4,"5":0,"6":0,"7":0,"8":0,"9":4,"10":0,"11":0,"12":0,"13":0,"14":1,"15":1,"16":3,"17":0,"18":0,"19":1},"2":{"0":5,"1":5,"2":0,"3":0,"4":1,"5":0,"6":0,"7":3,"8":3,"9":0,"10":2,"11":0,"12":0,"13":0,"14":5,"15":1,"16":5,"17":0,"18":0,"19":0},"3":{"0":4,"1":5,"2":3,"3":0,"4":3,"5":5,"6":3,"7":0,"8":3,"9":5,"10":3,"11":0,"12":3,"13":0,"14":4,"15":0,"16":0,"17":0,"18":4,"19":0},"4":{"0":4,"1":0,"2":5,"3":3,"4":0,"5":0,"6":0,"7":0,"8":0,"9":0,"10":0,"11":0,"12":0,"13":0,"14":0,"15":5,"16":2,"17":3,"18":3,"19":0},"5":{"0":1,"1":0,"2":0,"3":1,"4":5,"5":0,"6":3,"7":2,"8":0,"9":5,"10":3,"11":0,"12":0,"13":0,"14":5,"15":0,"16":3,"17":2,"18":5,"19":3},"6":{"0":5,"1":5,"2":0,"3":4,"4":5,"5":0,"6":0,"7":0,"8":4,"9":5,"10":5,"11":0,"12":0,"13":0,"14":0,"15":0,"16":0,"17":4,"18":4,"19":0},"7":{"0":5,"1":5,"2":4,"3":0,"4":5,"5":4,"6":5,"7":0,"8":0,"9":5,"10":0,"11":3,"12":5,"13":3,"14":0,"15":0,"16":0,"17":0,"18":4,"19":2},"8":{"0":5,"1":3,"2":3,"3":5,"4":0,"5":5,"6":4,"7":3,"8":0,"9":0,"10":0,"11":4,"12":2,"13":0,"14":1,"15":1,"16":0,"17":0,"18":1,"19":3},"9":{"0":5,"1":0,"2":4,"3":5,"4":5,"5":0,"6":5,"7":5,"8":5,"9":0,"10":0,"11":0,"12":0,"13":3,"14":0,"15":0,"16":0,"17":3,"18":0,"19":4},"10":{"0":0,"1":1,"2":3,"3":5,"4":5,"5":2,"6":3,"7":5,"8":2,"9":0,"10":0,"11":0,"12":2,"13":0,"14":0,"15":2,"16":0,"17":0,"18":2,"19":0},"11":{"0":2,"1":5,"2":1,"3":4,"4":5,"5":5,"6":5,"7":1,"8":0,"9":0,"10":5,"11":0,"12":0,"13":0,"14":0,"15":0,"16":0,"17":0,"18":0,"19":0},"12":{"0":4,"1":5,"2":5,"3":3,"4":3,"5":3,"6":5,"7":5,"8":4,"9":0,"10":0,"11":0,"12":0,"13":2,"14":5,"15":5,"16":0,"17":0,"18":3,"19":3},"13":{"0":5,"1":5,"2":2,"3":0,"4":1,"5":5,"6":3,"7":1,"8":2,"9":4,"10":2,"11":5,"12":5,"13":0,"14":3,"15":0,"16":4,"17":0,"18":1,"19":4},"14":{"0":3,"1":5,"2":5,"3":0,"4":5,"5":3,"6":5,"7":5,"8":5,"9":5,"10":5,"11":3,"12":3,"13":1,"14":0,"15":4,"16":2,"17":0,"18":2,"19":0},"15":{"0":5,"1":2,"2":5,"3":4,"4":5,"5":1,"6":0,"7":1,"8":0,"9":5,"10":0,"11":1,"12":3,"13":4,"14":5,"15":0,"16":0,"17":0,"18":0,"19":0},"16":{"0":5,"1":5,"2":3,"3":2,"4":5,"5":2,"6":4,"7":2,"8":5,"9":0,"10":2,"11":2,"12":5,"13":5,"14":2,"15":5,"16":0,"17":5,"18":4,"19":4},"17":{"0":2,"1":4,"2":5,"3":5,"4":5,"5":1,"6":0,"7":5,"8":5,"9":5,"10":2,"11":1,"12":1,"13":2,"14":3,"15":0,"16":4,"17":0,"18":4,"19":2},"18":{"0":1,"1":0,"2":5,"3":3,"4":5,"5":5,"6":2,"7":5,"8":5,"9":5,"10":1,"11":4,"12":1,"13":0,"14":3,"15":1,"16":5,"17":5,"18":0,"19":0},"19":{"0":2,"1":5,"2":2,"3":4,"4":4,"5":5,"6":5,"7":3,"8":3,"9":3,"10":4,"11":0,"12":5,"13":5,"14":3,"15":5,"16":0,"17":4,"18":5,"19":0}},"method":"hillside","closest_pair":[[4,1,0,6,2,3,5,8,9,10,7,12,11,15,18,14,13,17,16,19],[4,1,0,6,2,3,5,8,9,10,7,11,12,15,18,14,13,17,16,19]],"farthest_pair":[[4,1,0,6,2,3,5,9,8,10,7,15,18,11,14,12,13,17,16,19],[4,1,0,2,3,6,5,8,9,10,7,12,11,15,18,14,13,17,16,19]],"tau_farthest_pair":0.9052631579,"tau_closest_pair":0.9894736842,"centroid_solution":[4,1,0,2,3,6,5,8,9,10,7,11,12,15,18,14,13,17,16,19]}