{"solutions":[[1,0,2,4,9,3,6,13,8,5,10,7,12,15,14,11,16,18,17,19],[1,0,2,4,9,3,6,13,8,5,10,7,12,15,18,14,11,16,17,19],[1,0,2,4,3,6,9,13,8,5,10,7,12,15,14,11,16,18,17,19],[1,0,2,4,9,3,6,13,8,10,5,7,12,15,14,11,16,18,17,19],[1,0,2,4,9,3,6,13,8,5,10,7,12,15,14,11,18,16,17,19],[1,0,2,4,3,6,9,13,8,5,10,7,12,15,14,11,18,16,17,19],[1,0,2,4,9,3,6,13,8,5,10,7,12,15,18,14,17,11,16,19],[1,0,2,4,3,6,9,13,8,10,5,7,12,15,14,11,18,16,17,19],[1,0,2,4,3,6,9,13,8,10,5,7,12,15,18,14,17,11,16,19],[1,0,2,4,3,6,9,13,8,10,5,7,12,15,18,14,11,16,17,19],[1,0,2,4,9,3,6,13,8,10,5,7,12,15,14,11,18,16,17,19],[1,0,2,4,3,6,9,13,8,10,5,7,12,15,14,11,16,18,17,19],[1,0,2,4,3,6,9,13,8,5,10,7,12,15,18,14,11,16,17,19],[1,0,2,4,3,6,9,13,8,5,10,7,12,15,18,14,17,11,16,19],[1,0,2,4,9,3,6,13,8,10,5,7,12,15,18,14,17,11,16,19],[1,0,2,4,9,3,6,13,8,10,5,7,12,15,18,14,11,16,17,19]],"obj":2028.0,"max_tau_solutions":null,"centroid_x":[[0.0,0.0,1.0,1.0,1.0,1.0,1.0,1.0,1.0,1.0,1.0,1.0,1.0,1.0,1.0,1.0,1.0,1.0,1.0,1.0],[1.0,0.0,1.0,1.0,1.0,1.0,1.0,1.0,1.0,1.0,1.0,1.0,1.0,1.0,1.0,1.0,1.0,1.0,1.0,1.0],[0.0,0.0,0.0,1.0,1.0,1.0,1.0,1.0,1.0,1.0,1.0,1.0,1.0,1.0,1.0,1.0,1.0,1.0,1.0,1.0],[0.0,0.0,0.0,0.0,0.0,1.0,1.0,1.0,1.0,0.5451602508,1.0,1.0,1.0,1.0,1.0,1.0,1.0,1.0,1.0,1.0],[0.0,0.0,0.0,1.0,0.0,1.0,1.0,1.0,1.0,1.0,1.0,1.0,1.0,1.0,1.0,1.0,1.0,1.0,1.0,1.0],[0.0,0.0,0.0,0.0,0.0,0.0,0.0,1.0,0.0,0.0,0.5506438113,1.0,1.0,0.0,1.0,1.0,1.0,1.0,1.0,1.0],[0.0,0.0,0.0,0.0,0.0,1.0,0.0,1.0,1.0,0.5451602509,1.0,1.0,1.0,1.0,1.0,1.0,1.0,1.0,1.0,1.0],[0.0,0.0,0.0,0.0,0.0,0.0,0.0,0.0,0.0,0.0,0.0,1.0,1.0,0.0,1.0,1.0,1.0,1.0,1.0,1.0],[0.0,0.0,0.0,0.0,0.0,1.0,0.0,1.0,0.0,0.0,1.0,1.0,1.0,0.0,1.0,1.0,1.0,1.0,1.0,1.0],[0.0,0.0,0.0,0.4548397492,0.0,1.0,0.4548397491,1.0,1.0,0.0,1.0,1.0,1.0,1.0,1.0,1.0,1.0,1.0,1.0,1.0],[0.0,0.0,0.0,0.0,0.0,0.4493561887,0.0,1.0,0.0,0.0,0.0,1.0,1.0,0.0,1.0,1.0,1.0,1.0,1.0,1.0],[0.0,0.0,0.0,0.0,0.0,0.0,0.0,0.0,0.0,0.0,0.0,0.0,0.0,0.0,0.0,0.0,1.0,0.57284422,0.4800793497,1.0],[0.0,0.0,0.0,0.0,0.0,0.0,0.0,0.0,0.0,0.0,0.0,1.0,0.0,0.0,1.0,1.0,1.0,1.0,1.0,1.0],[0.0,0.0,0.0,0.0,0.0,1.0,0.0,1.0,1.0,0.0,1.0,1.0,1.0,0.0,1.0,1.0,1.0,1.0,1.0,1.0],[0.0,0.0,0.0,0.0,0.0,0.0,0.0,0.0,0.0,0.0,0.0,1.0,0.0,0.0,0.0,0.0,1.0,1.0,0.4800793497,1.0],[0.0,0.0,0.0,0.0,0.0,0.0,0.0,0.0,0.0,0.0,0.0,1.0,0.0,0.0,1.0,0.0,1.0,1.0,1.0,1.0],[0.0,0.0,0.0,0.0,0.0,0.0,0.0,0.0,0.0,0.0,0.0,0.0,0.0,0.0,0.0,0.0,0.0,0.5728442201,0.3351981417,1.0],[0.0,0.0,0.0,0.0,0.0,0.0,0.0,0.0,0.0,0.0,0.0,0.42715578,0.0,0.0,0.0,0.0,0.4271557799,0.0,0.0,1.0],[0.0,0.0,0.0,0.0,0.0,0.0,0.0,0.0,0.0,0.0,0.0,0.5199206503,0.0,0.0,0.5199206503,0.0,0.6648018583,1.0,0.0,1.0],[0.0,0.0,0.0,0.0,0.0,0.0,0.0,0.0,0.0,0.0,0.0,0.0,0.0,0.0,0.0,0.0,0.0,0.0,0.0,0.0]],"outlier_solution":[1,0,2,4,9,3,6,13,8,10,5,7,12,15,14,11,16,18,17,19],"dataset_id":583,"source_dataset_id":630,"options":null,"D":{"0":{"0":0,"1":5,"2":5,"3":5,"4":1,"5":0,"6":1,"7":5,"8":1,"9":1,"10":0,"11":0,"12":0,"13":1,"14":4,"15":0,"16":3,"17":3,"18":5,"19":0},"1":{"0":4,"1":0,"2":2,"3":0,"4":2,"5":0,"6":0,"7":0,"8":4,"9":2,"10":3,"11":0,"12":4,"13":0,"14":4,"15":1,"16":0,"17":0,"18":4,"19":0},"2":{"0":5,"1":3,"2":0,"3":0,"4":4,"5":0,"6":0,"7":3,"8":0,"9":2,"10":0,"11":0,"12":0,"13":0,"14":0,"15":0,"16":5,"17":1,"18":0,"19":1},"3":{"0":4,"1":5,"2":0,"3":0,"4":5,"5":0,"6":3,"7":0,"8":0,"9":2,"10":0,"11":0,"12":4,"13":4,"14":0,"15":0,"16":0,"17":4,"18":0,"19":2},"4":{"0":5,"1":5,"2":3,"3":5,"4":0,"5":0,"6":4,"7":0,"8":1,"9":1,"10":0,"11":0,"12":1,"13":2,"14":0,"15":0,"16":5,"17":1,"18":0,"19":0},"5":{"0":5,"1":5,"2":0,"3":4,"4":5,"5":0,"6":2,"7":0,"8":0,"9":5,"10":4,"11":0,"12":0,"13":3,"14":1,"15":0,"16":3,"17":3,"18":0,"19":0},"6":{"0":5,"1":3,"2":4,"3":3,"4":3,"5":0,"6":0,"7":2,"8":3,"9":1,"10":2,"11":4,"12":0,"13":1,"14":0,"15":0,"16":2,"17":0,"18":1,"19":0},"7":{"0":5,"1":5,"2":2,"3":0,"4":5,"5":0,"6":4,"7":0,"8":0,"9":4,"10":4,"11":0,"12":0,"13":1,"14":1,"15":1,"16":0,"17":2,"18":4,"19":4},"8":{"0":3,"1":4,"2":2,"3":5,"4":5,"5":0,"6":1,"7":5,"8":0,"9":0,"10":5,"11":5,"12":0,"13":0,"14":0,"15":2,"16":0,"17":5,"18":0,"19":0},"9":{"0":1,"1":5,"2":3,"3":5,"4":2,"5":5,"6":0,"7":5,"8":4,"9":0,"10":0,"11":0,"12":0,"13":0,"14":4,"15":0,"16":0,"17":3,"18":0,"19":0},"10":{"0":5,"1":2,"2":2,"3":0,"4":0,"5":5,"6":0,"7":0,"8":5,"9":5,"10":0,"11":0,"12":5,"13":0,"14":1,"15":1,"16":0,"17":4,"18":1,"19":0},"11":{"0":5,"1":5,"2":5,"3":0,"4":0,"5":5,"6":5,"7":2,"8":0,"9":3,"10":5,"11":0,"12":2,"13":2,"14":0,"15":5,"16":3,"17":2,"18":3,"19":3},"12":{"0":5,"1":0,"2":2,"3":5,"4":2,"5":2,"6":5,"7":0,"8":1,"9":5,"10":5,"11":3,"12":0,"13":3,"14":3,"15":5,"16":3,"17":0,"18":0,"19":0},"13":{"0":3,"1":0,"2":1,"3":4,"4":5,"5":3,"6":4,"7":3,"8":2,"9":2,"10":0,"11":2,"12":5,"13":0,"14":0,"15":0,"16":0,"17":0,"18":4,"19":1},"14":{"0":5,"1":5,"2":1,"3":1,"4":5,"5":5,"6":3,"7":5,"8":4,"9":2,"10":5,"11":5,"12":4,"13":5,"14":0,"15":5,"16":0,"17":0,"18":0,"19":1},"15":{"0":5,"1":5,"2":5,"3":0,"4":1,"5":2,"6":0,"7":1,"8":5,"9":0,"10":1,"11":5,"12":2,"13":5,"14":5,"15":0,"16":0,"17":0,"18":0,"19":0},"16":{"0":0,"1":5,"2":4,"3":5,"4":5,"5":3,"6":5,"7":0,"8":5,"9":4,"10":1,"11":1,"12":5,"13":5,"14":2,"15":4,"16":0,"17":4,"18":4,"19":0},"17":{"0":5,"1":5,"2":5,"3":5,"4":5,"5":5,"6":0,"7":0,"8":5,"9":5,"10":1,"11":5,"12":5,"13":0,"14":5,"15":2,"16":3,"17":0,"18":0,"19":5},"18":{"0":2,"1":5,"2":2,"3":5,"4":5,"5":5,"6":5,"7":3,"8":0,"9":3,"10":0,"11":1,"12":1,"13":3,"14":5,"15":4,"16":5,"17":5,"18":0,"19":1},"19":{"0":2,"1":5,"2":5,"3":5,"4":0,"5":0,"6":5,"7":5,"8":5,"9":3,"10":3,"11":5,"12":0,"13":5,"14":5,"15":5,"16":0,"17":0,"18":5,"19":0}},"method":"hillside","closest_pair":[[1,0,2,4,9,3,6,13,8,10,5,7,12,15,14,11,16,18,17,19],[1,0,2,4,9,3,6,13,8,10,5,7,12,15,14,11,18,16,17,19]],"farthest_pair":[[1,0,2,4,9,3,6,13,8,10,5,7,12,15,14,11,16,18,17,19],[1,0,2,4,3,6,9,13,8,5,10,7,12,15,18,14,17,11,16,19]],"tau_farthest_pair":0.9157894737,"tau_closest_pair":0.9894736842,"centroid_solution":[1,0,2,4,3,6,9,13,8,5,10,7,12,15,18,14,11,16,17,19]}