{"solutions":[[17,11,19,13,12,15,14,9,18,16,8,10,5,3,1,4,6,0,2,7],[17,11,19,13,15,12,14,9,18,16,8,10,5,3,1,4,6,0,2,7],[17,11,19,13,12,15,14,9,18,16,8,5,3,1,10,4,6,0,2,7],[17,11,19,13,15,12,14,18,9,16,8,5,10,3,1,4,6,0,2,7],[17,11,19,13,15,12,14,9,18,16,8,5,3,10,1,4,6,0,2,7],[17,11,19,13,12,14,15,9,18,16,8,10,5,3,1,4,6,0,2,7],[17,11,19,13,12,14,15,18,9,16,8,5,3,1,10,4,6,0,2,7],[17,11,19,13,12,15,14,9,18,16,8,5,10,3,1,4,6,0,2,7],[17,11,19,13,12,14,15,18,9,16,8,5,3,10,1,4,6,0,2,7],[17,11,19,13,12,15,14,18,9,16,8,5,3,1,10,4,6,0,2,7],[17,11,19,13,15,12,14,18,9,16,8,5,3,10,1,4,6,0,2,7],[17,11,19,13,15,12,14,18,9,16,8,10,5,3,1,4,6,0,2,7],[17,11,19,13,15,12,14,9,18,16,8,5,3,1,10,4,6,0,2,7],[17,11,19,13,12,14,15,18,9,16,8,5,10,3,1,4,6,0,2,7],[17,11,19,13,12,15,14,18,9,16,8,5,3,10,1,4,6,0,2,7],[17,11,19,13,12,15,14,18,9,16,8,5,10,3,1,4,6,0,2,7],[17,11,19,13,15,12,14,9,18,16,8,5,10,3,1,4,6,0,2,7],[17,11,19,13,12,14,15,9,18,16,8,5,3,1,10,4,6,0,2,7],[17,11,19,13,12,14,15,9,18,16,8,5,3,10,1,4,6,0,2,7],[17,11,19,13,12,15,14,9,18,16,8,5,3,10,1,4,6,0,2,7],[17,11,19,13,12,15,14,18,9,16,8,10,5,3,1,4,6,0,2,7],[17,11,19,13,12,14,15,9,18,16,8,5,10,3,1,4,6,0,2,7],[17,11,19,13,12,14,15,18,9,16,8,10,5,3,1,4,6,0,2,7],[17,11,19,13,15,12,14,18,9,16,8,5,3,1,10,4,6,0,2,7]],"obj":2267.0,"max_tau_solutions":null,"centroid_x":[[0.0,0.0,1.0,0.0,0.0,0.0,0.0,1.0,0.0,0.0,0.0,0.0,0.0,0.0,0.0,0.0,0.0,0.0,0.0,0.0],[1.0,0.0,1.0,0.0,1.0,0.0,1.0,1.0,0.0,0.0,0.3793801871,0.0,0.0,0.0,0.0,0.0,0.0,0.0,0.0,0.0],[0.0,0.0,0.0,0.0,0.0,0.0,0.0,1.0,0.0,0.0,0.0,0.0,0.0,0.0,0.0,0.0,0.0,0.0,0.0,0.0],[1.0,1.0,1.0,0.0,1.0,0.0,1.0,1.0,0.0,0.0,0.4400504727,0.0,0.0,0.0,0.0,0.0,0.0,0.0,0.0,0.0],[1.0,0.0,1.0,0.0,0.0,0.0,1.0,1.0,0.0,0.0,0.0,0.0,0.0,0.0,0.0,0.0,0.0,0.0,0.0,0.0],[1.0,1.0,1.0,1.0,1.0,0.0,1.0,1.0,0.0,0.0,0.5218027836,0.0,0.0,0.0,0.0,0.0,0.0,0.0,0.0,0.0],[1.0,0.0,1.0,0.0,0.0,0.0,0.0,1.0,0.0,0.0,0.0,0.0,0.0,0.0,0.0,0.0,0.0,0.0,0.0,0.0],[0.0,0.0,0.0,0.0,0.0,0.0,0.0,0.0,0.0,0.0,0.0,0.0,0.0,0.0,0.0,0.0,0.0,0.0,0.0,0.0],[1.0,1.0,1.0,1.0,1.0,1.0,1.0,1.0,0.0,0.0,1.0,0.0,0.0,0.0,0.0,0.0,0.0,0.0,0.0,0.0],[1.0,1.0,1.0,1.0,1.0,1.0,1.0,1.0,1.0,0.0,1.0,0.0,0.0,0.0,0.0,0.0,1.0,0.0,0.4743548068,0.0],[1.0,0.6206198129,1.0,0.5599495273,1.0,0.4781972164,1.0,1.0,0.0,0.0,0.0,0.0,0.0,0.0,0.0,0.0,0.0,0.0,0.0,0.0],[1.0,1.0,1.0,1.0,1.0,1.0,1.0,1.0,1.0,1.0,1.0,0.0,1.0,1.0,1.0,1.0,1.0,0.0,1.0,1.0],[1.0,1.0,1.0,1.0,1.0,1.0,1.0,1.0,1.0,1.0,1.0,0.0,0.0,0.0,1.0,0.437613888,1.0,0.0,1.0,0.0],[1.0,1.0,1.0,1.0,1.0,1.0,1.0,1.0,1.0,1.0,1.0,0.0,1.0,0.0,1.0,1.0,1.0,0.0,1.0,0.0],[1.0,1.0,1.0,1.0,1.0,1.0,1.0,1.0,1.0,1.0,1.0,0.0,0.0,0.0,0.0,0.2815848288,1.0,0.0,1.0,0.0],[1.0,1.0,1.0,1.0,1.0,1.0,1.0,1.0,1.0,1.0,1.0,0.0,0.562386112,0.0,0.7184151712,0.0,1.0,0.0,1.0,0.0],[1.0,1.0,1.0,1.0,1.0,1.0,1.0,1.0,1.0,0.0,1.0,0.0,0.0,0.0,0.0,0.0,0.0,0.0,0.0,0.0],[1.0,1.0,1.0,1.0,1.0,1.0,1.0,1.0,1.0,1.0,1.0,1.0,1.0,1.0,1.0,1.0,1.0,0.0,1.0,1.0],[1.0,1.0,1.0,1.0,1.0,1.0,1.0,1.0,1.0,0.5256451932,1.0,0.0,0.0,0.0,0.0,0.0,1.0,0.0,0.0,0.0],[1.0,1.0,1.0,1.0,1.0,1.0,1.0,1.0,1.0,1.0,1.0,0.0,1.0,1.0,1.0,1.0,1.0,0.0,1.0,0.0]],"outlier_solution":[17,11,19,13,12,14,15,9,18,16,8,5,3,1,10,4,6,0,2,7],"dataset_id":584,"source_dataset_id":631,"options":null,"D":{"0":{"0":0,"1":5,"2":2,"3":5,"4":5,"5":2,"6":0,"7":0,"8":2,"9":5,"10":0,"11":0,"12":3,"13":5,"14":5,"15":4,"16":5,"17":5,"18":0,"19":5},"1":{"0":0,"1":0,"2":5,"3":5,"4":5,"5":2,"6":0,"7":4,"8":5,"9":5,"10":2,"11":1,"12":3,"13":5,"14":5,"15":5,"16":0,"17":2,"18":5,"19":5},"2":{"0":0,"1":2,"2":0,"3":5,"4":1,"5":4,"6":3,"7":0,"8":3,"9":5,"10":1,"11":0,"12":5,"13":1,"14":2,"15":0,"16":5,"17":2,"18":0,"19":2},"3":{"0":4,"1":1,"2":3,"3":0,"4":5,"5":5,"6":0,"7":5,"8":2,"9":5,"10":0,"11":1,"12":5,"13":0,"14":0,"15":4,"16":0,"17":5,"18":0,"19":5},"4":{"0":2,"1":3,"2":0,"3":4,"4":0,"5":0,"6":0,"7":2,"8":5,"9":0,"10":4,"11":5,"12":5,"13":5,"14":4,"15":5,"16":5,"17":3,"18":5,"19":0},"5":{"0":3,"1":2,"2":0,"3":0,"4":0,"5":0,"6":4,"7":3,"8":0,"9":2,"10":0,"11":5,"12":0,"13":5,"14":5,"15":4,"16":3,"17":4,"18":5,"19":5},"6":{"0":0,"1":1,"2":1,"3":5,"4":0,"5":0,"6":0,"7":5,"8":0,"9":5,"10":5,"11":5,"12":5,"13":5,"14":0,"15":5,"16":5,"17":3,"18":5,"19":0},"7":{"0":2,"1":3,"2":5,"3":3,"4":0,"5":3,"6":5,"7":0,"8":3,"9":3,"10":1,"11":4,"12":3,"13":5,"14":5,"15":0,"16":1,"17":5,"18":1,"19":5},"8":{"0":0,"1":4,"2":0,"3":0,"4":0,"5":0,"6":1,"7":3,"8":0,"9":4,"10":3,"11":5,"12":4,"13":5,"14":5,"15":5,"16":2,"17":1,"18":4,"19":4},"9":{"0":1,"1":3,"2":0,"3":0,"4":1,"5":5,"6":0,"7":1,"8":0,"9":0,"10":0,"11":2,"12":2,"13":5,"14":0,"15":5,"16":5,"17":5,"18":0,"19":1},"10":{"0":4,"1":0,"2":1,"3":0,"4":0,"5":0,"6":3,"7":0,"8":0,"9":0,"10":0,"11":5,"12":5,"13":5,"14":5,"15":0,"16":0,"17":2,"18":0,"19":2},"11":{"0":3,"1":1,"2":2,"3":4,"4":0,"5":2,"6":0,"7":0,"8":3,"9":2,"10":0,"11":0,"12":3,"13":0,"14":0,"15":0,"16":5,"17":2,"18":0,"19":5},"12":{"0":0,"1":0,"2":2,"3":0,"4":3,"5":1,"6":4,"7":1,"8":4,"9":1,"10":0,"11":2,"12":0,"13":3,"14":4,"15":4,"16":0,"17":5,"18":0,"19":0},"13":{"0":4,"1":0,"2":0,"3":5,"4":0,"5":0,"6":0,"7":0,"8":0,"9":3,"10":0,"11":0,"12":5,"13":0,"14":0,"15":5,"16":1,"17":5,"18":5,"19":5},"14":{"0":0,"1":3,"2":0,"3":0,"4":4,"5":2,"6":2,"7":0,"8":5,"9":0,"10":0,"11":0,"12":1,"13":0,"14":0,"15":5,"16":4,"17":4,"18":5,"19":5},"15":{"0":1,"1":4,"2":0,"3":0,"4":4,"5":5,"6":0,"7":2,"8":2,"9":0,"10":3,"11":2,"12":0,"13":3,"14":0,"15":0,"16":3,"17":3,"18":5,"19":0},"16":{"0":0,"1":0,"2":0,"3":3,"4":5,"5":4,"6":5,"7":0,"8":4,"9":1,"10":1,"11":5,"12":3,"13":0,"14":0,"15":1,"16":0,"17":5,"18":1,"19":5},"17":{"0":1,"1":3,"2":0,"3":2,"4":0,"5":4,"6":1,"7":0,"8":0,"9":0,"10":0,"11":3,"12":0,"13":0,"14":0,"15":0,"16":0,"17":0,"18":4,"19":5},"18":{"0":5,"1":5,"2":3,"3":0,"4":5,"5":4,"6":1,"7":0,"8":5,"9":0,"10":5,"11":4,"12":0,"13":0,"14":1,"15":0,"16":0,"17":0,"18":0,"19":0},"19":{"0":0,"1":4,"2":0,"3":5,"4":3,"5":0,"6":0,"7":0,"8":5,"9":0,"10":4,"11":3,"12":0,"13":0,"14":4,"15":0,"16":0,"17":5,"18":3,"19":0}},"method":"hillside","closest_pair":[[17,11,19,13,12,15,14,18,9,16,8,5,10,3,1,4,6,0,2,7],[17,11,19,13,12,15,14,18,9,16,8,5,3,10,1,4,6,0,2,7]],"farthest_pair":[[17,11,19,13,15,12,14,18,9,16,8,5,3,1,10,4,6,0,2,7],[17,11,19,13,12,14,15,9,18,16,8,10,5,3,1,4,6,0,2,7]],"tau_farthest_pair":0.9368421053,"tau_closest_pair":0.9894736842,"centroid_solution":[17,11,19,13,15,12,14,18,9,16,8,5,10,3,1,4,6,0,2,7]}