{"solutions":[[2,1,4,0,6,3,9,7,11,8,5,10,13,17,15,16,19,12,18,14],[2,4,1,0,6,3,9,7,11,8,5,10,13,17,15,16,19,12,18,14],[2,1,0,4,6,3,9,7,11,8,5,16,10,13,17,19,15,12,18,14],[2,1,4,0,6,3,9,7,11,8,5,16,10,13,17,19,15,12,18,14],[2,1,0,4,6,3,9,7,11,8,5,10,13,17,15,16,19,12,18,14],[2,4,1,0,6,3,9,7,11,8,5,16,10,13,17,19,15,12,18,14]],"obj":2041.0,"max_tau_solutions":null,"centroid_x":[[0.0,0.0,0.0,1.0,0.4036869685,1.0,1.0,1.0,1.0,1.0,1.0,1.0,1.0,1.0,1.0,1.0,1.0,1.0,1.0,1.0],[1.0,0.0,0.0,1.0,0.552999567,1.0,1.0,1.0,1.0,1.0,1.0,1.0,1.0,1.0,1.0,1.0,1.0,1.0,1.0,1.0],[1.0,1.0,0.0,1.0,1.0,1.0,1.0,1.0,1.0,1.0,1.0,1.0,1.0,1.0,1.0,1.0,1.0,1.0,1.0,1.0],[0.0,0.0,0.0,0.0,0.0,1.0,0.0,1.0,1.0,1.0,1.0,1.0,1.0,1.0,1.0,1.0,1.0,1.0,1.0,1.0],[0.5963130315,0.447000433,0.0,1.0,0.0,1.0,1.0,1.0,1.0,1.0,1.0,1.0,1.0,1.0,1.0,1.0,1.0,1.0,1.0,1.0],[0.0,0.0,0.0,0.0,0.0,0.0,0.0,0.0,0.0,0.0,1.0,0.0,1.0,1.0,1.0,1.0,1.0,1.0,1.0,1.0],[0.0,0.0,0.0,1.0,0.0,1.0,0.0,1.0,1.0,1.0,1.0,1.0,1.0,1.0,1.0,1.0,1.0,1.0,1.0,1.0],[0.0,0.0,0.0,0.0,0.0,1.0,0.0,0.0,1.0,0.0,1.0,1.0,1.0,1.0,1.0,1.0,1.0,1.0,1.0,1.0],[0.0,0.0,0.0,0.0,0.0,1.0,0.0,0.0,0.0,0.0,1.0,0.0,1.0,1.0,1.0,1.0,1.0,1.0,1.0,1.0],[0.0,0.0,0.0,0.0,0.0,1.0,0.0,1.0,1.0,0.0,1.0,1.0,1.0,1.0,1.0,1.0,1.0,1.0,1.0,1.0],[0.0,0.0,0.0,0.0,0.0,0.0,0.0,0.0,0.0,0.0,0.0,0.0,1.0,1.0,1.0,1.0,0.470944266,1.0,1.0,1.0],[0.0,0.0,0.0,0.0,0.0,1.0,0.0,0.0,1.0,0.0,1.0,0.0,1.0,1.0,1.0,1.0,1.0,1.0,1.0,1.0],[0.0,0.0,0.0,0.0,0.0,0.0,0.0,0.0,0.0,0.0,0.0,0.0,0.0,0.0,1.0,0.0,0.0,0.0,1.0,0.0],[0.0,0.0,0.0,0.0,0.0,0.0,0.0,0.0,0.0,0.0,0.0,0.0,1.0,0.0,1.0,1.0,0.4709442661,1.0,1.0,1.0],[0.0,0.0,0.0,0.0,0.0,0.0,0.0,0.0,0.0,0.0,0.0,0.0,0.0,0.0,0.0,0.0,0.0,0.0,0.0,0.0],[0.0,0.0,0.0,0.0,0.0,0.0,0.0,0.0,0.0,0.0,0.0,0.0,1.0,0.0,1.0,0.0,0.4709442664,0.0,1.0,0.4709442663],[0.0,0.0,0.0,0.0,0.0,0.0,0.0,0.0,0.0,0.0,0.529055734,0.0,1.0,0.5290557339,1.0,0.5290557336,0.0,0.5290557342,1.0,1.0],[0.0,0.0,0.0,0.0,0.0,0.0,0.0,0.0,0.0,0.0,0.0,0.0,1.0,0.0,1.0,1.0,0.4709442658,0.0,1.0,1.0],[0.0,0.0,0.0,0.0,0.0,0.0,0.0,0.0,0.0,0.0,0.0,0.0,0.0,0.0,1.0,0.0,0.0,0.0,0.0,0.0],[0.0,0.0,0.0,0.0,0.0,0.0,0.0,0.0,0.0,0.0,0.0,0.0,1.0,0.0,1.0,0.5290557337,0.0,0.0,1.0,0.0]],"outlier_solution":[2,1,0,4,6,3,9,7,11,8,5,10,13,17,15,16,19,12,18,14],"dataset_id":585,"source_dataset_id":632,"options":null,"D":{"0":{"0":0,"1":5,"2":0,"3":0,"4":2,"5":0,"6":1,"7":0,"8":0,"9":3,"10":0,"11":0,"12":0,"13":3,"14":1,"15":0,"16":4,"17":3,"18":1,"19":5},"1":{"0":2,"1":0,"2":0,"3":1,"4":0,"5":0,"6":0,"7":4,"8":0,"9":0,"10":0,"11":0,"12":0,"13":3,"14":0,"15":5,"16":1,"17":4,"18":0,"19":0},"2":{"0":5,"1":0,"2":0,"3":0,"4":5,"5":0,"6":1,"7":0,"8":0,"9":0,"10":0,"11":0,"12":0,"13":0,"14":0,"15":0,"16":2,"17":3,"18":2,"19":1},"3":{"0":5,"1":5,"2":2,"3":0,"4":0,"5":0,"6":4,"7":0,"8":1,"9":0,"10":2,"11":4,"12":3,"13":2,"14":0,"15":0,"16":1,"17":0,"18":0,"19":0},"4":{"0":5,"1":0,"2":5,"3":2,"4":0,"5":0,"6":5,"7":2,"8":0,"9":0,"10":0,"11":5,"12":0,"13":0,"14":0,"15":0,"16":0,"17":4,"18":0,"19":0},"5":{"0":0,"1":2,"2":5,"3":5,"4":5,"5":0,"6":1,"7":0,"8":0,"9":3,"10":4,"11":1,"12":0,"13":0,"14":3,"15":0,"16":0,"17":2,"18":4,"19":1},"6":{"0":5,"1":5,"2":3,"3":5,"4":5,"5":3,"6":0,"7":0,"8":0,"9":4,"10":0,"11":0,"12":0,"13":2,"14":0,"15":0,"16":0,"17":3,"18":0,"19":0},"7":{"0":5,"1":5,"2":1,"3":0,"4":0,"5":0,"6":0,"7":0,"8":0,"9":2,"10":0,"11":0,"12":0,"13":0,"14":0,"15":1,"16":1,"17":0,"18":1,"19":2},"8":{"0":5,"1":5,"2":1,"3":1,"4":2,"5":0,"6":0,"7":5,"8":0,"9":0,"10":0,"11":4,"12":0,"13":0,"14":0,"15":5,"16":5,"17":4,"18":3,"19":4},"9":{"0":5,"1":5,"2":1,"3":0,"4":0,"5":5,"6":5,"7":5,"8":5,"9":0,"10":0,"11":3,"12":0,"13":1,"14":3,"15":0,"16":0,"17":0,"18":0,"19":0},"10":{"0":0,"1":3,"2":5,"3":5,"4":0,"5":5,"6":5,"7":4,"8":5,"9":1,"10":0,"11":0,"12":0,"13":0,"14":4,"15":4,"16":0,"17":0,"18":5,"19":5},"11":{"0":3,"1":0,"2":5,"3":1,"4":5,"5":5,"6":4,"7":0,"8":5,"9":0,"10":3,"11":0,"12":5,"13":0,"14":0,"15":0,"16":0,"17":0,"18":1,"19":5},"12":{"0":5,"1":3,"2":5,"3":5,"4":3,"5":5,"6":0,"7":0,"8":2,"9":5,"10":4,"11":0,"12":0,"13":3,"14":0,"15":0,"16":5,"17":2,"18":0,"19":1},"13":{"0":1,"1":2,"2":5,"3":5,"4":3,"5":0,"6":5,"7":0,"8":3,"9":3,"10":5,"11":5,"12":5,"13":0,"14":0,"15":2,"16":1,"17":5,"18":0,"19":0},"14":{"0":5,"1":5,"2":5,"3":4,"4":5,"5":5,"6":5,"7":1,"8":2,"9":5,"10":5,"11":3,"12":3,"13":5,"14":0,"15":0,"16":0,"17":3,"18":0,"19":4},"15":{"0":0,"1":2,"2":5,"3":3,"4":4,"5":2,"6":5,"7":5,"8":5,"9":5,"10":5,"11":5,"12":0,"13":3,"14":0,"15":0,"16":0,"17":0,"18":0,"19":5},"16":{"0":3,"1":2,"2":3,"3":2,"4":5,"5":5,"6":0,"7":5,"8":1,"9":0,"10":5,"11":5,"12":0,"13":5,"14":3,"15":3,"16":0,"17":4,"18":0,"19":0},"17":{"0":5,"1":1,"2":5,"3":5,"4":5,"5":5,"6":4,"7":3,"8":5,"9":4,"10":3,"11":1,"12":3,"13":3,"14":5,"15":4,"16":3,"17":0,"18":0,"19":3},"18":{"0":0,"1":5,"2":0,"3":5,"4":2,"5":1,"6":0,"7":0,"8":3,"9":5,"10":1,"11":5,"12":5,"13":4,"14":3,"15":5,"16":2,"17":5,"18":0,"19":2},"19":{"0":5,"1":3,"2":4,"3":0,"4":4,"5":0,"6":5,"7":3,"8":5,"9":5,"10":5,"11":0,"12":5,"13":0,"14":5,"15":5,"16":1,"17":2,"18":1,"19":0}},"method":"hillside","closest_pair":[[2,1,4,0,6,3,9,7,11,8,5,10,13,17,15,16,19,12,18,14],[2,4,1,0,6,3,9,7,11,8,5,10,13,17,15,16,19,12,18,14]],"farthest_pair":[[2,1,0,4,6,3,9,7,11,8,5,16,10,13,17,19,15,12,18,14],[2,4,1,0,6,3,9,7,11,8,5,10,13,17,15,16,19,12,18,14]],"centroid_solution":[2,1,4,0,6,3,9,7,11,8,5,16,10,13,17,19,15,12,18,14]}