{"solutions":[[3,1,4,2,0,7,5,6,10,14,9,13,17,8,12,11,16,19,15,18],[3,1,4,0,2,7,5,14,6,10,9,13,17,8,12,11,16,19,15,18],[3,1,4,0,2,7,5,6,10,9,14,13,17,8,12,11,16,19,15,18],[3,1,4,0,2,7,5,6,10,14,9,13,17,8,12,11,16,19,15,18],[3,1,4,2,0,7,5,14,6,10,9,13,17,8,12,11,16,19,15,18],[3,1,4,2,0,7,5,6,10,9,14,13,17,8,12,11,16,19,15,18]],"obj":2021.0,"max_tau_solutions":null,"centroid_x":[[0.0,0.0,0.5087127206,0.0,0.0,1.0,1.0,1.0,1.0,1.0,1.0,1.0,1.0,1.0,1.0,1.0,1.0,1.0,1.0,1.0],[1.0,0.0,1.0,0.0,1.0,1.0,1.0,1.0,1.0,1.0,1.0,1.0,1.0,1.0,1.0,1.0,1.0,1.0,1.0,1.0],[0.4912872794,0.0,0.0,0.0,0.0,1.0,1.0,1.0,1.0,1.0,1.0,1.0,1.0,1.0,1.0,1.0,1.0,1.0,1.0,1.0],[1.0,1.0,1.0,0.0,1.0,1.0,1.0,1.0,1.0,1.0,1.0,1.0,1.0,1.0,1.0,1.0,1.0,1.0,1.0,1.0],[1.0,0.0,1.0,0.0,0.0,1.0,1.0,1.0,1.0,1.0,1.0,1.0,1.0,1.0,1.0,1.0,1.0,1.0,1.0,1.0],[0.0,0.0,0.0,0.0,0.0,0.0,1.0,0.0,1.0,1.0,1.0,1.0,1.0,1.0,1.0,1.0,1.0,1.0,1.0,1.0],[0.0,0.0,0.0,0.0,0.0,0.0,0.0,0.0,1.0,1.0,1.0,1.0,1.0,1.0,0.5470525135,1.0,1.0,1.0,1.0,1.0],[0.0,0.0,0.0,0.0,0.0,1.0,1.0,0.0,1.0,1.0,1.0,1.0,1.0,1.0,1.0,1.0,1.0,1.0,1.0,1.0],[0.0,0.0,0.0,0.0,0.0,0.0,0.0,0.0,0.0,0.0,0.0,1.0,1.0,0.0,0.0,1.0,1.0,0.0,1.0,1.0],[0.0,0.0,0.0,0.0,0.0,0.0,0.0,0.0,1.0,0.0,0.0,1.0,1.0,1.0,0.3904804461,1.0,1.0,1.0,1.0,1.0],[0.0,0.0,0.0,0.0,0.0,0.0,0.0,0.0,1.0,1.0,0.0,1.0,1.0,1.0,0.5470525142,1.0,1.0,1.0,1.0,1.0],[0.0,0.0,0.0,0.0,0.0,0.0,0.0,0.0,0.0,0.0,0.0,0.0,0.0,0.0,0.0,1.0,1.0,0.0,1.0,1.0],[0.0,0.0,0.0,0.0,0.0,0.0,0.0,0.0,0.0,0.0,0.0,1.0,0.0,0.0,0.0,1.0,1.0,0.0,1.0,1.0],[0.0,0.0,0.0,0.0,0.0,0.0,0.0,0.0,1.0,0.0,0.0,1.0,1.0,0.0,0.0,1.0,1.0,1.0,1.0,1.0],[0.0,0.0,0.0,0.0,0.0,0.0,0.4529474865,0.0,1.0,0.6095195539,0.4529474858,1.0,1.0,1.0,0.0,1.0,1.0,1.0,1.0,1.0],[0.0,0.0,0.0,0.0,0.0,0.0,0.0,0.0,0.0,0.0,0.0,0.0,0.0,0.0,0.0,0.0,0.0,0.0,1.0,0.0],[0.0,0.0,0.0,0.0,0.0,0.0,0.0,0.0,0.0,0.0,0.0,0.0,0.0,0.0,0.0,1.0,0.0,0.0,1.0,1.0],[0.0,0.0,0.0,0.0,0.0,0.0,0.0,0.0,1.0,0.0,0.0,1.0,1.0,0.0,0.0,1.0,1.0,0.0,1.0,1.0],[0.0,0.0,0.0,0.0,0.0,0.0,0.0,0.0,0.0,0.0,0.0,0.0,0.0,0.0,0.0,0.0,0.0,0.0,0.0,0.0],[0.0,0.0,0.0,0.0,0.0,0.0,0.0,0.0,0.0,0.0,0.0,0.0,0.0,0.0,0.0,1.0,0.0,0.0,1.0,0.0]],"outlier_solution":[3,1,4,2,0,7,5,6,10,9,14,13,17,8,12,11,16,19,15,18],"dataset_id":589,"source_dataset_id":636,"options":null,"D":{"0":{"0":0,"1":3,"2":0,"3":1,"4":0,"5":3,"6":0,"7":5,"8":2,"9":1,"10":0,"11":0,"12":0,"13":2,"14":5,"15":0,"16":1,"17":0,"18":0,"19":0},"1":{"0":1,"1":0,"2":1,"3":0,"4":5,"5":4,"6":3,"7":0,"8":0,"9":0,"10":0,"11":5,"12":0,"13":0,"14":0,"15":0,"16":4,"17":0,"18":0,"19":2},"2":{"0":5,"1":1,"2":0,"3":4,"4":4,"5":3,"6":0,"7":1,"8":4,"9":4,"10":0,"11":2,"12":0,"13":0,"14":0,"15":0,"16":4,"17":2,"18":0,"19":0},"3":{"0":3,"1":0,"2":5,"3":0,"4":2,"5":0,"6":0,"7":0,"8":0,"9":0,"10":0,"11":0,"12":0,"13":1,"14":5,"15":0,"16":0,"17":2,"18":3,"19":0},"4":{"0":2,"1":4,"2":5,"3":5,"4":0,"5":4,"6":0,"7":1,"8":0,"9":1,"10":4,"11":0,"12":5,"13":0,"14":0,"15":2,"16":0,"17":0,"18":0,"19":0},"5":{"0":0,"1":2,"2":5,"3":5,"4":2,"5":0,"6":3,"7":2,"8":0,"9":2,"10":2,"11":0,"12":0,"13":0,"14":5,"15":0,"16":3,"17":3,"18":0,"19":0},"6":{"0":0,"1":2,"2":5,"3":3,"4":5,"5":0,"6":0,"7":0,"8":4,"9":0,"10":4,"11":0,"12":5,"13":0,"14":0,"15":0,"16":2,"17":5,"18":0,"19":0},"7":{"0":4,"1":0,"2":5,"3":1,"4":5,"5":5,"6":1,"7":0,"8":0,"9":0,"10":1,"11":3,"12":5,"13":2,"14":1,"15":0,"16":2,"17":1,"18":0,"19":0},"8":{"0":4,"1":5,"2":0,"3":1,"4":5,"5":5,"6":5,"7":5,"8":0,"9":1,"10":0,"11":5,"12":0,"13":0,"14":5,"15":0,"16":5,"17":5,"18":2,"19":0},"9":{"0":1,"1":3,"2":1,"3":5,"4":5,"5":5,"6":0,"7":5,"8":0,"9":0,"10":5,"11":1,"12":0,"13":2,"14":4,"15":2,"16":3,"17":3,"18":0,"19":4},"10":{"0":1,"1":0,"2":2,"3":5,"4":1,"5":0,"6":3,"7":5,"8":5,"9":5,"10":0,"11":0,"12":2,"13":2,"14":4,"15":2,"16":0,"17":4,"18":0,"19":4},"11":{"0":0,"1":5,"2":5,"3":2,"4":5,"5":1,"6":2,"7":5,"8":1,"9":3,"10":5,"11":0,"12":1,"13":2,"14":0,"15":4,"16":5,"17":0,"18":0,"19":1},"12":{"0":4,"1":5,"2":5,"3":5,"4":5,"5":0,"6":0,"7":4,"8":1,"9":5,"10":5,"11":0,"12":0,"13":2,"14":0,"15":0,"16":3,"17":4,"18":0,"19":4},"13":{"0":3,"1":5,"2":3,"3":5,"4":5,"5":3,"6":3,"7":0,"8":4,"9":0,"10":0,"11":0,"12":0,"13":0,"14":5,"15":0,"16":5,"17":0,"18":0,"19":1},"14":{"0":5,"1":5,"2":5,"3":1,"4":5,"5":5,"6":1,"7":0,"8":2,"9":0,"10":0,"11":0,"12":5,"13":5,"14":0,"15":3,"16":0,"17":5,"18":3,"19":0},"15":{"0":1,"1":5,"2":3,"3":5,"4":0,"5":2,"6":0,"7":5,"8":5,"9":0,"10":5,"11":3,"12":5,"13":5,"14":5,"15":0,"16":0,"17":5,"18":5,"19":5},"16":{"0":1,"1":5,"2":0,"3":5,"4":5,"5":0,"6":5,"7":5,"8":2,"9":0,"10":5,"11":1,"12":4,"13":5,"14":5,"15":5,"16":0,"17":3,"18":5,"19":0},"17":{"0":3,"1":5,"2":2,"3":1,"4":4,"5":5,"6":3,"7":4,"8":5,"9":5,"10":0,"11":0,"12":0,"13":4,"14":5,"15":3,"16":5,"17":0,"18":0,"19":5},"18":{"0":5,"1":0,"2":5,"3":5,"4":2,"5":4,"6":1,"7":3,"8":5,"9":5,"10":5,"11":4,"12":1,"13":0,"14":5,"15":5,"16":4,"17":5,"18":0,"19":0},"19":{"0":5,"1":5,"2":0,"3":0,"4":0,"5":5,"6":5,"7":3,"8":5,"9":5,"10":5,"11":4,"12":5,"13":5,"14":4,"15":5,"16":1,"17":4,"18":4,"19":0}},"method":"hillside","closest_pair":[[3,1,4,0,2,7,5,6,10,14,9,13,17,8,12,11,16,19,15,18],[3,1,4,2,0,7,5,6,10,14,9,13,17,8,12,11,16,19,15,18]],"farthest_pair":[[3,1,4,2,0,7,5,6,10,9,14,13,17,8,12,11,16,19,15,18],[3,1,4,0,2,7,5,14,6,10,9,13,17,8,12,11,16,19,15,18]],"centroid_solution":[3,1,4,0,2,7,5,6,10,14,9,13,17,8,12,11,16,19,15,18]}