{"solutions":[[19,18,17,14,16,8,15,10,11,12,9,13,7,4,3,1,5,6,2,0],[19,18,17,14,16,8,15,9,10,11,13,7,4,3,12,1,5,6,2,0],[19,18,17,14,16,8,15,9,10,11,13,7,4,12,3,1,5,6,2,0],[19,18,17,14,16,8,15,11,9,10,13,7,4,12,3,1,5,6,2,0],[19,18,17,14,16,8,15,11,9,10,13,7,4,3,12,1,5,6,2,0],[19,18,17,14,16,8,15,10,11,9,13,7,4,3,12,1,5,6,2,0],[19,18,17,14,16,8,15,10,11,9,13,7,4,12,3,1,5,6,2,0]],"obj":2044.0,"max_tau_solutions":null,"centroid_x":[[0.0,0.0,0.0,0.0,0.0,0.0,0.0,0.0,0.0,0.0,0.0,0.0,0.0,0.0,0.0,0.0,0.0,0.0,0.0,0.0],[1.0,0.0,1.0,0.0,0.0,1.0,1.0,0.0,0.0,0.0,0.0,0.0,0.0,0.0,0.0,0.0,0.0,0.0,0.0,0.0],[1.0,0.0,0.0,0.0,0.0,0.0,0.0,0.0,0.0,0.0,0.0,0.0,0.0,0.0,0.0,0.0,0.0,0.0,0.0,0.0],[1.0,1.0,1.0,0.0,0.0,1.0,1.0,0.0,0.0,0.0,0.0,0.0,0.3634606391,0.0,0.0,0.0,0.0,0.0,0.0,0.0],[1.0,1.0,1.0,1.0,0.0,1.0,1.0,0.0,0.0,0.0,0.0,0.0,0.5775484127,0.0,0.0,0.0,0.0,0.0,0.0,0.0],[1.0,0.0,1.0,0.0,0.0,0.0,1.0,0.0,0.0,0.0,0.0,0.0,0.0,0.0,0.0,0.0,0.0,0.0,0.0,0.0],[1.0,0.0,1.0,0.0,0.0,0.0,0.0,0.0,0.0,0.0,0.0,0.0,0.0,0.0,0.0,0.0,0.0,0.0,0.0,0.0],[1.0,1.0,1.0,1.0,1.0,1.0,1.0,0.0,0.0,0.0,0.0,0.0,0.5775484127,0.0,0.0,0.0,0.0,0.0,0.0,0.0],[1.0,1.0,1.0,1.0,1.0,1.0,1.0,1.0,0.0,1.0,1.0,1.0,1.0,1.0,0.0,1.0,0.0,0.0,0.0,0.0],[1.0,1.0,1.0,1.0,1.0,1.0,1.0,1.0,0.0,0.0,0.5182313634,0.1658709264,0.5775484127,1.0,0.0,0.0,0.0,0.0,0.0,0.0],[1.0,1.0,1.0,1.0,1.0,1.0,1.0,1.0,0.0,0.4817686366,0.0,0.6476395631,1.0,1.0,0.0,0.0,0.0,0.0,0.0,0.0],[1.0,1.0,1.0,1.0,1.0,1.0,1.0,1.0,0.0,0.8341290736,0.3523604369,0.0,1.0,1.0,0.0,0.0,0.0,0.0,0.0,0.0],[1.0,1.0,1.0,0.6365393609,0.4224515873,1.0,1.0,0.4224515873,0.0,0.4224515873,0.0,0.0,0.0,0.4224515873,0.0,0.0,0.0,0.0,0.0,0.0],[1.0,1.0,1.0,1.0,1.0,1.0,1.0,1.0,0.0,0.0,0.0,0.0,0.5775484127,0.0,0.0,0.0,0.0,0.0,0.0,0.0],[1.0,1.0,1.0,1.0,1.0,1.0,1.0,1.0,1.0,1.0,1.0,1.0,1.0,1.0,0.0,1.0,1.0,0.0,0.0,0.0],[1.0,1.0,1.0,1.0,1.0,1.0,1.0,1.0,0.0,1.0,1.0,1.0,1.0,1.0,0.0,0.0,0.0,0.0,0.0,0.0],[1.0,1.0,1.0,1.0,1.0,1.0,1.0,1.0,1.0,1.0,1.0,1.0,1.0,1.0,0.0,1.0,0.0,0.0,0.0,0.0],[1.0,1.0,1.0,1.0,1.0,1.0,1.0,1.0,1.0,1.0,1.0,1.0,1.0,1.0,1.0,1.0,1.0,0.0,0.0,0.0],[1.0,1.0,1.0,1.0,1.0,1.0,1.0,1.0,1.0,1.0,1.0,1.0,1.0,1.0,1.0,1.0,1.0,1.0,0.0,0.0],[1.0,1.0,1.0,1.0,1.0,1.0,1.0,1.0,1.0,1.0,1.0,1.0,1.0,1.0,1.0,1.0,1.0,1.0,1.0,0.0]],"outlier_solution":[19,18,17,14,16,8,15,9,10,11,13,7,4,3,12,1,5,6,2,0],"dataset_id":594,"source_dataset_id":641,"options":null,"D":{"0":{"0":0,"1":2,"2":5,"3":5,"4":4,"5":3,"6":2,"7":5,"8":5,"9":5,"10":5,"11":5,"12":0,"13":5,"14":4,"15":0,"16":3,"17":5,"18":5,"19":5},"1":{"0":0,"1":0,"2":3,"3":1,"4":0,"5":5,"6":3,"7":5,"8":3,"9":5,"10":4,"11":5,"12":0,"13":0,"14":2,"15":0,"16":0,"17":1,"18":1,"19":1},"2":{"0":2,"1":0,"2":0,"3":0,"4":5,"5":0,"6":4,"7":5,"8":3,"9":1,"10":5,"11":5,"12":1,"13":0,"14":2,"15":5,"16":3,"17":5,"18":5,"19":5},"3":{"0":1,"1":4,"2":2,"3":0,"4":0,"5":2,"6":0,"7":0,"8":2,"9":5,"10":5,"11":5,"12":5,"13":5,"14":5,"15":0,"16":1,"17":0,"18":5,"19":2},"4":{"0":0,"1":2,"2":1,"3":0,"4":0,"5":2,"6":3,"7":0,"8":5,"9":0,"10":5,"11":0,"12":0,"13":5,"14":0,"15":5,"16":0,"17":4,"18":5,"19":2},"5":{"0":2,"1":0,"2":4,"3":0,"4":2,"5":0,"6":4,"7":0,"8":5,"9":5,"10":5,"11":5,"12":5,"13":2,"14":4,"15":3,"16":4,"17":5,"18":4,"19":5},"6":{"0":0,"1":0,"2":0,"3":3,"4":5,"5":0,"6":0,"7":5,"8":5,"9":3,"10":0,"11":5,"12":1,"13":5,"14":5,"15":5,"16":5,"17":4,"18":5,"19":2},"7":{"0":3,"1":0,"2":0,"3":4,"4":0,"5":0,"6":0,"7":0,"8":1,"9":5,"10":3,"11":0,"12":3,"13":0,"14":5,"15":5,"16":1,"17":5,"18":0,"19":5},"8":{"0":0,"1":2,"2":0,"3":0,"4":0,"5":0,"6":0,"7":1,"8":0,"9":0,"10":5,"11":5,"12":5,"13":0,"14":5,"15":5,"16":3,"17":1,"18":0,"19":1},"9":{"0":1,"1":0,"2":0,"3":3,"4":3,"5":0,"6":0,"7":4,"8":3,"9":0,"10":1,"11":0,"12":0,"13":5,"14":0,"15":2,"16":5,"17":5,"18":5,"19":0},"10":{"0":0,"1":0,"2":0,"3":4,"4":5,"5":1,"6":0,"7":0,"8":0,"9":0,"10":0,"11":5,"12":5,"13":5,"14":5,"15":2,"16":5,"17":5,"18":4,"19":0},"11":{"0":3,"1":1,"2":0,"3":1,"4":0,"5":4,"6":0,"7":0,"8":0,"9":2,"10":0,"11":0,"12":5,"13":2,"14":5,"15":5,"16":5,"17":1,"18":5,"19":5},"12":{"0":2,"1":0,"2":3,"3":0,"4":2,"5":4,"6":5,"7":0,"8":1,"9":5,"10":0,"11":5,"12":0,"13":4,"14":5,"15":1,"16":5,"17":4,"18":1,"19":5},"13":{"0":4,"1":3,"2":0,"3":5,"4":0,"5":5,"6":0,"7":0,"8":0,"9":0,"10":5,"11":0,"12":2,"13":0,"14":5,"15":2,"16":4,"17":5,"18":5,"19":5},"14":{"0":0,"1":0,"2":3,"3":0,"4":1,"5":1,"6":0,"7":4,"8":5,"9":0,"10":0,"11":0,"12":5,"13":0,"14":0,"15":3,"16":5,"17":5,"18":0,"19":5},"15":{"0":1,"1":3,"2":3,"3":0,"4":0,"5":4,"6":5,"7":0,"8":4,"9":2,"10":0,"11":2,"12":0,"13":0,"14":1,"15":0,"16":5,"17":1,"18":3,"19":4},"16":{"0":0,"1":1,"2":3,"3":2,"4":0,"5":4,"6":2,"7":4,"8":0,"9":0,"10":0,"11":0,"12":4,"13":0,"14":5,"15":1,"16":0,"17":0,"18":5,"19":5},"17":{"0":0,"1":0,"2":0,"3":0,"4":0,"5":0,"6":3,"7":1,"8":0,"9":0,"10":0,"11":0,"12":0,"13":5,"14":3,"15":3,"16":3,"17":0,"18":5,"19":5},"18":{"0":0,"1":0,"2":0,"3":0,"4":3,"5":0,"6":0,"7":0,"8":3,"9":0,"10":0,"11":1,"12":2,"13":4,"14":5,"15":0,"16":1,"17":1,"18":0,"19":2},"19":{"0":5,"1":0,"2":0,"3":0,"4":4,"5":0,"6":1,"7":0,"8":0,"9":1,"10":4,"11":0,"12":0,"13":2,"14":0,"15":0,"16":3,"17":0,"18":3,"19":0}},"method":"hillside","closest_pair":[[19,18,17,14,16,8,15,10,11,9,13,7,4,3,12,1,5,6,2,0],[19,18,17,14,16,8,15,10,11,9,13,7,4,12,3,1,5,6,2,0]],"farthest_pair":[[19,18,17,14,16,8,15,11,9,10,13,7,4,3,12,1,5,6,2,0],[19,18,17,14,16,8,15,10,11,12,9,13,7,4,3,1,5,6,2,0]],"tau_farthest_pair":0.9263157895,"tau_closest_pair":0.9894736842,"centroid_solution":[19,18,17,14,16,8,15,10,11,9,13,7,4,12,3,1,5,6,2,0]}