{"solutions":[[18,15,17,19,14,12,11,16,13,7,8,10,5,3,9,4,1,0,6,2],[18,15,17,19,14,12,11,16,13,7,8,10,5,3,4,1,9,0,6,2],[18,15,17,19,14,12,11,16,13,7,8,10,5,3,4,9,1,0,6,2],[18,15,19,17,14,12,11,16,13,7,8,10,5,3,4,1,9,0,6,2],[18,15,19,17,14,12,11,16,13,7,8,10,5,3,9,4,1,0,6,2],[18,15,19,17,14,12,11,16,13,7,8,10,5,3,4,9,1,0,6,2]],"obj":1855.0,"max_tau_solutions":null,"centroid_x":[[0.0,0.0,1.0,0.0,0.0,0.0,1.0,0.0,0.0,0.0,0.0,0.0,0.0,0.0,0.0,0.0,0.0,0.0,0.0,0.0],[1.0,0.0,1.0,0.0,0.0,0.0,1.0,0.0,0.0,0.3764954338,0.0,0.0,0.0,0.0,0.0,0.0,0.0,0.0,0.0,0.0],[0.0,0.0,0.0,0.0,0.0,0.0,0.0,0.0,0.0,0.0,0.0,0.0,0.0,0.0,0.0,0.0,0.0,0.0,0.0,0.0],[1.0,1.0,1.0,0.0,1.0,0.0,1.0,0.0,0.0,1.0,0.0,0.0,0.0,0.0,0.0,0.0,0.0,0.0,0.0,0.0],[1.0,1.0,1.0,0.0,0.0,0.0,1.0,0.0,0.0,0.4616555846,0.0,0.0,0.0,0.0,0.0,0.0,0.0,0.0,0.0,0.0],[1.0,1.0,1.0,1.0,1.0,0.0,1.0,0.0,0.0,1.0,0.0,0.0,0.0,0.0,0.0,0.0,0.0,0.0,0.0,0.0],[0.0,0.0,1.0,0.0,0.0,0.0,0.0,0.0,0.0,0.0,0.0,0.0,0.0,0.0,0.0,0.0,0.0,0.0,0.0,0.0],[1.0,1.0,1.0,1.0,1.0,1.0,1.0,0.0,1.0,1.0,1.0,0.0,0.0,0.0,0.0,0.0,0.0,0.0,0.0,0.0],[1.0,1.0,1.0,1.0,1.0,1.0,1.0,0.0,0.0,1.0,1.0,0.0,0.0,0.0,0.0,0.0,0.0,0.0,0.0,0.0],[1.0,0.6235045662,1.0,0.0,0.5383444154,0.0,1.0,0.0,0.0,0.0,0.0,0.0,0.0,0.0,0.0,0.0,0.0,0.0,0.0,0.0],[1.0,1.0,1.0,1.0,1.0,1.0,1.0,0.0,0.0,1.0,0.0,0.0,0.0,0.0,0.0,0.0,0.0,0.0,0.0,0.0],[1.0,1.0,1.0,1.0,1.0,1.0,1.0,1.0,1.0,1.0,1.0,0.0,0.0,1.0,0.0,0.0,1.0,0.0,0.0,0.0],[1.0,1.0,1.0,1.0,1.0,1.0,1.0,1.0,1.0,1.0,1.0,1.0,0.0,1.0,0.0,0.0,1.0,0.0,0.0,0.0],[1.0,1.0,1.0,1.0,1.0,1.0,1.0,1.0,1.0,1.0,1.0,0.0,0.0,0.0,0.0,0.0,0.0,0.0,0.0,0.0],[1.0,1.0,1.0,1.0,1.0,1.0,1.0,1.0,1.0,1.0,1.0,1.0,1.0,1.0,0.0,0.0,1.0,0.0,0.0,0.0],[1.0,1.0,1.0,1.0,1.0,1.0,1.0,1.0,1.0,1.0,1.0,1.0,1.0,1.0,1.0,0.0,1.0,1.0,0.0,1.0],[1.0,1.0,1.0,1.0,1.0,1.0,1.0,1.0,1.0,1.0,1.0,0.0,0.0,1.0,0.0,0.0,0.0,0.0,0.0,0.0],[1.0,1.0,1.0,1.0,1.0,1.0,1.0,1.0,1.0,1.0,1.0,1.0,1.0,1.0,1.0,0.0,1.0,0.0,0.0,0.3655958644],[1.0,1.0,1.0,1.0,1.0,1.0,1.0,1.0,1.0,1.0,1.0,1.0,1.0,1.0,1.0,1.0,1.0,1.0,0.0,1.0],[1.0,1.0,1.0,1.0,1.0,1.0,1.0,1.0,1.0,1.0,1.0,1.0,1.0,1.0,1.0,0.0,1.0,0.6344041356,0.0,0.0]],"outlier_solution":[18,15,17,19,14,12,11,16,13,7,8,10,5,3,4,1,9,0,6,2],"dataset_id":595,"source_dataset_id":642,"options":null,"D":{"0":{"0":0,"1":0,"2":1,"3":4,"4":3,"5":5,"6":0,"7":5,"8":5,"9":0,"10":3,"11":5,"12":3,"13":1,"14":0,"15":5,"16":2,"17":5,"18":5,"19":4},"1":{"0":0,"1":0,"2":2,"3":0,"4":0,"5":2,"6":5,"7":4,"8":1,"9":4,"10":1,"11":5,"12":4,"13":2,"14":2,"15":2,"16":2,"17":5,"18":5,"19":0},"2":{"0":0,"1":5,"2":0,"3":0,"4":5,"5":5,"6":5,"7":5,"8":5,"9":3,"10":5,"11":5,"12":5,"13":5,"14":5,"15":0,"16":4,"17":5,"18":5,"19":0},"3":{"0":0,"1":2,"2":0,"3":0,"4":0,"5":3,"6":4,"7":5,"8":0,"9":5,"10":1,"11":1,"12":5,"13":2,"14":2,"15":5,"16":0,"17":5,"18":3,"19":0},"4":{"0":5,"1":4,"2":2,"3":2,"4":0,"5":2,"6":3,"7":4,"8":5,"9":3,"10":5,"11":2,"12":5,"13":2,"14":0,"15":4,"16":0,"17":1,"18":5,"19":5},"5":{"0":1,"1":2,"2":0,"3":5,"4":0,"5":0,"6":4,"7":5,"8":0,"9":0,"10":5,"11":5,"12":5,"13":0,"14":5,"15":5,"16":0,"17":5,"18":0,"19":0},"6":{"0":0,"1":4,"2":4,"3":0,"4":0,"5":4,"6":0,"7":5,"8":5,"9":5,"10":5,"11":5,"12":5,"13":5,"14":5,"15":5,"16":5,"17":5,"18":1,"19":5},"7":{"0":0,"1":2,"2":2,"3":4,"4":4,"5":0,"6":2,"7":0,"8":4,"9":5,"10":2,"11":5,"12":5,"13":5,"14":0,"15":5,"16":0,"17":4,"18":5,"19":3},"8":{"0":4,"1":0,"2":0,"3":0,"4":0,"5":0,"6":2,"7":0,"8":0,"9":5,"10":5,"11":0,"12":1,"13":5,"14":1,"15":5,"16":5,"17":4,"18":5,"19":5},"9":{"0":0,"1":0,"2":0,"3":1,"4":2,"5":3,"6":5,"7":5,"8":5,"9":0,"10":5,"11":1,"12":3,"13":5,"14":0,"15":5,"16":5,"17":1,"18":5,"19":5},"10":{"0":0,"1":2,"2":0,"3":0,"4":0,"5":0,"6":0,"7":3,"8":2,"9":0,"10":0,"11":2,"12":4,"13":5,"14":5,"15":5,"16":5,"17":5,"18":5,"19":4},"11":{"0":4,"1":2,"2":5,"3":4,"4":3,"5":1,"6":0,"7":4,"8":3,"9":0,"10":4,"11":0,"12":0,"13":5,"14":4,"15":2,"16":5,"17":0,"18":1,"19":5},"12":{"0":0,"1":0,"2":5,"3":2,"4":5,"5":5,"6":0,"7":0,"8":0,"9":4,"10":0,"11":4,"12":0,"13":1,"14":3,"15":5,"16":4,"17":5,"18":5,"19":5},"13":{"0":0,"1":0,"2":0,"3":2,"4":2,"5":0,"6":1,"7":0,"8":4,"9":1,"10":0,"11":5,"12":1,"13":0,"14":2,"15":5,"16":1,"17":2,"18":4,"19":5},"14":{"0":0,"1":0,"2":4,"3":0,"4":1,"5":0,"6":3,"7":2,"8":1,"9":0,"10":0,"11":0,"12":2,"13":0,"14":0,"15":1,"16":0,"17":5,"18":0,"19":5},"15":{"0":0,"1":0,"2":0,"3":0,"4":1,"5":4,"6":0,"7":0,"8":0,"9":0,"10":0,"11":1,"12":4,"13":0,"14":4,"15":0,"16":0,"17":3,"18":4,"19":5},"16":{"0":0,"1":0,"2":5,"3":3,"4":0,"5":0,"6":0,"7":2,"8":0,"9":1,"10":0,"11":3,"12":4,"13":0,"14":1,"15":1,"16":0,"17":5,"18":5,"19":5},"17":{"0":4,"1":0,"2":0,"3":0,"4":0,"5":5,"6":0,"7":4,"8":2,"9":0,"10":0,"11":4,"12":0,"13":0,"14":2,"15":2,"16":2,"17":0,"18":5,"19":5},"18":{"0":3,"1":0,"2":0,"3":0,"4":0,"5":1,"6":0,"7":0,"8":0,"9":0,"10":0,"11":0,"12":1,"13":0,"14":0,"15":2,"16":0,"17":1,"18":0,"19":5},"19":{"0":5,"1":0,"2":0,"3":0,"4":0,"5":5,"6":0,"7":4,"8":4,"9":2,"10":0,"11":1,"12":0,"13":0,"14":5,"15":0,"16":0,"17":5,"18":0,"19":0}},"method":"hillside","closest_pair":[[18,15,19,17,14,12,11,16,13,7,8,10,5,3,4,9,1,0,6,2],[18,15,19,17,14,12,11,16,13,7,8,10,5,3,4,1,9,0,6,2]],"farthest_pair":[[18,15,19,17,14,12,11,16,13,7,8,10,5,3,4,1,9,0,6,2],[18,15,17,19,14,12,11,16,13,7,8,10,5,3,9,4,1,0,6,2]],"tau_farthest_pair":0.9684210526,"tau_closest_pair":0.9894736842,"centroid_solution":[18,15,19,17,14,12,11,16,13,7,8,10,5,3,9,4,1,0,6,2]}