{"solutions":[[0,2,10,3,6,5,4,1,12,13,8,9,7,11,16,14,15,17,19,18],[0,2,10,3,6,5,4,1,12,8,9,13,7,16,11,14,15,19,17,18],[0,2,10,3,6,5,4,1,12,8,9,13,7,11,16,14,15,19,17,18],[0,2,10,3,6,5,4,1,12,8,9,13,7,11,16,14,15,19,18,17],[0,2,10,5,3,6,4,1,12,13,8,9,7,11,16,14,15,19,17,18],[0,2,10,5,3,6,4,1,12,13,8,9,7,11,16,14,15,19,18,17],[0,2,10,5,3,6,4,1,12,8,9,13,7,11,16,14,15,17,19,18],[0,2,10,3,6,5,4,1,12,13,8,9,7,11,16,14,15,19,18,17],[0,2,10,5,3,6,4,1,12,13,8,9,7,16,11,14,15,19,18,17],[0,2,10,5,3,6,4,1,12,8,9,13,7,16,11,14,15,19,17,18],[0,2,10,5,3,6,4,1,12,8,9,13,7,16,11,14,15,19,18,17],[0,2,10,3,6,5,4,1,12,13,8,9,7,16,11,14,15,19,18,17],[0,2,10,3,6,5,4,1,12,13,8,9,7,11,16,14,15,19,17,18],[0,2,10,3,6,5,4,1,12,13,8,9,7,16,11,14,15,19,17,18],[0,2,10,5,3,6,4,1,12,13,8,9,7,16,11,14,15,17,19,18],[0,2,10,5,3,6,4,1,12,13,8,9,7,16,11,14,15,19,17,18],[0,2,10,3,6,5,4,1,12,8,9,13,7,11,16,14,15,17,19,18],[0,2,10,5,3,6,4,1,12,8,9,13,7,16,11,14,15,17,19,18],[0,2,10,5,3,6,4,1,12,8,9,13,7,11,16,14,15,19,17,18],[0,2,10,5,3,6,4,1,12,8,9,13,7,11,16,14,15,19,18,17],[0,2,10,3,6,5,4,1,12,13,8,9,7,16,11,14,15,17,19,18],[0,2,10,3,6,5,4,1,12,8,9,13,7,16,11,14,15,17,19,18],[0,2,10,3,6,5,4,1,12,8,9,13,7,16,11,14,15,19,18,17],[0,2,10,5,3,6,4,1,12,13,8,9,7,11,16,14,15,17,19,18]],"obj":2042.0,"max_tau_solutions":null,"centroid_x":[[0.0,1.0,1.0,1.0,1.0,1.0,1.0,1.0,1.0,1.0,1.0,1.0,1.0,1.0,1.0,1.0,1.0,1.0,1.0,1.0],[0.0,0.0,0.0,0.0,0.0,0.0,0.0,1.0,1.0,1.0,0.0,1.0,1.0,1.0,1.0,1.0,1.0,1.0,1.0,1.0],[0.0,1.0,0.0,1.0,1.0,1.0,1.0,1.0,1.0,1.0,1.0,1.0,1.0,1.0,1.0,1.0,1.0,1.0,1.0,1.0],[0.0,1.0,0.0,0.0,1.0,0.524723022,1.0,1.0,1.0,1.0,0.0,1.0,1.0,1.0,1.0,1.0,1.0,1.0,1.0,1.0],[0.0,1.0,0.0,0.0,0.0,0.0,0.0,1.0,1.0,1.0,0.0,1.0,1.0,1.0,1.0,1.0,1.0,1.0,1.0,1.0],[0.0,1.0,0.0,0.475276978,1.0,0.0,0.4752769779,1.0,1.0,1.0,0.0,1.0,1.0,1.0,1.0,1.0,1.0,1.0,1.0,1.0],[0.0,1.0,0.0,0.0,1.0,0.5247230221,0.0,1.0,1.0,1.0,0.0,1.0,1.0,1.0,1.0,1.0,1.0,1.0,1.0,1.0],[0.0,0.0,0.0,0.0,0.0,0.0,0.0,0.0,0.0,0.0,0.0,1.0,0.0,0.0,1.0,1.0,1.0,1.0,1.0,1.0],[0.0,0.0,0.0,0.0,0.0,0.0,0.0,1.0,0.0,1.0,0.0,1.0,0.0,0.4801041752,1.0,1.0,1.0,1.0,1.0,1.0],[0.0,0.0,0.0,0.0,0.0,0.0,0.0,1.0,0.0,0.0,0.0,1.0,0.0,0.4801041752,1.0,1.0,1.0,1.0,1.0,1.0],[0.0,1.0,0.0,1.0,1.0,1.0,1.0,1.0,1.0,1.0,0.0,1.0,1.0,1.0,1.0,1.0,1.0,1.0,1.0,1.0],[0.0,0.0,0.0,0.0,0.0,0.0,0.0,0.0,0.0,0.0,0.0,0.0,0.0,0.0,1.0,1.0,0.5323930179,1.0,1.0,1.0],[0.0,0.0,0.0,0.0,0.0,0.0,0.0,1.0,1.0,1.0,0.0,1.0,0.0,1.0,1.0,1.0,1.0,1.0,1.0,1.0],[0.0,0.0,0.0,0.0,0.0,0.0,0.0,1.0,0.5198958248,0.5198958248,0.0,1.0,0.0,0.0,1.0,1.0,1.0,1.0,1.0,1.0],[0.0,0.0,0.0,0.0,0.0,0.0,0.0,0.0,0.0,0.0,0.0,0.0,0.0,0.0,0.0,1.0,0.0,1.0,1.0,1.0],[0.0,0.0,0.0,0.0,0.0,0.0,0.0,0.0,0.0,0.0,0.0,0.0,0.0,0.0,0.0,0.0,0.0,1.0,1.0,1.0],[0.0,0.0,0.0,0.0,0.0,0.0,0.0,0.0,0.0,0.0,0.0,0.4676069821,0.0,0.0,1.0,1.0,0.0,1.0,1.0,1.0],[0.0,0.0,0.0,0.0,0.0,0.0,0.0,0.0,0.0,0.0,0.0,0.0,0.0,0.0,0.0,0.0,0.0,0.0,0.5695644711,0.4254319041],[0.0,0.0,0.0,0.0,0.0,0.0,0.0,0.0,0.0,0.0,0.0,0.0,0.0,0.0,0.0,0.0,0.0,0.4304355289,0.0,0.0],[0.0,0.0,0.0,0.0,0.0,0.0,0.0,0.0,0.0,0.0,0.0,0.0,0.0,0.0,0.0,0.0,0.0,0.5745680959,1.0,0.0]],"outlier_solution":[0,2,10,5,3,6,4,1,12,8,9,13,7,16,11,14,15,17,19,18],"dataset_id":596,"source_dataset_id":643,"options":null,"D":{"0":{"0":0,"1":0,"2":0,"3":0,"4":0,"5":0,"6":2,"7":0,"8":3,"9":0,"10":0,"11":0,"12":4,"13":0,"14":4,"15":2,"16":0,"17":0,"18":0,"19":2},"1":{"0":5,"1":0,"2":3,"3":0,"4":0,"5":4,"6":4,"7":4,"8":3,"9":0,"10":5,"11":0,"12":0,"13":1,"14":0,"15":0,"16":0,"17":2,"18":0,"19":5},"2":{"0":2,"1":3,"2":0,"3":0,"4":4,"5":0,"6":2,"7":1,"8":0,"9":0,"10":3,"11":4,"12":5,"13":0,"14":0,"15":5,"16":1,"17":2,"18":0,"19":0},"3":{"0":5,"1":1,"2":5,"3":0,"4":0,"5":0,"6":3,"7":0,"8":2,"9":2,"10":0,"11":0,"12":5,"13":0,"14":0,"15":0,"16":0,"17":0,"18":2,"19":3},"4":{"0":5,"1":0,"2":1,"3":3,"4":0,"5":3,"6":0,"7":0,"8":0,"9":0,"10":3,"11":0,"12":4,"13":4,"14":3,"15":0,"16":0,"17":3,"18":0,"19":5},"5":{"0":3,"1":2,"2":0,"3":5,"4":0,"5":0,"6":2,"7":0,"8":4,"9":0,"10":5,"11":5,"12":4,"13":2,"14":3,"15":0,"16":1,"17":0,"18":0,"19":0},"6":{"0":5,"1":1,"2":4,"3":3,"4":1,"5":3,"6":0,"7":0,"8":4,"9":0,"10":0,"11":0,"12":5,"13":2,"14":2,"15":4,"16":0,"17":0,"18":0,"19":0},"7":{"0":4,"1":5,"2":5,"3":3,"4":0,"5":5,"6":3,"7":0,"8":2,"9":0,"10":3,"11":5,"12":5,"13":0,"14":0,"15":3,"16":4,"17":0,"18":1,"19":2},"8":{"0":5,"1":1,"2":5,"3":0,"4":5,"5":0,"6":5,"7":4,"8":0,"9":5,"10":0,"11":0,"12":0,"13":0,"14":5,"15":3,"16":4,"17":4,"18":3,"19":0},"9":{"0":5,"1":3,"2":1,"3":5,"4":4,"5":5,"6":3,"7":0,"8":3,"9":0,"10":0,"11":3,"12":0,"13":5,"14":3,"15":2,"16":0,"17":5,"18":0,"19":2},"10":{"0":0,"1":0,"2":0,"3":5,"4":5,"5":3,"6":0,"7":3,"8":0,"9":3,"10":0,"11":0,"12":0,"13":0,"14":0,"15":3,"16":0,"17":5,"18":0,"19":2},"11":{"0":2,"1":5,"2":4,"3":4,"4":5,"5":2,"6":3,"7":0,"8":0,"9":5,"10":4,"11":0,"12":0,"13":4,"14":1,"15":0,"16":0,"17":0,"18":4,"19":3},"12":{"0":5,"1":2,"2":5,"3":5,"4":2,"5":5,"6":4,"7":3,"8":5,"9":1,"10":4,"11":0,"12":0,"13":0,"14":0,"15":3,"16":4,"17":0,"18":5,"19":0},"13":{"0":2,"1":4,"2":5,"3":0,"4":5,"5":5,"6":5,"7":3,"8":5,"9":4,"10":4,"11":0,"12":5,"13":0,"14":0,"15":2,"16":1,"17":0,"18":0,"19":0},"14":{"0":4,"1":5,"2":0,"3":5,"4":3,"5":5,"6":4,"7":5,"8":5,"9":0,"10":5,"11":4,"12":5,"13":2,"14":0,"15":0,"16":0,"17":0,"18":1,"19":3},"15":{"0":5,"1":2,"2":5,"3":5,"4":5,"5":5,"6":5,"7":5,"8":3,"9":0,"10":3,"11":0,"12":0,"13":5,"14":3,"15":0,"16":1,"17":0,"18":3,"19":2},"16":{"0":1,"1":5,"2":5,"3":0,"4":0,"5":1,"6":0,"7":1,"8":3,"9":2,"10":5,"11":5,"12":4,"13":5,"14":5,"15":0,"16":0,"17":5,"18":0,"19":0},"17":{"0":5,"1":0,"2":5,"3":2,"4":5,"5":5,"6":5,"7":3,"8":0,"9":5,"10":4,"11":0,"12":4,"13":5,"14":5,"15":5,"16":5,"17":0,"18":3,"19":0},"18":{"0":5,"1":5,"2":5,"3":5,"4":0,"5":1,"6":4,"7":5,"8":5,"9":3,"10":5,"11":0,"12":0,"13":5,"14":0,"15":5,"16":5,"17":5,"18":0,"19":1},"19":{"0":4,"1":1,"2":5,"3":0,"4":5,"5":2,"6":5,"7":5,"8":3,"9":5,"10":5,"11":3,"12":5,"13":4,"14":0,"15":0,"16":4,"17":1,"18":5,"19":0}},"method":"hillside","closest_pair":[[0,2,10,5,3,6,4,1,12,13,8,9,7,11,16,14,15,19,18,17],[0,2,10,5,3,6,4,1,12,13,8,9,7,16,11,14,15,19,18,17]],"farthest_pair":[[0,2,10,3,6,5,4,1,12,8,9,13,7,16,11,14,15,17,19,18],[0,2,10,5,3,6,4,1,12,13,8,9,7,11,16,14,15,19,18,17]],"centroid_solution":[0,2,10,3,6,5,4,1,12,13,8,9,7,11,16,14,15,19,17,18]}