{"solutions":[[18,17,19,15,14,11,16,7,9,8,13,12,1,4,6,3,5,10,2,0],[17,18,19,15,14,11,16,7,9,8,13,12,1,4,5,6,3,10,2,0],[17,18,19,15,14,16,11,7,13,9,8,12,1,4,5,6,3,10,2,0],[17,18,19,15,14,16,11,7,9,8,13,12,1,4,6,3,5,10,2,0],[18,19,17,15,14,11,16,7,9,8,13,12,1,4,5,6,3,10,2,0],[18,17,19,15,14,16,11,7,9,8,13,12,1,4,5,6,3,10,2,0],[18,19,17,15,14,16,11,7,9,8,13,12,1,4,5,6,3,10,2,0],[18,17,19,15,14,16,11,7,13,9,8,12,1,4,6,3,5,10,2,0],[17,18,19,15,14,11,16,7,13,9,8,12,1,4,5,6,3,10,2,0],[17,18,19,15,14,11,16,7,13,9,8,12,1,4,6,3,5,10,2,0],[18,19,17,15,14,16,11,7,13,9,8,12,1,4,6,3,5,10,2,0],[18,19,17,15,14,11,16,7,9,8,13,12,1,4,6,3,5,10,2,0],[18,17,19,15,14,16,11,7,9,8,13,12,1,4,6,3,5,10,2,0],[17,18,19,15,14,11,16,7,9,8,13,12,1,4,6,3,5,10,2,0],[18,17,19,15,14,11,16,7,9,8,13,12,1,4,5,6,3,10,2,0],[18,17,19,15,14,16,11,7,13,9,8,12,1,4,5,6,3,10,2,0],[18,17,19,15,14,11,16,7,13,9,8,12,1,4,5,6,3,10,2,0],[17,18,19,15,14,16,11,7,13,9,8,12,1,4,6,3,5,10,2,0],[18,19,17,15,14,16,11,7,9,8,13,12,1,4,6,3,5,10,2,0],[17,18,19,15,14,16,11,7,9,8,13,12,1,4,5,6,3,10,2,0],[18,17,19,15,14,11,16,7,13,9,8,12,1,4,6,3,5,10,2,0],[18,19,17,15,14,16,11,7,13,9,8,12,1,4,5,6,3,10,2,0],[18,19,17,15,14,11,16,7,13,9,8,12,1,4,5,6,3,10,2,0],[18,19,17,15,14,11,16,7,13,9,8,12,1,4,6,3,5,10,2,0]],"obj":2042.0,"max_tau_solutions":null,"centroid_x":[[0.0,0.0,0.0,0.0,0.0,0.0,0.0,0.0,0.0,0.0,0.0,0.0,0.0,0.0,0.0,0.0,0.0,0.0,0.0,0.0],[1.0,0.0,1.0,1.0,1.0,1.0,1.0,0.0,0.0,0.0,1.0,0.0,0.0,0.0,0.0,0.0,0.0,0.0,0.0,0.0],[1.0,0.0,0.0,0.0,0.0,0.0,0.0,0.0,0.0,0.0,0.0,0.0,0.0,0.0,0.0,0.0,0.0,0.0,0.0,0.0],[1.0,0.0,1.0,0.0,0.0,0.5006043446,0.0,0.0,0.0,0.0,1.0,0.0,0.0,0.0,0.0,0.0,0.0,0.0,0.0,0.0],[1.0,0.0,1.0,1.0,0.0,1.0,1.0,0.0,0.0,0.0,1.0,0.0,0.0,0.0,0.0,0.0,0.0,0.0,0.0,0.0],[1.0,0.0,1.0,0.4993956554,0.0,0.0,0.4993956554,0.0,0.0,0.0,1.0,0.0,0.0,0.0,0.0,0.0,0.0,0.0,0.0,0.0],[1.0,0.0,1.0,1.0,0.0,0.5006043446,0.0,0.0,0.0,0.0,1.0,0.0,0.0,0.0,0.0,0.0,0.0,0.0,0.0,0.0],[1.0,1.0,1.0,1.0,1.0,1.0,1.0,0.0,1.0,1.0,1.0,0.0,1.0,1.0,0.0,0.0,0.0,0.0,0.0,0.0],[1.0,1.0,1.0,1.0,1.0,1.0,1.0,0.0,0.0,0.0,1.0,0.0,1.0,0.4025625815,0.0,0.0,0.0,0.0,0.0,0.0],[1.0,1.0,1.0,1.0,1.0,1.0,1.0,0.0,1.0,0.0,1.0,0.0,1.0,0.4025625815,0.0,0.0,0.0,0.0,0.0,0.0],[1.0,0.0,1.0,0.0,0.0,0.0,0.0,0.0,0.0,0.0,0.0,0.0,0.0,0.0,0.0,0.0,0.0,0.0,0.0,0.0],[1.0,1.0,1.0,1.0,1.0,1.0,1.0,1.0,1.0,1.0,1.0,0.0,1.0,1.0,0.0,0.0,0.3973702087,0.0,0.0,0.0],[1.0,1.0,1.0,1.0,1.0,1.0,1.0,0.0,0.0,0.0,1.0,0.0,0.0,0.0,0.0,0.0,0.0,0.0,0.0,0.0],[1.0,1.0,1.0,1.0,1.0,1.0,1.0,0.0,0.5974374185,0.5974374185,1.0,0.0,1.0,0.0,0.0,0.0,0.0,0.0,0.0,0.0],[1.0,1.0,1.0,1.0,1.0,1.0,1.0,1.0,1.0,1.0,1.0,1.0,1.0,1.0,0.0,0.0,1.0,0.0,0.0,0.0],[1.0,1.0,1.0,1.0,1.0,1.0,1.0,1.0,1.0,1.0,1.0,1.0,1.0,1.0,1.0,0.0,1.0,0.0,0.0,0.0],[1.0,1.0,1.0,1.0,1.0,1.0,1.0,1.0,1.0,1.0,1.0,0.6026297913,1.0,1.0,0.0,0.0,0.0,0.0,0.0,0.0],[1.0,1.0,1.0,1.0,1.0,1.0,1.0,1.0,1.0,1.0,1.0,1.0,1.0,1.0,1.0,1.0,1.0,0.0,0.2854613015,0.4364408903],[1.0,1.0,1.0,1.0,1.0,1.0,1.0,1.0,1.0,1.0,1.0,1.0,1.0,1.0,1.0,1.0,1.0,0.7145386985,0.0,1.0],[1.0,1.0,1.0,1.0,1.0,1.0,1.0,1.0,1.0,1.0,1.0,1.0,1.0,1.0,1.0,1.0,1.0,0.5635591097,0.0,0.0]],"outlier_solution":[17,18,19,15,14,11,16,7,9,8,13,12,1,4,5,6,3,10,2,0],"dataset_id":596,"source_dataset_id":643,"options":null,"D":{"0":{"0":0,"1":5,"2":2,"3":5,"4":5,"5":3,"6":5,"7":4,"8":5,"9":5,"10":0,"11":2,"12":5,"13":2,"14":4,"15":5,"16":1,"17":5,"18":5,"19":4},"1":{"0":0,"1":0,"2":3,"3":1,"4":0,"5":2,"6":1,"7":5,"8":1,"9":3,"10":0,"11":5,"12":2,"13":4,"14":5,"15":2,"16":5,"17":0,"18":5,"19":1},"2":{"0":0,"1":3,"2":0,"3":5,"4":1,"5":0,"6":4,"7":5,"8":5,"9":1,"10":0,"11":4,"12":5,"13":5,"14":0,"15":5,"16":5,"17":5,"18":5,"19":5},"3":{"0":0,"1":0,"2":0,"3":0,"4":3,"5":5,"6":3,"7":3,"8":0,"9":5,"10":5,"11":4,"12":5,"13":0,"14":5,"15":5,"16":0,"17":2,"18":5,"19":0},"4":{"0":0,"1":0,"2":4,"3":0,"4":0,"5":0,"6":1,"7":0,"8":5,"9":4,"10":5,"11":5,"12":2,"13":5,"14":3,"15":5,"16":0,"17":5,"18":0,"19":5},"5":{"0":0,"1":4,"2":0,"3":0,"4":3,"5":0,"6":3,"7":5,"8":0,"9":5,"10":3,"11":2,"12":5,"13":5,"14":5,"15":5,"16":1,"17":5,"18":1,"19":2},"6":{"0":2,"1":4,"2":2,"3":3,"4":0,"5":2,"6":0,"7":3,"8":5,"9":3,"10":0,"11":3,"12":4,"13":5,"14":4,"15":5,"16":0,"17":5,"18":4,"19":5},"7":{"0":0,"1":4,"2":1,"3":0,"4":0,"5":0,"6":0,"7":0,"8":4,"9":0,"10":3,"11":0,"12":3,"13":3,"14":5,"15":5,"16":1,"17":3,"18":5,"19":5},"8":{"0":3,"1":3,"2":0,"3":2,"4":0,"5":4,"6":4,"7":2,"8":0,"9":3,"10":0,"11":0,"12":5,"13":5,"14":5,"15":3,"16":3,"17":0,"18":5,"19":3},"9":{"0":0,"1":0,"2":0,"3":2,"4":0,"5":0,"6":0,"7":0,"8":5,"9":0,"10":3,"11":5,"12":1,"13":4,"14":0,"15":0,"16":2,"17":5,"18":3,"19":5},"10":{"0":0,"1":5,"2":3,"3":0,"4":3,"5":5,"6":0,"7":3,"8":0,"9":0,"10":0,"11":4,"12":4,"13":4,"14":5,"15":3,"16":5,"17":4,"18":5,"19":5},"11":{"0":0,"1":0,"2":4,"3":0,"4":0,"5":5,"6":0,"7":5,"8":0,"9":3,"10":0,"11":0,"12":0,"13":0,"14":4,"15":0,"16":5,"17":0,"18":0,"19":3},"12":{"0":4,"1":0,"2":5,"3":5,"4":4,"5":4,"6":5,"7":5,"8":0,"9":0,"10":0,"11":0,"12":0,"13":5,"14":5,"15":0,"16":4,"17":4,"18":0,"19":5},"13":{"0":0,"1":1,"2":0,"3":0,"4":4,"5":2,"6":2,"7":0,"8":0,"9":5,"10":0,"11":4,"12":0,"13":0,"14":2,"15":5,"16":5,"17":5,"18":5,"19":4},"14":{"0":4,"1":0,"2":0,"3":0,"4":3,"5":3,"6":2,"7":0,"8":5,"9":3,"10":0,"11":1,"12":0,"13":0,"14":0,"15":3,"16":5,"17":5,"18":0,"19":0},"15":{"0":2,"1":0,"2":5,"3":0,"4":0,"5":0,"6":4,"7":3,"8":3,"9":2,"10":3,"11":0,"12":3,"13":2,"14":0,"15":0,"16":0,"17":5,"18":5,"19":0},"16":{"0":0,"1":0,"2":1,"3":0,"4":0,"5":1,"6":0,"7":4,"8":4,"9":0,"10":0,"11":0,"12":4,"13":1,"14":0,"15":1,"16":0,"17":5,"18":5,"19":4},"17":{"0":0,"1":2,"2":2,"3":0,"4":3,"5":0,"6":0,"7":0,"8":4,"9":5,"10":5,"11":0,"12":0,"13":0,"14":0,"15":0,"16":5,"17":0,"18":5,"19":1},"18":{"0":0,"1":0,"2":0,"3":2,"4":0,"5":0,"6":0,"7":1,"8":3,"9":0,"10":0,"11":4,"12":5,"13":0,"14":1,"15":3,"16":0,"17":3,"18":0,"19":5},"19":{"0":2,"1":5,"2":0,"3":3,"4":5,"5":0,"6":0,"7":2,"8":0,"9":2,"10":2,"11":3,"12":0,"13":0,"14":3,"15":2,"16":0,"17":0,"18":1,"19":0}},"method":"hillside","closest_pair":[[18,17,19,15,14,16,11,7,13,9,8,12,1,4,5,6,3,10,2,0],[17,18,19,15,14,16,11,7,13,9,8,12,1,4,5,6,3,10,2,0]],"farthest_pair":[[17,18,19,15,14,16,11,7,9,8,13,12,1,4,6,3,5,10,2,0],[18,19,17,15,14,11,16,7,13,9,8,12,1,4,5,6,3,10,2,0]],"tau_farthest_pair":0.9263157895,"tau_closest_pair":0.9894736842,"centroid_solution":[18,19,17,15,14,16,11,7,13,9,8,12,1,4,6,3,5,10,2,0]}