{"solutions":[[19,15,18,16,10,13,11,14,17,12,9,6,4,7,8,0,5,2,3,1],[19,15,18,16,10,13,11,14,17,9,12,6,4,7,8,0,5,2,3,1]],"obj":2076.0,"max_tau_solutions":null,"centroid_x":[[0.0,1.0,1.0,1.0,0.0,1.0,0.0,0.0,0.0,0.0,0.0,0.0,0.0,0.0,0.0,0.0,0.0,0.0,0.0,0.0],[0.0,0.0,0.0,0.0,0.0,0.0,0.0,0.0,0.0,0.0,0.0,0.0,0.0,0.0,0.0,0.0,0.0,0.0,0.0,0.0],[0.0,1.0,0.0,1.0,0.0,0.0,0.0,0.0,0.0,0.0,0.0,0.0,0.0,0.0,0.0,0.0,0.0,0.0,0.0,0.0],[0.0,1.0,0.0,0.0,0.0,0.0,0.0,0.0,0.0,0.0,0.0,0.0,0.0,0.0,0.0,0.0,0.0,0.0,0.0,0.0],[1.0,1.0,1.0,1.0,0.0,1.0,0.0,1.0,1.0,0.0,0.0,0.0,0.0,0.0,0.0,0.0,0.0,0.0,0.0,0.0],[0.0,1.0,1.0,1.0,0.0,0.0,0.0,0.0,0.0,0.0,0.0,0.0,0.0,0.0,0.0,0.0,0.0,0.0,0.0,0.0],[1.0,1.0,1.0,1.0,1.0,1.0,0.0,1.0,1.0,0.0,0.0,0.0,0.0,0.0,0.0,0.0,0.0,0.0,0.0,0.0],[1.0,1.0,1.0,1.0,0.0,1.0,0.0,0.0,1.0,0.0,0.0,0.0,0.0,0.0,0.0,0.0,0.0,0.0,0.0,0.0],[1.0,1.0,1.0,1.0,0.0,1.0,0.0,0.0,0.0,0.0,0.0,0.0,0.0,0.0,0.0,0.0,0.0,0.0,0.0,0.0],[1.0,1.0,1.0,1.0,1.0,1.0,1.0,1.0,1.0,0.0,0.0,0.0,0.3831135744,0.0,0.0,0.0,0.0,0.0,0.0,0.0],[1.0,1.0,1.0,1.0,1.0,1.0,1.0,1.0,1.0,1.0,0.0,1.0,1.0,1.0,1.0,0.0,0.0,1.0,0.0,0.0],[1.0,1.0,1.0,1.0,1.0,1.0,1.0,1.0,1.0,1.0,0.0,0.0,1.0,0.0,1.0,0.0,0.0,1.0,0.0,0.0],[1.0,1.0,1.0,1.0,1.0,1.0,1.0,1.0,1.0,0.6168864256,0.0,0.0,0.0,0.0,0.0,0.0,0.0,0.0,0.0,0.0],[1.0,1.0,1.0,1.0,1.0,1.0,1.0,1.0,1.0,1.0,0.0,1.0,1.0,0.0,1.0,0.0,0.0,1.0,0.0,0.0],[1.0,1.0,1.0,1.0,1.0,1.0,1.0,1.0,1.0,1.0,0.0,0.0,1.0,0.0,0.0,0.0,0.0,1.0,0.0,0.0],[1.0,1.0,1.0,1.0,1.0,1.0,1.0,1.0,1.0,1.0,1.0,1.0,1.0,1.0,1.0,0.0,1.0,1.0,1.0,0.0],[1.0,1.0,1.0,1.0,1.0,1.0,1.0,1.0,1.0,1.0,1.0,1.0,1.0,1.0,1.0,0.0,0.0,1.0,0.0,0.0],[1.0,1.0,1.0,1.0,1.0,1.0,1.0,1.0,1.0,1.0,0.0,0.0,1.0,0.0,0.0,0.0,0.0,0.0,0.0,0.0],[1.0,1.0,1.0,1.0,1.0,1.0,1.0,1.0,1.0,1.0,1.0,1.0,1.0,1.0,1.0,0.0,1.0,1.0,0.0,0.0],[1.0,1.0,1.0,1.0,1.0,1.0,1.0,1.0,1.0,1.0,1.0,1.0,1.0,1.0,1.0,1.0,1.0,1.0,1.0,0.0]],"outlier_solution":[19,15,18,16,10,13,11,14,17,9,12,6,4,7,8,0,5,2,3,1],"dataset_id":599,"source_dataset_id":646,"options":null,"D":{"0":{"0":0,"1":1,"2":2,"3":5,"4":3,"5":0,"6":5,"7":0,"8":5,"9":5,"10":5,"11":5,"12":0,"13":5,"14":5,"15":4,"16":0,"17":3,"18":2,"19":5},"1":{"0":0,"1":0,"2":4,"3":1,"4":5,"5":4,"6":5,"7":3,"8":5,"9":5,"10":5,"11":5,"12":3,"13":5,"14":5,"15":5,"16":5,"17":1,"18":1,"19":1},"2":{"0":1,"1":5,"2":0,"3":5,"4":5,"5":3,"6":3,"7":5,"8":0,"9":5,"10":5,"11":5,"12":3,"13":4,"14":5,"15":5,"16":0,"17":2,"18":5,"19":2},"3":{"0":0,"1":0,"2":2,"3":0,"4":5,"5":5,"6":5,"7":0,"8":5,"9":5,"10":5,"11":0,"12":1,"13":5,"14":4,"15":1,"16":5,"17":5,"18":5,"19":3},"4":{"0":4,"1":3,"2":4,"3":2,"4":0,"5":2,"6":5,"7":5,"8":3,"9":5,"10":0,"11":0,"12":0,"13":0,"14":5,"15":0,"16":2,"17":4,"18":5,"19":4},"5":{"0":1,"1":0,"2":0,"3":0,"4":0,"5":0,"6":5,"7":4,"8":1,"9":1,"10":5,"11":0,"12":5,"13":4,"14":5,"15":5,"16":5,"17":5,"18":4,"19":5},"6":{"0":3,"1":0,"2":0,"3":0,"4":0,"5":2,"6":0,"7":3,"8":0,"9":1,"10":1,"11":1,"12":2,"13":3,"14":5,"15":4,"16":5,"17":3,"18":2,"19":5},"7":{"0":2,"1":3,"2":4,"3":0,"4":5,"5":0,"6":5,"7":0,"8":0,"9":5,"10":5,"11":4,"12":0,"13":1,"14":0,"15":4,"16":5,"17":1,"18":5,"19":5},"8":{"0":0,"1":0,"2":0,"3":2,"4":1,"5":3,"6":0,"7":4,"8":0,"9":5,"10":5,"11":5,"12":4,"13":5,"14":4,"15":5,"16":3,"17":4,"18":5,"19":2},"9":{"0":0,"1":0,"2":0,"3":2,"4":5,"5":1,"6":0,"7":0,"8":5,"9":0,"10":1,"11":5,"12":5,"13":5,"14":3,"15":0,"16":5,"17":0,"18":0,"19":5},"10":{"0":0,"1":1,"2":3,"3":0,"4":0,"5":0,"6":0,"7":0,"8":5,"9":0,"10":0,"11":5,"12":1,"13":1,"14":2,"15":2,"16":2,"17":5,"18":5,"19":3},"11":{"0":5,"1":0,"2":0,"3":0,"4":0,"5":4,"6":3,"7":4,"8":3,"9":0,"10":0,"11":0,"12":0,"13":1,"14":0,"15":5,"16":2,"17":0,"18":0,"19":3},"12":{"0":0,"1":0,"2":0,"3":4,"4":0,"5":0,"6":4,"7":0,"8":5,"9":0,"10":0,"11":0,"12":0,"13":1,"14":5,"15":5,"16":5,"17":2,"18":5,"19":0},"13":{"0":1,"1":4,"2":0,"3":0,"4":2,"5":0,"6":3,"7":1,"8":0,"9":5,"10":2,"11":0,"12":1,"13":0,"14":5,"15":3,"16":0,"17":0,"18":5,"19":0},"14":{"0":2,"1":0,"2":0,"3":0,"4":0,"5":0,"6":3,"7":1,"8":5,"9":0,"10":2,"11":3,"12":5,"13":2,"14":0,"15":4,"16":3,"17":0,"18":5,"19":5},"15":{"0":3,"1":2,"2":0,"3":4,"4":3,"5":1,"6":0,"7":0,"8":0,"9":0,"10":0,"11":0,"12":0,"13":0,"14":4,"15":0,"16":5,"17":0,"18":2,"19":0},"16":{"0":2,"1":2,"2":2,"3":1,"4":5,"5":4,"6":0,"7":4,"8":0,"9":0,"10":5,"11":0,"12":0,"13":2,"14":0,"15":4,"16":0,"17":4,"18":3,"19":3},"17":{"0":0,"1":0,"2":3,"3":0,"4":5,"5":0,"6":2,"7":3,"8":3,"9":0,"10":0,"11":3,"12":4,"13":1,"14":0,"15":5,"16":0,"17":0,"18":1,"19":1},"18":{"0":5,"1":3,"2":0,"3":0,"4":1,"5":0,"6":0,"7":4,"8":0,"9":0,"10":0,"11":0,"12":4,"13":0,"14":0,"15":3,"16":2,"17":0,"18":0,"19":2},"19":{"0":0,"1":1,"2":2,"3":2,"4":0,"5":0,"6":0,"7":2,"8":3,"9":0,"10":1,"11":0,"12":0,"13":0,"14":3,"15":0,"16":0,"17":2,"18":0,"19":0}},"method":"hillside","closest_pair":[[19,15,18,16,10,13,11,14,17,9,12,6,4,7,8,0,5,2,3,1],[19,15,18,16,10,13,11,14,17,12,9,6,4,7,8,0,5,2,3,1]],"farthest_pair":[[19,15,18,16,10,13,11,14,17,12,9,6,4,7,8,0,5,2,3,1],[19,15,18,16,10,13,11,14,17,9,12,6,4,7,8,0,5,2,3,1]],"tau_farthest_pair":0.9894736842,"tau_closest_pair":0.9894736842,"centroid_solution":[19,15,18,16,10,13,11,14,17,12,9,6,4,7,8,0,5,2,3,1]}