{"solutions":[[19,16,11,13,17,15,18,12,14,5,10,8,4,3,6,2,1,7,9,0],[19,16,11,13,17,18,14,15,12,5,10,8,4,3,6,2,1,7,9,0],[19,13,16,11,17,15,18,14,12,5,10,8,4,3,6,2,1,7,9,0],[19,13,16,17,11,15,18,12,14,5,10,8,4,3,6,2,1,7,9,0],[19,13,16,17,11,15,18,14,12,5,10,8,4,3,6,2,1,7,9,0],[19,13,16,11,17,18,14,15,12,5,10,8,4,3,6,2,1,7,9,0],[19,16,11,13,17,15,18,14,12,5,10,8,4,3,6,2,1,7,9,0],[19,13,16,11,17,15,18,12,14,5,10,8,4,3,6,2,1,7,9,0],[19,13,16,17,11,18,14,15,12,5,10,8,4,3,6,2,1,7,9,0]],"obj":2192.0,"max_tau_solutions":null,"centroid_x":[[0.0,0.0,0.0,0.0,0.0,0.0,0.0,0.0,0.0,0.0,0.0,0.0,0.0,0.0,0.0,0.0,0.0,0.0,0.0,0.0],[1.0,0.0,0.0,0.0,0.0,0.0,0.0,1.0,0.0,1.0,0.0,0.0,0.0,0.0,0.0,0.0,0.0,0.0,0.0,0.0],[1.0,1.0,0.0,0.0,0.0,0.0,0.0,1.0,0.0,1.0,0.0,0.0,0.0,0.0,0.0,0.0,0.0,0.0,0.0,0.0],[1.0,1.0,1.0,0.0,0.0,0.0,1.0,1.0,0.0,1.0,0.0,0.0,0.0,0.0,0.0,0.0,0.0,0.0,0.0,0.0],[1.0,1.0,1.0,1.0,0.0,0.0,1.0,1.0,0.0,1.0,0.0,0.0,0.0,0.0,0.0,0.0,0.0,0.0,0.0,0.0],[1.0,1.0,1.0,1.0,1.0,0.0,1.0,1.0,1.0,1.0,1.0,0.0,0.0,0.0,0.0,0.0,0.0,0.0,0.0,0.0],[1.0,1.0,1.0,0.0,0.0,0.0,0.0,1.0,0.0,1.0,0.0,0.0,0.0,0.0,0.0,0.0,0.0,0.0,0.0,0.0],[1.0,0.0,0.0,0.0,0.0,0.0,0.0,0.0,0.0,1.0,0.0,0.0,0.0,0.0,0.0,0.0,0.0,0.0,0.0,0.0],[1.0,1.0,1.0,1.0,1.0,0.0,1.0,1.0,0.0,1.0,0.0,0.0,0.0,0.0,0.0,0.0,0.0,0.0,0.0,0.0],[1.0,0.0,0.0,0.0,0.0,0.0,0.0,0.0,0.0,0.0,0.0,0.0,0.0,0.0,0.0,0.0,0.0,0.0,0.0,0.0],[1.0,1.0,1.0,1.0,1.0,0.0,1.0,1.0,1.0,1.0,0.0,0.0,0.0,0.0,0.0,0.0,0.0,0.0,0.0,0.0],[1.0,1.0,1.0,1.0,1.0,1.0,1.0,1.0,1.0,1.0,1.0,0.0,1.0,0.4179613768,1.0,1.0,0.0,0.5892457411,1.0,0.0],[1.0,1.0,1.0,1.0,1.0,1.0,1.0,1.0,1.0,1.0,1.0,0.0,0.0,0.0,0.3201482614,0.0,0.0,0.0,0.0,0.0],[1.0,1.0,1.0,1.0,1.0,1.0,1.0,1.0,1.0,1.0,1.0,0.5820386232,1.0,0.0,1.0,1.0,0.5820386232,1.0,1.0,0.0],[1.0,1.0,1.0,1.0,1.0,1.0,1.0,1.0,1.0,1.0,1.0,0.0,0.6798517386,0.0,0.0,0.4661662093,0.0,0.0,0.0,0.0],[1.0,1.0,1.0,1.0,1.0,1.0,1.0,1.0,1.0,1.0,1.0,0.0,1.0,0.0,0.5338337907,0.0,0.0,0.0,0.5338337907,0.0],[1.0,1.0,1.0,1.0,1.0,1.0,1.0,1.0,1.0,1.0,1.0,1.0,1.0,0.4179613768,1.0,1.0,0.0,1.0,1.0,0.0],[1.0,1.0,1.0,1.0,1.0,1.0,1.0,1.0,1.0,1.0,1.0,0.4107542589,1.0,0.0,1.0,1.0,0.0,0.0,1.0,0.0],[1.0,1.0,1.0,1.0,1.0,1.0,1.0,1.0,1.0,1.0,1.0,0.0,1.0,0.0,1.0,0.4661662093,0.0,0.0,0.0,0.0],[1.0,1.0,1.0,1.0,1.0,1.0,1.0,1.0,1.0,1.0,1.0,1.0,1.0,1.0,1.0,1.0,1.0,1.0,1.0,0.0]],"outlier_solution":[19,16,11,13,17,15,18,12,14,5,10,8,4,3,6,2,1,7,9,0],"dataset_id":604,"source_dataset_id":651,"options":null,"D":{"0":{"0":0,"1":5,"2":0,"3":5,"4":4,"5":5,"6":1,"7":3,"8":4,"9":5,"10":5,"11":0,"12":0,"13":0,"14":0,"15":5,"16":5,"17":3,"18":0,"19":0},"1":{"0":0,"1":0,"2":1,"3":1,"4":3,"5":2,"6":0,"7":2,"8":5,"9":0,"10":5,"11":5,"12":5,"13":5,"14":3,"15":5,"16":2,"17":4,"18":3,"19":5},"2":{"0":4,"1":3,"2":0,"3":0,"4":3,"5":1,"6":1,"7":0,"8":2,"9":0,"10":0,"11":5,"12":5,"13":0,"14":2,"15":3,"16":2,"17":2,"18":1,"19":0},"3":{"0":3,"1":3,"2":0,"3":0,"4":5,"5":2,"6":1,"7":3,"8":5,"9":0,"10":5,"11":4,"12":5,"13":5,"14":5,"15":0,"16":0,"17":2,"18":5,"19":3},"4":{"0":0,"1":1,"2":1,"3":4,"4":0,"5":5,"6":2,"7":0,"8":3,"9":5,"10":5,"11":5,"12":0,"13":5,"14":5,"15":2,"16":0,"17":5,"18":5,"19":1},"5":{"0":0,"1":0,"2":2,"3":0,"4":4,"5":0,"6":4,"7":0,"8":0,"9":1,"10":0,"11":3,"12":1,"13":1,"14":1,"15":0,"16":5,"17":1,"18":5,"19":5},"6":{"0":3,"1":4,"2":2,"3":0,"4":0,"5":0,"6":0,"7":0,"8":5,"9":5,"10":1,"11":5,"12":5,"13":5,"14":0,"15":5,"16":2,"17":0,"18":1,"19":2},"7":{"0":5,"1":3,"2":0,"3":0,"4":4,"5":0,"6":0,"7":0,"8":5,"9":0,"10":0,"11":0,"12":2,"13":5,"14":2,"15":5,"16":4,"17":4,"18":0,"19":5},"8":{"0":0,"1":0,"2":0,"3":1,"4":1,"5":0,"6":1,"7":0,"8":0,"9":0,"10":5,"11":2,"12":5,"13":4,"14":5,"15":2,"16":3,"17":5,"18":5,"19":0},"9":{"0":5,"1":4,"2":0,"3":0,"4":4,"5":0,"6":0,"7":1,"8":3,"9":0,"10":5,"11":5,"12":2,"13":5,"14":5,"15":2,"16":5,"17":5,"18":3,"19":5},"10":{"0":0,"1":1,"2":4,"3":3,"4":0,"5":0,"6":3,"7":0,"8":1,"9":2,"10":0,"11":5,"12":5,"13":5,"14":2,"15":0,"16":5,"17":3,"18":4,"19":5},"11":{"0":4,"1":0,"2":0,"3":2,"4":0,"5":0,"6":0,"7":0,"8":0,"9":5,"10":1,"11":0,"12":1,"13":5,"14":5,"15":5,"16":5,"17":3,"18":2,"19":1},"12":{"0":0,"1":0,"2":0,"3":3,"4":5,"5":0,"6":0,"7":4,"8":0,"9":0,"10":2,"11":5,"12":0,"13":5,"14":0,"15":0,"16":5,"17":5,"18":0,"19":5},"13":{"0":0,"1":3,"2":3,"3":3,"4":0,"5":5,"6":2,"7":0,"8":0,"9":0,"10":3,"11":2,"12":0,"13":0,"14":1,"15":0,"16":5,"17":4,"18":3,"19":5},"14":{"0":1,"1":0,"2":0,"3":4,"4":5,"5":4,"6":5,"7":0,"8":0,"9":3,"10":3,"11":0,"12":0,"13":0,"14":0,"15":0,"16":3,"17":0,"18":3,"19":5},"15":{"0":0,"1":4,"2":0,"3":0,"4":0,"5":0,"6":1,"7":1,"8":0,"9":0,"10":1,"11":5,"12":0,"13":3,"14":0,"15":0,"16":2,"17":0,"18":3,"19":5},"16":{"0":3,"1":0,"2":0,"3":2,"4":2,"5":5,"6":0,"7":3,"8":0,"9":0,"10":0,"11":0,"12":3,"13":4,"14":3,"15":0,"16":0,"17":4,"18":5,"19":0},"17":{"0":0,"1":5,"2":3,"3":4,"4":0,"5":0,"6":3,"7":1,"8":0,"9":0,"10":0,"11":0,"12":3,"13":0,"14":4,"15":0,"16":0,"17":0,"18":0,"19":5},"18":{"0":0,"1":3,"2":0,"3":4,"4":0,"5":1,"6":2,"7":3,"8":0,"9":0,"10":2,"11":5,"12":0,"13":5,"14":0,"15":0,"16":0,"17":4,"18":0,"19":5},"19":{"0":1,"1":3,"2":0,"3":0,"4":4,"5":0,"6":0,"7":0,"8":0,"9":0,"10":0,"11":0,"12":0,"13":2,"14":4,"15":3,"16":5,"17":0,"18":2,"19":0}},"method":"hillside","closest_pair":[[19,16,11,13,17,15,18,12,14,5,10,8,4,3,6,2,1,7,9,0],[19,16,11,13,17,15,18,14,12,5,10,8,4,3,6,2,1,7,9,0]],"farthest_pair":[[19,13,16,17,11,15,18,12,14,5,10,8,4,3,6,2,1,7,9,0],[19,16,11,13,17,18,14,15,12,5,10,8,4,3,6,2,1,7,9,0]],"tau_farthest_pair":0.9368421053,"tau_closest_pair":0.9894736842,"centroid_solution":[19,13,16,11,17,15,18,14,12,5,10,8,4,3,6,2,1,7,9,0]}