{"solutions":[[0,9,7,1,2,6,3,4,8,10,5,12,14,18,15,17,13,11,16,19],[0,9,7,1,2,6,3,4,8,10,5,14,12,18,15,11,17,16,13,19],[0,9,7,1,2,6,3,4,8,10,5,12,14,18,15,11,17,16,13,19],[0,9,7,1,2,6,3,4,8,10,5,14,12,18,15,17,13,11,16,19],[0,9,7,1,2,6,3,4,8,10,5,14,12,18,15,17,11,16,13,19],[0,9,7,1,2,6,3,4,8,10,5,12,15,14,18,17,11,16,13,19],[0,9,7,1,2,6,3,4,8,10,5,12,15,14,18,11,17,16,13,19],[0,9,7,1,2,6,3,4,8,10,5,12,15,14,18,17,13,11,16,19],[0,9,7,1,2,6,3,4,8,10,5,12,14,18,15,17,11,16,13,19]],"obj":2192.0,"max_tau_solutions":null,"centroid_x":[[0.0,1.0,1.0,1.0,1.0,1.0,1.0,1.0,1.0,1.0,1.0,1.0,1.0,1.0,1.0,1.0,1.0,1.0,1.0,1.0],[0.0,0.0,1.0,1.0,1.0,1.0,1.0,0.0,1.0,0.0,1.0,1.0,1.0,1.0,1.0,1.0,1.0,1.0,1.0,1.0],[0.0,0.0,0.0,1.0,1.0,1.0,1.0,0.0,1.0,0.0,1.0,1.0,1.0,1.0,1.0,1.0,1.0,1.0,1.0,1.0],[0.0,0.0,0.0,0.0,1.0,1.0,0.0,0.0,1.0,0.0,1.0,1.0,1.0,1.0,1.0,1.0,1.0,1.0,1.0,1.0],[0.0,0.0,0.0,0.0,0.0,1.0,0.0,0.0,1.0,0.0,1.0,1.0,1.0,1.0,1.0,1.0,1.0,1.0,1.0,1.0],[0.0,0.0,0.0,0.0,0.0,0.0,0.0,0.0,0.0,0.0,0.0,1.0,1.0,1.0,1.0,1.0,1.0,1.0,1.0,1.0],[0.0,0.0,0.0,1.0,1.0,1.0,0.0,0.0,1.0,0.0,1.0,1.0,1.0,1.0,1.0,1.0,1.0,1.0,1.0,1.0],[0.0,1.0,1.0,1.0,1.0,1.0,1.0,0.0,1.0,0.0,1.0,1.0,1.0,1.0,1.0,1.0,1.0,1.0,1.0,1.0],[0.0,0.0,0.0,0.0,0.0,1.0,0.0,0.0,0.0,0.0,1.0,1.0,1.0,1.0,1.0,1.0,1.0,1.0,1.0,1.0],[0.0,1.0,1.0,1.0,1.0,1.0,1.0,1.0,1.0,0.0,1.0,1.0,1.0,1.0,1.0,1.0,1.0,1.0,1.0,1.0],[0.0,0.0,0.0,0.0,0.0,1.0,0.0,0.0,0.0,0.0,0.0,1.0,1.0,1.0,1.0,1.0,1.0,1.0,1.0,1.0],[0.0,0.0,0.0,0.0,0.0,0.0,0.0,0.0,0.0,0.0,0.0,0.0,0.0,0.562685491,0.0,0.0,1.0,0.4249500716,0.0,1.0],[0.0,0.0,0.0,0.0,0.0,0.0,0.0,0.0,0.0,0.0,0.0,1.0,0.0,1.0,0.5965482777,1.0,1.0,1.0,1.0,1.0],[0.0,0.0,0.0,0.0,0.0,0.0,0.0,0.0,0.0,0.0,0.0,0.437314509,0.0,0.0,0.0,0.0,0.4373145089,0.0,0.0,1.0],[0.0,0.0,0.0,0.0,0.0,0.0,0.0,0.0,0.0,0.0,0.0,1.0,0.4034517223,1.0,0.0,0.5473479528,1.0,1.0,1.0,1.0],[0.0,0.0,0.0,0.0,0.0,0.0,0.0,0.0,0.0,0.0,0.0,1.0,0.0,1.0,0.4526520472,0.0,1.0,1.0,0.4526520471,1.0],[0.0,0.0,0.0,0.0,0.0,0.0,0.0,0.0,0.0,0.0,0.0,0.0,0.0,0.5626854911,0.0,0.0,0.0,0.0,0.0,1.0],[0.0,0.0,0.0,0.0,0.0,0.0,0.0,0.0,0.0,0.0,0.0,0.5750499284,0.0,1.0,0.0,0.0,1.0,0.0,0.0,1.0],[0.0,0.0,0.0,0.0,0.0,0.0,0.0,0.0,0.0,0.0,0.0,1.0,0.0,1.0,0.0,0.5473479529,1.0,1.0,0.0,1.0],[0.0,0.0,0.0,0.0,0.0,0.0,0.0,0.0,0.0,0.0,0.0,0.0,0.0,0.0,0.0,0.0,0.0,0.0,0.0,0.0]],"outlier_solution":[0,9,7,1,2,6,3,4,8,10,5,14,12,18,15,17,13,11,16,19],"dataset_id":604,"source_dataset_id":651,"options":null,"D":{"0":{"0":0,"1":0,"2":4,"3":3,"4":0,"5":0,"6":3,"7":5,"8":0,"9":5,"10":0,"11":4,"12":0,"13":0,"14":1,"15":0,"16":3,"17":0,"18":0,"19":1},"1":{"0":5,"1":0,"2":3,"3":3,"4":1,"5":0,"6":4,"7":3,"8":0,"9":4,"10":1,"11":0,"12":0,"13":3,"14":0,"15":4,"16":0,"17":5,"18":3,"19":3},"2":{"0":0,"1":1,"2":0,"3":0,"4":1,"5":2,"6":2,"7":0,"8":0,"9":0,"10":4,"11":0,"12":0,"13":3,"14":0,"15":0,"16":0,"17":3,"18":0,"19":0},"3":{"0":5,"1":1,"2":0,"3":0,"4":4,"5":0,"6":0,"7":0,"8":1,"9":0,"10":3,"11":2,"12":3,"13":3,"14":4,"15":0,"16":2,"17":4,"18":4,"19":0},"4":{"0":4,"1":3,"2":3,"3":5,"4":0,"5":4,"6":0,"7":4,"8":1,"9":4,"10":0,"11":0,"12":5,"13":0,"14":5,"15":0,"16":2,"17":0,"18":0,"19":4},"5":{"0":5,"1":2,"2":1,"3":2,"4":5,"5":0,"6":0,"7":0,"8":0,"9":0,"10":0,"11":0,"12":0,"13":5,"14":4,"15":0,"16":5,"17":0,"18":1,"19":0},"6":{"0":1,"1":0,"2":1,"3":1,"4":2,"5":4,"6":0,"7":0,"8":1,"9":0,"10":3,"11":0,"12":0,"13":2,"14":5,"15":1,"16":0,"17":3,"18":2,"19":0},"7":{"0":3,"1":2,"2":0,"3":3,"4":0,"5":0,"6":0,"7":0,"8":0,"9":1,"10":0,"11":0,"12":4,"13":0,"14":0,"15":1,"16":3,"17":1,"18":3,"19":0},"8":{"0":4,"1":5,"2":2,"3":5,"4":3,"5":0,"6":5,"7":5,"8":0,"9":3,"10":1,"11":0,"12":0,"13":0,"14":0,"15":0,"16":0,"17":0,"18":0,"19":0},"9":{"0":5,"1":0,"2":0,"3":0,"4":5,"5":1,"6":5,"7":0,"8":0,"9":0,"10":2,"11":5,"12":0,"13":0,"14":3,"15":0,"16":0,"17":0,"18":0,"19":0},"10":{"0":5,"1":5,"2":0,"3":5,"4":5,"5":0,"6":1,"7":0,"8":5,"9":5,"10":0,"11":1,"12":2,"13":3,"14":3,"15":1,"16":0,"17":0,"18":2,"19":0},"11":{"0":0,"1":5,"2":5,"3":4,"4":5,"5":3,"6":5,"7":0,"8":2,"9":5,"10":5,"11":0,"12":5,"13":2,"14":0,"15":5,"16":0,"17":0,"18":5,"19":0},"12":{"0":0,"1":5,"2":5,"3":5,"4":0,"5":1,"6":5,"7":2,"8":5,"9":2,"10":5,"11":1,"12":0,"13":0,"14":0,"15":0,"16":3,"17":3,"18":0,"19":0},"13":{"0":0,"1":5,"2":0,"3":5,"4":5,"5":1,"6":5,"7":5,"8":4,"9":5,"10":5,"11":5,"12":5,"13":0,"14":0,"15":3,"16":4,"17":0,"18":5,"19":2},"14":{"0":0,"1":3,"2":2,"3":5,"4":5,"5":1,"6":0,"7":2,"8":5,"9":5,"10":2,"11":5,"12":0,"13":1,"14":0,"15":0,"16":3,"17":4,"18":0,"19":4},"15":{"0":5,"1":5,"2":3,"3":0,"4":2,"5":0,"6":5,"7":5,"8":2,"9":2,"10":0,"11":5,"12":0,"13":0,"14":0,"15":0,"16":0,"17":0,"18":0,"19":3},"16":{"0":5,"1":2,"2":2,"3":0,"4":0,"5":5,"6":2,"7":4,"8":3,"9":5,"10":5,"11":5,"12":5,"13":5,"14":3,"15":2,"16":0,"17":0,"18":0,"19":5},"17":{"0":3,"1":4,"2":2,"3":2,"4":5,"5":1,"6":0,"7":4,"8":5,"9":5,"10":3,"11":3,"12":5,"13":4,"14":0,"15":0,"16":4,"17":0,"18":4,"19":0},"18":{"0":0,"1":3,"2":1,"3":5,"4":5,"5":5,"6":1,"7":0,"8":5,"9":3,"10":4,"11":2,"12":0,"13":3,"14":3,"15":3,"16":5,"17":0,"18":0,"19":2},"19":{"0":0,"1":5,"2":0,"3":3,"4":1,"5":5,"6":2,"7":5,"8":0,"9":5,"10":5,"11":1,"12":5,"13":5,"14":5,"15":5,"16":0,"17":5,"18":5,"19":0}},"method":"hillside","closest_pair":[[0,9,7,1,2,6,3,4,8,10,5,14,12,18,15,17,13,11,16,19],[0,9,7,1,2,6,3,4,8,10,5,12,14,18,15,17,13,11,16,19]],"farthest_pair":[[0,9,7,1,2,6,3,4,8,10,5,14,12,18,15,17,13,11,16,19],[0,9,7,1,2,6,3,4,8,10,5,12,15,14,18,11,17,16,13,19]],"centroid_solution":[0,9,7,1,2,6,3,4,8,10,5,12,14,18,15,17,11,16,13,19]}