{"solutions":[[17,14,18,16,15,19,12,13,11,10,8,9,1,7,3,5,6,4,2,0],[17,14,16,18,15,19,12,13,11,10,8,9,1,7,3,5,6,4,2,0],[17,14,18,16,15,19,12,13,11,10,8,9,1,3,7,6,5,4,2,0],[17,14,18,16,15,19,12,13,11,10,8,9,1,3,7,5,6,4,2,0],[17,14,16,18,15,19,12,13,11,10,8,9,1,3,7,5,6,4,2,0],[17,18,14,16,15,19,12,13,11,10,8,7,9,1,3,5,6,4,2,0],[17,14,16,18,15,19,12,13,11,10,8,7,9,1,3,6,5,4,2,0],[17,18,14,16,15,19,12,13,11,10,8,9,1,7,3,6,5,4,2,0],[17,14,16,18,15,19,12,13,11,10,8,9,1,7,3,6,5,4,2,0],[17,14,18,16,15,19,12,13,11,10,8,7,9,1,3,5,6,4,2,0],[17,14,16,18,15,19,12,13,11,10,8,9,1,3,7,6,5,4,2,0],[17,14,18,16,15,19,12,13,11,10,8,7,9,1,3,6,5,4,2,0],[17,18,14,16,15,19,12,13,11,10,8,9,1,3,7,5,6,4,2,0],[17,18,14,16,15,19,12,13,11,10,8,7,9,1,3,6,5,4,2,0],[17,18,14,16,15,19,12,13,11,10,8,9,1,3,7,6,5,4,2,0],[17,18,14,16,15,19,12,13,11,10,8,9,1,7,3,5,6,4,2,0],[17,14,16,18,15,19,12,13,11,10,8,7,9,1,3,5,6,4,2,0],[17,14,18,16,15,19,12,13,11,10,8,9,1,7,3,6,5,4,2,0]],"obj":1591.0,"max_tau_solutions":null,"centroid_x":[[0.0,0.0,0.0,0.0,0.0,0.0,0.0,0.0,0.0,0.0,0.0,0.0,0.0,0.0,0.0,0.0,0.0,0.0,0.0,0.0],[1.0,0.0,1.0,1.0,1.0,1.0,1.0,0.5964981068,0.0,0.0,0.0,0.0,0.0,0.0,0.0,0.0,0.0,0.0,0.0,0.0],[1.0,0.0,0.0,0.0,0.0,0.0,0.0,0.0,0.0,0.0,0.0,0.0,0.0,0.0,0.0,0.0,0.0,0.0,0.0,0.0],[1.0,0.0,1.0,0.0,1.0,1.0,1.0,0.3436874481,0.0,0.0,0.0,0.0,0.0,0.0,0.0,0.0,0.0,0.0,0.0,0.0],[1.0,0.0,1.0,0.0,0.0,0.0,0.0,0.0,0.0,0.0,0.0,0.0,0.0,0.0,0.0,0.0,0.0,0.0,0.0,0.0],[1.0,0.0,1.0,0.0,1.0,0.0,0.3330035648,0.0,0.0,0.0,0.0,0.0,0.0,0.0,0.0,0.0,0.0,0.0,0.0,0.0],[1.0,0.0,1.0,0.0,1.0,0.6669964352,0.0,0.0,0.0,0.0,0.0,0.0,0.0,0.0,0.0,0.0,0.0,0.0,0.0,0.0],[1.0,0.4035018932,1.0,0.6563125519,1.0,1.0,1.0,0.0,0.0,0.4035018932,0.0,0.0,0.0,0.0,0.0,0.0,0.0,0.0,0.0,0.0],[1.0,1.0,1.0,1.0,1.0,1.0,1.0,1.0,0.0,1.0,0.0,0.0,0.0,0.0,0.0,0.0,0.0,0.0,0.0,0.0],[1.0,1.0,1.0,1.0,1.0,1.0,1.0,0.5964981068,0.0,0.0,0.0,0.0,0.0,0.0,0.0,0.0,0.0,0.0,0.0,0.0],[1.0,1.0,1.0,1.0,1.0,1.0,1.0,1.0,1.0,1.0,0.0,0.0,0.0,0.0,0.0,0.0,0.0,0.0,0.0,0.0],[1.0,1.0,1.0,1.0,1.0,1.0,1.0,1.0,1.0,1.0,1.0,0.0,0.0,0.0,0.0,0.0,0.0,0.0,0.0,0.0],[1.0,1.0,1.0,1.0,1.0,1.0,1.0,1.0,1.0,1.0,1.0,1.0,0.0,1.0,0.0,0.0,0.0,0.0,0.0,0.0],[1.0,1.0,1.0,1.0,1.0,1.0,1.0,1.0,1.0,1.0,1.0,1.0,0.0,0.0,0.0,0.0,0.0,0.0,0.0,0.0],[1.0,1.0,1.0,1.0,1.0,1.0,1.0,1.0,1.0,1.0,1.0,1.0,1.0,1.0,0.0,1.0,1.0,0.0,0.4390065048,1.0],[1.0,1.0,1.0,1.0,1.0,1.0,1.0,1.0,1.0,1.0,1.0,1.0,1.0,1.0,0.0,0.0,0.0,0.0,0.0,1.0],[1.0,1.0,1.0,1.0,1.0,1.0,1.0,1.0,1.0,1.0,1.0,1.0,1.0,1.0,0.0,1.0,0.0,0.0,0.3089692605,1.0],[1.0,1.0,1.0,1.0,1.0,1.0,1.0,1.0,1.0,1.0,1.0,1.0,1.0,1.0,1.0,1.0,1.0,0.0,1.0,1.0],[1.0,1.0,1.0,1.0,1.0,1.0,1.0,1.0,1.0,1.0,1.0,1.0,1.0,1.0,0.5609934952,1.0,0.6910307395,0.0,0.0,1.0],[1.0,1.0,1.0,1.0,1.0,1.0,1.0,1.0,1.0,1.0,1.0,1.0,1.0,1.0,0.0,0.0,0.0,0.0,0.0,0.0]],"outlier_solution":[17,14,16,18,15,19,12,13,11,10,8,7,9,1,3,5,6,4,2,0],"dataset_id":605,"source_dataset_id":652,"options":null,"D":{"0":{"0":0,"1":5,"2":0,"3":5,"4":0,"5":5,"6":5,"7":4,"8":1,"9":5,"10":2,"11":5,"12":5,"13":4,"14":5,"15":0,"16":5,"17":5,"18":5,"19":5},"1":{"0":5,"1":0,"2":4,"3":5,"4":5,"5":3,"6":2,"7":5,"8":1,"9":2,"10":5,"11":0,"12":0,"13":5,"14":5,"15":5,"16":0,"17":3,"18":0,"19":5},"2":{"0":0,"1":0,"2":0,"3":1,"4":0,"5":5,"6":5,"7":5,"8":5,"9":5,"10":1,"11":0,"12":5,"13":0,"14":5,"15":5,"16":0,"17":1,"18":5,"19":5},"3":{"0":0,"1":2,"2":0,"3":0,"4":5,"5":5,"6":0,"7":0,"8":3,"9":0,"10":4,"11":5,"12":1,"13":0,"14":3,"15":5,"16":2,"17":5,"18":5,"19":1},"4":{"0":0,"1":0,"2":4,"3":0,"4":0,"5":5,"6":5,"7":5,"8":5,"9":2,"10":0,"11":3,"12":4,"13":0,"14":0,"15":5,"16":5,"17":5,"18":2,"19":3},"5":{"0":0,"1":0,"2":0,"3":0,"4":1,"5":0,"6":2,"7":5,"8":4,"9":1,"10":4,"11":5,"12":4,"13":5,"14":5,"15":0,"16":5,"17":5,"18":5,"19":5},"6":{"0":0,"1":3,"2":1,"3":0,"4":0,"5":0,"6":0,"7":3,"8":3,"9":0,"10":5,"11":5,"12":5,"13":5,"14":5,"15":5,"16":5,"17":5,"18":4,"19":3},"7":{"0":0,"1":3,"2":0,"3":2,"4":0,"5":0,"6":0,"7":0,"8":2,"9":1,"10":5,"11":1,"12":5,"13":5,"14":5,"15":0,"16":2,"17":4,"18":5,"19":5},"8":{"0":0,"1":4,"2":0,"3":0,"4":0,"5":0,"6":4,"7":0,"8":0,"9":1,"10":5,"11":0,"12":0,"13":5,"14":5,"15":5,"16":1,"17":5,"18":5,"19":0},"9":{"0":0,"1":4,"2":0,"3":0,"4":0,"5":0,"6":0,"7":2,"8":0,"9":0,"10":3,"11":5,"12":5,"13":5,"14":5,"15":0,"16":5,"17":5,"18":5,"19":2},"10":{"0":5,"1":0,"2":0,"3":0,"4":0,"5":2,"6":0,"7":0,"8":0,"9":3,"10":0,"11":5,"12":2,"13":5,"14":5,"15":4,"16":5,"17":5,"18":5,"19":0},"11":{"0":0,"1":1,"2":0,"3":2,"4":0,"5":0,"6":1,"7":0,"8":3,"9":0,"10":0,"11":0,"12":5,"13":0,"14":2,"15":5,"16":3,"17":5,"18":0,"19":5},"12":{"0":1,"1":0,"2":0,"3":0,"4":0,"5":3,"6":0,"7":2,"8":4,"9":0,"10":0,"11":0,"12":0,"13":5,"14":4,"15":3,"16":5,"17":5,"18":0,"19":2},"13":{"0":2,"1":0,"2":0,"3":4,"4":0,"5":0,"6":0,"7":0,"8":0,"9":1,"10":0,"11":0,"12":5,"13":0,"14":5,"15":5,"16":0,"17":5,"18":3,"19":0},"14":{"0":0,"1":3,"2":0,"3":0,"4":0,"5":0,"6":0,"7":0,"8":0,"9":0,"10":0,"11":0,"12":0,"13":0,"14":0,"15":5,"16":0,"17":4,"18":5,"19":5},"15":{"0":1,"1":0,"2":0,"3":0,"4":0,"5":0,"6":0,"7":0,"8":0,"9":0,"10":3,"11":5,"12":4,"13":2,"14":0,"15":0,"16":5,"17":5,"18":3,"19":2},"16":{"0":0,"1":5,"2":0,"3":0,"4":0,"5":1,"6":0,"7":0,"8":0,"9":0,"10":0,"11":0,"12":0,"13":1,"14":0,"15":4,"16":0,"17":5,"18":0,"19":2},"17":{"0":0,"1":0,"2":1,"3":0,"4":5,"5":0,"6":3,"7":5,"8":0,"9":0,"10":1,"11":0,"12":4,"13":0,"14":0,"15":0,"16":1,"17":0,"18":5,"19":5},"18":{"0":0,"1":0,"2":0,"3":0,"4":4,"5":0,"6":0,"7":0,"8":0,"9":5,"10":2,"11":0,"12":0,"13":3,"14":0,"15":3,"16":4,"17":0,"18":0,"19":5},"19":{"0":0,"1":5,"2":0,"3":3,"4":0,"5":3,"6":0,"7":0,"8":5,"9":0,"10":0,"11":0,"12":5,"13":0,"14":0,"15":3,"16":0,"17":1,"18":5,"19":0}},"method":"hillside","closest_pair":[[17,18,14,16,15,19,12,13,11,10,8,7,9,1,3,6,5,4,2,0],[17,14,18,16,15,19,12,13,11,10,8,7,9,1,3,6,5,4,2,0]],"farthest_pair":[[17,14,16,18,15,19,12,13,11,10,8,7,9,1,3,6,5,4,2,0],[17,18,14,16,15,19,12,13,11,10,8,9,1,3,7,5,6,4,2,0]],"tau_farthest_pair":0.9368421053,"tau_closest_pair":0.9894736842,"centroid_solution":[17,18,14,16,15,19,12,13,11,10,8,9,1,7,3,6,5,4,2,0]}