{"solutions":[[0,2,4,6,5,3,7,1,9,8,10,11,13,12,19,15,16,18,14,17],[0,2,4,6,5,3,7,1,9,8,10,11,13,12,19,15,18,16,14,17],[0,2,4,5,6,7,3,1,9,8,10,11,13,12,19,15,18,16,14,17],[0,2,4,6,5,3,1,9,7,8,10,11,13,12,19,15,16,14,18,17],[0,2,4,5,6,7,3,1,9,8,10,11,13,12,19,15,16,14,18,17],[0,2,4,6,5,3,7,1,9,8,10,11,13,12,19,15,16,14,18,17],[0,2,4,6,5,3,1,9,7,8,10,11,13,12,19,15,18,16,14,17],[0,2,4,5,6,3,7,1,9,8,10,11,13,12,19,15,16,14,18,17],[0,2,4,6,5,3,1,9,7,8,10,11,13,12,19,15,16,18,14,17],[0,2,4,5,6,3,1,9,7,8,10,11,13,12,19,15,18,16,14,17],[0,2,4,5,6,7,3,1,9,8,10,11,13,12,19,15,16,18,14,17],[0,2,4,5,6,3,7,1,9,8,10,11,13,12,19,15,18,16,14,17],[0,2,4,6,5,7,3,1,9,8,10,11,13,12,19,15,18,16,14,17],[0,2,4,5,6,3,1,9,7,8,10,11,13,12,19,15,16,14,18,17],[0,2,4,5,6,3,1,9,7,8,10,11,13,12,19,15,16,18,14,17],[0,2,4,6,5,7,3,1,9,8,10,11,13,12,19,15,16,14,18,17],[0,2,4,6,5,7,3,1,9,8,10,11,13,12,19,15,16,18,14,17],[0,2,4,5,6,3,7,1,9,8,10,11,13,12,19,15,16,18,14,17]],"obj":1591.0,"max_tau_solutions":null,"centroid_x":[[0.0,1.0,1.0,1.0,1.0,1.0,1.0,1.0,1.0,1.0,1.0,1.0,1.0,1.0,1.0,1.0,1.0,1.0,1.0,1.0],[0.0,0.0,0.0,0.0,0.0,0.0,0.0,0.4229382878,1.0,1.0,1.0,1.0,1.0,1.0,1.0,1.0,1.0,1.0,1.0,1.0],[0.0,1.0,0.0,1.0,1.0,1.0,1.0,1.0,1.0,1.0,1.0,1.0,1.0,1.0,1.0,1.0,1.0,1.0,1.0,1.0],[0.0,1.0,0.0,0.0,0.0,0.0,0.0,0.5517000967,1.0,1.0,1.0,1.0,1.0,1.0,1.0,1.0,1.0,1.0,1.0,1.0],[0.0,1.0,0.0,1.0,0.0,1.0,1.0,1.0,1.0,1.0,1.0,1.0,1.0,1.0,1.0,1.0,1.0,1.0,1.0,1.0],[0.0,1.0,0.0,1.0,0.0,0.0,0.5030009798,1.0,1.0,1.0,1.0,1.0,1.0,1.0,1.0,1.0,1.0,1.0,1.0,1.0],[0.0,1.0,0.0,1.0,0.0,0.4969990202,0.0,1.0,1.0,1.0,1.0,1.0,1.0,1.0,1.0,1.0,1.0,1.0,1.0,1.0],[0.0,0.5770617122,0.0,0.4482999033,0.0,0.0,0.0,0.0,1.0,0.5770617121,1.0,1.0,1.0,1.0,1.0,1.0,1.0,1.0,1.0,1.0],[0.0,0.0,0.0,0.0,0.0,0.0,0.0,0.0,0.0,0.0,1.0,1.0,1.0,1.0,1.0,1.0,1.0,1.0,1.0,1.0],[0.0,0.0,0.0,0.0,0.0,0.0,0.0,0.4229382879,1.0,0.0,1.0,1.0,1.0,1.0,1.0,1.0,1.0,1.0,1.0,1.0],[0.0,0.0,0.0,0.0,0.0,0.0,0.0,0.0,0.0,0.0,0.0,1.0,1.0,1.0,1.0,1.0,1.0,1.0,1.0,1.0],[0.0,0.0,0.0,0.0,0.0,0.0,0.0,0.0,0.0,0.0,0.0,0.0,1.0,1.0,1.0,1.0,1.0,1.0,1.0,1.0],[0.0,0.0,0.0,0.0,0.0,0.0,0.0,0.0,0.0,0.0,0.0,0.0,0.0,0.0,1.0,1.0,1.0,1.0,1.0,1.0],[0.0,0.0,0.0,0.0,0.0,0.0,0.0,0.0,0.0,0.0,0.0,0.0,1.0,0.0,1.0,1.0,1.0,1.0,1.0,1.0],[0.0,0.0,0.0,0.0,0.0,0.0,0.0,0.0,0.0,0.0,0.0,0.0,0.0,0.0,0.0,0.0,0.0,1.0,0.4484608527,0.0],[0.0,0.0,0.0,0.0,0.0,0.0,0.0,0.0,0.0,0.0,0.0,0.0,0.0,0.0,1.0,0.0,1.0,1.0,1.0,0.0],[0.0,0.0,0.0,0.0,0.0,0.0,0.0,0.0,0.0,0.0,0.0,0.0,0.0,0.0,1.0,0.0,0.0,1.0,0.5478641373,0.0],[0.0,0.0,0.0,0.0,0.0,0.0,0.0,0.0,0.0,0.0,0.0,0.0,0.0,0.0,0.0,0.0,0.0,0.0,0.0,0.0],[0.0,0.0,0.0,0.0,0.0,0.0,0.0,0.0,0.0,0.0,0.0,0.0,0.0,0.0,0.5515391473,0.0,0.4521358627,1.0,0.0,0.0],[0.0,0.0,0.0,0.0,0.0,0.0,0.0,0.0,0.0,0.0,0.0,0.0,0.0,0.0,1.0,1.0,1.0,1.0,1.0,0.0]],"outlier_solution":[0,2,4,6,5,3,1,9,7,8,10,11,13,12,19,15,16,14,18,17],"dataset_id":605,"source_dataset_id":652,"options":null,"D":{"0":{"0":0,"1":5,"2":0,"3":0,"4":0,"5":0,"6":0,"7":0,"8":0,"9":0,"10":5,"11":0,"12":1,"13":2,"14":0,"15":1,"16":0,"17":0,"18":0,"19":0},"1":{"0":5,"1":0,"2":0,"3":2,"4":0,"5":0,"6":3,"7":3,"8":4,"9":4,"10":0,"11":1,"12":0,"13":0,"14":3,"15":0,"16":5,"17":0,"18":0,"19":5},"2":{"0":0,"1":4,"2":0,"3":0,"4":4,"5":0,"6":1,"7":0,"8":0,"9":0,"10":0,"11":0,"12":0,"13":0,"14":0,"15":0,"16":0,"17":1,"18":0,"19":0},"3":{"0":5,"1":5,"2":1,"3":0,"4":0,"5":0,"6":0,"7":2,"8":0,"9":0,"10":0,"11":2,"12":0,"13":4,"14":0,"15":0,"16":0,"17":0,"18":0,"19":3},"4":{"0":0,"1":5,"2":0,"3":5,"4":0,"5":1,"6":0,"7":0,"8":0,"9":0,"10":0,"11":0,"12":0,"13":0,"14":0,"15":0,"16":0,"17":5,"18":4,"19":0},"5":{"0":5,"1":3,"2":5,"3":5,"4":5,"5":0,"6":0,"7":0,"8":0,"9":0,"10":2,"11":0,"12":3,"13":0,"14":0,"15":0,"16":1,"17":0,"18":0,"19":3},"6":{"0":5,"1":2,"2":5,"3":0,"4":5,"5":2,"6":0,"7":0,"8":4,"9":0,"10":0,"11":1,"12":0,"13":0,"14":0,"15":0,"16":0,"17":3,"18":0,"19":0},"7":{"0":4,"1":5,"2":5,"3":0,"4":5,"5":5,"6":3,"7":0,"8":0,"9":2,"10":0,"11":0,"12":2,"13":0,"14":0,"15":0,"16":0,"17":5,"18":0,"19":0},"8":{"0":1,"1":1,"2":5,"3":3,"4":5,"5":4,"6":3,"7":2,"8":0,"9":0,"10":0,"11":3,"12":4,"13":0,"14":0,"15":0,"16":0,"17":0,"18":0,"19":5},"9":{"0":5,"1":2,"2":5,"3":0,"4":2,"5":1,"6":0,"7":1,"8":1,"9":0,"10":3,"11":0,"12":0,"13":1,"14":0,"15":0,"16":0,"17":0,"18":5,"19":0},"10":{"0":2,"1":5,"2":1,"3":4,"4":0,"5":4,"6":5,"7":5,"8":5,"9":3,"10":0,"11":0,"12":0,"13":0,"14":0,"15":3,"16":0,"17":1,"18":2,"19":0},"11":{"0":5,"1":0,"2":0,"3":5,"4":3,"5":5,"6":5,"7":1,"8":0,"9":5,"10":5,"11":0,"12":0,"13":0,"14":0,"15":5,"16":0,"17":0,"18":0,"19":0},"12":{"0":5,"1":0,"2":5,"3":1,"4":4,"5":4,"6":5,"7":5,"8":0,"9":5,"10":2,"11":5,"12":0,"13":5,"14":0,"15":4,"16":0,"17":4,"18":0,"19":5},"13":{"0":4,"1":5,"2":0,"3":0,"4":0,"5":5,"6":5,"7":5,"8":5,"9":5,"10":5,"11":0,"12":5,"13":0,"14":0,"15":2,"16":1,"17":0,"18":3,"19":0},"14":{"0":5,"1":5,"2":5,"3":3,"4":0,"5":5,"6":5,"7":5,"8":5,"9":5,"10":5,"11":2,"12":4,"13":5,"14":0,"15":0,"16":0,"17":0,"18":0,"19":0},"15":{"0":0,"1":5,"2":5,"3":5,"4":5,"5":0,"6":5,"7":0,"8":5,"9":0,"10":4,"11":5,"12":3,"13":5,"14":5,"15":0,"16":4,"17":0,"18":3,"19":3},"16":{"0":5,"1":0,"2":0,"3":2,"4":5,"5":5,"6":5,"7":2,"8":1,"9":5,"10":5,"11":3,"12":5,"13":0,"14":0,"15":5,"16":0,"17":1,"18":4,"19":0},"17":{"0":5,"1":3,"2":1,"3":5,"4":5,"5":5,"6":5,"7":4,"8":5,"9":5,"10":5,"11":5,"12":5,"13":5,"14":4,"15":5,"16":5,"17":0,"18":0,"19":1},"18":{"0":5,"1":0,"2":5,"3":5,"4":2,"5":5,"6":4,"7":5,"8":5,"9":5,"10":5,"11":0,"12":0,"13":3,"14":5,"15":3,"16":0,"17":5,"18":0,"19":5},"19":{"0":5,"1":5,"2":5,"3":1,"4":3,"5":5,"6":3,"7":5,"8":0,"9":2,"10":0,"11":5,"12":2,"13":0,"14":5,"15":2,"16":2,"17":5,"18":5,"19":0}},"method":"hillside","closest_pair":[[0,2,4,5,6,3,7,1,9,8,10,11,13,12,19,15,18,16,14,17],[0,2,4,6,5,3,7,1,9,8,10,11,13,12,19,15,18,16,14,17]],"farthest_pair":[[0,2,4,6,5,3,1,9,7,8,10,11,13,12,19,15,16,14,18,17],[0,2,4,5,6,7,3,1,9,8,10,11,13,12,19,15,18,16,14,17]],"tau_farthest_pair":0.9368421053,"tau_closest_pair":0.9894736842,"centroid_solution":[0,2,4,5,6,3,7,1,9,8,10,11,13,12,19,15,16,18,14,17]}