{"solutions":[[17,18,15,19,14,12,16,10,13,11,9,7,8,5,6,4,3,2,0,1],[17,18,15,19,12,14,16,10,13,11,9,7,8,5,6,4,3,2,0,1],[17,18,15,19,14,16,12,10,13,11,9,7,8,5,6,4,3,2,0,1]],"obj":1676.0,"max_tau_solutions":null,"centroid_x":[[0.0,1.0,0.0,0.0,0.0,0.0,0.0,0.0,0.0,0.0,0.0,0.0,0.0,0.0,0.0,0.0,0.0,0.0,0.0,0.0],[0.0,0.0,0.0,0.0,0.0,0.0,0.0,0.0,0.0,0.0,0.0,0.0,0.0,0.0,0.0,0.0,0.0,0.0,0.0,0.0],[1.0,1.0,0.0,0.0,0.0,0.0,0.0,0.0,0.0,0.0,0.0,0.0,0.0,0.0,0.0,0.0,0.0,0.0,0.0,0.0],[1.0,1.0,1.0,0.0,0.0,0.0,0.0,0.0,0.0,0.0,0.0,0.0,0.0,0.0,0.0,0.0,0.0,0.0,0.0,0.0],[1.0,1.0,1.0,1.0,0.0,0.0,0.0,0.0,0.0,0.0,0.0,0.0,0.0,0.0,0.0,0.0,0.0,0.0,0.0,0.0],[1.0,1.0,1.0,1.0,1.0,0.0,1.0,0.0,0.0,0.0,0.0,0.0,0.0,0.0,0.0,0.0,0.0,0.0,0.0,0.0],[1.0,1.0,1.0,1.0,1.0,0.0,0.0,0.0,0.0,0.0,0.0,0.0,0.0,0.0,0.0,0.0,0.0,0.0,0.0,0.0],[1.0,1.0,1.0,1.0,1.0,1.0,1.0,0.0,1.0,0.0,0.0,0.0,0.0,0.0,0.0,0.0,0.0,0.0,0.0,0.0],[1.0,1.0,1.0,1.0,1.0,1.0,1.0,0.0,0.0,0.0,0.0,0.0,0.0,0.0,0.0,0.0,0.0,0.0,0.0,0.0],[1.0,1.0,1.0,1.0,1.0,1.0,1.0,1.0,1.0,0.0,0.0,0.0,0.0,0.0,0.0,0.0,0.0,0.0,0.0,0.0],[1.0,1.0,1.0,1.0,1.0,1.0,1.0,1.0,1.0,1.0,0.0,1.0,0.0,1.0,0.0,0.0,0.0,0.0,0.0,0.0],[1.0,1.0,1.0,1.0,1.0,1.0,1.0,1.0,1.0,1.0,0.0,0.0,0.0,0.0,0.0,0.0,0.0,0.0,0.0,0.0],[1.0,1.0,1.0,1.0,1.0,1.0,1.0,1.0,1.0,1.0,1.0,1.0,0.0,1.0,0.2965332378,0.0,0.4488273587,0.0,0.0,0.0],[1.0,1.0,1.0,1.0,1.0,1.0,1.0,1.0,1.0,1.0,0.0,1.0,0.0,0.0,0.0,0.0,0.0,0.0,0.0,0.0],[1.0,1.0,1.0,1.0,1.0,1.0,1.0,1.0,1.0,1.0,1.0,1.0,0.7034667622,1.0,0.0,0.0,1.0,0.0,0.0,0.0],[1.0,1.0,1.0,1.0,1.0,1.0,1.0,1.0,1.0,1.0,1.0,1.0,1.0,1.0,1.0,0.0,1.0,0.0,0.0,1.0],[1.0,1.0,1.0,1.0,1.0,1.0,1.0,1.0,1.0,1.0,1.0,1.0,0.5511726413,1.0,0.0,0.0,0.0,0.0,0.0,0.0],[1.0,1.0,1.0,1.0,1.0,1.0,1.0,1.0,1.0,1.0,1.0,1.0,1.0,1.0,1.0,1.0,1.0,0.0,1.0,1.0],[1.0,1.0,1.0,1.0,1.0,1.0,1.0,1.0,1.0,1.0,1.0,1.0,1.0,1.0,1.0,1.0,1.0,0.0,0.0,1.0],[1.0,1.0,1.0,1.0,1.0,1.0,1.0,1.0,1.0,1.0,1.0,1.0,1.0,1.0,1.0,0.0,1.0,0.0,0.0,0.0]],"outlier_solution":[17,18,15,19,12,14,16,10,13,11,9,7,8,5,6,4,3,2,0,1],"dataset_id":608,"source_dataset_id":655,"options":null,"D":{"0":{"0":0,"1":5,"2":0,"3":2,"4":5,"5":5,"6":5,"7":5,"8":0,"9":5,"10":5,"11":5,"12":5,"13":4,"14":2,"15":5,"16":1,"17":5,"18":5,"19":5},"1":{"0":0,"1":0,"2":5,"3":3,"4":4,"5":5,"6":5,"7":5,"8":5,"9":5,"10":2,"11":5,"12":5,"13":5,"14":5,"15":5,"16":2,"17":5,"18":5,"19":5},"2":{"0":3,"1":0,"2":0,"3":5,"4":2,"5":0,"6":5,"7":5,"8":5,"9":5,"10":1,"11":0,"12":5,"13":0,"14":5,"15":5,"16":5,"17":2,"18":5,"19":0},"3":{"0":0,"1":4,"2":0,"3":0,"4":1,"5":5,"6":5,"7":5,"8":0,"9":5,"10":0,"11":5,"12":5,"13":5,"14":3,"15":1,"16":3,"17":2,"18":5,"19":5},"4":{"0":4,"1":0,"2":0,"3":0,"4":0,"5":2,"6":0,"7":4,"8":4,"9":5,"10":5,"11":5,"12":5,"13":5,"14":5,"15":4,"16":5,"17":1,"18":5,"19":0},"5":{"0":0,"1":0,"2":0,"3":1,"4":2,"5":0,"6":4,"7":2,"8":5,"9":5,"10":0,"11":5,"12":4,"13":5,"14":5,"15":5,"16":3,"17":5,"18":0,"19":0},"6":{"0":0,"1":0,"2":5,"3":0,"4":0,"5":0,"6":0,"7":5,"8":5,"9":5,"10":5,"11":1,"12":5,"13":5,"14":4,"15":5,"16":5,"17":5,"18":3,"19":4},"7":{"0":0,"1":0,"2":0,"3":0,"4":0,"5":1,"6":0,"7":0,"8":5,"9":5,"10":5,"11":0,"12":0,"13":5,"14":5,"15":5,"16":0,"17":5,"18":5,"19":5},"8":{"0":0,"1":0,"2":0,"3":0,"4":0,"5":4,"6":0,"7":0,"8":0,"9":5,"10":5,"11":5,"12":5,"13":5,"14":5,"15":0,"16":5,"17":5,"18":0,"19":5},"9":{"0":0,"1":0,"2":0,"3":0,"4":0,"5":2,"6":5,"7":5,"8":3,"9":0,"10":5,"11":0,"12":5,"13":4,"14":5,"15":5,"16":0,"17":5,"18":3,"19":0},"10":{"0":0,"1":0,"2":3,"3":0,"4":0,"5":0,"6":0,"7":0,"8":0,"9":0,"10":0,"11":0,"12":3,"13":3,"14":5,"15":5,"16":2,"17":5,"18":0,"19":5},"11":{"0":1,"1":2,"2":0,"3":4,"4":1,"5":0,"6":0,"7":0,"8":0,"9":0,"10":2,"11":0,"12":5,"13":1,"14":2,"15":2,"16":5,"17":3,"18":3,"19":2},"12":{"0":0,"1":2,"2":0,"3":0,"4":0,"5":0,"6":4,"7":3,"8":0,"9":4,"10":1,"11":0,"12":0,"13":5,"14":0,"15":5,"16":0,"17":5,"18":3,"19":5},"13":{"0":0,"1":0,"2":4,"3":4,"4":2,"5":0,"6":0,"7":3,"8":0,"9":0,"10":0,"11":2,"12":4,"13":0,"14":5,"15":5,"16":5,"17":3,"18":2,"19":5},"14":{"0":4,"1":0,"2":2,"3":2,"4":0,"5":0,"6":0,"7":0,"8":0,"9":0,"10":0,"11":3,"12":0,"13":2,"14":0,"15":5,"16":0,"17":5,"18":5,"19":0},"15":{"0":0,"1":4,"2":4,"3":1,"4":4,"5":0,"6":0,"7":1,"8":0,"9":0,"10":0,"11":1,"12":2,"13":0,"14":0,"15":0,"16":5,"17":0,"18":1,"19":4},"16":{"0":0,"1":0,"2":0,"3":0,"4":3,"5":0,"6":3,"7":2,"8":0,"9":4,"10":0,"11":0,"12":0,"13":0,"14":0,"15":0,"16":0,"17":1,"18":5,"19":5},"17":{"0":0,"1":0,"2":5,"3":5,"4":0,"5":0,"6":0,"7":0,"8":3,"9":0,"10":1,"11":1,"12":2,"13":1,"14":2,"15":0,"16":0,"17":0,"18":5,"19":2},"18":{"0":1,"1":0,"2":0,"3":0,"4":0,"5":4,"6":0,"7":0,"8":0,"9":1,"10":1,"11":0,"12":0,"13":3,"14":0,"15":0,"16":4,"17":2,"18":0,"19":2},"19":{"0":3,"1":5,"2":0,"3":3,"4":0,"5":5,"6":0,"7":0,"8":4,"9":0,"10":0,"11":3,"12":3,"13":0,"14":0,"15":0,"16":0,"17":0,"18":0,"19":0}},"method":"hillside","closest_pair":[[17,18,15,19,14,12,16,10,13,11,9,7,8,5,6,4,3,2,0,1],[17,18,15,19,14,16,12,10,13,11,9,7,8,5,6,4,3,2,0,1]],"farthest_pair":[[17,18,15,19,14,16,12,10,13,11,9,7,8,5,6,4,3,2,0,1],[17,18,15,19,12,14,16,10,13,11,9,7,8,5,6,4,3,2,0,1]],"tau_farthest_pair":0.9789473684,"tau_closest_pair":0.9894736842,"centroid_solution":[17,18,15,19,14,16,12,10,13,11,9,7,8,5,6,4,3,2,0,1]}