{"solutions":[[27,4,22,18,21,3,24,28,16,8,9,1,2,11,10,7,6,23,30,29,17,12,0,20,13,26,25,14,19,5,31,15,32],[27,4,22,18,21,3,24,28,16,8,9,1,10,2,11,7,6,23,30,29,12,17,0,20,13,25,26,14,19,5,31,15,32],[27,4,22,18,21,3,24,28,16,8,9,1,10,2,11,7,6,23,30,29,12,17,0,20,13,26,25,14,19,5,31,15,32],[27,4,22,18,21,3,24,28,16,8,9,1,2,11,10,7,6,23,30,29,12,17,0,20,13,26,25,14,19,5,31,15,32],[27,4,22,18,21,3,24,28,16,8,9,1,2,11,10,7,6,23,30,29,12,17,0,20,13,25,26,14,19,5,31,15,32],[27,4,22,3,28,18,21,24,16,8,9,1,10,2,11,7,6,23,30,29,12,17,0,20,13,25,26,14,19,5,31,15,32],[27,4,22,3,28,18,21,24,16,8,9,1,2,11,10,7,6,23,30,29,17,12,0,20,13,26,25,14,19,5,31,15,32],[27,4,22,3,28,18,21,24,16,8,9,1,2,11,10,7,6,23,30,29,12,17,0,20,13,26,25,14,19,5,31,15,32],[27,4,22,3,28,18,21,24,16,8,9,1,2,11,10,7,6,23,30,29,17,12,0,20,13,25,26,14,19,5,31,15,32],[27,4,22,3,28,18,21,24,16,8,9,1,10,2,11,7,6,23,30,29,17,12,0,20,13,26,25,14,19,5,31,15,32],[27,4,22,3,28,18,21,24,16,8,9,1,2,11,10,7,6,23,30,29,12,17,0,20,13,25,26,14,19,5,31,15,32],[27,4,22,3,28,18,21,24,16,8,9,1,10,2,11,7,6,23,30,29,12,17,0,20,13,26,25,14,19,5,31,15,32],[27,4,22,18,21,3,24,28,16,8,9,1,2,11,10,7,6,23,30,29,17,12,0,20,13,25,26,14,19,5,31,15,32],[27,4,22,18,21,3,24,28,16,8,9,1,10,2,11,7,6,23,30,29,17,12,0,20,13,26,25,14,19,5,31,15,32],[27,4,22,18,21,3,24,28,16,8,9,1,10,2,11,7,6,23,30,29,17,12,0,20,13,25,26,14,19,5,31,15,32],[27,4,22,3,28,18,21,24,16,8,9,1,10,2,11,7,6,23,30,29,17,12,0,20,13,25,26,14,19,5,31,15,32]],"obj":4968.0,"max_tau_solutions":null,"centroid_x":[[0.0,0.0,0.0,0.0,0.0,1.0,0.0,0.0,0.0,0.0,0.0,0.0,0.0,1.0,1.0,1.0,0.0,0.0,0.0,1.0,1.0,0.0,0.0,0.0,0.0,1.0,1.0,0.0,0.0,0.0,0.0,1.0,1.0],[1.0,0.0,1.0,0.0,0.0,1.0,1.0,1.0,0.0,0.0,1.0,1.0,1.0,1.0,1.0,1.0,0.0,1.0,0.0,1.0,1.0,0.0,0.0,1.0,0.0,1.0,1.0,0.0,0.0,1.0,1.0,1.0,1.0],[1.0,0.0,0.0,0.0,0.0,1.0,1.0,1.0,0.0,0.0,0.4996280865,1.0,1.0,1.0,1.0,1.0,0.0,1.0,0.0,1.0,1.0,0.0,0.0,1.0,0.0,1.0,1.0,0.0,0.0,1.0,1.0,1.0,1.0],[1.0,1.0,1.0,0.0,0.0,1.0,1.0,1.0,1.0,1.0,1.0,1.0,1.0,1.0,1.0,1.0,1.0,1.0,0.5044913332,1.0,1.0,0.5044913318,0.0,1.0,1.0,1.0,1.0,0.0,1.0,1.0,1.0,1.0,1.0],[1.0,1.0,1.0,1.0,0.0,1.0,1.0,1.0,1.0,1.0,1.0,1.0,1.0,1.0,1.0,1.0,1.0,1.0,1.0,1.0,1.0,1.0,1.0,1.0,1.0,1.0,1.0,0.0,1.0,1.0,1.0,1.0,1.0],[0.0,0.0,0.0,0.0,0.0,0.0,0.0,0.0,0.0,0.0,0.0,0.0,0.0,0.0,0.0,1.0,0.0,0.0,0.0,0.0,0.0,0.0,0.0,0.0,0.0,0.0,0.0,0.0,0.0,0.0,0.0,1.0,1.0],[1.0,0.0,0.0,0.0,0.0,1.0,0.0,0.0,0.0,0.0,0.0,0.0,1.0,1.0,1.0,1.0,0.0,1.0,0.0,1.0,1.0,0.0,0.0,1.0,0.0,1.0,1.0,0.0,0.0,1.0,1.0,1.0,1.0],[1.0,0.0,0.0,0.0,0.0,1.0,1.0,0.0,0.0,0.0,0.0,0.0,1.0,1.0,1.0,1.0,0.0,1.0,0.0,1.0,1.0,0.0,0.0,1.0,0.0,1.0,1.0,0.0,0.0,1.0,1.0,1.0,1.0],[1.0,1.0,1.0,0.0,0.0,1.0,1.0,1.0,0.0,1.0,1.0,1.0,1.0,1.0,1.0,1.0,0.0,1.0,0.0,1.0,1.0,0.0,0.0,1.0,0.0,1.0,1.0,0.0,0.0,1.0,1.0,1.0,1.0],[1.0,1.0,1.0,0.0,0.0,1.0,1.0,1.0,0.0,0.0,1.0,1.0,1.0,1.0,1.0,1.0,0.0,1.0,0.0,1.0,1.0,0.0,0.0,1.0,0.0,1.0,1.0,0.0,0.0,1.0,1.0,1.0,1.0],[1.0,0.0,0.5003719135,0.0,0.0,1.0,1.0,1.0,0.0,0.0,0.0,0.5003718632,1.0,1.0,1.0,1.0,0.0,1.0,0.0,1.0,1.0,0.0,0.0,1.0,0.0,1.0,1.0,0.0,0.0,1.0,1.0,1.0,1.0],[1.0,0.0,0.0,0.0,0.0,1.0,1.0,1.0,0.0,0.0,0.4996281368,0.0,1.0,1.0,1.0,1.0,0.0,1.0,0.0,1.0,1.0,0.0,0.0,1.0,0.0,1.0,1.0,0.0,0.0,1.0,1.0,1.0,1.0],[1.0,0.0,0.0,0.0,0.0,1.0,0.0,0.0,0.0,0.0,0.0,0.0,0.0,1.0,1.0,1.0,0.0,0.5050687681,0.0,1.0,1.0,0.0,0.0,0.0,0.0,1.0,1.0,0.0,0.0,0.0,0.0,1.0,1.0],[0.0,0.0,0.0,0.0,0.0,1.0,0.0,0.0,0.0,0.0,0.0,0.0,0.0,0.0,1.0,1.0,0.0,0.0,0.0,1.0,0.0,0.0,0.0,0.0,0.0,1.0,1.0,0.0,0.0,0.0,0.0,1.0,1.0],[0.0,0.0,0.0,0.0,0.0,1.0,0.0,0.0,0.0,0.0,0.0,0.0,0.0,0.0,0.0,1.0,0.0,0.0,0.0,1.0,0.0,0.0,0.0,0.0,0.0,0.0,0.0,0.0,0.0,0.0,0.0,1.0,1.0],[0.0,0.0,0.0,0.0,0.0,0.0,0.0,0.0,0.0,0.0,0.0,0.0,0.0,0.0,0.0,0.0,0.0,0.0,0.0,0.0,0.0,0.0,0.0,0.0,0.0,0.0,0.0,0.0,0.0,0.0,0.0,0.0,1.0],[1.0,1.0,1.0,0.0,0.0,1.0,1.0,1.0,1.0,1.0,1.0,1.0,1.0,1.0,1.0,1.0,0.0,1.0,0.0,1.0,1.0,0.0,0.0,1.0,0.0,1.0,1.0,0.0,0.0,1.0,1.0,1.0,1.0],[1.0,0.0,0.0,0.0,0.0,1.0,0.0,0.0,0.0,0.0,0.0,0.0,0.4949312319,1.0,1.0,1.0,0.0,0.0,0.0,1.0,1.0,0.0,0.0,0.0,0.0,1.0,1.0,0.0,0.0,0.0,0.0,1.0,1.0],[1.0,1.0,1.0,0.4955086668,0.0,1.0,1.0,1.0,1.0,1.0,1.0,1.0,1.0,1.0,1.0,1.0,1.0,1.0,0.0,1.0,1.0,1.0,0.0,1.0,1.0,1.0,1.0,0.0,0.4955086246,1.0,1.0,1.0,1.0],[0.0,0.0,0.0,0.0,0.0,1.0,0.0,0.0,0.0,0.0,0.0,0.0,0.0,0.0,0.0,1.0,0.0,0.0,0.0,0.0,0.0,0.0,0.0,0.0,0.0,0.0,0.0,0.0,0.0,0.0,0.0,1.0,1.0],[0.0,0.0,0.0,0.0,0.0,1.0,0.0,0.0,0.0,0.0,0.0,0.0,0.0,1.0,1.0,1.0,0.0,0.0,0.0,1.0,0.0,0.0,0.0,0.0,0.0,1.0,1.0,0.0,0.0,0.0,0.0,1.0,1.0],[1.0,1.0,1.0,0.4955086682,0.0,1.0,1.0,1.0,1.0,1.0,1.0,1.0,1.0,1.0,1.0,1.0,1.0,1.0,0.0,1.0,1.0,0.0,0.0,1.0,1.0,1.0,1.0,0.0,0.4955086235,1.0,1.0,1.0,1.0],[1.0,1.0,1.0,1.0,0.0,1.0,1.0,1.0,1.0,1.0,1.0,1.0,1.0,1.0,1.0,1.0,1.0,1.0,1.0,1.0,1.0,1.0,0.0,1.0,1.0,1.0,1.0,0.0,1.0,1.0,1.0,1.0,1.0],[1.0,0.0,0.0,0.0,0.0,1.0,0.0,0.0,0.0,0.0,0.0,0.0,1.0,1.0,1.0,1.0,0.0,1.0,0.0,1.0,1.0,0.0,0.0,0.0,0.0,1.0,1.0,0.0,0.0,1.0,1.0,1.0,1.0],[1.0,1.0,1.0,0.0,0.0,1.0,1.0,1.0,1.0,1.0,1.0,1.0,1.0,1.0,1.0,1.0,1.0,1.0,0.0,1.0,1.0,0.0,0.0,1.0,0.0,1.0,1.0,0.0,0.4955086264,1.0,1.0,1.0,1.0],[0.0,0.0,0.0,0.0,0.0,1.0,0.0,0.0,0.0,0.0,0.0,0.0,0.0,0.0,1.0,1.0,0.0,0.0,0.0,1.0,0.0,0.0,0.0,0.0,0.0,0.0,0.550331116,0.0,0.0,0.0,0.0,1.0,1.0],[0.0,0.0,0.0,0.0,0.0,1.0,0.0,0.0,0.0,0.0,0.0,0.0,0.0,0.0,1.0,1.0,0.0,0.0,0.0,1.0,0.0,0.0,0.0,0.0,0.0,0.449668884,0.0,0.0,0.0,0.0,0.0,1.0,1.0],[1.0,1.0,1.0,1.0,1.0,1.0,1.0,1.0,1.0,1.0,1.0,1.0,1.0,1.0,1.0,1.0,1.0,1.0,1.0,1.0,1.0,1.0,1.0,1.0,1.0,1.0,1.0,0.0,1.0,1.0,1.0,1.0,1.0],[1.0,1.0,1.0,0.0,0.0,1.0,1.0,1.0,1.0,1.0,1.0,1.0,1.0,1.0,1.0,1.0,1.0,1.0,0.5044913754,1.0,1.0,0.5044913765,0.0,1.0,0.5044913736,1.0,1.0,0.0,0.0,1.0,1.0,1.0,1.0],[1.0,0.0,0.0,0.0,0.0,1.0,0.0,0.0,0.0,0.0,0.0,0.0,1.0,1.0,1.0,1.0,0.0,1.0,0.0,1.0,1.0,0.0,0.0,0.0,0.0,1.0,1.0,0.0,0.0,0.0,0.0,1.0,1.0],[1.0,0.0,0.0,0.0,0.0,1.0,0.0,0.0,0.0,0.0,0.0,0.0,1.0,1.0,1.0,1.0,0.0,1.0,0.0,1.0,1.0,0.0,0.0,0.0,0.0,1.0,1.0,0.0,0.0,1.0,0.0,1.0,1.0],[0.0,0.0,0.0,0.0,0.0,0.0,0.0,0.0,0.0,0.0,0.0,0.0,0.0,0.0,0.0,1.0,0.0,0.0,0.0,0.0,0.0,0.0,0.0,0.0,0.0,0.0,0.0,0.0,0.0,0.0,0.0,0.0,1.0],[0.0,0.0,0.0,0.0,0.0,0.0,0.0,0.0,0.0,0.0,0.0,0.0,0.0,0.0,0.0,0.0,0.0,0.0,0.0,0.0,0.0,0.0,0.0,0.0,0.0,0.0,0.0,0.0,0.0,0.0,0.0,0.0,0.0]],"outlier_solution":[27,4,22,18,21,3,24,28,16,8,9,1,2,11,10,7,6,23,30,29,17,12,0,20,13,26,25,14,19,5,31,15,32],"dataset_id":61,"source_dataset_id":61,"options":null,"D":{"0":{"0":588,"1":0,"2":0,"3":14,"4":32,"6":0,"7":1,"8":96,"9":2,"10":1,"12":0,"13":0,"15":0,"16":0,"17":0,"18":0,"20":9,"22":0,"23":3,"24":1,"26":0,"27":35,"28":11,"29":7,"30":26,"31":0,"32":0,"33":10,"34":10,"35":0,"36":0,"38":0,"40":0},"1":{"0":0,"1":0,"2":0,"3":0,"4":0,"6":0,"7":0,"8":0,"9":0,"10":0,"12":0,"13":0,"15":0,"16":0,"17":0,"18":0,"20":0,"22":0,"23":0,"24":0,"26":0,"27":0,"28":0,"29":0,"30":0,"31":0,"32":0,"33":0,"34":0,"35":0,"36":0,"38":0,"40":0},"2":{"0":0,"1":0,"2":0,"3":0,"4":0,"6":0,"7":0,"8":0,"9":0,"10":0,"12":0,"13":0,"15":0,"16":0,"17":0,"18":0,"20":0,"22":0,"23":0,"24":0,"26":0,"27":0,"28":0,"29":0,"30":0,"31":0,"32":0,"33":0,"34":0,"35":0,"36":0,"38":0,"40":0},"3":{"0":0,"1":0,"2":0,"3":0,"4":0,"6":0,"7":0,"8":0,"9":0,"10":0,"12":0,"13":0,"15":0,"16":0,"17":0,"18":0,"20":0,"22":0,"23":0,"24":0,"26":0,"27":0,"28":0,"29":0,"30":0,"31":0,"32":0,"33":0,"34":0,"35":0,"36":0,"38":0,"40":0},"4":{"0":0,"1":0,"2":8,"3":57,"4":1284,"6":0,"7":0,"8":0,"9":0,"10":0,"12":70,"13":0,"15":0,"16":0,"17":0,"18":0,"20":0,"22":0,"23":0,"24":0,"26":14,"27":65,"28":0,"29":0,"30":0,"31":0,"32":0,"33":31,"34":3,"35":0,"36":0,"38":0,"40":0},"6":{"0":0,"1":104,"2":4534,"3":477,"4":2422,"6":3794,"7":682,"8":229,"9":0,"10":296,"12":0,"13":0,"15":0,"16":0,"17":0,"18":0,"20":36,"22":12,"23":87,"24":0,"26":0,"27":0,"28":292,"29":0,"30":899,"31":0,"32":0,"33":8,"34":142,"35":0,"36":0,"38":0,"40":0},"7":{"0":0,"1":5,"2":0,"3":21,"4":101,"6":0,"7":212,"8":2,"9":0,"10":91,"12":0,"13":0,"15":0,"16":0,"17":0,"18":0,"20":0,"22":0,"23":39,"24":0,"26":0,"27":25,"28":31,"29":0,"30":22,"31":0,"32":0,"33":48,"34":10,"35":0,"36":0,"38":0,"40":0},"8":{"0":0,"1":4,"2":0,"3":64,"4":40,"6":0,"7":0,"8":1372,"9":24,