{"solutions":[[15,18,14,17,19,12,16,13,10,11,8,7,6,9,1,3,2,0,5,4],[15,18,14,17,19,12,16,13,10,11,8,7,6,9,1,3,2,5,0,4],[15,18,14,17,19,12,16,13,10,11,8,7,6,9,1,3,0,2,5,4]],"obj":1640.0,"max_tau_solutions":null,"centroid_x":[[0.0,0.0,0.2522969431,0.0,1.0,0.4293172942,0.0,0.0,0.0,0.0,0.0,0.0,0.0,0.0,0.0,0.0,0.0,0.0,0.0,0.0],[1.0,0.0,1.0,1.0,1.0,1.0,0.0,0.0,0.0,0.0,0.0,0.0,0.0,0.0,0.0,0.0,0.0,0.0,0.0,0.0],[0.7477030569,0.0,0.0,0.0,1.0,1.0,0.0,0.0,0.0,0.0,0.0,0.0,0.0,0.0,0.0,0.0,0.0,0.0,0.0,0.0],[1.0,0.0,1.0,0.0,1.0,1.0,0.0,0.0,0.0,0.0,0.0,0.0,0.0,0.0,0.0,0.0,0.0,0.0,0.0,0.0],[0.0,0.0,0.0,0.0,0.0,0.0,0.0,0.0,0.0,0.0,0.0,0.0,0.0,0.0,0.0,0.0,0.0,0.0,0.0,0.0],[0.5706827058,0.0,0.0,0.0,1.0,0.0,0.0,0.0,0.0,0.0,0.0,0.0,0.0,0.0,0.0,0.0,0.0,0.0,0.0,0.0],[1.0,1.0,1.0,1.0,1.0,1.0,0.0,0.0,0.0,1.0,0.0,0.0,0.0,0.0,0.0,0.0,0.0,0.0,0.0,0.0],[1.0,1.0,1.0,1.0,1.0,1.0,1.0,0.0,0.0,1.0,0.0,0.0,0.0,0.0,0.0,0.0,0.0,0.0,0.0,0.0],[1.0,1.0,1.0,1.0,1.0,1.0,1.0,1.0,0.0,1.0,0.0,0.0,0.0,0.0,0.0,0.0,0.0,0.0,0.0,0.0],[1.0,1.0,1.0,1.0,1.0,1.0,0.0,0.0,0.0,0.0,0.0,0.0,0.0,0.0,0.0,0.0,0.0,0.0,0.0,0.0],[1.0,1.0,1.0,1.0,1.0,1.0,1.0,1.0,1.0,1.0,0.0,1.0,0.0,0.0,0.0,0.0,0.0,0.0,0.0,0.0],[1.0,1.0,1.0,1.0,1.0,1.0,1.0,1.0,1.0,1.0,0.0,0.0,0.0,0.0,0.0,0.0,0.0,0.0,0.0,0.0],[1.0,1.0,1.0,1.0,1.0,1.0,1.0,1.0,1.0,1.0,1.0,1.0,0.0,1.0,0.0,0.0,1.0,0.0,0.0,0.0],[1.0,1.0,1.0,1.0,1.0,1.0,1.0,1.0,1.0,1.0,1.0,1.0,0.0,0.0,0.0,0.0,0.0,0.0,0.0,0.0],[1.0,1.0,1.0,1.0,1.0,1.0,1.0,1.0,1.0,1.0,1.0,1.0,1.0,1.0,0.0,0.0,1.0,1.0,0.0,1.0],[1.0,1.0,1.0,1.0,1.0,1.0,1.0,1.0,1.0,1.0,1.0,1.0,1.0,1.0,1.0,0.0,1.0,1.0,1.0,1.0],[1.0,1.0,1.0,1.0,1.0,1.0,1.0,1.0,1.0,1.0,1.0,1.0,0.0,1.0,0.0,0.0,0.0,0.0,0.0,0.0],[1.0,1.0,1.0,1.0,1.0,1.0,1.0,1.0,1.0,1.0,1.0,1.0,1.0,1.0,0.0,0.0,1.0,0.0,0.0,1.0],[1.0,1.0,1.0,1.0,1.0,1.0,1.0,1.0,1.0,1.0,1.0,1.0,1.0,1.0,1.0,0.0,1.0,1.0,0.0,1.0],[1.0,1.0,1.0,1.0,1.0,1.0,1.0,1.0,1.0,1.0,1.0,1.0,1.0,1.0,0.0,0.0,1.0,0.0,0.0,0.0]],"outlier_solution":[15,18,14,17,19,12,16,13,10,11,8,7,6,9,1,3,0,2,5,4],"dataset_id":610,"source_dataset_id":657,"options":null,"D":{"0":{"0":0,"1":5,"2":5,"3":0,"4":5,"5":0,"6":4,"7":4,"8":5,"9":5,"10":3,"11":5,"12":1,"13":5,"14":5,"15":5,"16":4,"17":5,"18":5,"19":0},"1":{"0":2,"1":0,"2":5,"3":5,"4":5,"5":5,"6":5,"7":5,"8":3,"9":5,"10":0,"11":5,"12":5,"13":0,"14":5,"15":3,"16":0,"17":4,"18":0,"19":0},"2":{"0":0,"1":0,"2":0,"3":3,"4":0,"5":5,"6":1,"7":5,"8":5,"9":5,"10":3,"11":0,"12":5,"13":5,"14":4,"15":2,"16":5,"17":5,"18":3,"19":5},"3":{"0":4,"1":2,"2":0,"3":0,"4":2,"5":5,"6":4,"7":5,"8":0,"9":4,"10":5,"11":5,"12":5,"13":1,"14":5,"15":5,"16":0,"17":5,"18":3,"19":4},"4":{"0":3,"1":0,"2":0,"3":0,"4":0,"5":5,"6":5,"7":5,"8":5,"9":5,"10":2,"11":5,"12":5,"13":5,"14":5,"15":5,"16":5,"17":5,"18":0,"19":0},"5":{"0":1,"1":5,"2":0,"3":0,"4":0,"5":0,"6":5,"7":5,"8":5,"9":5,"10":5,"11":5,"12":0,"13":0,"14":5,"15":5,"16":3,"17":5,"18":5,"19":5},"6":{"0":2,"1":4,"2":3,"3":4,"4":1,"5":1,"6":0,"7":5,"8":0,"9":1,"10":5,"11":5,"12":3,"13":5,"14":4,"15":0,"16":0,"17":5,"18":5,"19":0},"7":{"0":0,"1":0,"2":4,"3":0,"4":0,"5":0,"6":0,"7":0,"8":5,"9":5,"10":0,"11":0,"12":5,"13":5,"14":1,"15":5,"16":5,"17":5,"18":5,"19":0},"8":{"0":0,"1":0,"2":0,"3":0,"4":0,"5":0,"6":1,"7":0,"8":0,"9":5,"10":5,"11":5,"12":5,"13":0,"14":1,"15":2,"16":5,"17":5,"18":5,"19":5},"9":{"0":0,"1":5,"2":4,"3":4,"4":2,"5":2,"6":0,"7":0,"8":3,"9":0,"10":5,"11":0,"12":5,"13":5,"14":5,"15":5,"16":4,"17":5,"18":5,"19":5},"10":{"0":0,"1":0,"2":0,"3":1,"4":0,"5":0,"6":0,"7":0,"8":0,"9":2,"10":0,"11":5,"12":0,"13":1,"14":5,"15":5,"16":0,"17":0,"18":5,"19":5},"11":{"0":0,"1":0,"2":0,"3":3,"4":2,"5":0,"6":0,"7":0,"8":0,"9":5,"10":2,"11":0,"12":5,"13":4,"14":5,"15":5,"16":5,"17":5,"18":5,"19":3},"12":{"0":4,"1":0,"2":0,"3":0,"4":0,"5":0,"6":0,"7":2,"8":0,"9":0,"10":0,"11":5,"12":0,"13":4,"14":5,"15":3,"16":0,"17":2,"18":2,"19":4},"13":{"0":3,"1":0,"2":0,"3":2,"4":1,"5":4,"6":1,"7":0,"8":0,"9":0,"10":1,"11":3,"12":0,"13":0,"14":5,"15":5,"16":5,"17":0,"18":5,"19":5},"14":{"0":4,"1":0,"2":0,"3":0,"4":0,"5":0,"6":2,"7":0,"8":0,"9":0,"10":5,"11":1,"12":0,"13":5,"14":0,"15":5,"16":5,"17":3,"18":5,"19":5},"15":{"0":4,"1":1,"2":0,"3":0,"4":0,"5":0,"6":0,"7":0,"8":0,"9":0,"10":0,"11":0,"12":0,"13":0,"14":0,"15":0,"16":0,"17":5,"18":0,"19":5},"16":{"0":5,"1":0,"2":0,"3":4,"4":0,"5":0,"6":0,"7":0,"8":0,"9":0,"10":0,"11":0,"12":0,"13":2,"14":5,"15":1,"16":0,"17":5,"18":5,"19":4},"17":{"0":0,"1":2,"2":0,"3":1,"4":0,"5":0,"6":3,"7":0,"8":3,"9":0,"10":0,"11":4,"12":3,"13":5,"14":0,"15":0,"16":0,"17":0,"18":5,"19":5},"18":{"0":0,"1":1,"2":0,"3":0,"4":2,"5":0,"6":0,"7":0,"8":3,"9":0,"10":0,"11":0,"12":1,"13":0,"14":4,"15":2,"16":0,"17":0,"18":0,"19":5},"19":{"0":0,"1":0,"2":4,"3":0,"4":0,"5":0,"6":4,"7":0,"8":3,"9":4,"10":0,"11":5,"12":2,"13":0,"14":2,"15":0,"16":1,"17":0,"18":0,"19":0}},"method":"hillside","closest_pair":[[15,18,14,17,19,12,16,13,10,11,8,7,6,9,1,3,2,0,5,4],[15,18,14,17,19,12,16,13,10,11,8,7,6,9,1,3,0,2,5,4]],"farthest_pair":[[15,18,14,17,19,12,16,13,10,11,8,7,6,9,1,3,2,5,0,4],[15,18,14,17,19,12,16,13,10,11,8,7,6,9,1,3,0,2,5,4]],"tau_farthest_pair":0.9789473684,"tau_closest_pair":0.9894736842,"centroid_solution":[15,18,14,17,19,12,16,13,10,11,8,7,6,9,1,3,2,5,0,4]}