{"solutions":[[18,15,19,16,17,14,13,12,10,8,4,6,9,7,11,3,1,0,2,5],[18,15,19,16,17,14,13,12,10,8,4,6,7,11,9,3,1,0,2,5],[18,15,19,16,17,14,13,12,10,8,4,6,7,9,11,3,1,0,2,5],[18,15,19,16,17,14,13,12,10,8,4,6,11,9,7,3,1,0,2,5],[18,15,19,16,17,14,13,12,10,8,4,6,9,11,7,3,1,0,2,5],[18,15,19,16,17,14,13,12,10,8,4,6,11,7,9,3,1,0,2,5]],"obj":1540.0,"max_tau_solutions":null,"centroid_x":[[0.0,0.0,1.0,0.0,0.0,1.0,0.0,0.0,0.0,0.0,0.0,0.0,0.0,0.0,0.0,0.0,0.0,0.0,0.0,0.0],[1.0,0.0,1.0,0.0,0.0,1.0,0.0,0.0,0.0,0.0,0.0,0.0,0.0,0.0,0.0,0.0,0.0,0.0,0.0,0.0],[0.0,0.0,0.0,0.0,0.0,1.0,0.0,0.0,0.0,0.0,0.0,0.0,0.0,0.0,0.0,0.0,0.0,0.0,0.0,0.0],[1.0,1.0,1.0,0.0,0.0,1.0,0.0,0.0,0.0,0.0,0.0,0.0,0.0,0.0,0.0,0.0,0.0,0.0,0.0,0.0],[1.0,1.0,1.0,1.0,0.0,1.0,1.0,1.0,0.0,1.0,0.0,1.0,0.0,0.0,0.0,0.0,0.0,0.0,0.0,0.0],[0.0,0.0,0.0,0.0,0.0,0.0,0.0,0.0,0.0,0.0,0.0,0.0,0.0,0.0,0.0,0.0,0.0,0.0,0.0,0.0],[1.0,1.0,1.0,1.0,0.0,1.0,0.0,1.0,0.0,1.0,0.0,1.0,0.0,0.0,0.0,0.0,0.0,0.0,0.0,0.0],[1.0,1.0,1.0,1.0,0.0,1.0,0.0,0.0,0.0,0.4208628974,0.0,0.3741427915,0.0,0.0,0.0,0.0,0.0,0.0,0.0,0.0],[1.0,1.0,1.0,1.0,1.0,1.0,1.0,1.0,0.0,1.0,0.0,1.0,0.0,0.0,0.0,0.0,0.0,0.0,0.0,0.0],[1.0,1.0,1.0,1.0,0.0,1.0,0.0,0.5791371026,0.0,0.0,0.0,0.1637944587,0.0,0.0,0.0,0.0,0.0,0.0,0.0,0.0],[1.0,1.0,1.0,1.0,1.0,1.0,1.0,1.0,1.0,1.0,0.0,1.0,0.0,0.0,0.0,0.0,0.0,0.0,0.0,0.0],[1.0,1.0,1.0,1.0,0.0,1.0,0.0,0.6258572085,0.0,0.8362055413,0.0,0.0,0.0,0.0,0.0,0.0,0.0,0.0,0.0,0.0],[1.0,1.0,1.0,1.0,1.0,1.0,1.0,1.0,1.0,1.0,1.0,1.0,0.0,0.0,0.0,0.0,0.0,0.0,0.0,0.0],[1.0,1.0,1.0,1.0,1.0,1.0,1.0,1.0,1.0,1.0,1.0,1.0,1.0,0.0,0.0,0.0,0.0,0.0,0.0,0.0],[1.0,1.0,1.0,1.0,1.0,1.0,1.0,1.0,1.0,1.0,1.0,1.0,1.0,1.0,0.0,0.0,0.0,0.0,0.0,0.0],[1.0,1.0,1.0,1.0,1.0,1.0,1.0,1.0,1.0,1.0,1.0,1.0,1.0,1.0,1.0,0.0,1.0,1.0,0.0,1.0],[1.0,1.0,1.0,1.0,1.0,1.0,1.0,1.0,1.0,1.0,1.0,1.0,1.0,1.0,1.0,0.0,0.0,1.0,0.0,0.0],[1.0,1.0,1.0,1.0,1.0,1.0,1.0,1.0,1.0,1.0,1.0,1.0,1.0,1.0,1.0,0.0,0.0,0.0,0.0,0.0],[1.0,1.0,1.0,1.0,1.0,1.0,1.0,1.0,1.0,1.0,1.0,1.0,1.0,1.0,1.0,1.0,1.0,1.0,0.0,1.0],[1.0,1.0,1.0,1.0,1.0,1.0,1.0,1.0,1.0,1.0,1.0,1.0,1.0,1.0,1.0,0.0,1.0,1.0,0.0,0.0]],"outlier_solution":[18,15,19,16,17,14,13,12,10,8,4,6,7,9,11,3,1,0,2,5],"dataset_id":611,"source_dataset_id":658,"options":null,"D":{"0":{"0":0,"1":5,"2":3,"3":5,"4":5,"5":0,"6":0,"7":5,"8":0,"9":0,"10":5,"11":2,"12":2,"13":5,"14":4,"15":5,"16":5,"17":5,"18":5,"19":5},"1":{"0":0,"1":0,"2":5,"3":1,"4":0,"5":0,"6":5,"7":5,"8":5,"9":5,"10":3,"11":5,"12":5,"13":5,"14":5,"15":5,"16":2,"17":0,"18":5,"19":5},"2":{"0":0,"1":1,"2":0,"3":5,"4":5,"5":5,"6":0,"7":5,"8":5,"9":5,"10":5,"11":0,"12":3,"13":5,"14":5,"15":5,"16":0,"17":5,"18":5,"19":0},"3":{"0":5,"1":0,"2":2,"3":0,"4":5,"5":5,"6":3,"7":5,"8":0,"9":0,"10":5,"11":5,"12":5,"13":2,"14":2,"15":2,"16":5,"17":0,"18":5,"19":1},"4":{"0":0,"1":0,"2":0,"3":0,"4":0,"5":2,"6":5,"7":1,"8":5,"9":4,"10":5,"11":0,"12":0,"13":3,"14":4,"15":2,"16":0,"17":5,"18":5,"19":4},"5":{"0":0,"1":2,"2":0,"3":0,"4":3,"5":0,"6":5,"7":5,"8":5,"9":4,"10":5,"11":1,"12":5,"13":5,"14":5,"15":5,"16":5,"17":5,"18":4,"19":5},"6":{"0":0,"1":0,"2":0,"3":4,"4":0,"5":0,"6":0,"7":5,"8":5,"9":5,"10":5,"11":3,"12":5,"13":2,"14":4,"15":5,"16":1,"17":0,"18":5,"19":5},"7":{"0":2,"1":0,"2":0,"3":0,"4":3,"5":0,"6":2,"7":0,"8":5,"9":5,"10":5,"11":0,"12":5,"13":5,"14":0,"15":5,"16":5,"17":5,"18":5,"19":5},"8":{"0":3,"1":4,"2":2,"3":0,"4":0,"5":0,"6":5,"7":0,"8":0,"9":5,"10":0,"11":5,"12":1,"13":0,"14":3,"15":5,"16":5,"17":5,"18":1,"19":0},"9":{"0":5,"1":0,"2":0,"3":4,"4":3,"5":0,"6":2,"7":0,"8":0,"9":0,"10":5,"11":2,"12":5,"13":0,"14":3,"15":5,"16":5,"17":5,"18":5,"19":5},"10":{"0":0,"1":0,"2":0,"3":0,"4":0,"5":3,"6":0,"7":0,"8":4,"9":5,"10":0,"11":5,"12":5,"13":2,"14":0,"15":5,"16":0,"17":5,"18":5,"19":5},"11":{"0":0,"1":2,"2":4,"3":4,"4":1,"5":2,"6":0,"7":0,"8":0,"9":0,"10":0,"11":0,"12":5,"13":5,"14":5,"15":5,"16":5,"17":5,"18":2,"19":0},"12":{"0":2,"1":4,"2":0,"3":0,"4":0,"5":0,"6":1,"7":0,"8":0,"9":0,"10":0,"11":0,"12":0,"13":2,"14":5,"15":5,"16":5,"17":5,"18":2,"19":5},"13":{"0":0,"1":3,"2":0,"3":0,"4":0,"5":0,"6":4,"7":4,"8":0,"9":0,"10":0,"11":0,"12":0,"13":0,"14":2,"15":5,"16":3,"17":5,"18":5,"19":3},"14":{"0":3,"1":0,"2":0,"3":2,"4":0,"5":2,"6":0,"7":0,"8":3,"9":0,"10":0,"11":0,"12":4,"13":0,"14":0,"15":5,"16":0,"17":0,"18":0,"19":5},"15":{"0":5,"1":0,"2":1,"3":0,"4":5,"5":0,"6":0,"7":0,"8":0,"9":0,"10":0,"11":0,"12":0,"13":4,"14":0,"15":0,"16":5,"17":5,"18":5,"19":0},"16":{"0":0,"1":4,"2":0,"3":0,"4":0,"5":0,"6":4,"7":0,"8":0,"9":0,"10":5,"11":0,"12":0,"13":0,"14":0,"15":0,"16":0,"17":0,"18":5,"19":5},"17":{"0":0,"1":0,"2":0,"3":2,"4":0,"5":3,"6":0,"7":0,"8":3,"9":0,"10":0,"11":2,"12":0,"13":2,"14":0,"15":0,"16":1,"17":0,"18":5,"19":5},"18":{"0":0,"1":3,"2":0,"3":0,"4":0,"5":0,"6":0,"7":0,"8":0,"9":0,"10":5,"11":0,"12":0,"13":0,"14":0,"15":0,"16":0,"17":0,"18":0,"19":4},"19":{"0":0,"1":5,"2":1,"3":0,"4":1,"5":0,"6":3,"7":1,"8":0,"9":2,"10":0,"11":0,"12":0,"13":0,"14":2,"15":2,"16":0,"17":0,"18":0,"19":0}},"method":"hillside","closest_pair":[[18,15,19,16,17,14,13,12,10,8,4,6,9,11,7,3,1,0,2,5],[18,15,19,16,17,14,13,12,10,8,4,6,9,7,11,3,1,0,2,5]],"farthest_pair":[[18,15,19,16,17,14,13,12,10,8,4,6,9,11,7,3,1,0,2,5],[18,15,19,16,17,14,13,12,10,8,4,6,7,11,9,3,1,0,2,5]],"tau_farthest_pair":0.9684210526,"tau_closest_pair":0.9894736842,"centroid_solution":[18,15,19,16,17,14,13,12,10,8,4,6,11,9,7,3,1,0,2,5]}