{"solutions":[[17,18,19,14,15,16,10,13,12,9,7,6,11,8,5,3,2,0,4,1],[17,18,19,14,15,16,13,10,12,9,7,6,11,8,5,3,4,2,0,1],[17,18,19,14,15,16,13,10,12,9,7,6,11,8,5,3,4,2,1,0],[17,18,19,14,15,16,10,13,12,9,7,6,11,8,5,3,4,2,0,1],[17,18,19,14,15,16,10,13,12,9,7,6,11,8,5,3,4,2,1,0],[17,18,19,14,15,16,13,10,12,9,7,6,11,8,5,3,2,0,4,1]],"obj":1236.0,"max_tau_solutions":null,"centroid_x":[[0.0,0.4187535799,0.0,0.0,0.3260502609,0.0,0.0,0.0,0.0,0.0,0.0,0.0,0.0,0.0,0.0,0.0,0.0,0.0,0.0,0.0],[0.5812464201,0.0,0.0,0.0,0.0,0.0,0.0,0.0,0.0,0.0,0.0,0.0,0.0,0.0,0.0,0.0,0.0,0.0,0.0,0.0],[1.0,1.0,0.0,0.0,0.3260502611,0.0,0.0,0.0,0.0,0.0,0.0,0.0,0.0,0.0,0.0,0.0,0.0,0.0,0.0,0.0],[1.0,1.0,1.0,0.0,1.0,0.0,0.0,0.0,0.0,0.0,0.0,0.0,0.0,0.0,0.0,0.0,0.0,0.0,0.0,0.0],[0.6739497391,1.0,0.6739497389,0.0,0.0,0.0,0.0,0.0,0.0,0.0,0.0,0.0,0.0,0.0,0.0,0.0,0.0,0.0,0.0,0.0],[1.0,1.0,1.0,1.0,1.0,0.0,0.0,0.0,0.0,0.0,0.0,0.0,0.0,0.0,0.0,0.0,0.0,0.0,0.0,0.0],[1.0,1.0,1.0,1.0,1.0,1.0,0.0,0.0,1.0,0.0,0.0,1.0,0.0,0.0,0.0,0.0,0.0,0.0,0.0,0.0],[1.0,1.0,1.0,1.0,1.0,1.0,1.0,0.0,1.0,0.0,0.0,1.0,0.0,0.0,0.0,0.0,0.0,0.0,0.0,0.0],[1.0,1.0,1.0,1.0,1.0,1.0,0.0,0.0,0.0,0.0,0.0,0.0,0.0,0.0,0.0,0.0,0.0,0.0,0.0,0.0],[1.0,1.0,1.0,1.0,1.0,1.0,1.0,1.0,1.0,0.0,0.0,1.0,0.0,0.0,0.0,0.0,0.0,0.0,0.0,0.0],[1.0,1.0,1.0,1.0,1.0,1.0,1.0,1.0,1.0,1.0,0.0,1.0,1.0,0.3662585358,0.0,0.0,0.0,0.0,0.0,0.0],[1.0,1.0,1.0,1.0,1.0,1.0,0.0,0.0,1.0,0.0,0.0,0.0,0.0,0.0,0.0,0.0,0.0,0.0,0.0,0.0],[1.0,1.0,1.0,1.0,1.0,1.0,1.0,1.0,1.0,1.0,0.0,1.0,0.0,0.0,0.0,0.0,0.0,0.0,0.0,0.0],[1.0,1.0,1.0,1.0,1.0,1.0,1.0,1.0,1.0,1.0,0.6337414642,1.0,1.0,0.0,0.0,0.0,0.0,0.0,0.0,0.0],[1.0,1.0,1.0,1.0,1.0,1.0,1.0,1.0,1.0,1.0,1.0,1.0,1.0,1.0,0.0,1.0,1.0,0.0,0.0,0.0],[1.0,1.0,1.0,1.0,1.0,1.0,1.0,1.0,1.0,1.0,1.0,1.0,1.0,1.0,0.0,0.0,1.0,0.0,0.0,0.0],[1.0,1.0,1.0,1.0,1.0,1.0,1.0,1.0,1.0,1.0,1.0,1.0,1.0,1.0,0.0,0.0,0.0,0.0,0.0,0.0],[1.0,1.0,1.0,1.0,1.0,1.0,1.0,1.0,1.0,1.0,1.0,1.0,1.0,1.0,1.0,1.0,1.0,0.0,1.0,1.0],[1.0,1.0,1.0,1.0,1.0,1.0,1.0,1.0,1.0,1.0,1.0,1.0,1.0,1.0,1.0,1.0,1.0,0.0,0.0,1.0],[1.0,1.0,1.0,1.0,1.0,1.0,1.0,1.0,1.0,1.0,1.0,1.0,1.0,1.0,1.0,1.0,1.0,0.0,0.0,0.0]],"outlier_solution":[17,18,19,14,15,16,10,13,12,9,7,6,11,8,5,3,2,0,4,1],"dataset_id":614,"source_dataset_id":661,"options":null,"D":{"0":{"0":0,"1":5,"2":3,"3":0,"4":3,"5":0,"6":5,"7":0,"8":0,"9":5,"10":4,"11":5,"12":2,"13":4,"14":5,"15":5,"16":4,"17":5,"18":5,"19":5},"1":{"0":0,"1":0,"2":5,"3":5,"4":5,"5":5,"6":5,"7":5,"8":5,"9":5,"10":0,"11":5,"12":5,"13":1,"14":5,"15":3,"16":0,"17":5,"18":5,"19":5},"2":{"0":5,"1":0,"2":0,"3":0,"4":3,"5":5,"6":5,"7":5,"8":5,"9":3,"10":5,"11":3,"12":1,"13":5,"14":5,"15":4,"16":2,"17":5,"18":5,"19":5},"3":{"0":0,"1":0,"2":0,"3":0,"4":1,"5":2,"6":0,"7":5,"8":0,"9":0,"10":5,"11":5,"12":5,"13":5,"14":5,"15":2,"16":5,"17":5,"18":5,"19":4},"4":{"0":0,"1":4,"2":0,"3":0,"4":0,"5":4,"6":1,"7":2,"8":3,"9":5,"10":5,"11":0,"12":5,"13":5,"14":5,"15":5,"16":5,"17":5,"18":1,"19":5},"5":{"0":0,"1":0,"2":1,"3":2,"4":0,"5":0,"6":5,"7":5,"8":2,"9":4,"10":3,"11":2,"12":5,"13":0,"14":0,"15":5,"16":5,"17":5,"18":4,"19":5},"6":{"0":0,"1":0,"2":0,"3":0,"4":0,"5":0,"6":0,"7":2,"8":0,"9":5,"10":5,"11":5,"12":5,"13":1,"14":5,"15":5,"16":5,"17":5,"18":0,"19":5},"7":{"0":0,"1":0,"2":0,"3":3,"4":0,"5":0,"6":0,"7":0,"8":3,"9":1,"10":0,"11":5,"12":0,"13":4,"14":5,"15":5,"16":3,"17":5,"18":1,"19":5},"8":{"0":0,"1":0,"2":0,"3":3,"4":0,"5":0,"6":4,"7":2,"8":0,"9":4,"10":5,"11":1,"12":5,"13":5,"14":5,"15":0,"16":5,"17":5,"18":5,"19":4},"9":{"0":0,"1":1,"2":0,"3":0,"4":0,"5":0,"6":2,"7":0,"8":0,"9":0,"10":5,"11":2,"12":5,"13":0,"14":2,"15":5,"16":5,"17":5,"18":5,"19":5},"10":{"0":0,"1":4,"2":4,"3":0,"4":0,"5":0,"6":0,"7":5,"8":0,"9":0,"10":0,"11":0,"12":5,"13":0,"14":2,"15":5,"16":5,"17":0,"18":5,"19":3},"11":{"0":5,"1":0,"2":0,"3":1,"4":0,"5":0,"6":0,"7":1,"8":4,"9":5,"10":4,"11":0,"12":1,"13":2,"14":5,"15":5,"16":5,"17":5,"18":3,"19":5},"12":{"0":0,"1":0,"2":5,"3":0,"4":0,"5":0,"6":0,"7":1,"8":0,"9":0,"10":0,"11":0,"12":0,"13":5,"14":5,"15":3,"16":5,"17":5,"18":5,"19":5},"13":{"0":0,"1":0,"2":0,"3":4,"4":0,"5":0,"6":0,"7":0,"8":0,"9":0,"10":2,"11":0,"12":5,"13":0,"14":4,"15":0,"16":1,"17":2,"18":5,"19":0},"14":{"0":0,"1":0,"2":0,"3":0,"4":0,"5":3,"6":1,"7":0,"8":0,"9":0,"10":2,"11":0,"12":0,"13":0,"14":0,"15":1,"16":5,"17":5,"18":5,"19":0},"15":{"0":1,"1":0,"2":0,"3":0,"4":0,"5":0,"6":0,"7":5,"8":3,"9":0,"10":0,"11":0,"12":0,"13":0,"14":0,"15":0,"16":5,"17":5,"18":5,"19":5},"16":{"0":0,"1":0,"2":0,"3":4,"4":0,"5":5,"6":0,"7":0,"8":0,"9":0,"10":0,"11":0,"12":0,"13":1,"14":4,"15":2,"16":0,"17":0,"18":5,"19":5},"17":{"0":0,"1":0,"2":0,"3":0,"4":0,"5":0,"6":2,"7":0,"8":0,"9":0,"10":0,"11":0,"12":0,"13":0,"14":0,"15":1,"16":0,"17":0,"18":5,"19":5},"18":{"0":0,"1":0,"2":4,"3":1,"4":0,"5":2,"6":0,"7":0,"8":0,"9":0,"10":1,"11":0,"12":0,"13":0,"14":0,"15":0,"16":0,"17":1,"18":0,"19":5},"19":{"0":0,"1":4,"2":0,"3":0,"4":0,"5":0,"6":2,"7":0,"8":0,"9":1,"10":0,"11":5,"12":0,"13":3,"14":5,"15":1,"16":0,"17":2,"18":0,"19":0}},"method":"hillside","closest_pair":[[17,18,19,14,15,16,13,10,12,9,7,6,11,8,5,3,4,2,0,1],[17,18,19,14,15,16,10,13,12,9,7,6,11,8,5,3,4,2,0,1]],"farthest_pair":[[17,18,19,14,15,16,13,10,12,9,7,6,11,8,5,3,2,0,4,1],[17,18,19,14,15,16,10,13,12,9,7,6,11,8,5,3,4,2,1,0]],"tau_farthest_pair":0.9578947368,"tau_closest_pair":0.9894736842,"centroid_solution":[17,18,19,14,15,16,13,10,12,9,7,6,11,8,5,3,4,2,1,0]}