{"solutions":[[17,19,14,16,18,9,11,15,12,10,13,3,8,4,7,5,6,0,1,2],[17,19,16,14,18,9,11,15,12,10,13,3,8,7,4,5,1,6,0,2],[17,19,16,14,18,9,11,15,12,10,13,3,8,4,7,5,1,6,0,2],[17,19,14,16,18,9,11,15,12,10,13,3,8,7,4,5,1,6,0,2],[17,19,16,14,18,9,11,15,12,10,13,3,8,7,4,5,6,0,1,2],[17,19,16,14,18,9,11,15,12,10,13,3,8,4,7,5,1,6,2,0],[17,19,14,16,18,9,11,15,12,10,13,3,8,7,4,5,1,6,2,0],[17,19,16,14,18,9,11,15,12,10,13,3,8,7,4,5,1,6,2,0],[17,19,14,16,18,9,11,15,12,10,13,3,8,4,7,5,1,6,2,0],[17,19,14,16,18,9,11,15,12,10,13,3,8,7,4,5,6,0,1,2],[17,19,16,14,18,9,11,15,12,10,13,3,8,4,7,5,6,0,1,2],[17,19,14,16,18,9,11,15,12,10,13,3,8,4,7,5,1,6,0,2]],"obj":1508.0,"max_tau_solutions":null,"centroid_x":[[0.0,0.4226445641,0.5369001249,0.0,0.0,0.0,0.0,0.0,0.0,0.0,0.0,0.0,0.0,0.0,0.0,0.0,0.0,0.0,0.0,0.0],[0.5773554359,0.0,1.0,0.0,0.0,0.0,0.5773554359,0.0,0.0,0.0,0.0,0.0,0.0,0.0,0.0,0.0,0.0,0.0,0.0,0.0],[0.4630998751,0.0,0.0,0.0,0.0,0.0,0.0,0.0,0.0,0.0,0.0,0.0,0.0,0.0,0.0,0.0,0.0,0.0,0.0,0.0],[1.0,1.0,1.0,0.0,1.0,1.0,1.0,1.0,1.0,0.0,0.0,0.0,0.0,0.0,0.0,0.0,0.0,0.0,0.0,0.0],[1.0,1.0,1.0,0.0,0.0,1.0,1.0,0.3745233157,0.0,0.0,0.0,0.0,0.0,0.0,0.0,0.0,0.0,0.0,0.0,0.0],[1.0,1.0,1.0,0.0,0.0,0.0,1.0,0.0,0.0,0.0,0.0,0.0,0.0,0.0,0.0,0.0,0.0,0.0,0.0,0.0],[1.0,0.4226445641,1.0,0.0,0.0,0.0,0.0,0.0,0.0,0.0,0.0,0.0,0.0,0.0,0.0,0.0,0.0,0.0,0.0,0.0],[1.0,1.0,1.0,0.0,0.6254766843,1.0,1.0,0.0,0.0,0.0,0.0,0.0,0.0,0.0,0.0,0.0,0.0,0.0,0.0,0.0],[1.0,1.0,1.0,0.0,1.0,1.0,1.0,1.0,0.0,0.0,0.0,0.0,0.0,0.0,0.0,0.0,0.0,0.0,0.0,0.0],[1.0,1.0,1.0,1.0,1.0,1.0,1.0,1.0,1.0,0.0,1.0,1.0,1.0,1.0,0.0,1.0,0.0,0.0,0.0,0.0],[1.0,1.0,1.0,1.0,1.0,1.0,1.0,1.0,1.0,0.0,0.0,0.0,0.0,1.0,0.0,0.0,0.0,0.0,0.0,0.0],[1.0,1.0,1.0,1.0,1.0,1.0,1.0,1.0,1.0,0.0,1.0,0.0,1.0,1.0,0.0,1.0,0.0,0.0,0.0,0.0],[1.0,1.0,1.0,1.0,1.0,1.0,1.0,1.0,1.0,0.0,1.0,0.0,0.0,1.0,0.0,0.0,0.0,0.0,0.0,0.0],[1.0,1.0,1.0,1.0,1.0,1.0,1.0,1.0,1.0,0.0,0.0,0.0,0.0,0.0,0.0,0.0,0.0,0.0,0.0,0.0],[1.0,1.0,1.0,1.0,1.0,1.0,1.0,1.0,1.0,1.0,1.0,1.0,1.0,1.0,0.0,1.0,0.3540736856,0.0,1.0,0.0],[1.0,1.0,1.0,1.0,1.0,1.0,1.0,1.0,1.0,0.0,1.0,0.0,1.0,1.0,0.0,0.0,0.0,0.0,0.0,0.0],[1.0,1.0,1.0,1.0,1.0,1.0,1.0,1.0,1.0,1.0,1.0,1.0,1.0,1.0,0.6459263144,1.0,0.0,0.0,1.0,0.0],[1.0,1.0,1.0,1.0,1.0,1.0,1.0,1.0,1.0,1.0,1.0,1.0,1.0,1.0,1.0,1.0,1.0,0.0,1.0,1.0],[1.0,1.0,1.0,1.0,1.0,1.0,1.0,1.0,1.0,1.0,1.0,1.0,1.0,1.0,0.0,1.0,0.0,0.0,0.0,0.0],[1.0,1.0,1.0,1.0,1.0,1.0,1.0,1.0,1.0,1.0,1.0,1.0,1.0,1.0,1.0,1.0,1.0,0.0,1.0,0.0]],"outlier_solution":[17,19,14,16,18,9,11,15,12,10,13,3,8,4,7,5,6,0,1,2],"dataset_id":621,"source_dataset_id":668,"options":null,"D":{"0":{"0":0,"1":5,"2":5,"3":5,"4":0,"5":0,"6":5,"7":5,"8":5,"9":2,"10":2,"11":5,"12":5,"13":0,"14":5,"15":0,"16":2,"17":3,"18":3,"19":5},"1":{"0":1,"1":0,"2":5,"3":5,"4":2,"5":5,"6":5,"7":5,"8":5,"9":5,"10":0,"11":0,"12":3,"13":0,"14":5,"15":5,"16":3,"17":5,"18":0,"19":5},"2":{"0":0,"1":3,"2":0,"3":5,"4":5,"5":5,"6":2,"7":1,"8":5,"9":4,"10":5,"11":5,"12":2,"13":0,"14":5,"15":5,"16":5,"17":0,"18":5,"19":5},"3":{"0":0,"1":0,"2":0,"3":0,"4":5,"5":0,"6":5,"7":1,"8":5,"9":5,"10":5,"11":3,"12":3,"13":1,"14":5,"15":2,"16":3,"17":4,"18":4,"19":5},"4":{"0":3,"1":0,"2":0,"3":1,"4":0,"5":5,"6":5,"7":5,"8":5,"9":0,"10":0,"11":5,"12":1,"13":5,"14":5,"15":5,"16":5,"17":2,"18":0,"19":1},"5":{"0":0,"1":0,"2":4,"3":5,"4":0,"5":0,"6":5,"7":5,"8":0,"9":5,"10":5,"11":5,"12":5,"13":5,"14":5,"15":3,"16":5,"17":4,"18":5,"19":5},"6":{"0":3,"1":1,"2":0,"3":2,"4":1,"5":0,"6":0,"7":5,"8":5,"9":5,"10":5,"11":1,"12":5,"13":5,"14":5,"15":5,"16":5,"17":5,"18":5,"19":5},"7":{"0":3,"1":0,"2":0,"3":1,"4":1,"5":0,"6":0,"7":0,"8":5,"9":5,"10":4,"11":5,"12":5,"13":1,"14":5,"15":5,"16":5,"17":5,"18":5,"19":5},"8":{"0":0,"1":0,"2":0,"3":4,"4":0,"5":0,"6":0,"7":3,"8":0,"9":5,"10":5,"11":0,"12":2,"13":5,"14":5,"15":5,"16":4,"17":5,"18":5,"19":5},"9":{"0":0,"1":0,"2":0,"3":4,"4":0,"5":0,"6":0,"7":0,"8":0,"9":0,"10":0,"11":5,"12":5,"13":5,"14":5,"15":0,"16":5,"17":5,"18":2,"19":4},"10":{"0":0,"1":0,"2":0,"3":0,"4":0,"5":1,"6":0,"7":4,"8":0,"9":4,"10":0,"11":3,"12":0,"13":5,"14":1,"15":2,"16":5,"17":5,"18":0,"19":2},"11":{"0":0,"1":0,"2":5,"3":0,"4":3,"5":0,"6":1,"7":0,"8":0,"9":0,"10":0,"11":0,"12":0,"13":5,"14":1,"15":5,"16":0,"17":5,"18":0,"19":5},"12":{"0":3,"1":5,"2":0,"3":5,"4":0,"5":0,"6":0,"7":0,"8":0,"9":0,"10":0,"11":0,"12":0,"13":0,"14":3,"15":0,"16":5,"17":5,"18":3,"19":0},"13":{"0":0,"1":0,"2":4,"3":3,"4":0,"5":0,"6":0,"7":0,"8":0,"9":1,"10":0,"11":0,"12":0,"13":0,"14":5,"15":5,"16":5,"17":5,"18":5,"19":5},"14":{"0":0,"1":0,"2":0,"3":0,"4":3,"5":4,"6":0,"7":0,"8":4,"9":0,"10":1,"11":0,"12":0,"13":0,"14":0,"15":0,"16":5,"17":5,"18":1,"19":0},"15":{"0":0,"1":2,"2":1,"3":0,"4":1,"5":0,"6":5,"7":0,"8":0,"9":0,"10":0,"11":0,"12":0,"13":0,"14":0,"15":0,"16":5,"17":5,"18":5,"19":5},"16":{"0":0,"1":3,"2":0,"3":2,"4":0,"5":0,"6":0,"7":5,"8":0,"9":5,"10":0,"11":2,"12":0,"13":0,"14":0,"15":0,"16":0,"17":2,"18":0,"19":5},"17":{"0":0,"1":1,"2":0,"3":3,"4":0,"5":1,"6":0,"7":0,"8":0,"9":0,"10":0,"11":0,"12":0,"13":0,"14":3,"15":0,"16":1,"17":0,"18":5,"19":4},"18":{"0":3,"1":0,"2":0,"3":3,"4":0,"5":5,"6":5,"7":0,"8":0,"9":0,"10":0,"11":4,"12":0,"13":0,"14":0,"15":0,"16":0,"17":0,"18":0,"19":3},"19":{"0":0,"1":0,"2":0,"3":0,"4":1,"5":2,"6":0,"7":4,"8":0,"9":0,"10":2,"11":0,"12":1,"13":0,"14":0,"15":0,"16":2,"17":4,"18":0,"19":0}},"method":"hillside","closest_pair":[[17,19,14,16,18,9,11,15,12,10,13,3,8,7,4,5,1,6,0,2],[17,19,16,14,18,9,11,15,12,10,13,3,8,7,4,5,1,6,0,2]],"farthest_pair":[[17,19,16,14,18,9,11,15,12,10,13,3,8,7,4,5,6,0,1,2],[17,19,14,16,18,9,11,15,12,10,13,3,8,4,7,5,1,6,2,0]],"tau_farthest_pair":0.9473684211,"tau_closest_pair":0.9894736842,"centroid_solution":[17,19,16,14,18,9,11,15,12,10,13,3,8,7,4,5,1,6,0,2]}