{"solutions":[[18,19,16,17,14,13,15,11,7,12,8,10,6,9,5,0,4,1,2,3],[18,19,16,17,14,13,15,11,10,7,12,8,6,9,5,0,4,1,3,2],[18,19,16,17,14,13,15,11,7,12,8,10,6,9,5,0,4,1,3,2],[18,19,17,16,14,13,15,11,7,12,8,10,6,9,5,0,4,1,3,2],[18,19,16,17,14,13,15,11,10,7,12,8,9,5,0,4,6,1,3,2],[18,19,17,16,14,13,15,11,7,12,10,8,6,9,5,0,4,1,3,2],[18,19,16,17,14,13,15,11,10,7,12,8,6,9,5,0,4,1,2,3],[18,19,16,17,14,13,15,11,7,12,10,8,9,5,0,4,6,1,3,2],[18,19,16,17,14,13,15,11,7,12,10,8,9,5,0,4,6,1,2,3],[18,19,17,16,14,13,15,11,7,12,8,10,6,9,5,0,4,1,2,3],[18,19,16,17,14,13,15,11,7,12,10,8,6,9,5,0,4,1,2,3],[18,19,16,17,14,13,15,11,10,7,12,8,9,5,0,4,6,1,2,3],[18,19,16,17,14,13,15,11,7,12,10,8,6,9,5,0,4,1,3,2],[18,19,17,16,14,13,15,11,10,7,12,8,6,9,5,0,4,1,3,2],[18,19,17,16,14,13,15,11,7,12,10,8,6,9,5,0,4,1,2,3],[18,19,17,16,14,13,15,11,10,7,12,8,9,5,0,4,6,1,3,2],[18,19,16,17,14,13,15,11,7,10,12,8,6,9,5,0,4,1,3,2],[18,19,16,17,14,13,15,11,7,10,12,8,9,5,0,4,6,1,3,2],[18,19,17,16,14,13,15,11,10,7,12,8,6,9,5,0,4,1,2,3],[18,19,16,17,14,13,15,11,7,12,8,10,9,5,0,4,6,1,3,2],[18,19,17,16,14,13,15,11,10,7,12,8,9,5,0,4,6,1,2,3],[18,19,16,17,14,13,15,11,7,10,12,8,6,9,5,0,4,1,2,3],[18,19,16,17,14,13,15,11,7,10,12,8,9,5,0,4,6,1,2,3],[18,19,17,16,14,13,15,11,7,12,10,8,9,5,0,4,6,1,3,2],[18,19,17,16,14,13,15,11,7,10,12,8,9,5,0,4,6,1,3,2],[18,19,17,16,14,13,15,11,7,12,8,10,9,5,0,4,6,1,2,3],[18,19,17,16,14,13,15,11,7,12,8,10,9,5,0,4,6,1,3,2],[18,19,17,16,14,13,15,11,7,10,12,8,6,9,5,0,4,1,3,2],[18,19,17,16,14,13,15,11,7,10,12,8,9,5,0,4,6,1,2,3],[18,19,16,17,14,13,15,11,7,12,8,10,9,5,0,4,6,1,2,3],[18,19,17,16,14,13,15,11,7,12,10,8,9,5,0,4,6,1,2,3],[18,19,17,16,14,13,15,11,7,10,12,8,6,9,5,0,4,1,2,3]],"obj":1560.0,"max_tau_solutions":null,"centroid_x":[[0.0,1.0,1.0,1.0,1.0,0.0,0.4086991295,0.0,0.0,0.0,0.0,0.0,0.0,0.0,0.0,0.0,0.0,0.0,0.0,0.0],[0.0,0.0,1.0,1.0,0.0,0.0,0.0,0.0,0.0,0.0,0.0,0.0,0.0,0.0,0.0,0.0,0.0,0.0,0.0,0.0],[0.0,0.0,0.0,0.3435022837,0.0,0.0,0.0,0.0,0.0,0.0,0.0,0.0,0.0,0.0,0.0,0.0,0.0,0.0,0.0,0.0],[0.0,0.0,0.6564977163,0.0,0.0,0.0,0.0,0.0,0.0,0.0,0.0,0.0,0.0,0.0,0.0,0.0,0.0,0.0,0.0,0.0],[0.0,1.0,1.0,1.0,0.0,0.0,0.4086991295,0.0,0.0,0.0,0.0,0.0,0.0,0.0,0.0,0.0,0.0,0.0,0.0,0.0],[1.0,1.0,1.0,1.0,1.0,0.0,0.4086991295,0.0,0.0,0.0,0.0,0.0,0.0,0.0,0.0,0.0,0.0,0.0,0.0,0.0],[0.5913008705,1.0,1.0,1.0,0.5913008705,0.5913008705,0.0,0.0,0.0,0.5913008705,0.0,0.0,0.0,0.0,0.0,0.0,0.0,0.0,0.0,0.0],[1.0,1.0,1.0,1.0,1.0,1.0,1.0,0.0,1.0,1.0,0.4685810994,0.0,1.0,0.0,0.0,0.0,0.0,0.0,0.0,0.0],[1.0,1.0,1.0,1.0,1.0,1.0,1.0,0.0,0.0,1.0,0.2817665041,0.0,0.0,0.0,0.0,0.0,0.0,0.0,0.0,0.0],[1.0,1.0,1.0,1.0,1.0,1.0,0.4086991295,0.0,0.0,0.0,0.0,0.0,0.0,0.0,0.0,0.0,0.0,0.0,0.0,0.0],[1.0,1.0,1.0,1.0,1.0,1.0,1.0,0.5314189006,0.7182334959,1.0,0.0,0.0,0.5480004488,0.0,0.0,0.0,0.0,0.0,0.0,0.0],[1.0,1.0,1.0,1.0,1.0,1.0,1.0,1.0,1.0,1.0,1.0,0.0,1.0,0.0,0.0,0.0,0.0,0.0,0.0,0.0],[1.0,1.0,1.0,1.0,1.0,1.0,1.0,0.0,1.0,1.0,0.4519995512,0.0,0.0,0.0,0.0,0.0,0.0,0.0,0.0,0.0],[1.0,1.0,1.0,1.0,1.0,1.0,1.0,1.0,1.0,1.0,1.0,1.0,1.0,0.0,0.0,1.0,0.0,0.0,0.0,0.0],[1.0,1.0,1.0,1.0,1.0,1.0,1.0,1.0,1.0,1.0,1.0,1.0,1.0,1.0,0.0,1.0,0.0,0.0,0.0,0.0],[1.0,1.0,1.0,1.0,1.0,1.0,1.0,1.0,1.0,1.0,1.0,1.0,1.0,0.0,0.0,0.0,0.0,0.0,0.0,0.0],[1.0,1.0,1.0,1.0,1.0,1.0,1.0,1.0,1.0,1.0,1.0,1.0,1.0,1.0,1.0,1.0,0.0,0.3548235983,0.0,0.0],[1.0,1.0,1.0,1.0,1.0,1.0,1.0,1.0,1.0,1.0,1.0,1.0,1.0,1.0,1.0,1.0,0.6451764017,0.0,0.0,0.0],[1.0,1.0,1.0,1.0,1.0,1.0,1.0,1.0,1.0,1.0,1.0,1.0,1.0,1.0,1.0,1.0,1.0,1.0,0.0,1.0],[1.0,1.0,1.0,1.0,1.0,1.0,1.0,1.0,1.0,1.0,1.0,1.0,1.0,1.0,1.0,1.0,1.0,1.0,0.0,0.0]],"outlier_solution":[18,19,16,17,14,13,15,11,7,12,8,10,9,5,0,4,6,1,2,3],"dataset_id":622,"source_dataset_id":669,"options":null,"D":{"0":{"0":0,"1":0,"2":5,"3":0,"4":5,"5":5,"6":3,"7":5,"8":4,"9":5,"10":0,"11":5,"12":5,"13":2,"14":1,"15":0,"16":0,"17":5,"18":5,"19":0},"1":{"0":0,"1":0,"2":2,"3":4,"4":5,"5":2,"6":5,"7":0,"8":5,"9":4,"10":5,"11":5,"12":5,"13":5,"14":5,"15":2,"16":5,"17":3,"18":5,"19":1},"2":{"0":1,"1":0,"2":0,"3":5,"4":5,"5":5,"6":1,"7":5,"8":0,"9":5,"10":0,"11":5,"12":5,"13":5,"14":5,"15":5,"16":1,"17":5,"18":4,"19":0},"3":{"0":0,"1":3,"2":0,"3":0,"4":5,"5":5,"6":5,"7":5,"8":5,"9":5,"10":5,"11":5,"12":0,"13":5,"14":1,"15":5,"16":5,"17":5,"18":5,"19":0},"4":{"0":0,"1":0,"2":0,"3":0,"4":0,"5":5,"6":5,"7":5,"8":5,"9":5,"10":5,"11":2,"12":5,"13":1,"14":5,"15":2,"16":5,"17":5,"18":5,"19":5},"5":{"0":0,"1":0,"2":3,"3":0,"4":0,"5":0,"6":1,"7":5,"8":5,"9":0,"10":5,"11":5,"12":1,"13":5,"14":5,"15":0,"16":0,"17":0,"18":5,"19":5},"6":{"0":4,"1":1,"2":0,"3":0,"4":0,"5":0,"6":0,"7":5,"8":5,"9":5,"10":0,"11":5,"12":2,"13":2,"14":5,"15":5,"16":5,"17":5,"18":4,"19":5},"7":{"0":2,"1":0,"2":3,"3":0,"4":0,"5":0,"6":0,"7":0,"8":4,"9":3,"10":2,"11":0,"12":5,"13":0,"14":0,"15":5,"16":5,"17":0,"18":5,"19":0},"8":{"0":0,"1":3,"2":0,"3":0,"4":0,"5":3,"6":0,"7":0,"8":0,"9":3,"10":4,"11":5,"12":5,"13":5,"14":0,"15":5,"16":2,"17":5,"18":2,"19":5},"9":{"0":5,"1":5,"2":0,"3":0,"4":0,"5":0,"6":5,"7":0,"8":0,"9":0,"10":3,"11":5,"12":5,"13":3,"14":5,"15":5,"16":5,"17":5,"18":4,"19":5},"10":{"0":3,"1":0,"2":1,"3":3,"4":0,"5":0,"6":0,"7":0,"8":3,"9":0,"10":0,"11":0,"12":5,"13":3,"14":5,"15":0,"16":5,"17":5,"18":0,"19":3},"11":{"0":0,"1":0,"2":0,"3":1,"4":4,"5":5,"6":3,"7":3,"8":0,"9":0,"10":0,"11":0,"12":0,"13":5,"14":5,"15":4,"16":0,"17":5,"18":5,"19":0},"12":{"0":0,"1":2,"2":0,"3":4,"4":4,"5":0,"6":3,"7":0,"8":4,"9":1,"10":0,"11":0,"12":0,"13":5,"14":5,"15":0,"16":5,"17":5,"18":5,"19":5},"13":{"0":3,"1":5,"2":4,"3":0,"4":3,"5":0,"6":0,"7":2,"8":0,"9":4,"10":0,"11":0,"12":1,"13":0,"14":3,"15":5,"16":5,"17":3,"18":2,"19":0},"14":{"0":0,"1":2,"2":0,"3":0,"4":4,"5":0,"6":0,"7":0,"8":5,"9":5,"10":0,"11":0,"12":0,"13":0,"14":0,"15":5,"16":3,"17":0,"18":5,"19":5},"15":{"0":0,"1":0,"2":0,"3":0,"4":0,"5":0,"6":0,"7":0,"8":0,"9":0,"10":0,"11":0,"12":3,"13":4,"14":4,"15":0,"16":5,"17":4,"18":5,"19":5},"16":{"0":0,"1":0,"2":0,"3":0,"4":0,"5":0,"6":1,"7":3,"8":0,"9":0,"10":4,"11":4,"12":0,"13":0,"14":5,"15":0,"16":0,"17":5,"18":5,"19":5},"17":{"0":0,"1":0,"2":0,"3":0,"4":0,"5":0,"6":0,"7":0,"8":0,"9":0,"10":0,"11":1,"12":4,"13":5,"14":1,"15":1,"16":1,"17":0,"18":5,"19":5},"18":{"0":1,"1":0,"2":0,"3":3,"4":0,"5":0,"6":0,"7":0,"8":0,"9":0,"10":2,"11":0,"12":0,"13":1,"14":0,"15":0,"16":0,"17":0,"18":0,"19":5},"19":{"0":2,"1":0,"2":0,"3":0,"4":0,"5":0,"6":0,"7":3,"8":4,"9":0,"10":0,"11":0,"12":0,"13":0,"14":0,"15":0,"16":1,"17":0,"18":0,"19":0}},"method":"hillside","closest_pair":[[18,19,16,17,14,13,15,11,7,12,10,8,6,9,5,0,4,1,3,2],[18,19,17,16,14,13,15,11,7,12,10,8,6,9,5,0,4,1,3,2]],"farthest_pair":[[18,19,17,16,14,13,15,11,10,7,12,8,9,5,0,4,6,1,3,2],[18,19,16,17,14,13,15,11,7,12,8,10,6,9,5,0,4,1,2,3]],"tau_farthest_pair":0.9052631579,"tau_closest_pair":0.9894736842,"centroid_solution":[18,19,17,16,14,13,15,11,10,7,12,8,6,9,5,0,4,1,3,2]}