{"solutions":[[2,3,1,4,0,5,9,6,10,8,12,7,11,15,13,14,17,16,19,18],[2,3,1,4,0,5,9,6,8,10,12,7,11,15,13,14,17,16,19,18],[2,3,1,6,4,0,5,9,8,10,12,7,11,15,13,14,16,17,19,18],[3,2,1,4,0,5,9,6,8,12,7,10,11,15,13,14,17,16,19,18],[2,3,1,6,4,0,5,9,8,12,7,10,11,15,13,14,17,16,19,18],[2,3,1,4,0,5,9,6,8,10,12,7,11,15,13,14,16,17,19,18],[2,3,1,4,0,5,9,6,8,12,7,10,11,15,13,14,16,17,19,18],[3,2,1,4,0,5,9,6,8,10,12,7,11,15,13,14,17,16,19,18],[3,2,1,6,4,0,5,9,8,12,7,10,11,15,13,14,17,16,19,18],[3,2,1,4,0,5,9,6,10,8,12,7,11,15,13,14,16,17,19,18],[3,2,1,4,0,5,9,6,8,12,7,10,11,15,13,14,16,17,19,18],[2,3,1,4,0,5,9,6,8,12,7,10,11,15,13,14,17,16,19,18],[2,3,1,6,4,0,5,9,8,12,10,7,11,15,13,14,17,16,19,18],[2,3,1,6,4,0,5,9,10,8,12,7,11,15,13,14,17,16,19,18],[3,2,1,6,4,0,5,9,8,12,7,10,11,15,13,14,16,17,19,18],[3,2,1,4,0,5,9,6,8,10,12,7,11,15,13,14,16,17,19,18],[3,2,1,4,0,5,9,6,10,8,12,7,11,15,13,14,17,16,19,18],[3,2,1,6,4,0,5,9,10,8,12,7,11,15,13,14,16,17,19,18],[3,2,1,4,0,5,9,6,8,12,10,7,11,15,13,14,16,17,19,18],[2,3,1,6,4,0,5,9,8,12,10,7,11,15,13,14,16,17,19,18],[3,2,1,6,4,0,5,9,8,10,12,7,11,15,13,14,17,16,19,18],[2,3,1,6,4,0,5,9,8,12,7,10,11,15,13,14,16,17,19,18],[3,2,1,6,4,0,5,9,8,12,10,7,11,15,13,14,16,17,19,18],[2,3,1,4,0,5,9,6,8,12,10,7,11,15,13,14,16,17,19,18],[3,2,1,6,4,0,5,9,8,12,10,7,11,15,13,14,17,16,19,18],[3,2,1,6,4,0,5,9,10,8,12,7,11,15,13,14,17,16,19,18],[2,3,1,4,0,5,9,6,8,12,10,7,11,15,13,14,17,16,19,18],[2,3,1,4,0,5,9,6,10,8,12,7,11,15,13,14,16,17,19,18],[3,2,1,4,0,5,9,6,8,12,10,7,11,15,13,14,17,16,19,18],[2,3,1,6,4,0,5,9,10,8,12,7,11,15,13,14,16,17,19,18],[2,3,1,6,4,0,5,9,8,10,12,7,11,15,13,14,17,16,19,18],[3,2,1,6,4,0,5,9,8,10,12,7,11,15,13,14,16,17,19,18]],"obj":1560.0,"max_tau_solutions":null,"centroid_x":[[0.0,0.0,0.0,0.0,0.0,1.0,0.4784659284,1.0,1.0,1.0,1.0,1.0,1.0,1.0,1.0,1.0,1.0,1.0,1.0,1.0],[1.0,0.0,0.0,0.0,1.0,1.0,1.0,1.0,1.0,1.0,1.0,1.0,1.0,1.0,1.0,1.0,1.0,1.0,1.0,1.0],[1.0,1.0,0.0,0.5053212634,1.0,1.0,1.0,1.0,1.0,1.0,1.0,1.0,1.0,1.0,1.0,1.0,1.0,1.0,1.0,1.0],[1.0,1.0,0.4946787366,0.0,1.0,1.0,1.0,1.0,1.0,1.0,1.0,1.0,1.0,1.0,1.0,1.0,1.0,1.0,1.0,1.0],[1.0,0.0,0.0,0.0,0.0,1.0,0.4784659284,1.0,1.0,1.0,1.0,1.0,1.0,1.0,1.0,1.0,1.0,1.0,1.0,1.0],[0.0,0.0,0.0,0.0,0.0,0.0,0.4784659284,1.0,1.0,1.0,1.0,1.0,1.0,1.0,1.0,1.0,1.0,1.0,1.0,1.0],[0.5215340716,0.0,0.0,0.0,0.5215340716,0.5215340716,0.0,1.0,1.0,0.5215340716,1.0,1.0,1.0,1.0,1.0,1.0,1.0,1.0,1.0,1.0],[0.0,0.0,0.0,0.0,0.0,0.0,0.0,0.0,0.0,0.0,0.4137511373,1.0,0.0,1.0,1.0,1.0,1.0,1.0,1.0,1.0],[0.0,0.0,0.0,0.0,0.0,0.0,0.0,1.0,0.0,0.0,0.6130469461,1.0,1.0,1.0,1.0,1.0,1.0,1.0,1.0,1.0],[0.0,0.0,0.0,0.0,0.0,0.0,0.4784659284,1.0,1.0,0.0,1.0,1.0,1.0,1.0,1.0,1.0,1.0,1.0,1.0,1.0],[0.0,0.0,0.0,0.0,0.0,0.0,0.0,0.5862488627,0.3869530539,0.0,0.0,1.0,0.5069734149,1.0,1.0,1.0,1.0,1.0,1.0,1.0],[0.0,0.0,0.0,0.0,0.0,0.0,0.0,0.0,0.0,0.0,0.0,0.0,0.0,1.0,1.0,1.0,1.0,1.0,1.0,1.0],[0.0,0.0,0.0,0.0,0.0,0.0,0.0,1.0,0.0,0.0,0.4930265851,1.0,0.0,1.0,1.0,1.0,1.0,1.0,1.0,1.0],[0.0,0.0,0.0,0.0,0.0,0.0,0.0,0.0,0.0,0.0,0.0,0.0,0.0,0.0,1.0,0.0,1.0,1.0,1.0,1.0],[0.0,0.0,0.0,0.0,0.0,0.0,0.0,0.0,0.0,0.0,0.0,0.0,0.0,0.0,0.0,0.0,1.0,1.0,1.0,1.0],[0.0,0.0,0.0,0.0,0.0,0.0,0.0,0.0,0.0,0.0,0.0,0.0,0.0,1.0,1.0,0.0,1.0,1.0,1.0,1.0],[0.0,0.0,0.0,0.0,0.0,0.0,0.0,0.0,0.0,0.0,0.0,0.0,0.0,0.0,0.0,0.0,0.0,0.5004887003,1.0,1.0],[0.0,0.0,0.0,0.0,0.0,0.0,0.0,0.0,0.0,0.0,0.0,0.0,0.0,0.0,0.0,0.0,0.4995112997,0.0,1.0,1.0],[0.0,0.0,0.0,0.0,0.0,0.0,0.0,0.0,0.0,0.0,0.0,0.0,0.0,0.0,0.0,0.0,0.0,0.0,0.0,0.0],[0.0,0.0,0.0,0.0,0.0,0.0,0.0,0.0,0.0,0.0,0.0,0.0,0.0,0.0,0.0,0.0,0.0,0.0,1.0,0.0]],"outlier_solution":[3,2,1,4,0,5,9,6,10,8,12,7,11,15,13,14,17,16,19,18],"dataset_id":622,"source_dataset_id":669,"options":null,"D":{"0":{"0":0,"1":0,"2":1,"3":0,"4":0,"5":0,"6":4,"7":2,"8":0,"9":5,"10":3,"11":0,"12":0,"13":3,"14":0,"15":0,"16":0,"17":0,"18":1,"19":2},"1":{"0":0,"1":0,"2":0,"3":3,"4":0,"5":0,"6":1,"7":0,"8":3,"9":5,"10":0,"11":0,"12":2,"13":5,"14":2,"15":0,"16":0,"17":0,"18":0,"19":0},"2":{"0":5,"1":2,"2":0,"3":0,"4":0,"5":3,"6":0,"7":3,"8":0,"9":0,"10":1,"11":0,"12":0,"13":4,"14":0,"15":0,"16":0,"17":0,"18":0,"19":0},"3":{"0":0,"1":4,"2":5,"3":0,"4":0,"5":0,"6":0,"7":0,"8":0,"9":0,"10":3,"11":1,"12":4,"13":0,"14":0,"15":0,"16":0,"17":0,"18":3,"19":0},"4":{"0":5,"1":5,"2":5,"3":5,"4":0,"5":0,"6":0,"7":0,"8":0,"9":0,"10":0,"11":4,"12":4,"13":3,"14":4,"15":0,"16":0,"17":0,"18":0,"19":0},"5":{"0":5,"1":2,"2":5,"3":5,"4":5,"5":0,"6":0,"7":0,"8":3,"9":0,"10":0,"11":5,"12":0,"13":0,"14":0,"15":0,"16":0,"17":0,"18":0,"19":0},"6":{"0":3,"1":5,"2":1,"3":5,"4":5,"5":1,"6":0,"7":0,"8":0,"9":5,"10":0,"11":3,"12":3,"13":0,"14":0,"15":0,"16":1,"17":0,"18":0,"19":0},"7":{"0":5,"1":0,"2":5,"3":5,"4":5,"5":5,"6":5,"7":0,"8":0,"9":0,"10":0,"11":3,"12":0,"13":2,"14":0,"15":0,"16":3,"17":0,"18":0,"19":3},"8":{"0":4,"1":5,"2":0,"3":5,"4":5,"5":5,"6":5,"7":4,"8":0,"9":0,"10":3,"11":0,"12":4,"13":0,"14":5,"15":0,"16":0,"17":0,"18":0,"19":4},"9":{"0":5,"1":4,"2":5,"3":5,"4":5,"5":0,"6":5,"7":3,"8":3,"9":0,"10":0,"11":0,"12":1,"13":4,"14":5,"15":0,"16":0,"17":0,"18":0,"19":0},"10":{"0":0,"1":5,"2":0,"3":5,"4":5,"5":5,"6":0,"7":2,"8":4,"9":3,"10":0,"11":0,"12":0,"13":0,"14":0,"15":0,"16":4,"17":0,"18":2,"19":0},"11":{"0":5,"1":5,"2":5,"3":5,"4":2,"5":5,"6":5,"7":0,"8":5,"9":5,"10":0,"11":0,"12":0,"13":0,"14":0,"15":0,"16":4,"17":1,"18":0,"19":0},"12":{"0":5,"1":5,"2":5,"3":0,"4":5,"5":1,"6":2,"7":5,"8":5,"9":5,"10":5,"11":0,"12":0,"13":1,"14":0,"15":3,"16":0,"17":4,"18":0,"19":0},"13":{"0":2,"1":5,"2":5,"3":5,"4":1,"5":5,"6":2,"7":0,"8":5,"9":3,"10":3,"11":5,"12":5,"13":0,"14":0,"15":4,"16":0,"17":5,"18":1,"19":0},"14":{"0":1,"1":5,"2":5,"3":1,"4":5,"5":5,"6":5,"7":0,"8":0,"9":5,"10":5,"11":5,"12":5,"13":3,"14":0,"15":4,"16":5,"17":1,"18":0,"19":0},"15":{"0":0,"1":2,"2":5,"3":5,"4":2,"5":0,"6":5,"7":5,"8":5,"9":5,"10":0,"11":4,"12":0,"13":5,"14":5,"15":0,"16":0,"17":1,"18":0,"19":0},"16":{"0":0,"1":5,"2":1,"3":5,"4":5,"5":0,"6":5,"7":5,"8":2,"9":5,"10":5,"11":0,"12":5,"13":5,"14":3,"15":5,"16":0,"17":1,"18":0,"19":1},"17":{"0":5,"1":3,"2":5,"3":5,"4":5,"5":0,"6":5,"7":0,"8":5,"9":5,"10":5,"11":5,"12":5,"13":3,"14":0,"15":4,"16":5,"17":0,"18":0,"19":0},"18":{"0":5,"1":5,"2":4,"3":5,"4":5,"5":5,"6":4,"7":5,"8":2,"9":4,"10":0,"11":5,"12":5,"13":2,"14":5,"15":5,"16":5,"17":5,"18":0,"19":0},"19":{"0":0,"1":1,"2":0,"3":0,"4":5,"5":5,"6":5,"7":0,"8":5,"9":5,"10":3,"11":0,"12":5,"13":0,"14":5,"15":5,"16":5,"17":5,"18":5,"19":0}},"method":"hillside","closest_pair":[[3,2,1,6,4,0,5,9,8,10,12,7,11,15,13,14,17,16,19,18],[3,2,1,6,4,0,5,9,8,12,10,7,11,15,13,14,17,16,19,18]],"farthest_pair":[[3,2,1,6,4,0,5,9,10,8,12,7,11,15,13,14,17,16,19,18],[2,3,1,4,0,5,9,6,8,12,7,10,11,15,13,14,16,17,19,18]],"centroid_solution":[2,3,1,6,4,0,5,9,8,10,12,7,11,15,13,14,16,17,19,18]}