{"solutions":[[2,0,1,8,5,4,3,6,11,10,7,9,15,12,16,13,14,19,18,17],[2,0,1,8,5,4,3,11,6,10,7,9,15,12,16,13,14,19,18,17],[0,2,1,8,5,4,3,6,11,10,7,9,15,12,13,16,14,19,18,17],[0,2,1,8,5,4,3,6,11,10,7,9,15,12,16,13,14,19,18,17],[0,2,1,8,5,4,3,6,11,10,7,9,15,12,13,14,16,19,18,17],[2,0,1,8,5,4,3,11,6,10,7,9,15,12,13,14,16,19,18,17],[0,2,1,8,5,4,3,11,6,10,7,9,15,12,16,13,14,19,18,17],[2,0,1,8,5,4,3,6,11,10,7,9,15,12,13,16,14,19,18,17],[0,2,1,8,5,4,3,11,6,10,7,9,15,12,13,16,14,19,18,17],[2,0,1,8,5,4,3,6,11,10,7,9,15,12,13,14,16,19,18,17],[2,0,1,8,5,4,3,11,6,10,7,9,15,12,16,13,19,14,18,17],[0,2,1,8,5,4,3,11,6,10,7,9,15,12,13,14,16,19,18,17],[0,2,1,8,5,4,3,6,11,10,7,9,15,12,16,13,19,14,18,17],[2,0,1,8,5,4,3,6,11,10,7,9,15,12,16,13,19,14,18,17],[0,2,1,8,5,4,3,6,11,10,7,9,15,12,13,16,19,14,18,17],[2,0,1,8,5,4,3,11,6,10,7,9,15,12,13,16,19,14,18,17],[0,2,1,8,5,4,3,11,6,10,7,9,15,12,16,13,19,14,18,17],[2,0,1,8,5,4,3,11,6,10,7,9,15,12,13,16,14,19,18,17],[0,2,1,8,5,4,3,11,6,10,7,9,15,12,13,16,19,14,18,17],[2,0,1,8,5,4,3,6,11,10,7,9,15,12,13,16,19,14,18,17]],"obj":1476.0,"max_tau_solutions":null,"centroid_x":[[0.0,1.0,0.5019707868,1.0,1.0,1.0,1.0,1.0,1.0,1.0,1.0,1.0,1.0,1.0,1.0,1.0,1.0,1.0,1.0,1.0],[0.0,0.0,0.0,1.0,1.0,1.0,1.0,1.0,1.0,1.0,1.0,1.0,1.0,1.0,1.0,1.0,1.0,1.0,1.0,1.0],[0.4980292132,1.0,0.0,1.0,1.0,1.0,1.0,1.0,1.0,1.0,1.0,1.0,1.0,1.0,1.0,1.0,1.0,1.0,1.0,1.0],[0.0,0.0,0.0,0.0,0.0,0.0,1.0,1.0,0.0,1.0,1.0,1.0,1.0,1.0,1.0,1.0,1.0,1.0,1.0,1.0],[0.0,0.0,0.0,1.0,0.0,0.0,1.0,1.0,0.0,1.0,1.0,1.0,1.0,1.0,1.0,1.0,1.0,1.0,1.0,1.0],[0.0,0.0,0.0,1.0,1.0,0.0,1.0,1.0,0.0,1.0,1.0,1.0,1.0,1.0,1.0,1.0,1.0,1.0,1.0,1.0],[0.0,0.0,0.0,0.0,0.0,0.0,0.0,1.0,0.0,1.0,1.0,0.5396963195,1.0,1.0,1.0,1.0,1.0,1.0,1.0,1.0],[0.0,0.0,0.0,0.0,0.0,0.0,0.0,0.0,0.0,1.0,0.0,0.0,1.0,1.0,1.0,1.0,1.0,1.0,1.0,1.0],[0.0,0.0,0.0,1.0,1.0,1.0,1.0,1.0,0.0,1.0,1.0,1.0,1.0,1.0,1.0,1.0,1.0,1.0,1.0,1.0],[0.0,0.0,0.0,0.0,0.0,0.0,0.0,0.0,0.0,0.0,0.0,0.0,1.0,1.0,1.0,1.0,1.0,1.0,1.0,1.0],[0.0,0.0,0.0,0.0,0.0,0.0,0.0,1.0,0.0,1.0,0.0,0.0,1.0,1.0,1.0,1.0,1.0,1.0,1.0,1.0],[0.0,0.0,0.0,0.0,0.0,0.0,0.4603036805,1.0,0.0,1.0,1.0,0.0,1.0,1.0,1.0,1.0,1.0,1.0,1.0,1.0],[0.0,0.0,0.0,0.0,0.0,0.0,0.0,0.0,0.0,0.0,0.0,0.0,0.0,1.0,1.0,0.0,1.0,1.0,1.0,1.0],[0.0,0.0,0.0,0.0,0.0,0.0,0.0,0.0,0.0,0.0,0.0,0.0,0.0,0.0,1.0,0.0,0.5501404456,1.0,1.0,1.0],[0.0,0.0,0.0,0.0,0.0,0.0,0.0,0.0,0.0,0.0,0.0,0.0,0.0,0.0,0.0,0.0,0.3899199961,1.0,1.0,0.5550303409],[0.0,0.0,0.0,0.0,0.0,0.0,0.0,0.0,0.0,0.0,0.0,0.0,1.0,1.0,1.0,0.0,1.0,1.0,1.0,1.0],[0.0,0.0,0.0,0.0,0.0,0.0,0.0,0.0,0.0,0.0,0.0,0.0,0.0,0.4498595544,0.6100800039,0.0,0.0,1.0,1.0,1.0],[0.0,0.0,0.0,0.0,0.0,0.0,0.0,0.0,0.0,0.0,0.0,0.0,0.0,0.0,0.0,0.0,0.0,0.0,0.0,0.0],[0.0,0.0,0.0,0.0,0.0,0.0,0.0,0.0,0.0,0.0,0.0,0.0,0.0,0.0,0.0,0.0,0.0,1.0,0.0,0.0],[0.0,0.0,0.0,0.0,0.0,0.0,0.0,0.0,0.0,0.0,0.0,0.0,0.0,0.0,0.4449696591,0.0,0.0,1.0,1.0,0.0]],"outlier_solution":[2,0,1,8,5,4,3,11,6,10,7,9,15,12,13,14,16,19,18,17],"dataset_id":624,"source_dataset_id":671,"options":null,"D":{"0":{"0":0,"1":0,"2":0,"3":0,"4":0,"5":1,"6":4,"7":0,"8":0,"9":0,"10":0,"11":2,"12":1,"13":0,"14":0,"15":0,"16":2,"17":0,"18":0,"19":0},"1":{"0":5,"1":0,"2":3,"3":0,"4":5,"5":0,"6":0,"7":5,"8":0,"9":0,"10":0,"11":3,"12":0,"13":0,"14":0,"15":3,"16":0,"17":0,"18":0,"19":0},"2":{"0":0,"1":5,"2":0,"3":0,"4":0,"5":0,"6":0,"7":2,"8":0,"9":0,"10":0,"11":0,"12":0,"13":0,"14":0,"15":4,"16":0,"17":0,"18":0,"19":5},"3":{"0":5,"1":5,"2":5,"3":0,"4":0,"5":2,"6":0,"7":0,"8":1,"9":4,"10":0,"11":5,"12":3,"13":0,"14":0,"15":0,"16":4,"17":0,"18":1,"19":0},"4":{"0":3,"1":1,"2":5,"3":5,"4":0,"5":4,"6":0,"7":2,"8":0,"9":0,"10":5,"11":2,"12":0,"13":0,"14":1,"15":0,"16":0,"17":0,"18":0,"19":4},"5":{"0":5,"1":0,"2":5,"3":5,"4":5,"5":0,"6":4,"7":5,"8":4,"9":0,"10":1,"11":0,"12":0,"13":0,"14":0,"15":5,"16":0,"17":0,"18":1,"19":0},"6":{"0":1,"1":5,"2":5,"3":5,"4":0,"5":2,"6":0,"7":0,"8":1,"9":0,"10":0,"11":0,"12":3,"13":2,"14":0,"15":0,"16":3,"17":0,"18":0,"19":2},"7":{"0":5,"1":0,"2":5,"3":5,"4":4,"5":5,"6":5,"7":0,"8":0,"9":0,"10":2,"11":2,"12":3,"13":0,"14":3,"15":0,"16":0,"17":3,"18":0,"19":0},"8":{"0":1,"1":0,"2":1,"3":0,"4":5,"5":0,"6":2,"7":5,"8":0,"9":0,"10":0,"11":0,"12":0,"13":1,"14":0,"15":1,"16":5,"17":0,"18":0,"19":0},"9":{"0":5,"1":3,"2":5,"3":5,"4":0,"5":5,"6":0,"7":0,"8":5,"9":0,"10":0,"11":0,"12":0,"13":0,"14":0,"15":4,"16":0,"17":5,"18":1,"19":0},"10":{"0":5,"1":5,"2":4,"3":1,"4":3,"5":5,"6":5,"7":1,"8":1,"9":5,"10":0,"11":0,"12":0,"13":5,"14":0,"15":0,"16":0,"17":0,"18":0,"19":0},"11":{"0":0,"1":5,"2":0,"3":5,"4":5,"5":5,"6":2,"7":1,"8":0,"9":5,"10":5,"11":0,"12":0,"13":0,"14":0,"15":0,"16":0,"17":0,"18":0,"19":0},"12":{"0":5,"1":5,"2":5,"3":1,"4":5,"5":5,"6":1,"7":0,"8":5,"9":5,"10":4,"11":5,"12":0,"13":5,"14":0,"15":0,"16":0,"17":0,"18":0,"19":0},"13":{"0":5,"1":5,"2":5,"3":5,"4":5,"5":2,"6":5,"7":5,"8":5,"9":5,"10":5,"11":5,"12":5,"13":0,"14":3,"15":0,"16":0,"17":0,"18":0,"19":0},"14":{"0":3,"1":5,"2":5,"3":5,"4":5,"5":5,"6":5,"7":4,"8":5,"9":0,"10":5,"11":0,"12":5,"13":4,"14":0,"15":0,"16":0,"17":1,"18":0,"19":0},"15":{"0":5,"1":5,"2":0,"3":0,"4":5,"5":4,"6":0,"7":5,"8":5,"9":5,"10":3,"11":5,"12":0,"13":0,"14":5,"15":0,"16":0,"17":3,"18":0,"19":0},"16":{"0":0,"1":5,"2":0,"3":1,"4":5,"5":3,"6":1,"7":5,"8":5,"9":0,"10":5,"11":5,"12":5,"13":4,"14":0,"15":5,"16":0,"17":5,"18":4,"19":0},"17":{"0":5,"1":5,"2":0,"3":5,"4":5,"5":5,"6":5,"7":2,"8":5,"9":5,"10":5,"11":5,"12":5,"13":5,"14":5,"15":5,"16":5,"17":0,"18":3,"19":3},"18":{"0":5,"1":0,"2":4,"3":1,"4":5,"5":5,"6":0,"7":5,"8":0,"9":5,"10":5,"11":5,"12":3,"13":5,"14":5,"15":5,"16":5,"17":5,"18":0,"19":0},"19":{"0":0,"1":1,"2":3,"3":5,"4":4,"5":5,"6":5,"7":5,"8":5,"9":5,"10":2,"11":1,"12":0,"13":5,"14":0,"15":5,"16":0,"17":0,"18":0,"19":0}},"method":"hillside","closest_pair":[[0,2,1,8,5,4,3,11,6,10,7,9,15,12,13,16,14,19,18,17],[0,2,1,8,5,4,3,11,6,10,7,9,15,12,13,14,16,19,18,17]],"farthest_pair":[[2,0,1,8,5,4,3,11,6,10,7,9,15,12,13,14,16,19,18,17],[0,2,1,8,5,4,3,6,11,10,7,9,15,12,16,13,19,14,18,17]],"centroid_solution":[0,2,1,8,5,4,3,6,11,10,7,9,15,12,13,16,14,19,18,17]}