{"solutions":[[2,3,0,4,1,5,9,7,12,8,10,6,11,17,14,19,15,16,18,13],[2,3,0,4,1,5,9,7,12,8,10,6,11,17,15,14,19,16,18,13],[3,2,0,4,1,5,9,7,12,8,10,6,11,14,17,19,15,16,18,13],[3,2,0,4,1,5,9,7,12,8,10,6,11,17,15,14,19,16,18,13],[3,2,0,4,1,5,9,7,12,8,10,6,11,17,14,19,15,16,18,13],[2,3,0,4,1,5,9,7,12,8,10,6,11,14,17,19,15,16,18,13]],"obj":1569.0,"max_tau_solutions":null,"centroid_x":[[0.0,1.0,0.0,0.0,1.0,1.0,1.0,1.0,1.0,1.0,1.0,1.0,1.0,1.0,1.0,1.0,1.0,1.0,1.0,1.0],[0.0,0.0,0.0,0.0,0.0,1.0,1.0,1.0,1.0,1.0,1.0,1.0,1.0,1.0,1.0,1.0,1.0,1.0,1.0,1.0],[1.0,1.0,0.0,0.4987067984,1.0,1.0,1.0,1.0,1.0,1.0,1.0,1.0,1.0,1.0,1.0,1.0,1.0,1.0,1.0,1.0],[1.0,1.0,0.5012932016,0.0,1.0,1.0,1.0,1.0,1.0,1.0,1.0,1.0,1.0,1.0,1.0,1.0,1.0,1.0,1.0,1.0],[0.0,1.0,0.0,0.0,0.0,1.0,1.0,1.0,1.0,1.0,1.0,1.0,1.0,1.0,1.0,1.0,1.0,1.0,1.0,1.0],[0.0,0.0,0.0,0.0,0.0,0.0,1.0,1.0,1.0,1.0,1.0,1.0,1.0,1.0,1.0,1.0,1.0,1.0,1.0,1.0],[0.0,0.0,0.0,0.0,0.0,0.0,0.0,0.0,0.0,0.0,0.0,1.0,0.0,1.0,1.0,1.0,1.0,1.0,1.0,1.0],[0.0,0.0,0.0,0.0,0.0,0.0,1.0,0.0,1.0,0.0,1.0,1.0,1.0,1.0,1.0,1.0,1.0,1.0,1.0,1.0],[0.0,0.0,0.0,0.0,0.0,0.0,1.0,0.0,0.0,0.0,1.0,1.0,0.0,1.0,1.0,1.0,1.0,1.0,1.0,1.0],[0.0,0.0,0.0,0.0,0.0,0.0,1.0,1.0,1.0,0.0,1.0,1.0,1.0,1.0,1.0,1.0,1.0,1.0,1.0,1.0],[0.0,0.0,0.0,0.0,0.0,0.0,1.0,0.0,0.0,0.0,0.0,1.0,0.0,1.0,1.0,1.0,1.0,1.0,1.0,1.0],[0.0,0.0,0.0,0.0,0.0,0.0,0.0,0.0,0.0,0.0,0.0,0.0,0.0,1.0,1.0,1.0,1.0,1.0,1.0,1.0],[0.0,0.0,0.0,0.0,0.0,0.0,1.0,0.0,1.0,0.0,1.0,1.0,0.0,1.0,1.0,1.0,1.0,1.0,1.0,1.0],[0.0,0.0,0.0,0.0,0.0,0.0,0.0,0.0,0.0,0.0,0.0,0.0,0.0,0.0,0.0,0.0,0.0,0.0,0.0,0.0],[0.0,0.0,0.0,0.0,0.0,0.0,0.0,0.0,0.0,0.0,0.0,0.0,0.0,1.0,0.0,0.5632871986,1.0,0.3783285671,1.0,1.0],[0.0,0.0,0.0,0.0,0.0,0.0,0.0,0.0,0.0,0.0,0.0,0.0,0.0,1.0,0.4367128014,0.0,1.0,0.0,1.0,0.4367128014],[0.0,0.0,0.0,0.0,0.0,0.0,0.0,0.0,0.0,0.0,0.0,0.0,0.0,1.0,0.0,0.0,0.0,0.0,1.0,0.0],[0.0,0.0,0.0,0.0,0.0,0.0,0.0,0.0,0.0,0.0,0.0,0.0,0.0,1.0,0.6216714329,1.0,1.0,0.0,1.0,1.0],[0.0,0.0,0.0,0.0,0.0,0.0,0.0,0.0,0.0,0.0,0.0,0.0,0.0,1.0,0.0,0.0,0.0,0.0,0.0,0.0],[0.0,0.0,0.0,0.0,0.0,0.0,0.0,0.0,0.0,0.0,0.0,0.0,0.0,1.0,0.0,0.5632871986,1.0,0.0,1.0,0.0]],"outlier_solution":[2,3,0,4,1,5,9,7,12,8,10,6,11,17,15,14,19,16,18,13],"dataset_id":625,"source_dataset_id":672,"options":null,"D":{"0":{"0":0,"1":0,"2":0,"3":0,"4":0,"5":0,"6":0,"7":3,"8":5,"9":0,"10":0,"11":2,"12":0,"13":0,"14":0,"15":2,"16":0,"17":0,"18":1,"19":4},"1":{"0":5,"1":0,"2":0,"3":0,"4":2,"5":5,"6":0,"7":5,"8":0,"9":0,"10":0,"11":3,"12":0,"13":0,"14":0,"15":4,"16":5,"17":5,"18":0,"19":0},"2":{"0":5,"1":3,"2":0,"3":5,"4":0,"5":0,"6":0,"7":0,"8":0,"9":0,"10":4,"11":0,"12":3,"13":5,"14":0,"15":0,"16":0,"17":0,"18":0,"19":0},"3":{"0":0,"1":5,"2":2,"3":0,"4":0,"5":4,"6":0,"7":0,"8":0,"9":0,"10":0,"11":0,"12":0,"13":0,"14":0,"15":3,"16":0,"17":0,"18":0,"19":0},"4":{"0":0,"1":5,"2":2,"3":4,"4":0,"5":0,"6":0,"7":0,"8":0,"9":0,"10":5,"11":0,"12":0,"13":0,"14":0,"15":0,"16":0,"17":0,"18":0,"19":0},"5":{"0":3,"1":1,"2":5,"3":5,"4":0,"5":0,"6":0,"7":2,"8":0,"9":5,"10":0,"11":0,"12":1,"13":4,"14":0,"15":2,"16":0,"17":1,"18":0,"19":2},"6":{"0":5,"1":1,"2":5,"3":5,"4":1,"5":5,"6":0,"7":0,"8":0,"9":1,"10":0,"11":0,"12":2,"13":0,"14":0,"15":0,"16":0,"17":3,"18":0,"19":0},"7":{"0":0,"1":5,"2":2,"3":3,"4":0,"5":5,"6":0,"7":0,"8":0,"9":4,"10":0,"11":0,"12":0,"13":0,"14":0,"15":2,"16":0,"17":0,"18":0,"19":5},"8":{"0":5,"1":5,"2":5,"3":5,"4":0,"5":5,"6":0,"7":3,"8":0,"9":0,"10":1,"11":3,"12":0,"13":0,"14":5,"15":0,"16":0,"17":0,"18":0,"19":0},"9":{"0":0,"1":5,"2":5,"3":1,"4":5,"5":5,"6":5,"7":4,"8":1,"9":0,"10":0,"11":0,"12":3,"13":5,"14":0,"15":0,"16":0,"17":0,"18":0,"19":0},"10":{"0":5,"1":0,"2":5,"3":5,"4":5,"5":4,"6":2,"7":0,"8":2,"9":5,"10":0,"11":0,"12":0,"13":0,"14":0,"15":0,"16":4,"17":4,"18":1,"19":0},"11":{"0":2,"1":1,"2":5,"3":5,"4":0,"5":5,"6":5,"7":5,"8":5,"9":5,"10":5,"11":0,"12":0,"13":2,"14":5,"15":5,"16":4,"17":0,"18":3,"19":0},"12":{"0":5,"1":0,"2":5,"3":1,"4":5,"5":0,"6":3,"7":0,"8":5,"9":4,"10":4,"11":5,"12":0,"13":0,"14":0,"15":5,"16":2,"17":0,"18":0,"19":0},"13":{"0":5,"1":5,"2":5,"3":2,"4":5,"5":5,"6":0,"7":5,"8":5,"9":5,"10":5,"11":5,"12":5,"13":0,"14":0,"15":2,"16":0,"17":3,"18":5,"19":0},"14":{"0":5,"1":1,"2":5,"3":5,"4":5,"5":0,"6":1,"7":5,"8":4,"9":5,"10":5,"11":2,"12":5,"13":2,"14":0,"15":0,"16":0,"17":3,"18":0,"19":0},"15":{"0":4,"1":5,"2":5,"3":5,"4":5,"5":2,"6":0,"7":0,"8":5,"9":5,"10":5,"11":5,"12":5,"13":1,"14":5,"15":0,"16":4,"17":1,"18":0,"19":4},"16":{"0":5,"1":5,"2":5,"3":5,"4":5,"5":2,"6":3,"7":2,"8":4,"9":5,"10":4,"11":5,"12":5,"13":0,"14":4,"15":0,"16":0,"17":0,"18":2,"19":2},"17":{"0":3,"1":0,"2":0,"3":0,"4":2,"5":5,"6":5,"7":5,"8":5,"9":5,"10":4,"11":4,"12":5,"13":5,"14":5,"15":5,"16":5,"17":0,"18":0,"19":0},"18":{"0":5,"1":5,"2":0,"3":0,"4":4,"5":5,"6":5,"7":0,"8":0,"9":0,"10":0,"11":5,"12":5,"13":0,"14":5,"15":5,"16":5,"17":5,"18":0,"19":5},"19":{"0":5,"1":1,"2":5,"3":5,"4":4,"5":0,"6":0,"7":0,"8":0,"9":1,"10":5,"11":5,"12":5,"13":5,"14":5,"15":0,"16":0,"17":5,"18":5,"19":0}},"method":"hillside","closest_pair":[[2,3,0,4,1,5,9,7,12,8,10,6,11,17,15,14,19,16,18,13],[3,2,0,4,1,5,9,7,12,8,10,6,11,17,15,14,19,16,18,13]],"farthest_pair":[[3,2,0,4,1,5,9,7,12,8,10,6,11,17,15,14,19,16,18,13],[2,3,0,4,1,5,9,7,12,8,10,6,11,14,17,19,15,16,18,13]],"centroid_solution":[3,2,0,4,1,5,9,7,12,8,10,6,11,17,14,19,15,16,18,13]}