{"solutions":[[13,18,16,19,14,15,17,11,6,10,8,12,7,9,5,1,4,0,2,3],[13,18,16,15,19,14,17,11,6,10,8,12,7,9,5,1,4,0,3,2],[13,18,16,15,19,17,14,11,6,10,8,12,7,9,5,1,4,0,3,2],[13,18,16,15,19,17,14,11,6,10,8,12,7,9,5,1,4,0,2,3],[13,18,16,19,14,15,17,11,6,10,8,12,7,9,5,1,4,0,3,2],[13,18,16,15,19,14,17,11,6,10,8,12,7,9,5,1,4,0,2,3]],"obj":1569.0,"max_tau_solutions":null,"centroid_x":[[0.0,0.0,1.0,1.0,0.0,0.0,0.0,0.0,0.0,0.0,0.0,0.0,0.0,0.0,0.0,0.0,0.0,0.0,0.0,0.0],[1.0,0.0,1.0,1.0,1.0,0.0,0.0,0.0,0.0,0.0,0.0,0.0,0.0,0.0,0.0,0.0,0.0,0.0,0.0,0.0],[0.0,0.0,0.0,0.3465740669,0.0,0.0,0.0,0.0,0.0,0.0,0.0,0.0,0.0,0.0,0.0,0.0,0.0,0.0,0.0,0.0],[0.0,0.0,0.6534259331,0.0,0.0,0.0,0.0,0.0,0.0,0.0,0.0,0.0,0.0,0.0,0.0,0.0,0.0,0.0,0.0,0.0],[1.0,0.0,1.0,1.0,0.0,0.0,0.0,0.0,0.0,0.0,0.0,0.0,0.0,0.0,0.0,0.0,0.0,0.0,0.0,0.0],[1.0,1.0,1.0,1.0,1.0,0.0,0.0,0.0,0.0,0.0,0.0,0.0,0.0,0.0,0.0,0.0,0.0,0.0,0.0,0.0],[1.0,1.0,1.0,1.0,1.0,1.0,0.0,1.0,1.0,1.0,1.0,0.0,1.0,0.0,0.0,0.0,0.0,0.0,0.0,0.0],[1.0,1.0,1.0,1.0,1.0,1.0,0.0,0.0,0.0,1.0,0.0,0.0,0.0,0.0,0.0,0.0,0.0,0.0,0.0,0.0],[1.0,1.0,1.0,1.0,1.0,1.0,0.0,1.0,0.0,1.0,0.0,0.0,1.0,0.0,0.0,0.0,0.0,0.0,0.0,0.0],[1.0,1.0,1.0,1.0,1.0,1.0,0.0,0.0,0.0,0.0,0.0,0.0,0.0,0.0,0.0,0.0,0.0,0.0,0.0,0.0],[1.0,1.0,1.0,1.0,1.0,1.0,0.0,1.0,1.0,1.0,0.0,0.0,1.0,0.0,0.0,0.0,0.0,0.0,0.0,0.0],[1.0,1.0,1.0,1.0,1.0,1.0,1.0,1.0,1.0,1.0,1.0,0.0,1.0,0.0,0.0,0.0,0.0,0.0,0.0,0.0],[1.0,1.0,1.0,1.0,1.0,1.0,0.0,1.0,0.0,1.0,0.0,0.0,0.0,0.0,0.0,0.0,0.0,0.0,0.0,0.0],[1.0,1.0,1.0,1.0,1.0,1.0,1.0,1.0,1.0,1.0,1.0,1.0,1.0,0.0,1.0,1.0,1.0,1.0,1.0,1.0],[1.0,1.0,1.0,1.0,1.0,1.0,1.0,1.0,1.0,1.0,1.0,1.0,1.0,0.0,0.0,0.4036350779,0.0,0.5215029479,0.0,0.0],[1.0,1.0,1.0,1.0,1.0,1.0,1.0,1.0,1.0,1.0,1.0,1.0,1.0,0.0,0.5963649221,0.0,0.0,1.0,0.0,0.5963649221],[1.0,1.0,1.0,1.0,1.0,1.0,1.0,1.0,1.0,1.0,1.0,1.0,1.0,0.0,1.0,1.0,0.0,1.0,0.0,1.0],[1.0,1.0,1.0,1.0,1.0,1.0,1.0,1.0,1.0,1.0,1.0,1.0,1.0,0.0,0.4784970521,0.0,0.0,0.0,0.0,0.0],[1.0,1.0,1.0,1.0,1.0,1.0,1.0,1.0,1.0,1.0,1.0,1.0,1.0,0.0,1.0,1.0,1.0,1.0,0.0,1.0],[1.0,1.0,1.0,1.0,1.0,1.0,1.0,1.0,1.0,1.0,1.0,1.0,1.0,0.0,1.0,0.4036350779,0.0,1.0,0.0,0.0]],"outlier_solution":[13,18,16,19,14,15,17,11,6,10,8,12,7,9,5,1,4,0,2,3],"dataset_id":625,"source_dataset_id":672,"options":null,"D":{"0":{"0":0,"1":5,"2":5,"3":0,"4":0,"5":3,"6":5,"7":0,"8":5,"9":0,"10":5,"11":2,"12":5,"13":5,"14":5,"15":4,"16":5,"17":3,"18":5,"19":5},"1":{"0":0,"1":0,"2":3,"3":5,"4":5,"5":1,"6":1,"7":5,"8":5,"9":5,"10":0,"11":1,"12":0,"13":5,"14":1,"15":5,"16":5,"17":0,"18":5,"19":1},"2":{"0":0,"1":0,"2":0,"3":2,"4":2,"5":5,"6":5,"7":2,"8":5,"9":5,"10":5,"11":5,"12":5,"13":5,"14":5,"15":5,"16":5,"17":0,"18":0,"19":5},"3":{"0":0,"1":0,"2":5,"3":0,"4":4,"5":5,"6":5,"7":3,"8":5,"9":1,"10":5,"11":5,"12":1,"13":2,"14":5,"15":5,"16":5,"17":0,"18":0,"19":5},"4":{"0":0,"1":2,"2":0,"3":0,"4":0,"5":0,"6":1,"7":0,"8":0,"9":5,"10":5,"11":0,"12":5,"13":5,"14":5,"15":5,"16":5,"17":2,"18":4,"19":4},"5":{"0":0,"1":5,"2":0,"3":4,"4":0,"5":0,"6":5,"7":5,"8":5,"9":5,"10":4,"11":5,"12":0,"13":5,"14":0,"15":2,"16":2,"17":5,"18":5,"19":0},"6":{"0":0,"1":0,"2":0,"3":0,"4":0,"5":0,"6":0,"7":0,"8":0,"9":5,"10":2,"11":5,"12":3,"13":0,"14":1,"15":0,"16":3,"17":5,"18":5,"19":0},"7":{"0":3,"1":5,"2":0,"3":0,"4":0,"5":2,"6":0,"7":0,"8":3,"9":4,"10":0,"11":5,"12":0,"13":5,"14":5,"15":0,"16":2,"17":5,"18":0,"19":0},"8":{"0":5,"1":0,"2":0,"3":0,"4":0,"5":0,"6":0,"7":0,"8":0,"9":1,"10":2,"11":5,"12":5,"13":5,"14":4,"15":5,"16":4,"17":5,"18":0,"19":0},"9":{"0":0,"1":0,"2":0,"3":0,"4":0,"5":5,"6":1,"7":4,"8":0,"9":0,"10":5,"11":5,"12":4,"13":5,"14":5,"15":5,"16":5,"17":5,"18":0,"19":1},"10":{"0":0,"1":0,"2":4,"3":0,"4":5,"5":0,"6":0,"7":0,"8":1,"9":0,"10":0,"11":5,"12":4,"13":5,"14":5,"15":5,"16":4,"17":4,"18":0,"19":5},"11":{"0":2,"1":3,"2":0,"3":0,"4":0,"5":0,"6":0,"7":0,"8":3,"9":0,"10":0,"11":0,"12":5,"13":5,"14":2,"15":5,"16":5,"17":4,"18":5,"19":5},"12":{"0":0,"1":0,"2":3,"3":0,"4":0,"5":1,"6":2,"7":0,"8":0,"9":3,"10":0,"11":0,"12":0,"13":5,"14":5,"15":5,"16":5,"17":5,"18":5,"19":5},"13":{"0":0,"1":0,"2":5,"3":0,"4":0,"5":4,"6":0,"7":0,"8":0,"9":5,"10":0,"11":2,"12":0,"13":0,"14":2,"15":1,"16":0,"17":5,"18":0,"19":5},"14":{"0":0,"1":0,"2":0,"3":0,"4":0,"5":0,"6":0,"7":0,"8":5,"9":0,"10":0,"11":5,"12":0,"13":0,"14":0,"15":5,"16":4,"17":5,"18":5,"19":5},"15":{"0":2,"1":4,"2":0,"3":3,"4":0,"5":2,"6":0,"7":2,"8":0,"9":0,"10":0,"11":5,"12":5,"13":2,"14":0,"15":0,"16":0,"17":5,"18":5,"19":0},"16":{"0":0,"1":5,"2":0,"3":0,"4":0,"5":0,"6":0,"7":0,"8":0,"9":0,"10":4,"11":4,"12":2,"13":0,"14":0,"15":4,"16":0,"17":5,"18":5,"19":0},"17":{"0":0,"1":5,"2":0,"3":0,"4":0,"5":1,"6":3,"7":0,"8":0,"9":0,"10":4,"11":0,"12":0,"13":3,"14":3,"15":1,"16":0,"17":0,"18":5,"19":5},"18":{"0":1,"1":0,"2":0,"3":0,"4":0,"5":0,"6":0,"7":0,"8":0,"9":0,"10":1,"11":3,"12":0,"13":5,"14":0,"15":0,"16":2,"17":0,"18":0,"19":5},"19":{"0":4,"1":0,"2":0,"3":0,"4":0,"5":2,"6":0,"7":5,"8":0,"9":0,"10":0,"11":0,"12":0,"13":0,"14":0,"15":4,"16":2,"17":0,"18":5,"19":0}},"method":"hillside","closest_pair":[[13,18,16,15,19,14,17,11,6,10,8,12,7,9,5,1,4,0,2,3],[13,18,16,15,19,14,17,11,6,10,8,12,7,9,5,1,4,0,3,2]],"farthest_pair":[[13,18,16,15,19,17,14,11,6,10,8,12,7,9,5,1,4,0,3,2],[13,18,16,19,14,15,17,11,6,10,8,12,7,9,5,1,4,0,2,3]],"tau_farthest_pair":0.9578947368,"tau_closest_pair":0.9894736842,"centroid_solution":[13,18,16,15,19,14,17,11,6,10,8,12,7,9,5,1,4,0,3,2]}