{"solutions":[[19,17,18,16,12,14,9,13,11,15,10,4,8,7,6,1,5,3,2,0],[19,17,18,16,11,12,14,9,15,13,10,4,8,7,6,1,5,3,2,0],[19,17,18,16,12,14,9,13,15,11,10,4,6,5,8,7,1,3,2,0],[19,17,18,16,11,12,14,15,9,13,10,4,6,5,8,7,1,3,2,0],[19,17,18,16,12,14,9,13,15,11,10,4,8,7,6,1,5,3,2,0],[19,17,18,16,11,12,14,15,9,13,10,4,8,7,6,1,5,3,2,0],[19,17,18,16,11,12,14,9,13,15,10,4,8,7,6,1,5,3,2,0],[19,17,18,16,12,14,15,9,13,10,11,4,8,7,6,1,5,3,2,0],[19,17,18,16,12,14,9,13,15,10,11,4,6,5,8,7,1,3,2,0],[19,17,18,16,12,14,15,9,13,11,10,4,6,5,8,7,1,3,2,0],[19,17,18,16,12,14,15,9,13,10,11,4,6,5,8,7,1,3,2,0],[19,17,18,16,12,14,9,15,13,10,11,4,6,5,8,7,1,3,2,0],[19,17,18,16,12,14,9,13,15,10,11,4,8,7,6,1,5,3,2,0],[19,17,18,16,12,14,9,15,13,11,10,4,8,7,6,1,5,3,2,0],[19,17,18,16,12,14,9,15,13,11,10,4,6,5,8,7,1,3,2,0],[19,17,18,16,12,14,9,15,13,10,11,4,8,7,6,1,5,3,2,0],[19,17,18,16,11,12,14,9,15,13,10,4,6,5,8,7,1,3,2,0],[19,17,18,16,11,12,14,9,13,15,10,4,6,5,8,7,1,3,2,0],[19,17,18,16,12,14,15,9,13,11,10,4,8,7,6,1,5,3,2,0],[19,17,18,16,12,14,9,13,11,15,10,4,6,5,8,7,1,3,2,0]],"obj":1539.0,"max_tau_solutions":null,"centroid_x":[[0.0,0.0,0.0,0.0,0.0,0.0,0.0,0.0,0.0,0.0,0.0,0.0,0.0,0.0,0.0,0.0,0.0,0.0,0.0,0.0],[1.0,0.0,1.0,1.0,0.0,0.6051557103,0.0,0.0,0.0,0.0,0.0,0.0,0.0,0.0,0.0,0.0,0.0,0.0,0.0,0.0],[1.0,0.0,0.0,0.0,0.0,0.0,0.0,0.0,0.0,0.0,0.0,0.0,0.0,0.0,0.0,0.0,0.0,0.0,0.0,0.0],[1.0,0.0,1.0,0.0,0.0,0.0,0.0,0.0,0.0,0.0,0.0,0.0,0.0,0.0,0.0,0.0,0.0,0.0,0.0,0.0],[1.0,1.0,1.0,1.0,0.0,1.0,1.0,1.0,1.0,0.0,0.0,0.0,0.0,0.0,0.0,0.0,0.0,0.0,0.0,0.0],[1.0,0.3948442897,1.0,1.0,0.0,0.0,0.0,0.3948442897,0.3948442897,0.0,0.0,0.0,0.0,0.0,0.0,0.0,0.0,0.0,0.0,0.0],[1.0,1.0,1.0,1.0,0.0,1.0,0.0,0.3948442897,0.3948442897,0.0,0.0,0.0,0.0,0.0,0.0,0.0,0.0,0.0,0.0,0.0],[1.0,1.0,1.0,1.0,0.0,0.6051557103,0.6051557103,0.0,0.0,0.0,0.0,0.0,0.0,0.0,0.0,0.0,0.0,0.0,0.0,0.0],[1.0,1.0,1.0,1.0,0.0,0.6051557103,0.6051557103,1.0,0.0,0.0,0.0,0.0,0.0,0.0,0.0,0.0,0.0,0.0,0.0,0.0],[1.0,1.0,1.0,1.0,1.0,1.0,1.0,1.0,1.0,0.0,1.0,0.6290490843,0.0,1.0,0.0,0.496286891,0.0,0.0,0.0,0.0],[1.0,1.0,1.0,1.0,1.0,1.0,1.0,1.0,1.0,0.0,0.0,0.2517817371,0.0,0.0,0.0,0.0,0.0,0.0,0.0,0.0],[1.0,1.0,1.0,1.0,1.0,1.0,1.0,1.0,1.0,0.3709509157,0.7482182629,0.0,0.3709509157,0.3709509157,0.3709509157,0.4898345714,0.0,0.0,0.0,0.0],[1.0,1.0,1.0,1.0,1.0,1.0,1.0,1.0,1.0,1.0,1.0,0.6290490843,0.0,1.0,1.0,1.0,0.0,0.0,0.0,0.0],[1.0,1.0,1.0,1.0,1.0,1.0,1.0,1.0,1.0,0.0,1.0,0.6290490843,0.0,0.0,0.0,0.3207317848,0.0,0.0,0.0,0.0],[1.0,1.0,1.0,1.0,1.0,1.0,1.0,1.0,1.0,1.0,1.0,0.6290490843,0.0,1.0,0.0,1.0,0.0,0.0,0.0,0.0],[1.0,1.0,1.0,1.0,1.0,1.0,1.0,1.0,1.0,0.503713109,1.0,0.5101654286,0.0,0.6792682152,0.0,0.0,0.0,0.0,0.0,0.0],[1.0,1.0,1.0,1.0,1.0,1.0,1.0,1.0,1.0,1.0,1.0,1.0,1.0,1.0,1.0,1.0,0.0,0.0,0.0,0.0],[1.0,1.0,1.0,1.0,1.0,1.0,1.0,1.0,1.0,1.0,1.0,1.0,1.0,1.0,1.0,1.0,1.0,0.0,1.0,0.0],[1.0,1.0,1.0,1.0,1.0,1.0,1.0,1.0,1.0,1.0,1.0,1.0,1.0,1.0,1.0,1.0,1.0,0.0,0.0,0.0],[1.0,1.0,1.0,1.0,1.0,1.0,1.0,1.0,1.0,1.0,1.0,1.0,1.0,1.0,1.0,1.0,1.0,1.0,1.0,0.0]],"outlier_solution":[19,17,18,16,11,12,14,9,13,15,10,4,6,5,8,7,1,3,2,0],"dataset_id":626,"source_dataset_id":673,"options":null,"D":{"0":{"0":0,"1":0,"2":4,"3":5,"4":5,"5":5,"6":1,"7":1,"8":5,"9":5,"10":0,"11":5,"12":3,"13":5,"14":3,"15":5,"16":5,"17":4,"18":5,"19":5},"1":{"0":0,"1":0,"2":0,"3":5,"4":5,"5":0,"6":2,"7":4,"8":5,"9":5,"10":0,"11":5,"12":0,"13":4,"14":5,"15":4,"16":5,"17":5,"18":4,"19":5},"2":{"0":3,"1":0,"2":0,"3":5,"4":5,"5":5,"6":5,"7":5,"8":2,"9":5,"10":0,"11":5,"12":0,"13":5,"14":0,"15":5,"16":1,"17":2,"18":2,"19":5},"3":{"0":0,"1":4,"2":5,"3":0,"4":5,"5":5,"6":5,"7":1,"8":5,"9":5,"10":2,"11":5,"12":5,"13":2,"14":4,"15":5,"16":0,"17":5,"18":0,"19":5},"4":{"0":0,"1":0,"2":0,"3":0,"4":0,"5":5,"6":5,"7":4,"8":1,"9":0,"10":5,"11":5,"12":0,"13":5,"14":5,"15":4,"16":5,"17":0,"18":5,"19":5},"5":{"0":0,"1":0,"2":4,"3":0,"4":0,"5":0,"6":5,"7":5,"8":5,"9":5,"10":5,"11":5,"12":5,"13":5,"14":1,"15":5,"16":3,"17":5,"18":1,"19":0},"6":{"0":0,"1":0,"2":0,"3":0,"4":0,"5":0,"6":0,"7":5,"8":5,"9":5,"10":5,"11":3,"12":2,"13":5,"14":5,"15":5,"16":5,"17":5,"18":5,"19":5},"7":{"0":0,"1":2,"2":0,"3":4,"4":3,"5":0,"6":0,"7":0,"8":1,"9":5,"10":4,"11":5,"12":5,"13":5,"14":5,"15":4,"16":5,"17":5,"18":5,"19":2},"8":{"0":2,"1":1,"2":0,"3":0,"4":3,"5":0,"6":0,"7":0,"8":0,"9":5,"10":5,"11":5,"12":5,"13":5,"14":5,"15":2,"16":4,"17":5,"18":5,"19":5},"9":{"0":0,"1":0,"2":0,"3":0,"4":5,"5":0,"6":0,"7":3,"8":0,"9":0,"10":5,"11":5,"12":0,"13":0,"14":2,"15":5,"16":5,"17":0,"18":5,"19":5},"10":{"0":0,"1":0,"2":0,"3":0,"4":2,"5":0,"6":3,"7":0,"8":0,"9":0,"10":0,"11":5,"12":5,"13":5,"14":0,"15":5,"16":2,"17":2,"18":1,"19":5},"11":{"0":3,"1":0,"2":0,"3":0,"4":5,"5":2,"6":0,"7":0,"8":2,"9":5,"10":0,"11":0,"12":5,"13":5,"14":5,"15":0,"16":5,"17":5,"18":4,"19":1},"12":{"0":3,"1":0,"2":3,"3":4,"4":0,"5":0,"6":0,"7":2,"8":0,"9":0,"10":0,"11":0,"12":0,"13":0,"14":5,"15":0,"16":5,"17":1,"18":5,"19":3},"13":{"0":0,"1":5,"2":0,"3":5,"4":0,"5":3,"6":0,"7":3,"8":0,"9":4,"10":0,"11":0,"12":5,"13":0,"14":3,"15":5,"16":1,"17":5,"18":3,"19":5},"14":{"0":0,"1":0,"2":0,"3":0,"4":0,"5":3,"6":5,"7":0,"8":0,"9":0,"10":2,"11":2,"12":2,"13":0,"14":0,"15":1,"16":0,"17":5,"18":5,"19":4},"15":{"0":2,"1":2,"2":0,"3":0,"4":0,"5":0,"6":0,"7":0,"8":3,"9":0,"10":0,"11":0,"12":4,"13":0,"14":4,"15":0,"16":3,"17":5,"18":5,"19":5},"16":{"0":0,"1":0,"2":0,"3":0,"4":0,"5":0,"6":2,"7":0,"8":1,"9":0,"10":4,"11":0,"12":1,"13":0,"14":0,"15":0,"16":0,"17":5,"18":2,"19":1},"17":{"0":0,"1":5,"2":0,"3":0,"4":0,"5":3,"6":0,"7":2,"8":0,"9":0,"10":0,"11":0,"12":0,"13":3,"14":5,"15":0,"16":0,"17":0,"18":5,"19":5},"18":{"0":3,"1":3,"2":0,"3":0,"4":0,"5":0,"6":2,"7":3,"8":0,"9":2,"10":0,"11":0,"12":0,"13":5,"14":0,"15":0,"16":0,"17":0,"18":0,"19":5},"19":{"0":0,"1":0,"2":0,"3":0,"4":0,"5":0,"6":0,"7":0,"8":0,"9":0,"10":0,"11":4,"12":1,"13":0,"14":0,"15":0,"16":4,"17":0,"18":1,"19":0}},"method":"hillside","closest_pair":[[19,17,18,16,11,12,14,15,9,13,10,4,8,7,6,1,5,3,2,0],[19,17,18,16,11,12,14,9,15,13,10,4,8,7,6,1,5,3,2,0]],"farthest_pair":[[19,17,18,16,12,14,9,13,15,10,11,4,8,7,6,1,5,3,2,0],[19,17,18,16,11,12,14,15,9,13,10,4,6,5,8,7,1,3,2,0]],"tau_farthest_pair":0.8631578947,"tau_closest_pair":0.9894736842,"centroid_solution":[19,17,18,16,12,14,15,9,13,11,10,4,8,7,6,1,5,3,2,0]}