{"solutions":[[18,17,12,16,19,11,14,10,15,13,7,8,9,5,4,1,2,6,3,0],[18,17,12,16,19,14,11,15,10,13,7,8,9,5,4,1,2,6,3,0],[18,17,12,16,19,14,11,10,15,13,7,8,9,5,1,2,6,3,4,0],[18,17,12,16,19,14,11,10,15,13,7,8,9,5,2,6,4,3,1,0],[18,17,12,16,19,11,14,15,10,13,7,8,9,5,2,6,4,3,1,0],[18,17,12,16,19,11,14,15,10,13,7,8,9,5,1,2,6,3,4,0],[18,17,12,16,19,14,11,10,15,13,7,8,9,5,1,2,6,4,3,0],[18,17,12,16,19,11,14,10,15,13,7,8,9,5,2,6,4,3,1,0],[18,17,12,16,19,14,11,15,10,13,7,8,9,5,2,6,4,3,1,0],[18,17,12,16,19,11,14,15,10,13,7,8,9,5,1,2,6,4,3,0],[18,17,12,16,19,14,11,10,15,13,7,8,9,5,4,1,2,6,3,0],[18,17,12,16,19,14,11,10,15,13,7,8,9,5,2,6,3,4,1,0],[18,17,12,16,19,14,11,15,10,13,7,8,9,5,1,2,6,4,3,0],[18,17,12,16,19,14,11,15,10,13,7,8,9,5,1,2,6,3,4,0],[18,17,12,16,19,11,14,15,10,13,7,8,9,5,4,1,2,6,3,0],[18,17,12,16,19,14,11,15,10,13,7,8,9,5,2,6,3,4,1,0],[18,17,12,16,19,11,14,10,15,13,7,8,9,5,1,2,6,3,4,0],[18,17,12,16,19,11,14,10,15,13,7,8,9,5,1,2,6,4,3,0],[18,17,12,16,19,11,14,15,10,13,7,8,9,5,2,6,3,4,1,0],[18,17,12,16,19,11,14,10,15,13,7,8,9,5,2,6,3,4,1,0]],"obj":1648.0,"max_tau_solutions":null,"centroid_x":[[0.0,0.0,0.0,0.0,0.0,0.0,0.0,0.0,0.0,0.0,0.0,0.0,0.0,0.0,0.0,0.0,0.0,0.0,0.0,0.0],[1.0,0.0,0.5581396468,0.5581396468,0.1960387996,0.0,0.5581396467,0.0,0.0,0.0,0.0,0.0,0.0,0.0,0.0,0.0,0.0,0.0,0.0,0.0],[1.0,0.4418603532,0.0,1.0,0.6378991528,0.0,1.0,0.0,0.0,0.0,0.0,0.0,0.0,0.0,0.0,0.0,0.0,0.0,0.0,0.0],[1.0,0.4418603532,0.0,0.0,0.2926522549,0.0,0.0,0.0,0.0,0.0,0.0,0.0,0.0,0.0,0.0,0.0,0.0,0.0,0.0,0.0],[1.0,0.8039612004,0.3621008472,0.7073477451,0.0,0.0,0.3621008472,0.0,0.0,0.0,0.0,0.0,0.0,0.0,0.0,0.0,0.0,0.0,0.0,0.0],[1.0,1.0,1.0,1.0,1.0,0.0,1.0,0.0,0.0,0.0,0.0,0.0,0.0,0.0,0.0,0.0,0.0,0.0,0.0,0.0],[1.0,0.4418603533,0.0,1.0,0.6378991528,0.0,0.0,0.0,0.0,0.0,0.0,0.0,0.0,0.0,0.0,0.0,0.0,0.0,0.0,0.0],[1.0,1.0,1.0,1.0,1.0,1.0,1.0,0.0,1.0,1.0,0.0,0.0,0.0,0.0,0.0,0.0,0.0,0.0,0.0,0.0],[1.0,1.0,1.0,1.0,1.0,1.0,1.0,0.0,0.0,1.0,0.0,0.0,0.0,0.0,0.0,0.0,0.0,0.0,0.0,0.0],[1.0,1.0,1.0,1.0,1.0,1.0,1.0,0.0,0.0,0.0,0.0,0.0,0.0,0.0,0.0,0.0,0.0,0.0,0.0,0.0],[1.0,1.0,1.0,1.0,1.0,1.0,1.0,1.0,1.0,1.0,0.0,0.0,0.0,1.0,0.0,0.4158262961,0.0,0.0,0.0,0.0],[1.0,1.0,1.0,1.0,1.0,1.0,1.0,1.0,1.0,1.0,1.0,0.0,0.0,1.0,0.3761881836,1.0,0.0,0.0,0.0,0.0],[1.0,1.0,1.0,1.0,1.0,1.0,1.0,1.0,1.0,1.0,1.0,1.0,0.0,1.0,1.0,1.0,1.0,0.0,0.0,1.0],[1.0,1.0,1.0,1.0,1.0,1.0,1.0,1.0,1.0,1.0,0.0,0.0,0.0,0.0,0.0,0.0,0.0,0.0,0.0,0.0],[1.0,1.0,1.0,1.0,1.0,1.0,1.0,1.0,1.0,1.0,1.0,0.6238118164,0.0,1.0,0.0,1.0,0.0,0.0,0.0,0.0],[1.0,1.0,1.0,1.0,1.0,1.0,1.0,1.0,1.0,1.0,0.5841737039,0.0,0.0,1.0,0.0,0.0,0.0,0.0,0.0,0.0],[1.0,1.0,1.0,1.0,1.0,1.0,1.0,1.0,1.0,1.0,1.0,1.0,0.0,1.0,1.0,1.0,0.0,0.0,0.0,1.0],[1.0,1.0,1.0,1.0,1.0,1.0,1.0,1.0,1.0,1.0,1.0,1.0,1.0,1.0,1.0,1.0,1.0,0.0,0.0,1.0],[1.0,1.0,1.0,1.0,1.0,1.0,1.0,1.0,1.0,1.0,1.0,1.0,1.0,1.0,1.0,1.0,1.0,1.0,0.0,1.0],[1.0,1.0,1.0,1.0,1.0,1.0,1.0,1.0,1.0,1.0,1.0,1.0,0.0,1.0,1.0,1.0,0.0,0.0,0.0,0.0]],"outlier_solution":[18,17,12,16,19,11,14,10,15,13,7,8,9,5,1,2,6,3,4,0],"dataset_id":631,"source_dataset_id":678,"options":null,"D":{"0":{"0":0,"1":1,"2":1,"3":5,"4":5,"5":5,"6":0,"7":0,"8":5,"9":0,"10":5,"11":5,"12":5,"13":5,"14":5,"15":5,"16":5,"17":5,"18":5,"19":3},"1":{"0":1,"1":0,"2":0,"3":3,"4":5,"5":5,"6":5,"7":0,"8":0,"9":0,"10":5,"11":5,"12":5,"13":0,"14":0,"15":1,"16":5,"17":1,"18":5,"19":5},"2":{"0":0,"1":0,"2":0,"3":0,"4":0,"5":5,"6":5,"7":5,"8":0,"9":1,"10":5,"11":5,"12":5,"13":3,"14":3,"15":2,"16":5,"17":4,"18":5,"19":3},"3":{"0":0,"1":1,"2":3,"3":0,"4":5,"5":5,"6":1,"7":1,"8":5,"9":5,"10":5,"11":5,"12":2,"13":5,"14":0,"15":0,"16":0,"17":0,"18":5,"19":5},"4":{"0":0,"1":0,"2":0,"3":0,"4":0,"5":5,"6":5,"7":5,"8":3,"9":5,"10":5,"11":5,"12":3,"13":5,"14":0,"15":3,"16":5,"17":0,"18":5,"19":1},"5":{"0":0,"1":5,"2":0,"3":0,"4":0,"5":0,"6":2,"7":5,"8":1,"9":0,"10":2,"11":3,"12":5,"13":1,"14":5,"15":5,"16":5,"17":5,"18":0,"19":2},"6":{"0":0,"1":2,"2":4,"3":1,"4":0,"5":0,"6":0,"7":1,"8":5,"9":1,"10":1,"11":5,"12":0,"13":5,"14":5,"15":5,"16":1,"17":5,"18":5,"19":5},"7":{"0":0,"1":0,"2":0,"3":4,"4":0,"5":0,"6":0,"7":0,"8":1,"9":5,"10":5,"11":5,"12":1,"13":0,"14":0,"15":0,"16":5,"17":0,"18":5,"19":2},"8":{"0":0,"1":0,"2":0,"3":0,"4":3,"5":0,"6":0,"7":0,"8":0,"9":5,"10":3,"11":4,"12":5,"13":5,"14":5,"15":5,"16":0,"17":5,"18":0,"19":5},"9":{"0":0,"1":4,"2":0,"3":0,"4":0,"5":4,"6":1,"7":1,"8":0,"9":0,"10":5,"11":5,"12":5,"13":5,"14":0,"15":5,"16":5,"17":5,"18":5,"19":5},"10":{"0":4,"1":3,"2":0,"3":0,"4":0,"5":0,"6":0,"7":0,"8":0,"9":4,"10":0,"11":2,"12":5,"13":5,"14":5,"15":5,"16":0,"17":5,"18":0,"19":5},"11":{"0":0,"1":1,"2":3,"3":0,"4":0,"5":0,"6":0,"7":0,"8":0,"9":5,"10":2,"11":0,"12":5,"13":0,"14":5,"15":5,"16":5,"17":5,"18":2,"19":5},"12":{"0":0,"1":0,"2":0,"3":0,"4":0,"5":0,"6":0,"7":3,"8":1,"9":0,"10":0,"11":0,"12":0,"13":2,"14":5,"15":2,"16":4,"17":1,"18":5,"19":5},"13":{"0":0,"1":0,"2":0,"3":4,"4":0,"5":0,"6":3,"7":5,"8":0,"9":3,"10":1,"11":4,"12":0,"13":0,"14":5,"15":5,"16":5,"17":5,"18":4,"19":4},"14":{"0":3,"1":0,"2":0,"3":0,"4":0,"5":0,"6":2,"7":0,"8":0,"9":5,"10":0,"11":5,"12":5,"13":4,"14":0,"15":5,"16":2,"17":4,"18":5,"19":0},"15":{"0":5,"1":0,"2":5,"3":2,"4":4,"5":0,"6":2,"7":0,"8":0,"9":0,"10":2,"11":3,"12":4,"13":0,"14":5,"15":0,"16":5,"17":5,"18":5,"19":0},"16":{"0":0,"1":0,"2":4,"3":0,"4":0,"5":3,"6":0,"7":0,"8":3,"9":2,"10":0,"11":0,"12":0,"13":3,"14":0,"15":4,"16":0,"17":5,"18":5,"19":5},"17":{"0":0,"1":0,"2":0,"3":3,"4":0,"5":0,"6":4,"7":5,"8":0,"9":0,"10":0,"11":0,"12":5,"13":0,"14":0,"15":0,"16":0,"17":0,"18":5,"19":0},"18":{"0":1,"1":2,"2":1,"3":0,"4":0,"5":0,"6":0,"7":0,"8":0,"9":0,"10":0,"11":4,"12":0,"13":0,"14":0,"15":0,"16":1,"17":0,"18":0,"19":0},"19":{"0":0,"1":0,"2":0,"3":4,"4":4,"5":0,"6":0,"7":5,"8":4,"9":0,"10":0,"11":3,"12":0,"13":0,"14":0,"15":0,"16":4,"17":2,"18":2,"19":0}},"method":"hillside","closest_pair":[[18,17,12,16,19,14,11,15,10,13,7,8,9,5,2,6,3,4,1,0],[18,17,12,16,19,14,11,15,10,13,7,8,9,5,2,6,4,3,1,0]],"farthest_pair":[[18,17,12,16,19,14,11,15,10,13,7,8,9,5,4,1,2,6,3,0],[18,17,12,16,19,11,14,10,15,13,7,8,9,5,2,6,3,4,1,0]],"tau_farthest_pair":0.9157894737,"tau_closest_pair":0.9894736842,"centroid_solution":[18,17,12,16,19,14,11,15,10,13,7,8,9,5,2,6,4,3,1,0]}