{"solutions":[[5,0,2,3,1,4,7,6,10,9,8,13,11,14,18,12,17,15,16,19],[5,0,2,3,1,4,7,6,10,13,9,8,11,14,18,12,17,15,16,19],[5,0,2,1,3,4,7,6,10,13,9,8,11,14,18,12,17,15,16,19],[5,0,2,1,3,4,7,6,10,9,8,13,11,14,18,12,17,15,16,19]],"obj":1574.0,"max_tau_solutions":null,"centroid_x":[[0.0,1.0,1.0,1.0,1.0,0.0,1.0,1.0,1.0,1.0,1.0,1.0,1.0,1.0,1.0,1.0,1.0,1.0,1.0,1.0],[0.0,0.0,0.0,0.4943330326,1.0,0.0,1.0,1.0,1.0,1.0,1.0,1.0,1.0,1.0,1.0,1.0,1.0,1.0,1.0,1.0],[0.0,1.0,0.0,1.0,1.0,0.0,1.0,1.0,1.0,1.0,1.0,1.0,1.0,1.0,1.0,1.0,1.0,1.0,1.0,1.0],[0.0,0.5056669674,0.0,0.0,1.0,0.0,1.0,1.0,1.0,1.0,1.0,1.0,1.0,1.0,1.0,1.0,1.0,1.0,1.0,1.0],[0.0,0.0,0.0,0.0,0.0,0.0,1.0,1.0,1.0,1.0,1.0,1.0,1.0,1.0,1.0,1.0,1.0,1.0,1.0,1.0],[1.0,1.0,1.0,1.0,1.0,0.0,1.0,1.0,1.0,1.0,1.0,1.0,1.0,1.0,1.0,1.0,1.0,1.0,1.0,1.0],[0.0,0.0,0.0,0.0,0.0,0.0,0.0,0.0,1.0,1.0,1.0,1.0,1.0,1.0,1.0,1.0,1.0,1.0,1.0,1.0],[0.0,0.0,0.0,0.0,0.0,0.0,1.0,0.0,1.0,1.0,1.0,1.0,1.0,1.0,1.0,1.0,1.0,1.0,1.0,1.0],[0.0,0.0,0.0,0.0,0.0,0.0,0.0,0.0,0.0,0.0,0.0,1.0,1.0,0.499323683,1.0,1.0,1.0,1.0,1.0,1.0],[0.0,0.0,0.0,0.0,0.0,0.0,0.0,0.0,1.0,0.0,0.0,1.0,1.0,0.499323683,1.0,1.0,1.0,1.0,1.0,1.0],[0.0,0.0,0.0,0.0,0.0,0.0,0.0,0.0,1.0,1.0,0.0,1.0,1.0,1.0,1.0,1.0,1.0,1.0,1.0,1.0],[0.0,0.0,0.0,0.0,0.0,0.0,0.0,0.0,0.0,0.0,0.0,0.0,1.0,0.0,1.0,1.0,1.0,1.0,1.0,1.0],[0.0,0.0,0.0,0.0,0.0,0.0,0.0,0.0,0.0,0.0,0.0,0.0,0.0,0.0,0.0,1.0,1.0,1.0,0.0,1.0],[0.0,0.0,0.0,0.0,0.0,0.0,0.0,0.0,0.500676317,0.500676317,0.0,1.0,1.0,0.0,1.0,1.0,1.0,1.0,1.0,1.0],[0.0,0.0,0.0,0.0,0.0,0.0,0.0,0.0,0.0,0.0,0.0,0.0,1.0,0.0,0.0,1.0,1.0,1.0,1.0,1.0],[0.0,0.0,0.0,0.0,0.0,0.0,0.0,0.0,0.0,0.0,0.0,0.0,0.0,0.0,0.0,0.0,1.0,0.0,0.0,1.0],[0.0,0.0,0.0,0.0,0.0,0.0,0.0,0.0,0.0,0.0,0.0,0.0,0.0,0.0,0.0,0.0,0.0,0.0,0.0,1.0],[0.0,0.0,0.0,0.0,0.0,0.0,0.0,0.0,0.0,0.0,0.0,0.0,0.0,0.0,0.0,1.0,1.0,0.0,0.0,1.0],[0.0,0.0,0.0,0.0,0.0,0.0,0.0,0.0,0.0,0.0,0.0,0.0,1.0,0.0,0.0,1.0,1.0,1.0,0.0,1.0],[0.0,0.0,0.0,0.0,0.0,0.0,0.0,0.0,0.0,0.0,0.0,0.0,0.0,0.0,0.0,0.0,0.0,0.0,0.0,0.0]],"outlier_solution":[5,0,2,1,3,4,7,6,10,9,8,13,11,14,18,12,17,15,16,19],"dataset_id":633,"source_dataset_id":680,"options":null,"D":{"0":{"0":0,"1":0,"2":0,"3":0,"4":0,"5":0,"6":5,"7":0,"8":0,"9":0,"10":0,"11":3,"12":3,"13":0,"14":0,"15":0,"16":3,"17":4,"18":0,"19":4},"1":{"0":5,"1":0,"2":2,"3":0,"4":0,"5":0,"6":4,"7":0,"8":0,"9":0,"10":1,"11":5,"12":0,"13":2,"14":2,"15":0,"16":3,"17":2,"18":2,"19":0},"2":{"0":0,"1":5,"2":0,"3":0,"4":0,"5":5,"6":0,"7":0,"8":0,"9":0,"10":0,"11":0,"12":0,"13":0,"14":0,"15":0,"16":5,"17":0,"18":0,"19":0},"3":{"0":4,"1":5,"2":2,"3":0,"4":2,"5":4,"6":1,"7":0,"8":5,"9":0,"10":0,"11":0,"12":1,"13":0,"14":1,"15":0,"16":0,"17":0,"18":4,"19":0},"4":{"0":3,"1":0,"2":5,"3":5,"4":0,"5":5,"6":0,"7":1,"8":0,"9":4,"10":2,"11":0,"12":0,"13":0,"14":2,"15":2,"16":0,"17":0,"18":5,"19":0},"5":{"0":1,"1":5,"2":0,"3":4,"4":0,"5":0,"6":0,"7":4,"8":0,"9":0,"10":0,"11":0,"12":0,"13":1,"14":0,"15":0,"16":0,"17":0,"18":4,"19":0},"6":{"0":5,"1":5,"2":4,"3":5,"4":3,"5":5,"6":0,"7":0,"8":4,"9":4,"10":0,"11":0,"12":0,"13":0,"14":5,"15":0,"16":1,"17":0,"18":0,"19":0},"7":{"0":5,"1":5,"2":0,"3":5,"4":0,"5":5,"6":2,"7":0,"8":1,"9":0,"10":0,"11":0,"12":0,"13":1,"14":0,"15":0,"16":0,"17":0,"18":0,"19":0},"8":{"0":5,"1":5,"2":5,"3":5,"4":5,"5":5,"6":5,"7":5,"8":0,"9":0,"10":0,"11":0,"12":0,"13":3,"14":0,"15":0,"16":0,"17":0,"18":0,"19":0},"9":{"0":5,"1":4,"2":5,"3":5,"4":5,"5":5,"6":5,"7":2,"8":5,"9":0,"10":0,"11":5,"12":0,"13":5,"14":0,"15":0,"16":0,"17":0,"18":2,"19":0},"10":{"0":5,"1":1,"2":5,"3":3,"4":5,"5":5,"6":1,"7":4,"8":0,"9":5,"10":0,"11":0,"12":0,"13":0,"14":0,"15":4,"16":3,"17":0,"18":1,"19":0},"11":{"0":5,"1":5,"2":5,"3":5,"4":5,"5":3,"6":5,"7":5,"8":3,"9":5,"10":5,"11":0,"12":0,"13":0,"14":0,"15":1,"16":0,"17":0,"18":0,"19":0},"12":{"0":4,"1":5,"2":5,"3":5,"4":5,"5":5,"6":5,"7":0,"8":5,"9":5,"10":5,"11":0,"12":0,"13":0,"14":0,"15":0,"16":0,"17":0,"18":1,"19":0},"13":{"0":5,"1":5,"2":0,"3":3,"4":5,"5":2,"6":5,"7":0,"8":1,"9":5,"10":5,"11":2,"12":5,"13":0,"14":0,"15":0,"16":3,"17":3,"18":0,"19":0},"14":{"0":0,"1":5,"2":0,"3":0,"4":5,"5":3,"6":0,"7":4,"8":1,"9":5,"10":2,"11":0,"12":5,"13":2,"14":0,"15":4,"16":0,"17":5,"18":0,"19":0},"15":{"0":5,"1":5,"2":5,"3":5,"4":5,"5":5,"6":5,"7":5,"8":1,"9":0,"10":5,"11":5,"12":0,"13":4,"14":1,"15":0,"16":2,"17":0,"18":4,"19":0},"16":{"0":3,"1":5,"2":0,"3":3,"4":5,"5":3,"6":5,"7":5,"8":4,"9":5,"10":5,"11":5,"12":3,"13":0,"14":5,"15":5,"16":0,"17":0,"18":5,"19":4},"17":{"0":0,"1":5,"2":0,"3":0,"4":5,"5":3,"6":0,"7":1,"8":1,"9":3,"10":5,"11":5,"12":2,"13":5,"14":2,"15":5,"16":5,"17":0,"18":3,"19":0},"18":{"0":2,"1":0,"2":2,"3":5,"4":5,"5":5,"6":0,"7":5,"8":3,"9":5,"10":5,"11":5,"12":5,"13":5,"14":0,"15":4,"16":0,"17":5,"18":0,"19":2},"19":{"0":5,"1":4,"2":5,"3":5,"4":4,"5":5,"6":4,"7":2,"8":5,"9":5,"10":5,"11":5,"12":5,"13":5,"14":0,"15":5,"16":0,"17":5,"18":5,"19":0}},"method":"hillside","closest_pair":[[5,0,2,1,3,4,7,6,10,13,9,8,11,14,18,12,17,15,16,19],[5,0,2,3,1,4,7,6,10,13,9,8,11,14,18,12,17,15,16,19]],"farthest_pair":[[5,0,2,3,1,4,7,6,10,9,8,13,11,14,18,12,17,15,16,19],[5,0,2,1,3,4,7,6,10,13,9,8,11,14,18,12,17,15,16,19]],"tau_farthest_pair":0.9684210526,"tau_closest_pair":0.9894736842,"centroid_solution":[5,0,2,3,1,4,7,6,10,13,9,8,11,14,18,12,17,15,16,19]}