{"solutions":[[19,16,15,17,12,18,14,11,13,8,9,10,6,7,4,1,3,2,0,5],[19,16,15,17,12,18,14,11,8,9,13,10,6,7,4,3,1,2,0,5],[19,16,15,17,12,18,14,11,13,8,9,10,6,7,4,3,1,2,0,5],[19,16,15,17,12,18,14,11,8,9,13,10,6,7,4,1,3,2,0,5]],"obj":1574.0,"max_tau_solutions":null,"centroid_x":[[0.0,0.0,0.0,0.0,0.0,1.0,0.0,0.0,0.0,0.0,0.0,0.0,0.0,0.0,0.0,0.0,0.0,0.0,0.0,0.0],[1.0,0.0,1.0,0.3684059533,0.0,1.0,0.0,0.0,0.0,0.0,0.0,0.0,0.0,0.0,0.0,0.0,0.0,0.0,0.0,0.0],[1.0,0.0,0.0,0.0,0.0,1.0,0.0,0.0,0.0,0.0,0.0,0.0,0.0,0.0,0.0,0.0,0.0,0.0,0.0,0.0],[1.0,0.6315940467,1.0,0.0,0.0,1.0,0.0,0.0,0.0,0.0,0.0,0.0,0.0,0.0,0.0,0.0,0.0,0.0,0.0,0.0],[1.0,1.0,1.0,1.0,0.0,1.0,0.0,0.0,0.0,0.0,0.0,0.0,0.0,0.0,0.0,0.0,0.0,0.0,0.0,0.0],[0.0,0.0,0.0,0.0,0.0,0.0,0.0,0.0,0.0,0.0,0.0,0.0,0.0,0.0,0.0,0.0,0.0,0.0,0.0,0.0],[1.0,1.0,1.0,1.0,1.0,1.0,0.0,1.0,0.0,0.0,0.0,0.0,0.0,0.0,0.0,0.0,0.0,0.0,0.0,0.0],[1.0,1.0,1.0,1.0,1.0,1.0,0.0,0.0,0.0,0.0,0.0,0.0,0.0,0.0,0.0,0.0,0.0,0.0,0.0,0.0],[1.0,1.0,1.0,1.0,1.0,1.0,1.0,1.0,0.0,1.0,1.0,0.0,0.0,0.4006444112,0.0,0.0,0.0,0.0,0.0,0.0],[1.0,1.0,1.0,1.0,1.0,1.0,1.0,1.0,0.0,0.0,1.0,0.0,0.0,0.4006444113,0.0,0.0,0.0,0.0,0.0,0.0],[1.0,1.0,1.0,1.0,1.0,1.0,1.0,1.0,0.0,0.0,0.0,0.0,0.0,0.0,0.0,0.0,0.0,0.0,0.0,0.0],[1.0,1.0,1.0,1.0,1.0,1.0,1.0,1.0,1.0,1.0,1.0,0.0,0.0,1.0,0.0,0.0,0.0,0.0,0.0,0.0],[1.0,1.0,1.0,1.0,1.0,1.0,1.0,1.0,1.0,1.0,1.0,1.0,0.0,1.0,1.0,0.0,0.0,0.0,1.0,0.0],[1.0,1.0,1.0,1.0,1.0,1.0,1.0,1.0,0.5993555888,0.5993555887,1.0,0.0,0.0,0.0,0.0,0.0,0.0,0.0,0.0,0.0],[1.0,1.0,1.0,1.0,1.0,1.0,1.0,1.0,1.0,1.0,1.0,1.0,0.0,1.0,0.0,0.0,0.0,0.0,0.0,0.0],[1.0,1.0,1.0,1.0,1.0,1.0,1.0,1.0,1.0,1.0,1.0,1.0,1.0,1.0,1.0,0.0,0.0,1.0,1.0,0.0],[1.0,1.0,1.0,1.0,1.0,1.0,1.0,1.0,1.0,1.0,1.0,1.0,1.0,1.0,1.0,1.0,0.0,1.0,1.0,0.0],[1.0,1.0,1.0,1.0,1.0,1.0,1.0,1.0,1.0,1.0,1.0,1.0,1.0,1.0,1.0,0.0,0.0,0.0,1.0,0.0],[1.0,1.0,1.0,1.0,1.0,1.0,1.0,1.0,1.0,1.0,1.0,1.0,0.0,1.0,1.0,0.0,0.0,0.0,0.0,0.0],[1.0,1.0,1.0,1.0,1.0,1.0,1.0,1.0,1.0,1.0,1.0,1.0,1.0,1.0,1.0,1.0,1.0,1.0,1.0,0.0]],"outlier_solution":[19,16,15,17,12,18,14,11,8,9,13,10,6,7,4,1,3,2,0,5],"dataset_id":633,"source_dataset_id":680,"options":null,"D":{"0":{"0":0,"1":5,"2":0,"3":4,"4":3,"5":1,"6":5,"7":5,"8":5,"9":5,"10":5,"11":5,"12":4,"13":5,"14":0,"15":5,"16":3,"17":0,"18":2,"19":5},"1":{"0":0,"1":0,"2":5,"3":5,"4":0,"5":5,"6":5,"7":5,"8":5,"9":4,"10":1,"11":5,"12":5,"13":5,"14":5,"15":5,"16":5,"17":5,"18":0,"19":4},"2":{"0":0,"1":2,"2":0,"3":2,"4":5,"5":0,"6":4,"7":0,"8":5,"9":5,"10":5,"11":5,"12":5,"13":0,"14":0,"15":5,"16":0,"17":0,"18":2,"19":5},"3":{"0":0,"1":0,"2":0,"3":0,"4":5,"5":4,"6":5,"7":5,"8":5,"9":5,"10":3,"11":5,"12":5,"13":3,"14":0,"15":5,"16":3,"17":0,"18":5,"19":5},"4":{"0":0,"1":0,"2":0,"3":2,"4":0,"5":0,"6":3,"7":0,"8":5,"9":5,"10":5,"11":5,"12":5,"13":5,"14":5,"15":5,"16":5,"17":5,"18":5,"19":4},"5":{"0":0,"1":0,"2":5,"3":4,"4":5,"5":0,"6":5,"7":5,"8":5,"9":5,"10":5,"11":3,"12":5,"13":2,"14":3,"15":5,"16":3,"17":3,"18":5,"19":5},"6":{"0":5,"1":4,"2":0,"3":1,"4":0,"5":0,"6":0,"7":2,"8":5,"9":5,"10":1,"11":5,"12":5,"13":5,"14":0,"15":5,"16":5,"17":0,"18":0,"19":4},"7":{"0":0,"1":0,"2":0,"3":0,"4":1,"5":4,"6":0,"7":0,"8":5,"9":2,"10":4,"11":5,"12":0,"13":0,"14":4,"15":5,"16":5,"17":1,"18":5,"19":2},"8":{"0":0,"1":0,"2":0,"3":5,"4":0,"5":0,"6":4,"7":1,"8":0,"9":5,"10":0,"11":3,"12":5,"13":1,"14":1,"15":1,"16":4,"17":1,"18":3,"19":5},"9":{"0":0,"1":0,"2":0,"3":0,"4":4,"5":0,"6":4,"7":0,"8":0,"9":0,"10":5,"11":5,"12":5,"13":5,"14":5,"15":0,"16":5,"17":3,"18":5,"19":5},"10":{"0":0,"1":1,"2":0,"3":0,"4":2,"5":0,"6":0,"7":0,"8":0,"9":0,"10":0,"11":5,"12":5,"13":5,"14":2,"15":5,"16":5,"17":5,"18":5,"19":5},"11":{"0":3,"1":5,"2":0,"3":0,"4":0,"5":0,"6":0,"7":0,"8":0,"9":5,"10":0,"11":0,"12":0,"13":2,"14":0,"15":5,"16":5,"17":5,"18":5,"19":5},"12":{"0":3,"1":0,"2":0,"3":1,"4":0,"5":0,"6":0,"7":0,"8":0,"9":0,"10":0,"11":0,"12":0,"13":5,"14":5,"15":0,"16":3,"17":2,"18":5,"19":5},"13":{"0":0,"1":2,"2":0,"3":0,"4":0,"5":1,"6":0,"7":1,"8":3,"9":5,"10":0,"11":0,"12":0,"13":0,"14":2,"15":4,"16":0,"17":5,"18":5,"19":5},"14":{"0":0,"1":2,"2":0,"3":1,"4":2,"5":0,"6":5,"7":0,"8":0,"9":0,"10":0,"11":0,"12":0,"13":0,"14":0,"15":1,"16":5,"17":2,"18":0,"19":0},"15":{"0":0,"1":0,"2":0,"3":0,"4":2,"5":0,"6":0,"7":0,"8":0,"9":0,"10":4,"11":1,"12":0,"13":0,"14":4,"15":0,"16":5,"17":5,"18":4,"19":5},"16":{"0":3,"1":3,"2":5,"3":0,"4":0,"5":0,"6":1,"7":0,"8":0,"9":0,"10":3,"11":0,"12":0,"13":3,"14":0,"15":2,"16":0,"17":5,"18":0,"19":0},"17":{"0":4,"1":2,"2":0,"3":0,"4":0,"5":0,"6":0,"7":0,"8":0,"9":0,"10":0,"11":0,"12":0,"13":3,"14":5,"15":0,"16":0,"17":0,"18":5,"19":5},"18":{"0":0,"1":2,"2":0,"3":4,"4":5,"5":4,"6":0,"7":0,"8":0,"9":2,"10":1,"11":0,"12":1,"13":0,"14":0,"15":4,"16":5,"17":3,"18":0,"19":5},"19":{"0":4,"1":0,"2":0,"3":0,"4":0,"5":0,"6":0,"7":0,"8":0,"9":0,"10":0,"11":0,"12":0,"13":0,"14":0,"15":0,"16":4,"17":0,"18":2,"19":0}},"method":"hillside","closest_pair":[[19,16,15,17,12,18,14,11,13,8,9,10,6,7,4,1,3,2,0,5],[19,16,15,17,12,18,14,11,13,8,9,10,6,7,4,3,1,2,0,5]],"farthest_pair":[[19,16,15,17,12,18,14,11,8,9,13,10,6,7,4,3,1,2,0,5],[19,16,15,17,12,18,14,11,13,8,9,10,6,7,4,1,3,2,0,5]],"tau_farthest_pair":0.9684210526,"tau_closest_pair":0.9894736842,"centroid_solution":[19,16,15,17,12,18,14,11,13,8,9,10,6,7,4,3,1,2,0,5]}