{"solutions":[[18,19,16,15,14,17,12,13,6,10,5,9,11,7,4,8,2,0,3,1],[18,19,15,16,14,17,12,13,6,10,5,9,11,7,4,8,2,0,3,1]],"obj":1429.0,"max_tau_solutions":null,"centroid_x":[[0.0,1.0,0.0,1.0,0.0,0.0,0.0,0.0,0.0,0.0,0.0,0.0,0.0,0.0,0.0,0.0,0.0,0.0,0.0,0.0],[0.0,0.0,0.0,0.0,0.0,0.0,0.0,0.0,0.0,0.0,0.0,0.0,0.0,0.0,0.0,0.0,0.0,0.0,0.0,0.0],[1.0,1.0,0.0,1.0,0.0,0.0,0.0,0.0,0.0,0.0,0.0,0.0,0.0,0.0,0.0,0.0,0.0,0.0,0.0,0.0],[0.0,1.0,0.0,0.0,0.0,0.0,0.0,0.0,0.0,0.0,0.0,0.0,0.0,0.0,0.0,0.0,0.0,0.0,0.0,0.0],[1.0,1.0,1.0,1.0,0.0,0.0,0.0,0.0,1.0,0.0,0.0,0.0,0.0,0.0,0.0,0.0,0.0,0.0,0.0,0.0],[1.0,1.0,1.0,1.0,1.0,0.0,0.0,1.0,1.0,1.0,0.0,1.0,0.0,0.0,0.0,0.0,0.0,0.0,0.0,0.0],[1.0,1.0,1.0,1.0,1.0,1.0,0.0,1.0,1.0,1.0,1.0,1.0,0.0,0.0,0.0,0.0,0.0,0.0,0.0,0.0],[1.0,1.0,1.0,1.0,1.0,0.0,0.0,0.0,1.0,0.0,0.0,0.0,0.0,0.0,0.0,0.0,0.0,0.0,0.0,0.0],[1.0,1.0,1.0,1.0,0.0,0.0,0.0,0.0,0.0,0.0,0.0,0.0,0.0,0.0,0.0,0.0,0.0,0.0,0.0,0.0],[1.0,1.0,1.0,1.0,1.0,0.0,0.0,1.0,1.0,0.0,0.0,1.0,0.0,0.0,0.0,0.0,0.0,0.0,0.0,0.0],[1.0,1.0,1.0,1.0,1.0,1.0,0.0,1.0,1.0,1.0,0.0,1.0,0.0,0.0,0.0,0.0,0.0,0.0,0.0,0.0],[1.0,1.0,1.0,1.0,1.0,0.0,0.0,1.0,1.0,0.0,0.0,0.0,0.0,0.0,0.0,0.0,0.0,0.0,0.0,0.0],[1.0,1.0,1.0,1.0,1.0,1.0,1.0,1.0,1.0,1.0,1.0,1.0,0.0,1.0,0.0,0.0,0.0,0.0,0.0,0.0],[1.0,1.0,1.0,1.0,1.0,1.0,1.0,1.0,1.0,1.0,1.0,1.0,0.0,0.0,0.0,0.0,0.0,0.0,0.0,0.0],[1.0,1.0,1.0,1.0,1.0,1.0,1.0,1.0,1.0,1.0,1.0,1.0,1.0,1.0,0.0,0.0,0.0,1.0,0.0,0.0],[1.0,1.0,1.0,1.0,1.0,1.0,1.0,1.0,1.0,1.0,1.0,1.0,1.0,1.0,1.0,0.0,0.3416415434,1.0,0.0,0.0],[1.0,1.0,1.0,1.0,1.0,1.0,1.0,1.0,1.0,1.0,1.0,1.0,1.0,1.0,1.0,0.6583584566,0.0,1.0,0.0,0.0],[1.0,1.0,1.0,1.0,1.0,1.0,1.0,1.0,1.0,1.0,1.0,1.0,1.0,1.0,0.0,0.0,0.0,0.0,0.0,0.0],[1.0,1.0,1.0,1.0,1.0,1.0,1.0,1.0,1.0,1.0,1.0,1.0,1.0,1.0,1.0,1.0,1.0,1.0,0.0,1.0],[1.0,1.0,1.0,1.0,1.0,1.0,1.0,1.0,1.0,1.0,1.0,1.0,1.0,1.0,1.0,1.0,1.0,1.0,0.0,0.0]],"outlier_solution":[18,19,15,16,14,17,12,13,6,10,5,9,11,7,4,8,2,0,3,1],"dataset_id":634,"source_dataset_id":681,"options":null,"D":{"0":{"0":0,"1":5,"2":4,"3":0,"4":4,"5":0,"6":5,"7":5,"8":4,"9":5,"10":4,"11":5,"12":5,"13":5,"14":5,"15":0,"16":5,"17":1,"18":5,"19":0},"1":{"0":2,"1":0,"2":0,"3":5,"4":2,"5":0,"6":5,"7":5,"8":0,"9":5,"10":5,"11":0,"12":5,"13":5,"14":5,"15":5,"16":5,"17":5,"18":1,"19":1},"2":{"0":0,"1":1,"2":0,"3":4,"4":0,"5":5,"6":5,"7":1,"8":0,"9":4,"10":5,"11":5,"12":0,"13":5,"14":5,"15":5,"16":4,"17":5,"18":5,"19":2},"3":{"0":0,"1":0,"2":0,"3":0,"4":5,"5":4,"6":5,"7":5,"8":5,"9":5,"10":5,"11":5,"12":5,"13":5,"14":5,"15":3,"16":5,"17":5,"18":0,"19":5},"4":{"0":5,"1":2,"2":0,"3":0,"4":0,"5":2,"6":5,"7":0,"8":5,"9":4,"10":0,"11":0,"12":5,"13":5,"14":2,"15":0,"16":5,"17":5,"18":3,"19":5},"5":{"0":0,"1":2,"2":0,"3":0,"4":0,"5":0,"6":3,"7":5,"8":5,"9":0,"10":1,"11":0,"12":5,"13":0,"14":5,"15":5,"16":5,"17":0,"18":5,"19":4},"6":{"0":0,"1":1,"2":0,"3":0,"4":1,"5":3,"6":0,"7":3,"8":0,"9":5,"10":5,"11":5,"12":5,"13":1,"14":0,"15":4,"16":5,"17":5,"18":5,"19":5},"7":{"0":0,"1":0,"2":0,"3":3,"4":0,"5":4,"6":0,"7":0,"8":1,"9":2,"10":5,"11":0,"12":5,"13":5,"14":5,"15":5,"16":5,"17":0,"18":5,"19":2},"8":{"0":3,"1":0,"2":0,"3":0,"4":0,"5":0,"6":3,"7":0,"8":0,"9":5,"10":1,"11":2,"12":5,"13":0,"14":5,"15":5,"16":5,"17":5,"18":5,"19":5},"9":{"0":2,"1":5,"2":0,"3":0,"4":3,"5":0,"6":4,"7":0,"8":0,"9":0,"10":3,"11":5,"12":5,"13":0,"14":0,"15":5,"16":5,"17":5,"18":2,"19":4},"10":{"0":0,"1":0,"2":0,"3":0,"4":0,"5":4,"6":3,"7":2,"8":0,"9":1,"10":0,"11":5,"12":3,"13":5,"14":2,"15":3,"16":0,"17":5,"18":5,"19":5},"11":{"0":0,"1":0,"2":5,"3":2,"4":3,"5":5,"6":5,"7":0,"8":5,"9":0,"10":0,"11":0,"12":0,"13":5,"14":0,"15":5,"16":5,"17":1,"18":5,"19":5},"12":{"0":2,"1":0,"2":0,"3":3,"4":0,"5":0,"6":1,"7":0,"8":0,"9":0,"10":1,"11":0,"12":0,"13":4,"14":5,"15":5,"16":2,"17":3,"18":5,"19":3},"13":{"0":0,"1":0,"2":0,"3":0,"4":0,"5":3,"6":5,"7":0,"8":0,"9":0,"10":0,"11":0,"12":3,"13":0,"14":5,"15":5,"16":5,"17":4,"18":5,"19":5},"14":{"0":2,"1":0,"2":0,"3":0,"4":1,"5":0,"6":4,"7":0,"8":0,"9":0,"10":0,"11":0,"12":0,"13":0,"14":0,"15":3,"16":5,"17":0,"18":5,"19":5},"15":{"0":0,"1":0,"2":0,"3":2,"4":0,"5":0,"6":0,"7":0,"8":0,"9":0,"10":0,"11":3,"12":0,"13":1,"14":0,"15":0,"16":5,"17":5,"18":5,"19":5},"16":{"0":0,"1":0,"2":4,"3":0,"4":4,"5":0,"6":0,"7":0,"8":3,"9":0,"10":0,"11":0,"12":0,"13":2,"14":0,"15":3,"16":0,"17":5,"18":5,"19":4},"17":{"0":0,"1":0,"2":0,"3":5,"4":3,"5":0,"6":1,"7":1,"8":0,"9":0,"10":0,"11":0,"12":1,"13":2,"14":0,"15":4,"16":4,"17":0,"18":5,"19":5},"18":{"0":0,"1":0,"2":4,"3":0,"4":0,"5":0,"6":3,"7":0,"8":5,"9":0,"10":0,"11":0,"12":0,"13":0,"14":4,"15":0,"16":0,"17":0,"18":0,"19":5},"19":{"0":0,"1":0,"2":4,"3":0,"4":0,"5":0,"6":2,"7":0,"8":0,"9":0,"10":0,"11":0,"12":3,"13":0,"14":0,"15":5,"16":0,"17":0,"18":5,"19":0}},"method":"hillside","closest_pair":[[18,19,15,16,14,17,12,13,6,10,5,9,11,7,4,8,2,0,3,1],[18,19,16,15,14,17,12,13,6,10,5,9,11,7,4,8,2,0,3,1]],"farthest_pair":[[18,19,16,15,14,17,12,13,6,10,5,9,11,7,4,8,2,0,3,1],[18,19,15,16,14,17,12,13,6,10,5,9,11,7,4,8,2,0,3,1]],"tau_farthest_pair":0.9894736842,"tau_closest_pair":0.9894736842,"centroid_solution":[18,19,16,15,14,17,12,13,6,10,5,9,11,7,4,8,2,0,3,1]}