{"solutions":[[1,3,0,2,8,4,7,11,9,5,10,6,13,12,17,14,15,16,19,18],[1,3,0,2,8,4,7,11,9,5,10,6,13,12,17,14,16,15,19,18]],"obj":1429.0,"max_tau_solutions":null,"centroid_x":[[0.0,0.0,1.0,0.0,1.0,1.0,1.0,1.0,1.0,1.0,1.0,1.0,1.0,1.0,1.0,1.0,1.0,1.0,1.0,1.0],[1.0,0.0,1.0,1.0,1.0,1.0,1.0,1.0,1.0,1.0,1.0,1.0,1.0,1.0,1.0,1.0,1.0,1.0,1.0,1.0],[0.0,0.0,0.0,0.0,1.0,1.0,1.0,1.0,1.0,1.0,1.0,1.0,1.0,1.0,1.0,1.0,1.0,1.0,1.0,1.0],[1.0,0.0,1.0,0.0,1.0,1.0,1.0,1.0,1.0,1.0,1.0,1.0,1.0,1.0,1.0,1.0,1.0,1.0,1.0,1.0],[0.0,0.0,0.0,0.0,0.0,1.0,1.0,1.0,0.0,1.0,1.0,1.0,1.0,1.0,1.0,1.0,1.0,1.0,1.0,1.0],[0.0,0.0,0.0,0.0,0.0,0.0,1.0,0.0,0.0,0.0,1.0,0.0,1.0,1.0,1.0,1.0,1.0,1.0,1.0,1.0],[0.0,0.0,0.0,0.0,0.0,0.0,0.0,0.0,0.0,0.0,0.0,0.0,1.0,1.0,1.0,1.0,1.0,1.0,1.0,1.0],[0.0,0.0,0.0,0.0,0.0,1.0,1.0,0.0,0.0,1.0,1.0,1.0,1.0,1.0,1.0,1.0,1.0,1.0,1.0,1.0],[0.0,0.0,0.0,0.0,1.0,1.0,1.0,1.0,0.0,1.0,1.0,1.0,1.0,1.0,1.0,1.0,1.0,1.0,1.0,1.0],[0.0,0.0,0.0,0.0,0.0,1.0,1.0,0.0,0.0,0.0,1.0,0.0,1.0,1.0,1.0,1.0,1.0,1.0,1.0,1.0],[0.0,0.0,0.0,0.0,0.0,0.0,1.0,0.0,0.0,0.0,0.0,0.0,1.0,1.0,1.0,1.0,1.0,1.0,1.0,1.0],[0.0,0.0,0.0,0.0,0.0,1.0,1.0,0.0,0.0,1.0,1.0,0.0,1.0,1.0,1.0,1.0,1.0,1.0,1.0,1.0],[0.0,0.0,0.0,0.0,0.0,0.0,0.0,0.0,0.0,0.0,0.0,0.0,0.0,0.0,1.0,1.0,1.0,1.0,1.0,1.0],[0.0,0.0,0.0,0.0,0.0,0.0,0.0,0.0,0.0,0.0,0.0,0.0,1.0,0.0,1.0,1.0,1.0,1.0,1.0,1.0],[0.0,0.0,0.0,0.0,0.0,0.0,0.0,0.0,0.0,0.0,0.0,0.0,0.0,0.0,0.0,1.0,1.0,0.0,1.0,1.0],[0.0,0.0,0.0,0.0,0.0,0.0,0.0,0.0,0.0,0.0,0.0,0.0,0.0,0.0,0.0,0.0,0.4926349299,0.0,1.0,1.0],[0.0,0.0,0.0,0.0,0.0,0.0,0.0,0.0,0.0,0.0,0.0,0.0,0.0,0.0,0.0,0.5073650701,0.0,0.0,1.0,1.0],[0.0,0.0,0.0,0.0,0.0,0.0,0.0,0.0,0.0,0.0,0.0,0.0,0.0,0.0,1.0,1.0,1.0,0.0,1.0,1.0],[0.0,0.0,0.0,0.0,0.0,0.0,0.0,0.0,0.0,0.0,0.0,0.0,0.0,0.0,0.0,0.0,0.0,0.0,0.0,0.0],[0.0,0.0,0.0,0.0,0.0,0.0,0.0,0.0,0.0,0.0,0.0,0.0,0.0,0.0,0.0,0.0,0.0,0.0,1.0,0.0]],"outlier_solution":[1,3,0,2,8,4,7,11,9,5,10,6,13,12,17,14,15,16,19,18],"dataset_id":634,"source_dataset_id":681,"options":null,"D":{"0":{"0":0,"1":2,"2":0,"3":0,"4":5,"5":0,"6":0,"7":0,"8":3,"9":2,"10":0,"11":0,"12":2,"13":0,"14":2,"15":0,"16":0,"17":0,"18":0,"19":0},"1":{"0":5,"1":0,"2":1,"3":0,"4":2,"5":2,"6":1,"7":0,"8":0,"9":5,"10":0,"11":0,"12":0,"13":0,"14":0,"15":0,"16":0,"17":0,"18":0,"19":0},"2":{"0":4,"1":0,"2":0,"3":0,"4":0,"5":0,"6":0,"7":0,"8":0,"9":0,"10":0,"11":5,"12":0,"13":0,"14":0,"15":0,"16":4,"17":0,"18":4,"19":4},"3":{"0":0,"1":5,"2":4,"3":0,"4":0,"5":0,"6":0,"7":3,"8":0,"9":0,"10":0,"11":2,"12":3,"13":0,"14":0,"15":2,"16":0,"17":5,"18":0,"19":0},"4":{"0":4,"1":2,"2":0,"3":5,"4":0,"5":0,"6":1,"7":0,"8":0,"9":3,"10":0,"11":3,"12":0,"13":0,"14":1,"15":0,"16":4,"17":3,"18":0,"19":0},"5":{"0":0,"1":0,"2":5,"3":4,"4":2,"5":0,"6":3,"7":4,"8":0,"9":0,"10":4,"11":5,"12":0,"13":3,"14":0,"15":0,"16":0,"17":0,"18":0,"19":0},"6":{"0":5,"1":5,"2":5,"3":5,"4":5,"5":3,"6":0,"7":0,"8":3,"9":4,"10":3,"11":5,"12":1,"13":5,"14":4,"15":0,"16":0,"17":1,"18":3,"19":2},"7":{"0":5,"1":5,"2":1,"3":5,"4":0,"5":5,"6":3,"7":0,"8":0,"9":0,"10":2,"11":0,"12":0,"13":0,"14":0,"15":0,"16":0,"17":1,"18":0,"19":0},"8":{"0":4,"1":0,"2":0,"3":5,"4":5,"5":5,"6":0,"7":1,"8":0,"9":0,"10":0,"11":5,"12":0,"13":0,"14":0,"15":0,"16":3,"17":0,"18":5,"19":0},"9":{"0":5,"1":5,"2":4,"3":5,"4":4,"5":0,"6":5,"7":2,"8":5,"9":0,"10":1,"11":0,"12":0,"13":0,"14":0,"15":0,"16":0,"17":0,"18":0,"19":0},"10":{"0":4,"1":5,"2":5,"3":5,"4":0,"5":1,"6":5,"7":5,"8":1,"9":3,"10":0,"11":0,"12":1,"13":0,"14":0,"15":0,"16":0,"17":0,"18":0,"19":0},"11":{"0":5,"1":0,"2":5,"3":5,"4":0,"5":0,"6":5,"7":0,"8":2,"9":5,"10":5,"11":0,"12":0,"13":0,"14":0,"15":3,"16":0,"17":0,"18":0,"19":0},"12":{"0":5,"1":5,"2":0,"3":5,"4":5,"5":5,"6":5,"7":5,"8":5,"9":5,"10":3,"11":0,"12":0,"13":3,"14":0,"15":0,"16":0,"17":1,"18":0,"19":3},"13":{"0":5,"1":5,"2":5,"3":5,"4":5,"5":0,"6":1,"7":5,"8":0,"9":0,"10":5,"11":5,"12":4,"13":0,"14":0,"15":1,"16":2,"17":2,"18":0,"19":0},"14":{"0":5,"1":5,"2":5,"3":5,"4":2,"5":5,"6":0,"7":5,"8":5,"9":0,"10":2,"11":0,"12":5,"13":5,"14":0,"15":0,"16":0,"17":0,"18":4,"19":0},"15":{"0":0,"1":5,"2":5,"3":3,"4":0,"5":5,"6":4,"7":5,"8":5,"9":5,"10":3,"11":5,"12":5,"13":5,"14":3,"15":0,"16":3,"17":4,"18":0,"19":5},"16":{"0":5,"1":5,"2":4,"3":5,"4":5,"5":5,"6":5,"7":5,"8":5,"9":5,"10":0,"11":5,"12":2,"13":5,"14":5,"15":5,"16":0,"17":4,"18":0,"19":0},"17":{"0":1,"1":5,"2":5,"3":5,"4":5,"5":0,"6":5,"7":0,"8":5,"9":5,"10":5,"11":1,"12":3,"13":4,"14":0,"15":5,"16":5,"17":0,"18":0,"19":0},"18":{"0":5,"1":1,"2":5,"3":0,"4":3,"5":5,"6":5,"7":5,"8":5,"9":2,"10":5,"11":5,"12":5,"13":5,"14":5,"15":5,"16":5,"17":5,"18":0,"19":5},"19":{"0":0,"1":1,"2":2,"3":5,"4":5,"5":4,"6":5,"7":2,"8":5,"9":4,"10":5,"11":5,"12":3,"13":5,"14":5,"15":5,"16":4,"17":5,"18":5,"19":0}},"method":"hillside","closest_pair":[[1,3,0,2,8,4,7,11,9,5,10,6,13,12,17,14,15,16,19,18],[1,3,0,2,8,4,7,11,9,5,10,6,13,12,17,14,16,15,19,18]],"farthest_pair":[[1,3,0,2,8,4,7,11,9,5,10,6,13,12,17,14,16,15,19,18],[1,3,0,2,8,4,7,11,9,5,10,6,13,12,17,14,15,16,19,18]],"centroid_solution":[1,3,0,2,8,4,7,11,9,5,10,6,13,12,17,14,16,15,19,18]}