{"solutions":[[19,18,17,16,15,13,14,12,10,11,9,8,7,6,5,4,2,3,0,1],[19,18,17,16,15,13,14,12,10,11,8,9,7,6,5,4,2,3,0,1],[19,18,17,16,15,13,14,12,11,10,9,8,7,6,5,4,2,3,0,1],[19,18,17,16,15,13,14,12,11,10,8,9,7,6,5,4,2,3,0,1]],"obj":885.0,"max_tau_solutions":null,"centroid_x":[[0.0,1.0,0.0,0.0,0.0,0.0,0.0,0.0,0.0,0.0,0.0,0.0,0.0,0.0,0.0,0.0,0.0,0.0,0.0,0.0],[0.0,0.0,0.0,0.0,0.0,0.0,0.0,0.0,0.0,0.0,0.0,0.0,0.0,0.0,0.0,0.0,0.0,0.0,0.0,0.0],[1.0,1.0,0.0,1.0,0.0,0.0,0.0,0.0,0.0,0.0,0.0,0.0,0.0,0.0,0.0,0.0,0.0,0.0,0.0,0.0],[1.0,1.0,0.0,0.0,0.0,0.0,0.0,0.0,0.0,0.0,0.0,0.0,0.0,0.0,0.0,0.0,0.0,0.0,0.0,0.0],[1.0,1.0,1.0,1.0,0.0,0.0,0.0,0.0,0.0,0.0,0.0,0.0,0.0,0.0,0.0,0.0,0.0,0.0,0.0,0.0],[1.0,1.0,1.0,1.0,1.0,0.0,0.0,0.0,0.0,0.0,0.0,0.0,0.0,0.0,0.0,0.0,0.0,0.0,0.0,0.0],[1.0,1.0,1.0,1.0,1.0,1.0,0.0,0.0,0.0,0.0,0.0,0.0,0.0,0.0,0.0,0.0,0.0,0.0,0.0,0.0],[1.0,1.0,1.0,1.0,1.0,1.0,1.0,0.0,0.0,0.0,0.0,0.0,0.0,0.0,0.0,0.0,0.0,0.0,0.0,0.0],[1.0,1.0,1.0,1.0,1.0,1.0,1.0,1.0,0.0,0.3328867463,0.0,0.0,0.0,0.0,0.0,0.0,0.0,0.0,0.0,0.0],[1.0,1.0,1.0,1.0,1.0,1.0,1.0,1.0,0.6671132537,0.0,0.0,0.0,0.0,0.0,0.0,0.0,0.0,0.0,0.0,0.0],[1.0,1.0,1.0,1.0,1.0,1.0,1.0,1.0,1.0,1.0,0.0,0.3323620735,0.0,0.0,0.0,0.0,0.0,0.0,0.0,0.0],[1.0,1.0,1.0,1.0,1.0,1.0,1.0,1.0,1.0,1.0,0.6676379265,0.0,0.0,0.0,0.0,0.0,0.0,0.0,0.0,0.0],[1.0,1.0,1.0,1.0,1.0,1.0,1.0,1.0,1.0,1.0,1.0,1.0,0.0,0.0,0.0,0.0,0.0,0.0,0.0,0.0],[1.0,1.0,1.0,1.0,1.0,1.0,1.0,1.0,1.0,1.0,1.0,1.0,1.0,0.0,1.0,0.0,0.0,0.0,0.0,0.0],[1.0,1.0,1.0,1.0,1.0,1.0,1.0,1.0,1.0,1.0,1.0,1.0,1.0,0.0,0.0,0.0,0.0,0.0,0.0,0.0],[1.0,1.0,1.0,1.0,1.0,1.0,1.0,1.0,1.0,1.0,1.0,1.0,1.0,1.0,1.0,0.0,0.0,0.0,0.0,0.0],[1.0,1.0,1.0,1.0,1.0,1.0,1.0,1.0,1.0,1.0,1.0,1.0,1.0,1.0,1.0,1.0,0.0,0.0,0.0,0.0],[1.0,1.0,1.0,1.0,1.0,1.0,1.0,1.0,1.0,1.0,1.0,1.0,1.0,1.0,1.0,1.0,1.0,0.0,0.0,0.0],[1.0,1.0,1.0,1.0,1.0,1.0,1.0,1.0,1.0,1.0,1.0,1.0,1.0,1.0,1.0,1.0,1.0,1.0,0.0,0.0],[1.0,1.0,1.0,1.0,1.0,1.0,1.0,1.0,1.0,1.0,1.0,1.0,1.0,1.0,1.0,1.0,1.0,1.0,1.0,0.0]],"outlier_solution":[19,18,17,16,15,13,14,12,10,11,8,9,7,6,5,4,2,3,0,1],"dataset_id":640,"source_dataset_id":687,"options":null,"D":{"0":{"0":0,"1":2,"2":3,"3":4,"4":4,"5":4,"6":2,"7":3,"8":4,"9":4,"10":8,"11":8,"12":4,"13":3,"14":7,"15":4,"16":3,"17":10,"18":4,"19":3},"1":{"0":4,"1":0,"2":5,"3":2,"4":6,"5":6,"6":6,"7":4,"8":2,"9":4,"10":7,"11":4,"12":9,"13":4,"14":3,"15":5,"16":6,"17":5,"18":5,"19":3},"2":{"0":0,"1":1,"2":0,"3":3,"4":3,"5":3,"6":3,"7":4,"8":4,"9":2,"10":3,"11":7,"12":4,"13":3,"14":3,"15":7,"16":5,"17":6,"18":7,"19":7},"3":{"0":0,"1":0,"2":1,"3":0,"4":2,"5":5,"6":9,"7":8,"8":1,"9":6,"10":5,"11":5,"12":7,"13":3,"14":5,"15":6,"16":13,"17":8,"18":5,"19":6},"4":{"0":0,"1":0,"2":0,"3":6,"4":0,"5":3,"6":7,"7":7,"8":7,"9":7,"10":6,"11":2,"12":3,"13":8,"14":3,"15":4,"16":4,"17":8,"18":3,"19":5},"5":{"0":0,"1":0,"2":0,"3":0,"4":3,"5":0,"6":1,"7":6,"8":9,"9":3,"10":4,"11":9,"12":8,"13":3,"14":9,"15":5,"16":8,"17":7,"18":5,"19":6},"6":{"0":0,"1":0,"2":0,"3":0,"4":0,"5":1,"6":0,"7":2,"8":2,"9":4,"10":3,"11":12,"12":8,"13":2,"14":4,"15":5,"16":6,"17":2,"18":5,"19":11},"7":{"0":0,"1":0,"2":0,"3":0,"4":0,"5":0,"6":3,"7":0,"8":5,"9":3,"10":6,"11":5,"12":6,"13":9,"14":7,"15":3,"16":7,"17":10,"18":5,"19":3},"8":{"0":0,"1":0,"2":0,"3":0,"4":0,"5":0,"6":0,"7":2,"8":0,"9":5,"10":4,"11":3,"12":3,"13":6,"14":5,"15":4,"16":4,"17":7,"18":6,"19":6},"9":{"0":0,"1":0,"2":0,"3":0,"4":0,"5":0,"6":0,"7":0,"8":2,"9":0,"10":1,"11":4,"12":3,"13":5,"14":6,"15":7,"16":5,"17":5,"18":5,"19":9},"10":{"0":0,"1":0,"2":0,"3":0,"4":0,"5":0,"6":0,"7":0,"8":0,"9":0,"10":0,"11":5,"12":3,"13":6,"14":3,"15":4,"16":6,"17":4,"18":6,"19":4},"11":{"0":0,"1":0,"2":0,"3":0,"4":0,"5":0,"6":0,"7":0,"8":0,"9":0,"10":3,"11":0,"12":1,"13":9,"14":6,"15":5,"16":5,"17":6,"18":6,"19":3},"12":{"0":0,"1":0,"2":0,"3":0,"4":0,"5":0,"6":0,"7":0,"8":0,"9":0,"10":0,"11":5,"12":0,"13":3,"14":2,"15":5,"16":4,"17":6,"18":5,"19":10},"13":{"0":0,"1":0,"2":0,"3":0,"4":0,"5":0,"6":0,"7":0,"8":0,"9":0,"10":0,"11":0,"12":1,"13":0,"14":1,"15":3,"16":5,"17":2,"18":6,"19":2},"14":{"0":0,"1":0,"2":0,"3":0,"4":0,"5":0,"6":0,"7":0,"8":0,"9":0,"10":0,"11":0,"12":0,"13":4,"14":0,"15":3,"16":4,"17":4,"18":9,"19":8},"15":{"0":0,"1":0,"2":0,"3":0,"4":0,"5":0,"6":0,"7":0,"8":0,"9":0,"10":0,"11":0,"12":0,"13":0,"14":3,"15":0,"16":3,"17":6,"18":2,"19":11},"16":{"0":0,"1":0,"2":0,"3":0,"4":0,"5":0,"6":0,"7":0,"8":0,"9":0,"10":0,"11":0,"12":0,"13":0,"14":0,"15":0,"16":0,"17":3,"18":5,"19":4},"17":{"0":0,"1":0,"2":0,"3":0,"4":0,"5":0,"6":0,"7":0,"8":0,"9":0,"10":0,"11":0,"12":0,"13":0,"14":0,"15":0,"16":7,"17":0,"18":2,"19":9},"18":{"0":0,"1":0,"2":0,"3":0,"4":0,"5":0,"6":0,"7":0,"8":0,"9":0,"10":0,"11":0,"12":0,"13":0,"14":0,"15":0,"16":0,"17":3,"18":0,"19":3},"19":{"0":0,"1":0,"2":0,"3":0,"4":0,"5":0,"6":0,"7":0,"8":0,"9":0,"10":0,"11":0,"12":0,"13":0,"14":0,"15":0,"16":0,"17":0,"18":3,"19":0}},"method":"hillside","closest_pair":[[19,18,17,16,15,13,14,12,10,11,9,8,7,6,5,4,2,3,0,1],[19,18,17,16,15,13,14,12,11,10,9,8,7,6,5,4,2,3,0,1]],"farthest_pair":[[19,18,17,16,15,13,14,12,11,10,9,8,7,6,5,4,2,3,0,1],[19,18,17,16,15,13,14,12,10,11,8,9,7,6,5,4,2,3,0,1]],"tau_farthest_pair":0.9789473684,"tau_closest_pair":0.9894736842,"centroid_solution":[19,18,17,16,15,13,14,12,11,10,9,8,7,6,5,4,2,3,0,1]}