{"solutions":[[18,19,16,15,17,13,14,12,10,11,8,9,6,7,5,3,4,2,1,0],[19,18,16,15,17,13,14,12,11,10,8,9,6,7,5,3,4,2,1,0],[18,19,16,15,17,13,14,12,11,10,8,9,6,7,5,3,4,2,1,0],[19,18,16,15,17,13,14,12,10,11,8,9,6,7,5,3,4,2,1,0]],"obj":992.0,"max_tau_solutions":null,"centroid_x":[[0.0,0.0,0.0,0.0,0.0,0.0,0.0,0.0,0.0,0.0,0.0,0.0,0.0,0.0,0.0,0.0,0.0,0.0,0.0,0.0],[1.0,0.0,0.0,0.0,0.0,0.0,0.0,0.0,0.0,0.0,0.0,0.0,0.0,0.0,0.0,0.0,0.0,0.0,0.0,0.0],[1.0,1.0,0.0,0.0,0.0,0.0,0.0,0.0,0.0,0.0,0.0,0.0,0.0,0.0,0.0,0.0,0.0,0.0,0.0,0.0],[1.0,1.0,1.0,0.0,1.0,0.0,0.0,0.0,0.0,0.0,0.0,0.0,0.0,0.0,0.0,0.0,0.0,0.0,0.0,0.0],[1.0,1.0,1.0,0.0,0.0,0.0,0.0,0.0,0.0,0.0,0.0,0.0,0.0,0.0,0.0,0.0,0.0,0.0,0.0,0.0],[1.0,1.0,1.0,1.0,1.0,0.0,0.0,0.0,0.0,0.0,0.0,0.0,0.0,0.0,0.0,0.0,0.0,0.0,0.0,0.0],[1.0,1.0,1.0,1.0,1.0,1.0,0.0,1.0,0.0,0.0,0.0,0.0,0.0,0.0,0.0,0.0,0.0,0.0,0.0,0.0],[1.0,1.0,1.0,1.0,1.0,1.0,0.0,0.0,0.0,0.0,0.0,0.0,0.0,0.0,0.0,0.0,0.0,0.0,0.0,0.0],[1.0,1.0,1.0,1.0,1.0,1.0,1.0,1.0,0.0,1.0,0.0,0.0,0.0,0.0,0.0,0.0,0.0,0.0,0.0,0.0],[1.0,1.0,1.0,1.0,1.0,1.0,1.0,1.0,0.0,0.0,0.0,0.0,0.0,0.0,0.0,0.0,0.0,0.0,0.0,0.0],[1.0,1.0,1.0,1.0,1.0,1.0,1.0,1.0,1.0,1.0,0.0,0.3423773101,0.0,0.0,0.0,0.0,0.0,0.0,0.0,0.0],[1.0,1.0,1.0,1.0,1.0,1.0,1.0,1.0,1.0,1.0,0.6576226899,0.0,0.0,0.0,0.0,0.0,0.0,0.0,0.0,0.0],[1.0,1.0,1.0,1.0,1.0,1.0,1.0,1.0,1.0,1.0,1.0,1.0,0.0,0.0,0.0,0.0,0.0,0.0,0.0,0.0],[1.0,1.0,1.0,1.0,1.0,1.0,1.0,1.0,1.0,1.0,1.0,1.0,1.0,0.0,1.0,0.0,0.0,0.0,0.0,0.0],[1.0,1.0,1.0,1.0,1.0,1.0,1.0,1.0,1.0,1.0,1.0,1.0,1.0,0.0,0.0,0.0,0.0,0.0,0.0,0.0],[1.0,1.0,1.0,1.0,1.0,1.0,1.0,1.0,1.0,1.0,1.0,1.0,1.0,1.0,1.0,0.0,0.0,1.0,0.0,0.0],[1.0,1.0,1.0,1.0,1.0,1.0,1.0,1.0,1.0,1.0,1.0,1.0,1.0,1.0,1.0,1.0,0.0,1.0,0.0,0.0],[1.0,1.0,1.0,1.0,1.0,1.0,1.0,1.0,1.0,1.0,1.0,1.0,1.0,1.0,1.0,0.0,0.0,0.0,0.0,0.0],[1.0,1.0,1.0,1.0,1.0,1.0,1.0,1.0,1.0,1.0,1.0,1.0,1.0,1.0,1.0,1.0,1.0,1.0,0.0,0.3418934638],[1.0,1.0,1.0,1.0,1.0,1.0,1.0,1.0,1.0,1.0,1.0,1.0,1.0,1.0,1.0,1.0,1.0,1.0,0.6581065362,0.0]],"outlier_solution":[18,19,16,15,17,13,14,12,10,11,8,9,6,7,5,3,4,2,1,0],"dataset_id":641,"source_dataset_id":688,"options":null,"D":{"0":{"0":0,"1":5,"2":2,"3":8,"4":8,"5":7,"6":10,"7":7,"8":6,"9":3,"10":4,"11":4,"12":7,"13":8,"14":11,"15":6,"16":3,"17":5,"18":5,"19":3},"1":{"0":1,"1":0,"2":2,"3":5,"4":5,"5":5,"6":6,"7":8,"8":6,"9":4,"10":8,"11":8,"12":1,"13":6,"14":4,"15":6,"16":1,"17":5,"18":4,"19":1},"2":{"0":0,"1":4,"2":0,"3":4,"4":3,"5":6,"6":5,"7":4,"8":4,"9":3,"10":7,"11":4,"12":4,"13":8,"14":5,"15":6,"16":8,"17":5,"18":3,"19":7},"3":{"0":0,"1":0,"2":4,"3":0,"4":0,"5":6,"6":8,"7":3,"8":8,"9":6,"10":5,"11":8,"12":4,"13":8,"14":4,"15":7,"16":2,"17":3,"18":4,"19":6},"4":{"0":0,"1":0,"2":0,"3":5,"4":0,"5":5,"6":8,"7":7,"8":3,"9":6,"10":7,"11":4,"12":5,"13":1,"14":4,"15":7,"16":3,"17":7,"18":4,"19":2},"5":{"0":0,"1":0,"2":0,"3":0,"4":2,"5":0,"6":5,"7":8,"8":7,"9":7,"10":2,"11":4,"12":3,"13":7,"14":6,"15":8,"16":2,"17":4,"18":7,"19":7},"6":{"0":0,"1":0,"2":0,"3":0,"4":0,"5":3,"6":0,"7":3,"8":5,"9":4,"10":8,"11":6,"12":4,"13":7,"14":6,"15":6,"16":7,"17":2,"18":4,"19":6},"7":{"0":0,"1":0,"2":0,"3":0,"4":0,"5":0,"6":3,"7":0,"8":2,"9":6,"10":4,"11":7,"12":5,"13":3,"14":3,"15":7,"16":10,"17":5,"18":10,"19":4},"8":{"0":0,"1":0,"2":0,"3":0,"4":0,"5":0,"6":0,"7":5,"8":0,"9":2,"10":2,"11":4,"12":4,"13":7,"14":4,"15":6,"16":6,"17":5,"18":5,"19":5},"9":{"0":0,"1":0,"2":0,"3":0,"4":0,"5":0,"6":0,"7":0,"8":3,"9":0,"10":2,"11":4,"12":10,"13":9,"14":3,"15":7,"16":3,"17":6,"18":10,"19":2},"10":{"0":0,"1":0,"2":0,"3":0,"4":0,"5":0,"6":0,"7":0,"8":0,"9":0,"10":0,"11":3,"12":5,"13":3,"14":4,"15":2,"16":5,"17":5,"18":9,"19":8},"11":{"0":0,"1":0,"2":0,"3":0,"4":0,"5":0,"6":0,"7":0,"8":0,"9":0,"10":4,"11":0,"12":5,"13":7,"14":5,"15":5,"16":8,"17":6,"18":4,"19":2},"12":{"0":0,"1":0,"2":0,"3":0,"4":0,"5":0,"6":0,"7":0,"8":0,"9":0,"10":0,"11":1,"12":0,"13":1,"14":2,"15":8,"16":5,"17":3,"18":2,"19":4},"13":{"0":0,"1":0,"2":0,"3":0,"4":0,"5":0,"6":0,"7":0,"8":0,"9":0,"10":0,"11":0,"12":1,"13":0,"14":3,"15":3,"16":7,"17":3,"18":4,"19":6},"14":{"0":0,"1":0,"2":0,"3":0,"4":0,"5":0,"6":0,"7":0,"8":0,"9":0,"10":0,"11":0,"12":0,"13":1,"14":0,"15":2,"16":8,"17":4,"18":7,"19":10},"15":{"0":0,"1":0,"2":0,"3":0,"4":0,"5":0,"6":0,"7":0,"8":0,"9":0,"10":0,"11":0,"12":0,"13":0,"14":1,"15":0,"16":1,"17":6,"18":6,"19":4},"16":{"0":0,"1":0,"2":0,"3":0,"4":0,"5":0,"6":0,"7":0,"8":0,"9":0,"10":0,"11":0,"12":0,"13":0,"14":0,"15":1,"16":0,"17":0,"18":8,"19":1},"17":{"0":0,"1":0,"2":0,"3":0,"4":0,"5":0,"6":0,"7":0,"8":0,"9":0,"10":0,"11":0,"12":0,"13":0,"14":0,"15":0,"16":0,"17":0,"18":4,"19":4},"18":{"0":0,"1":0,"2":0,"3":0,"4":0,"5":0,"6":0,"7":0,"8":0,"9":0,"10":0,"11":0,"12":0,"13":0,"14":0,"15":0,"16":0,"17":2,"18":0,"19":2},"19":{"0":0,"1":0,"2":0,"3":0,"4":0,"5":0,"6":0,"7":0,"8":0,"9":0,"10":0,"11":0,"12":0,"13":0,"14":0,"15":0,"16":0,"17":0,"18":0,"19":0}},"method":"hillside","closest_pair":[[18,19,16,15,17,13,14,12,11,10,8,9,6,7,5,3,4,2,1,0],[19,18,16,15,17,13,14,12,11,10,8,9,6,7,5,3,4,2,1,0]],"farthest_pair":[[19,18,16,15,17,13,14,12,11,10,8,9,6,7,5,3,4,2,1,0],[18,19,16,15,17,13,14,12,10,11,8,9,6,7,5,3,4,2,1,0]],"tau_farthest_pair":0.9789473684,"tau_closest_pair":0.9894736842,"centroid_solution":[19,18,16,15,17,13,14,12,11,10,8,9,6,7,5,3,4,2,1,0]}