{"solutions":[[17,19,18,16,14,15,12,13,11,10,9,8,7,6,5,4,3,2,0,1],[17,19,18,16,14,15,12,13,11,10,9,8,6,7,5,4,3,2,0,1],[17,19,18,16,14,15,12,13,11,9,10,8,7,6,5,4,3,2,0,1],[17,19,18,16,14,15,12,13,11,9,10,8,6,7,5,4,3,2,0,1]],"obj":924.0,"max_tau_solutions":null,"centroid_x":[[0.0,1.0,0.0,0.0,0.0,0.0,0.0,0.0,0.0,0.0,0.0,0.0,0.0,0.0,0.0,0.0,0.0,0.0,0.0,0.0],[0.0,0.0,0.0,0.0,0.0,0.0,0.0,0.0,0.0,0.0,0.0,0.0,0.0,0.0,0.0,0.0,0.0,0.0,0.0,0.0],[1.0,1.0,0.0,0.0,0.0,0.0,0.0,0.0,0.0,0.0,0.0,0.0,0.0,0.0,0.0,0.0,0.0,0.0,0.0,0.0],[1.0,1.0,1.0,0.0,0.0,0.0,0.0,0.0,0.0,0.0,0.0,0.0,0.0,0.0,0.0,0.0,0.0,0.0,0.0,0.0],[1.0,1.0,1.0,1.0,0.0,0.0,0.0,0.0,0.0,0.0,0.0,0.0,0.0,0.0,0.0,0.0,0.0,0.0,0.0,0.0],[1.0,1.0,1.0,1.0,1.0,0.0,0.0,0.0,0.0,0.0,0.0,0.0,0.0,0.0,0.0,0.0,0.0,0.0,0.0,0.0],[1.0,1.0,1.0,1.0,1.0,1.0,0.0,0.3344474393,0.0,0.0,0.0,0.0,0.0,0.0,0.0,0.0,0.0,0.0,0.0,0.0],[1.0,1.0,1.0,1.0,1.0,1.0,0.6655525607,0.0,0.0,0.0,0.0,0.0,0.0,0.0,0.0,0.0,0.0,0.0,0.0,0.0],[1.0,1.0,1.0,1.0,1.0,1.0,1.0,1.0,0.0,0.0,0.0,0.0,0.0,0.0,0.0,0.0,0.0,0.0,0.0,0.0],[1.0,1.0,1.0,1.0,1.0,1.0,1.0,1.0,1.0,0.0,0.3364782196,0.0,0.0,0.0,0.0,0.0,0.0,0.0,0.0,0.0],[1.0,1.0,1.0,1.0,1.0,1.0,1.0,1.0,1.0,0.6635217804,0.0,0.0,0.0,0.0,0.0,0.0,0.0,0.0,0.0,0.0],[1.0,1.0,1.0,1.0,1.0,1.0,1.0,1.0,1.0,1.0,1.0,0.0,0.0,0.0,0.0,0.0,0.0,0.0,0.0,0.0],[1.0,1.0,1.0,1.0,1.0,1.0,1.0,1.0,1.0,1.0,1.0,1.0,0.0,1.0,0.0,0.0,0.0,0.0,0.0,0.0],[1.0,1.0,1.0,1.0,1.0,1.0,1.0,1.0,1.0,1.0,1.0,1.0,0.0,0.0,0.0,0.0,0.0,0.0,0.0,0.0],[1.0,1.0,1.0,1.0,1.0,1.0,1.0,1.0,1.0,1.0,1.0,1.0,1.0,1.0,0.0,1.0,0.0,0.0,0.0,0.0],[1.0,1.0,1.0,1.0,1.0,1.0,1.0,1.0,1.0,1.0,1.0,1.0,1.0,1.0,0.0,0.0,0.0,0.0,0.0,0.0],[1.0,1.0,1.0,1.0,1.0,1.0,1.0,1.0,1.0,1.0,1.0,1.0,1.0,1.0,1.0,1.0,0.0,0.0,0.0,0.0],[1.0,1.0,1.0,1.0,1.0,1.0,1.0,1.0,1.0,1.0,1.0,1.0,1.0,1.0,1.0,1.0,1.0,0.0,1.0,1.0],[1.0,1.0,1.0,1.0,1.0,1.0,1.0,1.0,1.0,1.0,1.0,1.0,1.0,1.0,1.0,1.0,1.0,0.0,0.0,0.0],[1.0,1.0,1.0,1.0,1.0,1.0,1.0,1.0,1.0,1.0,1.0,1.0,1.0,1.0,1.0,1.0,1.0,0.0,1.0,0.0]],"outlier_solution":[17,19,18,16,14,15,12,13,11,9,10,8,6,7,5,4,3,2,0,1],"dataset_id":642,"source_dataset_id":689,"options":null,"D":{"0":{"0":0,"1":0,"2":7,"3":9,"4":8,"5":9,"6":1,"7":5,"8":6,"9":7,"10":8,"11":8,"12":4,"13":2,"14":6,"15":4,"16":2,"17":8,"18":3,"19":4},"1":{"0":0,"1":0,"2":6,"3":9,"4":4,"5":3,"6":5,"7":7,"8":10,"9":10,"10":6,"11":7,"12":2,"13":7,"14":6,"15":10,"16":9,"17":5,"18":5,"19":5},"2":{"0":0,"1":2,"2":0,"3":3,"4":4,"5":7,"6":6,"7":5,"8":2,"9":1,"10":3,"11":3,"12":9,"13":3,"14":6,"15":5,"16":5,"17":5,"18":2,"19":8},"3":{"0":0,"1":0,"2":4,"3":0,"4":2,"5":5,"6":4,"7":4,"8":3,"9":5,"10":2,"11":6,"12":9,"13":6,"14":4,"15":4,"16":5,"17":7,"18":9,"19":6},"4":{"0":0,"1":0,"2":0,"3":3,"4":0,"5":1,"6":4,"7":4,"8":8,"9":6,"10":3,"11":9,"12":6,"13":3,"14":10,"15":2,"16":3,"17":7,"18":5,"19":4},"5":{"0":0,"1":0,"2":0,"3":0,"4":1,"5":0,"6":4,"7":2,"8":4,"9":6,"10":5,"11":3,"12":6,"13":5,"14":8,"15":5,"16":6,"17":7,"18":8,"19":4},"6":{"0":0,"1":0,"2":0,"3":0,"4":0,"5":3,"6":0,"7":0,"8":8,"9":8,"10":6,"11":2,"12":5,"13":5,"14":5,"15":4,"16":6,"17":6,"18":2,"19":4},"7":{"0":0,"1":0,"2":0,"3":0,"4":0,"5":0,"6":2,"7":0,"8":3,"9":8,"10":3,"11":7,"12":4,"13":2,"14":5,"15":5,"16":13,"17":5,"18":3,"19":5},"8":{"0":0,"1":0,"2":0,"3":0,"4":0,"5":0,"6":0,"7":2,"8":0,"9":2,"10":6,"11":3,"12":8,"13":6,"14":3,"15":9,"16":4,"17":10,"18":2,"19":5},"9":{"0":0,"1":0,"2":0,"3":0,"4":0,"5":0,"6":0,"7":0,"8":3,"9":0,"10":2,"11":6,"12":7,"13":6,"14":5,"15":4,"16":5,"17":5,"18":3,"19":4},"10":{"0":0,"1":0,"2":0,"3":0,"4":0,"5":0,"6":0,"7":0,"8":0,"9":4,"10":0,"11":0,"12":4,"13":9,"14":3,"15":3,"16":6,"17":7,"18":2,"19":10},"11":{"0":0,"1":0,"2":0,"3":0,"4":0,"5":0,"6":0,"7":0,"8":0,"9":0,"10":1,"11":0,"12":1,"13":5,"14":6,"15":4,"16":6,"17":7,"18":3,"19":3},"12":{"0":0,"1":0,"2":0,"3":0,"4":0,"5":0,"6":0,"7":0,"8":0,"9":0,"10":0,"11":1,"12":0,"13":3,"14":6,"15":6,"16":2,"17":12,"18":5,"19":5},"13":{"0":0,"1":0,"2":0,"3":0,"4":0,"5":0,"6":0,"7":0,"8":0,"9":0,"10":0,"11":0,"12":4,"13":0,"14":4,"15":4,"16":5,"17":6,"18":5,"19":6},"14":{"0":0,"1":0,"2":0,"3":0,"4":0,"5":0,"6":0,"7":0,"8":0,"9":0,"10":0,"11":0,"12":0,"13":1,"14":0,"15":0,"16":2,"17":4,"18":4,"19":4},"15":{"0":0,"1":0,"2":0,"3":0,"4":0,"5":0,"6":0,"7":0,"8":0,"9":0,"10":0,"11":0,"12":0,"13":0,"14":2,"15":0,"16":2,"17":6,"18":8,"19":6},"16":{"0":0,"1":0,"2":0,"3":0,"4":0,"5":0,"6":0,"7":0,"8":0,"9":0,"10":0,"11":0,"12":0,"13":0,"14":0,"15":5,"16":0,"17":1,"18":4,"19":4},"17":{"0":0,"1":0,"2":0,"3":0,"4":0,"5":0,"6":0,"7":0,"8":0,"9":0,"10":0,"11":0,"12":0,"13":0,"14":0,"15":0,"16":2,"17":0,"18":6,"19":3},"18":{"0":0,"1":0,"2":0,"3":0,"4":0,"5":0,"6":0,"7":0,"8":0,"9":0,"10":0,"11":0,"12":0,"13":0,"14":0,"15":0,"16":0,"17":3,"18":0,"19":3},"19":{"0":0,"1":0,"2":0,"3":0,"4":0,"5":0,"6":0,"7":0,"8":0,"9":0,"10":0,"11":0,"12":0,"13":0,"14":0,"15":0,"16":0,"17":0,"18":0,"19":0}},"method":"hillside","closest_pair":[[17,19,18,16,14,15,12,13,11,9,10,8,7,6,5,4,3,2,0,1],[17,19,18,16,14,15,12,13,11,10,9,8,7,6,5,4,3,2,0,1]],"farthest_pair":[[17,19,18,16,14,15,12,13,11,10,9,8,7,6,5,4,3,2,0,1],[17,19,18,16,14,15,12,13,11,9,10,8,6,7,5,4,3,2,0,1]],"tau_farthest_pair":0.9789473684,"tau_closest_pair":0.9894736842,"centroid_solution":[17,19,18,16,14,15,12,13,11,10,9,8,7,6,5,4,3,2,0,1]}