{"solutions":[[18,17,19,16,15,14,13,12,11,9,10,8,6,7,5,4,3,2,0,1],[18,17,19,16,15,14,13,12,11,9,10,8,7,6,5,4,3,2,0,1],[18,17,19,16,15,14,13,12,11,9,10,8,7,6,4,5,3,2,0,1],[18,17,19,16,15,14,13,12,11,9,10,8,6,7,4,5,3,2,0,1]],"obj":1008.0,"max_tau_solutions":null,"centroid_x":[[0.0,1.0,0.0,0.0,0.0,0.0,0.0,0.0,0.0,0.0,0.0,0.0,0.0,0.0,0.0,0.0,0.0,0.0,0.0,0.0],[0.0,0.0,0.0,0.0,0.0,0.0,0.0,0.0,0.0,0.0,0.0,0.0,0.0,0.0,0.0,0.0,0.0,0.0,0.0,0.0],[1.0,1.0,0.0,0.0,0.0,0.0,0.0,0.0,0.0,0.0,0.0,0.0,0.0,0.0,0.0,0.0,0.0,0.0,0.0,0.0],[1.0,1.0,1.0,0.0,0.0,0.0,0.0,0.0,0.0,0.0,0.0,0.0,0.0,0.0,0.0,0.0,0.0,0.0,0.0,0.0],[1.0,1.0,1.0,1.0,0.0,0.3332575073,0.0,0.0,0.0,0.0,0.0,0.0,0.0,0.0,0.0,0.0,0.0,0.0,0.0,0.0],[1.0,1.0,1.0,1.0,0.6667424927,0.0,0.0,0.0,0.0,0.0,0.0,0.0,0.0,0.0,0.0,0.0,0.0,0.0,0.0,0.0],[1.0,1.0,1.0,1.0,1.0,1.0,0.0,0.332845402,0.0,0.0,0.0,0.0,0.0,0.0,0.0,0.0,0.0,0.0,0.0,0.0],[1.0,1.0,1.0,1.0,1.0,1.0,0.667154598,0.0,0.0,0.0,0.0,0.0,0.0,0.0,0.0,0.0,0.0,0.0,0.0,0.0],[1.0,1.0,1.0,1.0,1.0,1.0,1.0,1.0,0.0,0.0,0.0,0.0,0.0,0.0,0.0,0.0,0.0,0.0,0.0,0.0],[1.0,1.0,1.0,1.0,1.0,1.0,1.0,1.0,1.0,0.0,1.0,0.0,0.0,0.0,0.0,0.0,0.0,0.0,0.0,0.0],[1.0,1.0,1.0,1.0,1.0,1.0,1.0,1.0,1.0,0.0,0.0,0.0,0.0,0.0,0.0,0.0,0.0,0.0,0.0,0.0],[1.0,1.0,1.0,1.0,1.0,1.0,1.0,1.0,1.0,1.0,1.0,0.0,0.0,0.0,0.0,0.0,0.0,0.0,0.0,0.0],[1.0,1.0,1.0,1.0,1.0,1.0,1.0,1.0,1.0,1.0,1.0,1.0,0.0,0.0,0.0,0.0,0.0,0.0,0.0,0.0],[1.0,1.0,1.0,1.0,1.0,1.0,1.0,1.0,1.0,1.0,1.0,1.0,1.0,0.0,0.0,0.0,0.0,0.0,0.0,0.0],[1.0,1.0,1.0,1.0,1.0,1.0,1.0,1.0,1.0,1.0,1.0,1.0,1.0,1.0,0.0,0.0,0.0,0.0,0.0,0.0],[1.0,1.0,1.0,1.0,1.0,1.0,1.0,1.0,1.0,1.0,1.0,1.0,1.0,1.0,1.0,0.0,0.0,0.0,0.0,0.0],[1.0,1.0,1.0,1.0,1.0,1.0,1.0,1.0,1.0,1.0,1.0,1.0,1.0,1.0,1.0,1.0,0.0,0.0,0.0,0.0],[1.0,1.0,1.0,1.0,1.0,1.0,1.0,1.0,1.0,1.0,1.0,1.0,1.0,1.0,1.0,1.0,1.0,0.0,0.0,1.0],[1.0,1.0,1.0,1.0,1.0,1.0,1.0,1.0,1.0,1.0,1.0,1.0,1.0,1.0,1.0,1.0,1.0,1.0,0.0,1.0],[1.0,1.0,1.0,1.0,1.0,1.0,1.0,1.0,1.0,1.0,1.0,1.0,1.0,1.0,1.0,1.0,1.0,0.0,0.0,0.0]],"outlier_solution":[18,17,19,16,15,14,13,12,11,9,10,8,6,7,4,5,3,2,0,1],"dataset_id":643,"source_dataset_id":690,"options":null,"D":{"0":{"0":0,"1":1,"2":3,"3":4,"4":4,"5":1,"6":3,"7":5,"8":6,"9":3,"10":5,"11":5,"12":7,"13":2,"14":7,"15":10,"16":8,"17":6,"18":6,"19":3},"1":{"0":2,"1":0,"2":2,"3":6,"4":8,"5":10,"6":4,"7":7,"8":8,"9":7,"10":1,"11":9,"12":5,"13":6,"14":3,"15":2,"16":4,"17":3,"18":5,"19":11},"2":{"0":0,"1":1,"2":0,"3":3,"4":3,"5":8,"6":3,"7":4,"8":4,"9":9,"10":4,"11":12,"12":4,"13":6,"14":6,"15":5,"16":5,"17":3,"18":6,"19":6},"3":{"0":0,"1":0,"2":0,"3":0,"4":3,"5":6,"6":4,"7":4,"8":11,"9":6,"10":5,"11":4,"12":10,"13":4,"14":3,"15":6,"16":9,"17":6,"18":6,"19":1},"4":{"0":0,"1":0,"2":0,"3":2,"4":0,"5":4,"6":4,"7":3,"8":5,"9":9,"10":6,"11":3,"12":3,"13":2,"14":5,"15":3,"16":1,"17":6,"18":5,"19":6},"5":{"0":0,"1":0,"2":0,"3":0,"4":2,"5":0,"6":4,"7":2,"8":6,"9":8,"10":7,"11":8,"12":6,"13":4,"14":7,"15":11,"16":3,"17":5,"18":5,"19":2},"6":{"0":0,"1":0,"2":0,"3":0,"4":0,"5":3,"6":0,"7":3,"8":3,"9":9,"10":4,"11":6,"12":5,"13":2,"14":3,"15":5,"16":10,"17":4,"18":6,"19":2},"7":{"0":0,"1":0,"2":0,"3":0,"4":0,"5":0,"6":2,"7":0,"8":6,"9":5,"10":11,"11":6,"12":4,"13":3,"14":4,"15":6,"16":5,"17":7,"18":3,"19":4},"8":{"0":0,"1":0,"2":0,"3":0,"4":0,"5":0,"6":0,"7":1,"8":0,"9":3,"10":3,"11":6,"12":7,"13":6,"14":5,"15":5,"16":11,"17":7,"18":2,"19":1},"9":{"0":0,"1":0,"2":0,"3":0,"4":0,"5":0,"6":0,"7":0,"8":3,"9":0,"10":4,"11":4,"12":2,"13":6,"14":8,"15":4,"16":7,"17":10,"18":3,"19":3},"10":{"0":0,"1":0,"2":0,"3":0,"4":0,"5":0,"6":0,"7":0,"8":0,"9":4,"10":0,"11":2,"12":5,"13":6,"14":7,"15":10,"16":3,"17":1,"18":4,"19":5},"11":{"0":0,"1":0,"2":0,"3":0,"4":0,"5":0,"6":0,"7":0,"8":0,"9":0,"10":3,"11":0,"12":4,"13":10,"14":4,"15":10,"16":3,"17":2,"18":8,"19":4},"12":{"0":0,"1":0,"2":0,"3":0,"4":0,"5":0,"6":0,"7":0,"8":0,"9":0,"10":0,"11":3,"12":0,"13":1,"14":8,"15":2,"16":2,"17":7,"18":6,"19":5},"13":{"0":0,"1":0,"2":0,"3":0,"4":0,"5":0,"6":0,"7":0,"8":0,"9":0,"10":0,"11":0,"12":2,"13":0,"14":0,"15":5,"16":7,"17":5,"18":5,"19":2},"14":{"0":0,"1":0,"2":0,"3":0,"4":0,"5":0,"6":0,"7":0,"8":0,"9":0,"10":0,"11":0,"12":0,"13":5,"14":0,"15":4,"16":1,"17":5,"18":4,"19":4},"15":{"0":0,"1":0,"2":0,"3":0,"4":0,"5":0,"6":0,"7":0,"8":0,"9":0,"10":0,"11":0,"12":0,"13":0,"14":1,"15":0,"16":2,"17":6,"18":10,"19":3},"16":{"0":0,"1":0,"2":0,"3":0,"4":0,"5":0,"6":0,"7":0,"8":0,"9":0,"10":0,"11":0,"12":0,"13":0,"14":0,"15":2,"16":0,"17":2,"18":9,"19":7},"17":{"0":0,"1":0,"2":0,"3":0,"4":0,"5":0,"6":0,"7":0,"8":0,"9":0,"10":0,"11":0,"12":0,"13":0,"14":0,"15":0,"16":2,"17":0,"18":3,"19":6},"18":{"0":0,"1":0,"2":0,"3":0,"4":0,"5":0,"6":0,"7":0,"8":0,"9":0,"10":0,"11":0,"12":0,"13":0,"14":0,"15":0,"16":0,"17":2,"18":0,"19":4},"19":{"0":0,"1":0,"2":0,"3":0,"4":0,"5":0,"6":0,"7":0,"8":0,"9":0,"10":0,"11":0,"12":0,"13":0,"14":0,"15":0,"16":0,"17":0,"18":2,"19":0}},"method":"hillside","closest_pair":[[18,17,19,16,15,14,13,12,11,9,10,8,6,7,5,4,3,2,0,1],[18,17,19,16,15,14,13,12,11,9,10,8,7,6,5,4,3,2,0,1]],"farthest_pair":[[18,17,19,16,15,14,13,12,11,9,10,8,7,6,5,4,3,2,0,1],[18,17,19,16,15,14,13,12,11,9,10,8,6,7,4,5,3,2,0,1]],"tau_farthest_pair":0.9789473684,"tau_closest_pair":0.9894736842,"centroid_solution":[18,17,19,16,15,14,13,12,11,9,10,8,7,6,5,4,3,2,0,1]}