{"solutions":[[18,19,16,17,14,15,13,12,10,11,8,9,5,7,6,4,3,2,0,1],[18,19,16,17,14,15,13,12,11,10,8,9,7,5,6,4,3,2,0,1],[18,19,16,17,14,15,13,12,10,11,8,9,7,5,6,4,3,2,1,0],[18,19,16,17,14,15,13,12,10,11,8,9,5,7,6,4,3,2,1,0],[18,19,16,17,14,15,13,12,11,10,8,9,5,7,6,4,3,2,1,0],[18,19,16,17,14,15,13,12,10,11,8,9,7,5,6,4,3,2,0,1],[18,19,16,17,14,15,13,12,11,10,8,9,7,5,6,4,3,2,1,0],[18,19,16,17,14,15,13,12,11,10,8,9,5,7,6,4,3,2,0,1]],"obj":940.0,"max_tau_solutions":null,"centroid_x":[[0.0,0.3385332031,0.0,0.0,0.0,0.0,0.0,0.0,0.0,0.0,0.0,0.0,0.0,0.0,0.0,0.0,0.0,0.0,0.0,0.0],[0.6614667969,0.0,0.0,0.0,0.0,0.0,0.0,0.0,0.0,0.0,0.0,0.0,0.0,0.0,0.0,0.0,0.0,0.0,0.0,0.0],[1.0,1.0,0.0,0.0,0.0,0.0,0.0,0.0,0.0,0.0,0.0,0.0,0.0,0.0,0.0,0.0,0.0,0.0,0.0,0.0],[1.0,1.0,1.0,0.0,0.0,0.0,0.0,0.0,0.0,0.0,0.0,0.0,0.0,0.0,0.0,0.0,0.0,0.0,0.0,0.0],[1.0,1.0,1.0,1.0,0.0,0.0,0.0,0.0,0.0,0.0,0.0,0.0,0.0,0.0,0.0,0.0,0.0,0.0,0.0,0.0],[1.0,1.0,1.0,1.0,1.0,0.0,1.0,0.3462206878,0.0,0.0,0.0,0.0,0.0,0.0,0.0,0.0,0.0,0.0,0.0,0.0],[1.0,1.0,1.0,1.0,1.0,0.0,0.0,0.0,0.0,0.0,0.0,0.0,0.0,0.0,0.0,0.0,0.0,0.0,0.0,0.0],[1.0,1.0,1.0,1.0,1.0,0.6537793122,1.0,0.0,0.0,0.0,0.0,0.0,0.0,0.0,0.0,0.0,0.0,0.0,0.0,0.0],[1.0,1.0,1.0,1.0,1.0,1.0,1.0,1.0,0.0,1.0,0.0,0.0,0.0,0.0,0.0,0.0,0.0,0.0,0.0,0.0],[1.0,1.0,1.0,1.0,1.0,1.0,1.0,1.0,0.0,0.0,0.0,0.0,0.0,0.0,0.0,0.0,0.0,0.0,0.0,0.0],[1.0,1.0,1.0,1.0,1.0,1.0,1.0,1.0,1.0,1.0,0.0,0.3350090668,0.0,0.0,0.0,0.0,0.0,0.0,0.0,0.0],[1.0,1.0,1.0,1.0,1.0,1.0,1.0,1.0,1.0,1.0,0.6649909332,0.0,0.0,0.0,0.0,0.0,0.0,0.0,0.0,0.0],[1.0,1.0,1.0,1.0,1.0,1.0,1.0,1.0,1.0,1.0,1.0,1.0,0.0,0.0,0.0,0.0,0.0,0.0,0.0,0.0],[1.0,1.0,1.0,1.0,1.0,1.0,1.0,1.0,1.0,1.0,1.0,1.0,1.0,0.0,0.0,0.0,0.0,0.0,0.0,0.0],[1.0,1.0,1.0,1.0,1.0,1.0,1.0,1.0,1.0,1.0,1.0,1.0,1.0,1.0,0.0,1.0,0.0,0.0,0.0,0.0],[1.0,1.0,1.0,1.0,1.0,1.0,1.0,1.0,1.0,1.0,1.0,1.0,1.0,1.0,0.0,0.0,0.0,0.0,0.0,0.0],[1.0,1.0,1.0,1.0,1.0,1.0,1.0,1.0,1.0,1.0,1.0,1.0,1.0,1.0,1.0,1.0,0.0,1.0,0.0,0.0],[1.0,1.0,1.0,1.0,1.0,1.0,1.0,1.0,1.0,1.0,1.0,1.0,1.0,1.0,1.0,1.0,0.0,0.0,0.0,0.0],[1.0,1.0,1.0,1.0,1.0,1.0,1.0,1.0,1.0,1.0,1.0,1.0,1.0,1.0,1.0,1.0,1.0,1.0,0.0,1.0],[1.0,1.0,1.0,1.0,1.0,1.0,1.0,1.0,1.0,1.0,1.0,1.0,1.0,1.0,1.0,1.0,1.0,1.0,0.0,0.0]],"outlier_solution":[18,19,16,17,14,15,13,12,10,11,8,9,5,7,6,4,3,2,0,1],"dataset_id":647,"source_dataset_id":694,"options":null,"D":{"0":{"0":0,"1":0,"2":2,"3":4,"4":6,"5":4,"6":5,"7":2,"8":6,"9":2,"10":4,"11":3,"12":8,"13":12,"14":6,"15":2,"16":6,"17":5,"18":5,"19":9},"1":{"0":1,"1":0,"2":2,"3":3,"4":6,"5":5,"6":3,"7":6,"8":3,"9":10,"10":3,"11":6,"12":4,"13":3,"14":5,"15":4,"16":7,"17":5,"18":7,"19":6},"2":{"0":0,"1":2,"2":0,"3":3,"4":5,"5":6,"6":5,"7":2,"8":9,"9":3,"10":3,"11":4,"12":8,"13":6,"14":7,"15":5,"16":4,"17":3,"18":9,"19":3},"3":{"0":0,"1":0,"2":3,"3":0,"4":4,"5":7,"6":5,"7":2,"8":5,"9":10,"10":7,"11":4,"12":7,"13":5,"14":2,"15":7,"16":3,"17":7,"18":4,"19":7},"4":{"0":0,"1":0,"2":0,"3":1,"4":0,"5":4,"6":6,"7":3,"8":6,"9":6,"10":6,"11":8,"12":8,"13":4,"14":3,"15":7,"16":7,"17":4,"18":11,"19":9},"5":{"0":0,"1":0,"2":0,"3":0,"4":1,"5":0,"6":0,"7":4,"8":7,"9":4,"10":9,"11":5,"12":6,"13":5,"14":2,"15":6,"16":4,"17":3,"18":4,"19":7},"6":{"0":0,"1":0,"2":0,"3":0,"4":0,"5":4,"6":0,"7":3,"8":0,"9":6,"10":8,"11":6,"12":3,"13":3,"14":7,"15":2,"16":7,"17":5,"18":5,"19":2},"7":{"0":0,"1":0,"2":0,"3":0,"4":0,"5":0,"6":0,"7":0,"8":2,"9":7,"10":5,"11":5,"12":3,"13":6,"14":6,"15":3,"16":7,"17":5,"18":4,"19":6},"8":{"0":0,"1":0,"2":0,"3":0,"4":0,"5":0,"6":0,"7":4,"8":0,"9":4,"10":1,"11":5,"12":6,"13":2,"14":6,"15":2,"16":3,"17":6,"18":8,"19":5},"9":{"0":0,"1":0,"2":0,"3":0,"4":0,"5":0,"6":0,"7":0,"8":3,"9":0,"10":2,"11":7,"12":9,"13":5,"14":7,"15":6,"16":4,"17":5,"18":11,"19":6},"10":{"0":0,"1":0,"2":0,"3":0,"4":0,"5":0,"6":0,"7":0,"8":0,"9":7,"10":0,"11":4,"12":5,"13":3,"14":6,"15":8,"16":10,"17":2,"18":1,"19":1},"11":{"0":0,"1":0,"2":0,"3":0,"4":0,"5":0,"6":0,"7":0,"8":0,"9":0,"10":3,"11":0,"12":3,"13":3,"14":7,"15":9,"16":8,"17":9,"18":4,"19":8},"12":{"0":0,"1":0,"2":0,"3":0,"4":0,"5":0,"6":0,"7":0,"8":0,"9":0,"10":0,"11":7,"12":0,"13":4,"14":7,"15":5,"16":9,"17":7,"18":6,"19":5},"13":{"0":0,"1":0,"2":0,"3":0,"4":0,"5":0,"6":0,"7":0,"8":0,"9":0,"10":0,"11":0,"12":3,"13":0,"14":0,"15":5,"16":4,"17":2,"18":3,"19":3},"14":{"0":0,"1":0,"2":0,"3":0,"4":0,"5":0,"6":0,"7":0,"8":0,"9":0,"10":0,"11":0,"12":0,"13":2,"14":0,"15":4,"16":4,"17":2,"18":5,"19":4},"15":{"0":0,"1":0,"2":0,"3":0,"4":0,"5":0,"6":0,"7":0,"8":0,"9":0,"10":0,"11":0,"12":0,"13":0,"14":1,"15":0,"16":2,"17":4,"18":12,"19":5},"16":{"0":0,"1":0,"2":0,"3":0,"4":0,"5":0,"6":0,"7":0,"8":0,"9":0,"10":0,"11":0,"12":0,"13":0,"14":0,"15":4,"16":0,"17":2,"18":5,"19":8},"17":{"0":0,"1":0,"2":0,"3":0,"4":0,"5":0,"6":0,"7":0,"8":0,"9":0,"10":0,"11":0,"12":0,"13":0,"14":0,"15":0,"16":2,"17":0,"18":1,"19":5},"18":{"0":0,"1":0,"2":0,"3":0,"4":0,"5":0,"6":0,"7":0,"8":0,"9":0,"10":0,"11":0,"12":0,"13":0,"14":0,"15":0,"16":0,"17":0,"18":0,"19":2},"19":{"0":0,"1":0,"2":0,"3":0,"4":0,"5":0,"6":0,"7":0,"8":0,"9":0,"10":0,"11":0,"12":0,"13":0,"14":0,"15":0,"16":0,"17":0,"18":2,"19":0}},"method":"hillside","closest_pair":[[18,19,16,17,14,15,13,12,10,11,8,9,7,5,6,4,3,2,1,0],[18,19,16,17,14,15,13,12,11,10,8,9,7,5,6,4,3,2,1,0]],"farthest_pair":[[18,19,16,17,14,15,13,12,11,10,8,9,7,5,6,4,3,2,1,0],[18,19,16,17,14,15,13,12,10,11,8,9,5,7,6,4,3,2,0,1]],"tau_farthest_pair":0.9684210526,"tau_closest_pair":0.9894736842,"centroid_solution":[18,19,16,17,14,15,13,12,11,10,8,9,7,5,6,4,3,2,1,0]}