{"solutions":[[19,17,18,16,14,15,13,12,10,11,8,9,7,6,5,4,3,2,0,1],[19,17,18,16,14,15,13,12,10,11,8,9,7,6,5,4,3,0,2,1],[19,17,18,16,15,14,13,12,10,11,8,9,7,6,5,4,3,0,2,1],[19,17,18,16,15,14,13,12,10,11,8,9,7,6,5,4,3,2,0,1]],"obj":912.0,"max_tau_solutions":null,"centroid_x":[[0.0,1.0,0.3720167246,0.0,0.0,0.0,0.0,0.0,0.0,0.0,0.0,0.0,0.0,0.0,0.0,0.0,0.0,0.0,0.0,0.0],[0.0,0.0,0.0,0.0,0.0,0.0,0.0,0.0,0.0,0.0,0.0,0.0,0.0,0.0,0.0,0.0,0.0,0.0,0.0,0.0],[0.6279832754,1.0,0.0,0.0,0.0,0.0,0.0,0.0,0.0,0.0,0.0,0.0,0.0,0.0,0.0,0.0,0.0,0.0,0.0,0.0],[1.0,1.0,1.0,0.0,0.0,0.0,0.0,0.0,0.0,0.0,0.0,0.0,0.0,0.0,0.0,0.0,0.0,0.0,0.0,0.0],[1.0,1.0,1.0,1.0,0.0,0.0,0.0,0.0,0.0,0.0,0.0,0.0,0.0,0.0,0.0,0.0,0.0,0.0,0.0,0.0],[1.0,1.0,1.0,1.0,1.0,0.0,0.0,0.0,0.0,0.0,0.0,0.0,0.0,0.0,0.0,0.0,0.0,0.0,0.0,0.0],[1.0,1.0,1.0,1.0,1.0,1.0,0.0,0.0,0.0,0.0,0.0,0.0,0.0,0.0,0.0,0.0,0.0,0.0,0.0,0.0],[1.0,1.0,1.0,1.0,1.0,1.0,1.0,0.0,0.0,0.0,0.0,0.0,0.0,0.0,0.0,0.0,0.0,0.0,0.0,0.0],[1.0,1.0,1.0,1.0,1.0,1.0,1.0,1.0,0.0,1.0,0.0,0.0,0.0,0.0,0.0,0.0,0.0,0.0,0.0,0.0],[1.0,1.0,1.0,1.0,1.0,1.0,1.0,1.0,0.0,0.0,0.0,0.0,0.0,0.0,0.0,0.0,0.0,0.0,0.0,0.0],[1.0,1.0,1.0,1.0,1.0,1.0,1.0,1.0,1.0,1.0,0.0,1.0,0.0,0.0,0.0,0.0,0.0,0.0,0.0,0.0],[1.0,1.0,1.0,1.0,1.0,1.0,1.0,1.0,1.0,1.0,0.0,0.0,0.0,0.0,0.0,0.0,0.0,0.0,0.0,0.0],[1.0,1.0,1.0,1.0,1.0,1.0,1.0,1.0,1.0,1.0,1.0,1.0,0.0,0.0,0.0,0.0,0.0,0.0,0.0,0.0],[1.0,1.0,1.0,1.0,1.0,1.0,1.0,1.0,1.0,1.0,1.0,1.0,1.0,0.0,0.0,0.0,0.0,0.0,0.0,0.0],[1.0,1.0,1.0,1.0,1.0,1.0,1.0,1.0,1.0,1.0,1.0,1.0,1.0,1.0,0.0,0.3378576606,0.0,0.0,0.0,0.0],[1.0,1.0,1.0,1.0,1.0,1.0,1.0,1.0,1.0,1.0,1.0,1.0,1.0,1.0,0.6621423394,0.0,0.0,0.0,0.0,0.0],[1.0,1.0,1.0,1.0,1.0,1.0,1.0,1.0,1.0,1.0,1.0,1.0,1.0,1.0,1.0,1.0,0.0,0.0,0.0,0.0],[1.0,1.0,1.0,1.0,1.0,1.0,1.0,1.0,1.0,1.0,1.0,1.0,1.0,1.0,1.0,1.0,1.0,0.0,1.0,0.0],[1.0,1.0,1.0,1.0,1.0,1.0,1.0,1.0,1.0,1.0,1.0,1.0,1.0,1.0,1.0,1.0,1.0,0.0,0.0,0.0],[1.0,1.0,1.0,1.0,1.0,1.0,1.0,1.0,1.0,1.0,1.0,1.0,1.0,1.0,1.0,1.0,1.0,1.0,1.0,0.0]],"outlier_solution":[19,17,18,16,14,15,13,12,10,11,8,9,7,6,5,4,3,0,2,1],"dataset_id":648,"source_dataset_id":695,"options":null,"D":{"0":{"0":0,"1":2,"2":8,"3":5,"4":6,"5":8,"6":3,"7":1,"8":6,"9":2,"10":6,"11":5,"12":6,"13":7,"14":5,"15":5,"16":2,"17":7,"18":6,"19":6},"1":{"0":1,"1":0,"2":1,"3":3,"4":5,"5":10,"6":9,"7":4,"8":6,"9":5,"10":6,"11":4,"12":6,"13":5,"14":8,"15":3,"16":5,"17":8,"18":4,"19":8},"2":{"0":0,"1":0,"2":0,"3":7,"4":6,"5":3,"6":6,"7":8,"8":7,"9":3,"10":6,"11":3,"12":7,"13":7,"14":7,"15":5,"16":5,"17":5,"18":6,"19":4},"3":{"0":0,"1":0,"2":2,"3":0,"4":1,"5":4,"6":3,"7":4,"8":5,"9":3,"10":5,"11":4,"12":2,"13":8,"14":4,"15":3,"16":8,"17":5,"18":8,"19":7},"4":{"0":0,"1":0,"2":0,"3":5,"4":0,"5":1,"6":4,"7":5,"8":8,"9":4,"10":4,"11":4,"12":9,"13":9,"14":2,"15":3,"16":2,"17":3,"18":6,"19":3},"5":{"0":0,"1":0,"2":0,"3":0,"4":0,"5":0,"6":3,"7":5,"8":5,"9":7,"10":3,"11":7,"12":6,"13":3,"14":5,"15":7,"16":5,"17":9,"18":4,"19":10},"6":{"0":0,"1":0,"2":0,"3":0,"4":0,"5":0,"6":0,"7":1,"8":4,"9":1,"10":8,"11":4,"12":4,"13":6,"14":4,"15":6,"16":8,"17":6,"18":3,"19":3},"7":{"0":0,"1":0,"2":0,"3":0,"4":0,"5":0,"6":5,"7":0,"8":2,"9":8,"10":6,"11":10,"12":6,"13":4,"14":2,"15":4,"16":7,"17":4,"18":9,"19":6},"8":{"0":0,"1":0,"2":0,"3":0,"4":0,"5":0,"6":0,"7":4,"8":0,"9":2,"10":4,"11":7,"12":1,"13":8,"14":6,"15":2,"16":6,"17":6,"18":4,"19":8},"9":{"0":0,"1":0,"2":0,"3":0,"4":0,"5":0,"6":0,"7":0,"8":3,"9":0,"10":2,"11":5,"12":8,"13":1,"14":4,"15":1,"16":10,"17":10,"18":8,"19":5},"10":{"0":0,"1":0,"2":0,"3":0,"4":0,"5":0,"6":0,"7":0,"8":0,"9":0,"10":0,"11":2,"12":3,"13":6,"14":4,"15":4,"16":9,"17":6,"18":4,"19":4},"11":{"0":0,"1":0,"2":0,"3":0,"4":0,"5":0,"6":0,"7":0,"8":0,"9":0,"10":0,"11":0,"12":3,"13":7,"14":8,"15":6,"16":6,"17":10,"18":3,"19":6},"12":{"0":0,"1":0,"2":0,"3":0,"4":0,"5":0,"6":0,"7":0,"8":0,"9":0,"10":0,"11":1,"12":0,"13":3,"14":2,"15":6,"16":3,"17":6,"18":3,"19":7},"13":{"0":0,"1":0,"2":0,"3":0,"4":0,"5":0,"6":0,"7":0,"8":0,"9":0,"10":0,"11":0,"12":2,"13":0,"14":6,"15":8,"16":6,"17":6,"18":4,"19":6},"14":{"0":0,"1":0,"2":0,"3":0,"4":0,"5":0,"6":0,"7":0,"8":0,"9":0,"10":0,"11":0,"12":0,"13":1,"14":0,"15":4,"16":6,"17":4,"18":2,"19":5},"15":{"0":0,"1":0,"2":0,"3":0,"4":0,"5":0,"6":0,"7":0,"8":0,"9":0,"10":0,"11":0,"12":0,"13":0,"14":4,"15":0,"16":1,"17":5,"18":4,"19":6},"16":{"0":0,"1":0,"2":0,"3":0,"4":0,"5":0,"6":0,"7":0,"8":0,"9":0,"10":0,"11":0,"12":0,"13":0,"14":0,"15":3,"16":0,"17":3,"18":5,"19":6},"17":{"0":0,"1":0,"2":0,"3":0,"4":0,"5":0,"6":0,"7":0,"8":0,"9":0,"10":0,"11":0,"12":0,"13":0,"14":0,"15":0,"16":1,"17":0,"18":1,"19":3},"18":{"0":0,"1":0,"2":0,"3":0,"4":0,"5":0,"6":0,"7":0,"8":0,"9":0,"10":0,"11":0,"12":0,"13":0,"14":0,"15":0,"16":0,"17":2,"18":0,"19":5},"19":{"0":0,"1":0,"2":0,"3":0,"4":0,"5":0,"6":0,"7":0,"8":0,"9":0,"10":0,"11":0,"12":0,"13":0,"14":0,"15":0,"16":0,"17":0,"18":4,"19":0}},"method":"hillside","closest_pair":[[19,17,18,16,14,15,13,12,10,11,8,9,7,6,5,4,3,2,0,1],[19,17,18,16,15,14,13,12,10,11,8,9,7,6,5,4,3,2,0,1]],"farthest_pair":[[19,17,18,16,15,14,13,12,10,11,8,9,7,6,5,4,3,2,0,1],[19,17,18,16,14,15,13,12,10,11,8,9,7,6,5,4,3,0,2,1]],"tau_farthest_pair":0.9789473684,"tau_closest_pair":0.9894736842,"centroid_solution":[19,17,18,16,15,14,13,12,10,11,8,9,7,6,5,4,3,2,0,1]}