{"solutions":[[0,1,3,2,4,5,6,7,8,10,9,11,12,13,15,14,17,16,19,18],[0,1,4,3,2,5,6,7,8,10,9,11,13,12,15,14,17,16,19,18],[0,1,4,3,2,5,6,7,8,10,9,11,12,13,15,14,17,16,19,18],[0,1,3,2,4,5,6,7,8,10,9,11,13,12,15,14,17,16,19,18]],"obj":1001.0,"max_tau_solutions":null,"centroid_x":[[0.0,1.0,1.0,1.0,1.0,1.0,1.0,1.0,1.0,1.0,1.0,1.0,1.0,1.0,1.0,1.0,1.0,1.0,1.0,1.0],[0.0,0.0,1.0,1.0,1.0,1.0,1.0,1.0,1.0,1.0,1.0,1.0,1.0,1.0,1.0,1.0,1.0,1.0,1.0,1.0],[0.0,0.0,0.0,0.0,0.4918825461,1.0,1.0,1.0,1.0,1.0,1.0,1.0,1.0,1.0,1.0,1.0,1.0,1.0,1.0,1.0],[0.0,0.0,1.0,0.0,0.4918825461,1.0,1.0,1.0,1.0,1.0,1.0,1.0,1.0,1.0,1.0,1.0,1.0,1.0,1.0,1.0],[0.0,0.0,0.5081174539,0.5081174539,0.0,1.0,1.0,1.0,1.0,1.0,1.0,1.0,1.0,1.0,1.0,1.0,1.0,1.0,1.0,1.0],[0.0,0.0,0.0,0.0,0.0,0.0,1.0,1.0,1.0,1.0,1.0,1.0,1.0,1.0,1.0,1.0,1.0,1.0,1.0,1.0],[0.0,0.0,0.0,0.0,0.0,0.0,0.0,1.0,1.0,1.0,1.0,1.0,1.0,1.0,1.0,1.0,1.0,1.0,1.0,1.0],[0.0,0.0,0.0,0.0,0.0,0.0,0.0,0.0,1.0,1.0,1.0,1.0,1.0,1.0,1.0,1.0,1.0,1.0,1.0,1.0],[0.0,0.0,0.0,0.0,0.0,0.0,0.0,0.0,0.0,1.0,1.0,1.0,1.0,1.0,1.0,1.0,1.0,1.0,1.0,1.0],[0.0,0.0,0.0,0.0,0.0,0.0,0.0,0.0,0.0,0.0,0.0,1.0,1.0,1.0,1.0,1.0,1.0,1.0,1.0,1.0],[0.0,0.0,0.0,0.0,0.0,0.0,0.0,0.0,0.0,1.0,0.0,1.0,1.0,1.0,1.0,1.0,1.0,1.0,1.0,1.0],[0.0,0.0,0.0,0.0,0.0,0.0,0.0,0.0,0.0,0.0,0.0,0.0,1.0,1.0,1.0,1.0,1.0,1.0,1.0,1.0],[0.0,0.0,0.0,0.0,0.0,0.0,0.0,0.0,0.0,0.0,0.0,0.0,0.0,0.5112447766,1.0,1.0,1.0,1.0,1.0,1.0],[0.0,0.0,0.0,0.0,0.0,0.0,0.0,0.0,0.0,0.0,0.0,0.0,0.4887552234,0.0,1.0,1.0,1.0,1.0,1.0,1.0],[0.0,0.0,0.0,0.0,0.0,0.0,0.0,0.0,0.0,0.0,0.0,0.0,0.0,0.0,0.0,0.0,1.0,1.0,1.0,1.0],[0.0,0.0,0.0,0.0,0.0,0.0,0.0,0.0,0.0,0.0,0.0,0.0,0.0,0.0,1.0,0.0,1.0,1.0,1.0,1.0],[0.0,0.0,0.0,0.0,0.0,0.0,0.0,0.0,0.0,0.0,0.0,0.0,0.0,0.0,0.0,0.0,0.0,0.0,1.0,1.0],[0.0,0.0,0.0,0.0,0.0,0.0,0.0,0.0,0.0,0.0,0.0,0.0,0.0,0.0,0.0,0.0,1.0,0.0,1.0,1.0],[0.0,0.0,0.0,0.0,0.0,0.0,0.0,0.0,0.0,0.0,0.0,0.0,0.0,0.0,0.0,0.0,0.0,0.0,0.0,0.0],[0.0,0.0,0.0,0.0,0.0,0.0,0.0,0.0,0.0,0.0,0.0,0.0,0.0,0.0,0.0,0.0,0.0,0.0,1.0,0.0]],"outlier_solution":[0,1,3,2,4,5,6,7,8,10,9,11,13,12,15,14,17,16,19,18],"dataset_id":650,"source_dataset_id":697,"options":null,"D":{"0":{"0":0,"1":1,"2":0,"3":0,"4":0,"5":0,"6":0,"7":0,"8":0,"9":0,"10":0,"11":0,"12":0,"13":0,"14":0,"15":0,"16":0,"17":0,"18":0,"19":0},"1":{"0":3,"1":0,"2":1,"3":0,"4":0,"5":0,"6":0,"7":0,"8":0,"9":0,"10":0,"11":0,"12":0,"13":0,"14":0,"15":0,"16":0,"17":0,"18":0,"19":0},"2":{"0":6,"1":4,"2":0,"3":4,"4":0,"5":0,"6":0,"7":0,"8":0,"9":0,"10":0,"11":0,"12":0,"13":0,"14":0,"15":0,"16":0,"17":0,"18":0,"19":0},"3":{"0":0,"1":3,"2":3,"3":0,"4":5,"5":0,"6":0,"7":0,"8":0,"9":0,"10":0,"11":0,"12":0,"13":0,"14":0,"15":0,"16":0,"17":0,"18":0,"19":0},"4":{"0":10,"1":6,"2":2,"3":4,"4":0,"5":1,"6":0,"7":0,"8":0,"9":0,"10":0,"11":0,"12":0,"13":0,"14":0,"15":0,"16":0,"17":0,"18":0,"19":0},"5":{"0":6,"1":9,"2":3,"3":5,"4":5,"5":0,"6":3,"7":0,"8":0,"9":0,"10":0,"11":0,"12":0,"13":0,"14":0,"15":0,"16":0,"17":0,"18":0,"19":0},"6":{"0":4,"1":4,"2":4,"3":5,"4":8,"5":2,"6":0,"7":3,"8":0,"9":0,"10":0,"11":0,"12":0,"13":0,"14":0,"15":0,"16":0,"17":0,"18":0,"19":0},"7":{"0":10,"1":1,"2":10,"3":2,"4":5,"5":6,"6":1,"7":0,"8":5,"9":0,"10":0,"11":0,"12":0,"13":0,"14":0,"15":0,"16":0,"17":0,"18":0,"19":0},"8":{"0":4,"1":8,"2":3,"3":4,"4":10,"5":3,"6":5,"7":3,"8":0,"9":1,"10":0,"11":0,"12":0,"13":0,"14":0,"15":0,"16":0,"17":0,"18":0,"19":0},"9":{"0":5,"1":4,"2":5,"3":9,"4":10,"5":3,"6":3,"7":6,"8":1,"9":0,"10":2,"11":0,"12":0,"13":0,"14":0,"15":0,"16":0,"17":0,"18":0,"19":0},"10":{"0":5,"1":4,"2":3,"3":2,"4":6,"5":7,"6":7,"7":1,"8":8,"9":5,"10":0,"11":4,"12":0,"13":0,"14":0,"15":0,"16":0,"17":0,"18":0,"19":0},"11":{"0":7,"1":4,"2":6,"3":3,"4":3,"5":7,"6":8,"7":2,"8":1,"9":8,"10":2,"11":0,"12":4,"13":0,"14":0,"15":0,"16":0,"17":0,"18":0,"19":0},"12":{"0":2,"1":3,"2":6,"3":7,"4":7,"5":3,"6":3,"7":4,"8":6,"9":3,"10":4,"11":3,"12":0,"13":4,"14":0,"15":0,"16":0,"17":0,"18":0,"19":0},"13":{"0":4,"1":1,"2":3,"3":2,"4":3,"5":5,"6":4,"7":9,"8":5,"9":5,"10":6,"11":8,"12":5,"13":0,"14":2,"15":0,"16":0,"17":0,"18":0,"19":0},"14":{"0":5,"1":8,"2":6,"3":3,"4":10,"5":3,"6":4,"7":5,"8":4,"9":3,"10":6,"11":8,"12":6,"13":3,"14":0,"15":5,"16":0,"17":0,"18":0,"19":0},"15":{"0":3,"1":8,"2":3,"3":5,"4":4,"5":5,"6":4,"7":5,"8":14,"9":2,"10":3,"11":5,"12":5,"13":6,"14":0,"15":0,"16":3,"17":0,"18":0,"19":0},"16":{"0":6,"1":3,"2":7,"3":10,"4":2,"5":8,"6":6,"7":3,"8":6,"9":1,"10":6,"11":7,"12":5,"13":6,"14":6,"15":5,"16":0,"17":3,"18":0,"19":0},"17":{"0":5,"1":4,"2":7,"3":9,"4":4,"5":6,"6":5,"7":1,"8":3,"9":3,"10":4,"11":10,"12":7,"13":8,"14":4,"15":6,"16":0,"17":0,"18":2,"19":0},"18":{"0":7,"1":5,"2":3,"3":6,"4":6,"5":5,"6":8,"7":6,"8":6,"9":8,"10":6,"11":5,"12":5,"13":11,"14":3,"15":5,"16":6,"17":1,"18":0,"19":3},"19":{"0":7,"1":4,"2":5,"3":4,"4":4,"5":7,"6":8,"7":3,"8":4,"9":4,"10":2,"11":8,"12":3,"13":6,"14":4,"15":5,"16":7,"17":10,"18":1,"19":0}},"method":"hillside","closest_pair":[[0,1,4,3,2,5,6,7,8,10,9,11,12,13,15,14,17,16,19,18],[0,1,4,3,2,5,6,7,8,10,9,11,13,12,15,14,17,16,19,18]],"farthest_pair":[[0,1,3,2,4,5,6,7,8,10,9,11,13,12,15,14,17,16,19,18],[0,1,4,3,2,5,6,7,8,10,9,11,12,13,15,14,17,16,19,18]],"tau_farthest_pair":0.9684210526,"tau_closest_pair":0.9894736842,"centroid_solution":[0,1,4,3,2,5,6,7,8,10,9,11,12,13,15,14,17,16,19,18]}