{"solutions":[[18,19,16,17,14,15,12,13,11,9,10,8,7,6,5,2,3,4,1,0],[18,19,16,17,14,15,13,12,11,9,10,8,7,6,5,4,2,3,1,0],[18,19,16,17,14,15,12,13,11,9,10,8,7,6,5,4,2,3,1,0],[18,19,16,17,14,15,13,12,11,9,10,8,7,6,5,2,3,4,1,0]],"obj":1001.0,"max_tau_solutions":null,"centroid_x":[[0.0,0.0,0.0,0.0,0.0,0.0,0.0,0.0,0.0,0.0,0.0,0.0,0.0,0.0,0.0,0.0,0.0,0.0,0.0,0.0],[1.0,0.0,0.0,0.0,0.0,0.0,0.0,0.0,0.0,0.0,0.0,0.0,0.0,0.0,0.0,0.0,0.0,0.0,0.0,0.0],[1.0,1.0,0.0,1.0,0.3148140326,0.0,0.0,0.0,0.0,0.0,0.0,0.0,0.0,0.0,0.0,0.0,0.0,0.0,0.0,0.0],[1.0,1.0,0.0,0.0,0.3148140334,0.0,0.0,0.0,0.0,0.0,0.0,0.0,0.0,0.0,0.0,0.0,0.0,0.0,0.0,0.0],[1.0,1.0,0.6851859674,0.6851859666,0.0,0.0,0.0,0.0,0.0,0.0,0.0,0.0,0.0,0.0,0.0,0.0,0.0,0.0,0.0,0.0],[1.0,1.0,1.0,1.0,1.0,0.0,0.0,0.0,0.0,0.0,0.0,0.0,0.0,0.0,0.0,0.0,0.0,0.0,0.0,0.0],[1.0,1.0,1.0,1.0,1.0,1.0,0.0,0.0,0.0,0.0,0.0,0.0,0.0,0.0,0.0,0.0,0.0,0.0,0.0,0.0],[1.0,1.0,1.0,1.0,1.0,1.0,1.0,0.0,0.0,0.0,0.0,0.0,0.0,0.0,0.0,0.0,0.0,0.0,0.0,0.0],[1.0,1.0,1.0,1.0,1.0,1.0,1.0,1.0,0.0,0.0,0.0,0.0,0.0,0.0,0.0,0.0,0.0,0.0,0.0,0.0],[1.0,1.0,1.0,1.0,1.0,1.0,1.0,1.0,1.0,0.0,1.0,0.0,0.0,0.0,0.0,0.0,0.0,0.0,0.0,0.0],[1.0,1.0,1.0,1.0,1.0,1.0,1.0,1.0,1.0,0.0,0.0,0.0,0.0,0.0,0.0,0.0,0.0,0.0,0.0,0.0],[1.0,1.0,1.0,1.0,1.0,1.0,1.0,1.0,1.0,1.0,1.0,0.0,0.0,0.0,0.0,0.0,0.0,0.0,0.0,0.0],[1.0,1.0,1.0,1.0,1.0,1.0,1.0,1.0,1.0,1.0,1.0,1.0,0.0,0.337423739,0.0,0.0,0.0,0.0,0.0,0.0],[1.0,1.0,1.0,1.0,1.0,1.0,1.0,1.0,1.0,1.0,1.0,1.0,0.662576261,0.0,0.0,0.0,0.0,0.0,0.0,0.0],[1.0,1.0,1.0,1.0,1.0,1.0,1.0,1.0,1.0,1.0,1.0,1.0,1.0,1.0,0.0,1.0,0.0,0.0,0.0,0.0],[1.0,1.0,1.0,1.0,1.0,1.0,1.0,1.0,1.0,1.0,1.0,1.0,1.0,1.0,0.0,0.0,0.0,0.0,0.0,0.0],[1.0,1.0,1.0,1.0,1.0,1.0,1.0,1.0,1.0,1.0,1.0,1.0,1.0,1.0,1.0,1.0,0.0,1.0,0.0,0.0],[1.0,1.0,1.0,1.0,1.0,1.0,1.0,1.0,1.0,1.0,1.0,1.0,1.0,1.0,1.0,1.0,0.0,0.0,0.0,0.0],[1.0,1.0,1.0,1.0,1.0,1.0,1.0,1.0,1.0,1.0,1.0,1.0,1.0,1.0,1.0,1.0,1.0,1.0,0.0,1.0],[1.0,1.0,1.0,1.0,1.0,1.0,1.0,1.0,1.0,1.0,1.0,1.0,1.0,1.0,1.0,1.0,1.0,1.0,0.0,0.0]],"outlier_solution":[18,19,16,17,14,15,12,13,11,9,10,8,7,6,5,2,3,4,1,0],"dataset_id":650,"source_dataset_id":697,"options":null,"D":{"0":{"0":0,"1":3,"2":6,"3":0,"4":10,"5":6,"6":4,"7":10,"8":4,"9":5,"10":5,"11":7,"12":2,"13":4,"14":5,"15":3,"16":6,"17":5,"18":7,"19":7},"1":{"0":1,"1":0,"2":4,"3":3,"4":6,"5":9,"6":4,"7":1,"8":8,"9":4,"10":4,"11":4,"12":3,"13":1,"14":8,"15":8,"16":3,"17":4,"18":5,"19":4},"2":{"0":0,"1":1,"2":0,"3":3,"4":2,"5":3,"6":4,"7":10,"8":3,"9":5,"10":3,"11":6,"12":6,"13":3,"14":6,"15":3,"16":7,"17":7,"18":3,"19":5},"3":{"0":0,"1":0,"2":4,"3":0,"4":4,"5":5,"6":5,"7":2,"8":4,"9":9,"10":2,"11":3,"12":7,"13":2,"14":3,"15":5,"16":10,"17":9,"18":6,"19":4},"4":{"0":0,"1":0,"2":0,"3":5,"4":0,"5":5,"6":8,"7":5,"8":10,"9":10,"10":6,"11":3,"12":7,"13":3,"14":10,"15":4,"16":2,"17":4,"18":6,"19":4},"5":{"0":0,"1":0,"2":0,"3":0,"4":1,"5":0,"6":2,"7":6,"8":3,"9":3,"10":7,"11":7,"12":3,"13":5,"14":3,"15":5,"16":8,"17":6,"18":5,"19":7},"6":{"0":0,"1":0,"2":0,"3":0,"4":0,"5":3,"6":0,"7":1,"8":5,"9":3,"10":7,"11":8,"12":3,"13":4,"14":4,"15":4,"16":6,"17":5,"18":8,"19":8},"7":{"0":0,"1":0,"2":0,"3":0,"4":0,"5":0,"6":3,"7":0,"8":3,"9":6,"10":1,"11":2,"12":4,"13":9,"14":5,"15":5,"16":3,"17":1,"18":6,"19":3},"8":{"0":0,"1":0,"2":0,"3":0,"4":0,"5":0,"6":0,"7":5,"8":0,"9":1,"10":8,"11":1,"12":6,"13":5,"14":4,"15":14,"16":6,"17":3,"18":6,"19":4},"9":{"0":0,"1":0,"2":0,"3":0,"4":0,"5":0,"6":0,"7":0,"8":1,"9":0,"10":5,"11":8,"12":3,"13":5,"14":3,"15":2,"16":1,"17":3,"18":8,"19":4},"10":{"0":0,"1":0,"2":0,"3":0,"4":0,"5":0,"6":0,"7":0,"8":0,"9":2,"10":0,"11":2,"12":4,"13":6,"14":6,"15":3,"16":6,"17":4,"18":6,"19":2},"11":{"0":0,"1":0,"2":0,"3":0,"4":0,"5":0,"6":0,"7":0,"8":0,"9":0,"10":4,"11":0,"12":3,"13":8,"14":8,"15":5,"16":7,"17":10,"18":5,"19":8},"12":{"0":0,"1":0,"2":0,"3":0,"4":0,"5":0,"6":0,"7":0,"8":0,"9":0,"10":0,"11":4,"12":0,"13":5,"14":6,"15":5,"16":5,"17":7,"18":5,"19":3},"13":{"0":0,"1":0,"2":0,"3":0,"4":0,"5":0,"6":0,"7":0,"8":0,"9":0,"10":0,"11":0,"12":4,"13":0,"14":3,"15":6,"16":6,"17":8,"18":11,"19":6},"14":{"0":0,"1":0,"2":0,"3":0,"4":0,"5":0,"6":0,"7":0,"8":0,"9":0,"10":0,"11":0,"12":0,"13":2,"14":0,"15":0,"16":6,"17":4,"18":3,"19":4},"15":{"0":0,"1":0,"2":0,"3":0,"4":0,"5":0,"6":0,"7":0,"8":0,"9":0,"10":0,"11":0,"12":0,"13":0,"14":5,"15":0,"16":5,"17":6,"18":5,"19":5},"16":{"0":0,"1":0,"2":0,"3":0,"4":0,"5":0,"6":0,"7":0,"8":0,"9":0,"10":0,"11":0,"12":0,"13":0,"14":0,"15":3,"16":0,"17":0,"18":6,"19":7},"17":{"0":0,"1":0,"2":0,"3":0,"4":0,"5":0,"6":0,"7":0,"8":0,"9":0,"10":0,"11":0,"12":0,"13":0,"14":0,"15":0,"16":3,"17":0,"18":1,"19":10},"18":{"0":0,"1":0,"2":0,"3":0,"4":0,"5":0,"6":0,"7":0,"8":0,"9":0,"10":0,"11":0,"12":0,"13":0,"14":0,"15":0,"16":0,"17":2,"18":0,"19":1},"19":{"0":0,"1":0,"2":0,"3":0,"4":0,"5":0,"6":0,"7":0,"8":0,"9":0,"10":0,"11":0,"12":0,"13":0,"14":0,"15":0,"16":0,"17":0,"18":3,"19":0}},"method":"hillside","closest_pair":[[18,19,16,17,14,15,12,13,11,9,10,8,7,6,5,4,2,3,1,0],[18,19,16,17,14,15,13,12,11,9,10,8,7,6,5,4,2,3,1,0]],"farthest_pair":[[18,19,16,17,14,15,13,12,11,9,10,8,7,6,5,2,3,4,1,0],[18,19,16,17,14,15,12,13,11,9,10,8,7,6,5,4,2,3,1,0]],"tau_farthest_pair":0.9684210526,"tau_closest_pair":0.9894736842,"centroid_solution":[18,19,16,17,14,15,13,12,11,9,10,8,7,6,5,4,2,3,1,0]}