{"solutions":[[18,17,19,16,15,12,14,11,13,10,9,7,6,8,5,4,0,2,1,3],[18,17,19,16,15,14,12,11,13,10,9,7,6,8,5,4,2,0,1,3],[18,17,19,16,15,12,11,14,13,10,9,7,6,8,5,4,2,0,1,3],[18,17,19,16,15,12,14,11,13,10,9,7,6,8,5,4,2,0,1,3],[18,17,19,16,15,14,12,11,13,10,9,7,6,8,5,4,0,2,1,3],[18,17,19,16,15,12,11,14,13,10,9,7,6,8,5,4,0,2,1,3]],"obj":971.0,"max_tau_solutions":null,"centroid_x":[[0.0,1.0,0.344030974,1.0,0.0,0.0,0.0,0.0,0.0,0.0,0.0,0.0,0.0,0.0,0.0,0.0,0.0,0.0,0.0,0.0],[0.0,0.0,0.0,1.0,0.0,0.0,0.0,0.0,0.0,0.0,0.0,0.0,0.0,0.0,0.0,0.0,0.0,0.0,0.0,0.0],[0.655969026,1.0,0.0,1.0,0.0,0.0,0.0,0.0,0.0,0.0,0.0,0.0,0.0,0.0,0.0,0.0,0.0,0.0,0.0,0.0],[0.0,0.0,0.0,0.0,0.0,0.0,0.0,0.0,0.0,0.0,0.0,0.0,0.0,0.0,0.0,0.0,0.0,0.0,0.0,0.0],[1.0,1.0,1.0,1.0,0.0,0.0,0.0,0.0,0.0,0.0,0.0,0.0,0.0,0.0,0.0,0.0,0.0,0.0,0.0,0.0],[1.0,1.0,1.0,1.0,1.0,0.0,0.0,0.0,0.0,0.0,0.0,0.0,0.0,0.0,0.0,0.0,0.0,0.0,0.0,0.0],[1.0,1.0,1.0,1.0,1.0,1.0,0.0,0.0,1.0,0.0,0.0,0.0,0.0,0.0,0.0,0.0,0.0,0.0,0.0,0.0],[1.0,1.0,1.0,1.0,1.0,1.0,1.0,0.0,1.0,0.0,0.0,0.0,0.0,0.0,0.0,0.0,0.0,0.0,0.0,0.0],[1.0,1.0,1.0,1.0,1.0,1.0,0.0,0.0,0.0,0.0,0.0,0.0,0.0,0.0,0.0,0.0,0.0,0.0,0.0,0.0],[1.0,1.0,1.0,1.0,1.0,1.0,1.0,1.0,1.0,0.0,0.0,0.0,0.0,0.0,0.0,0.0,0.0,0.0,0.0,0.0],[1.0,1.0,1.0,1.0,1.0,1.0,1.0,1.0,1.0,1.0,0.0,0.0,0.0,0.0,0.0,0.0,0.0,0.0,0.0,0.0],[1.0,1.0,1.0,1.0,1.0,1.0,1.0,1.0,1.0,1.0,1.0,0.0,0.0,1.0,0.3033644319,0.0,0.0,0.0,0.0,0.0],[1.0,1.0,1.0,1.0,1.0,1.0,1.0,1.0,1.0,1.0,1.0,1.0,0.0,1.0,0.4077119253,0.0,0.0,0.0,0.0,0.0],[1.0,1.0,1.0,1.0,1.0,1.0,1.0,1.0,1.0,1.0,1.0,0.0,0.0,0.0,0.0,0.0,0.0,0.0,0.0,0.0],[1.0,1.0,1.0,1.0,1.0,1.0,1.0,1.0,1.0,1.0,1.0,0.6966355681,0.5922880747,1.0,0.0,0.0,0.0,0.0,0.0,0.0],[1.0,1.0,1.0,1.0,1.0,1.0,1.0,1.0,1.0,1.0,1.0,1.0,1.0,1.0,1.0,0.0,0.0,0.0,0.0,0.0],[1.0,1.0,1.0,1.0,1.0,1.0,1.0,1.0,1.0,1.0,1.0,1.0,1.0,1.0,1.0,1.0,0.0,0.0,0.0,0.0],[1.0,1.0,1.0,1.0,1.0,1.0,1.0,1.0,1.0,1.0,1.0,1.0,1.0,1.0,1.0,1.0,1.0,0.0,0.0,1.0],[1.0,1.0,1.0,1.0,1.0,1.0,1.0,1.0,1.0,1.0,1.0,1.0,1.0,1.0,1.0,1.0,1.0,1.0,0.0,1.0],[1.0,1.0,1.0,1.0,1.0,1.0,1.0,1.0,1.0,1.0,1.0,1.0,1.0,1.0,1.0,1.0,1.0,0.0,0.0,0.0]],"outlier_solution":[18,17,19,16,15,12,11,14,13,10,9,7,6,8,5,4,0,2,1,3],"dataset_id":651,"source_dataset_id":698,"options":null,"D":{"0":{"0":0,"1":0,"2":4,"3":3,"4":4,"5":8,"6":6,"7":3,"8":3,"9":3,"10":8,"11":6,"12":2,"13":5,"14":2,"15":3,"16":3,"17":7,"18":6,"19":3},"1":{"0":4,"1":0,"2":3,"3":6,"4":4,"5":4,"6":4,"7":9,"8":8,"9":3,"10":2,"11":5,"12":7,"13":8,"14":3,"15":5,"16":9,"17":3,"18":5,"19":4},"2":{"0":0,"1":0,"2":0,"3":3,"4":3,"5":5,"6":5,"7":3,"8":5,"9":8,"10":1,"11":9,"12":9,"13":2,"14":4,"15":1,"16":4,"17":7,"18":8,"19":6},"3":{"0":0,"1":0,"2":4,"3":0,"4":4,"5":6,"6":7,"7":8,"8":5,"9":5,"10":5,"11":8,"12":1,"13":16,"14":7,"15":9,"16":5,"17":5,"18":6,"19":5},"4":{"0":0,"1":0,"2":0,"3":1,"4":0,"5":1,"6":7,"7":8,"8":5,"9":6,"10":7,"11":5,"12":9,"13":5,"14":5,"15":8,"16":4,"17":5,"18":2,"19":6},"5":{"0":0,"1":0,"2":0,"3":0,"4":7,"5":0,"6":2,"7":7,"8":1,"9":8,"10":3,"11":11,"12":5,"13":6,"14":4,"15":4,"16":5,"17":4,"18":7,"19":6},"6":{"0":0,"1":0,"2":0,"3":0,"4":0,"5":1,"6":0,"7":0,"8":8,"9":3,"10":4,"11":6,"12":8,"13":5,"14":9,"15":6,"16":4,"17":7,"18":5,"19":4},"7":{"0":0,"1":0,"2":0,"3":0,"4":0,"5":0,"6":2,"7":0,"8":5,"9":9,"10":4,"11":4,"12":7,"13":3,"14":4,"15":4,"16":4,"17":9,"18":9,"19":5},"8":{"0":0,"1":0,"2":0,"3":0,"4":0,"5":0,"6":0,"7":2,"8":0,"9":1,"10":7,"11":9,"12":6,"13":6,"14":4,"15":7,"16":8,"17":9,"18":3,"19":4},"9":{"0":0,"1":0,"2":0,"3":0,"4":0,"5":0,"6":0,"7":0,"8":2,"9":0,"10":4,"11":5,"12":7,"13":2,"14":6,"15":5,"16":3,"17":4,"18":6,"19":7},"10":{"0":0,"1":0,"2":0,"3":0,"4":0,"5":0,"6":0,"7":0,"8":0,"9":3,"10":0,"11":1,"12":5,"13":4,"14":4,"15":7,"16":1,"17":10,"18":6,"19":2},"11":{"0":0,"1":0,"2":0,"3":0,"4":0,"5":0,"6":0,"7":0,"8":0,"9":0,"10":0,"11":0,"12":0,"13":0,"14":5,"15":4,"16":6,"17":5,"18":4,"19":5},"12":{"0":0,"1":0,"2":0,"3":0,"4":0,"5":0,"6":0,"7":0,"8":0,"9":0,"10":0,"11":3,"12":0,"13":2,"14":5,"15":3,"16":4,"17":4,"18":6,"19":3},"13":{"0":0,"1":0,"2":0,"3":0,"4":0,"5":0,"6":0,"7":0,"8":0,"9":0,"10":0,"11":0,"12":1,"13":0,"14":6,"15":8,"16":8,"17":3,"18":6,"19":8},"14":{"0":0,"1":0,"2":0,"3":0,"4":0,"5":0,"6":0,"7":0,"8":0,"9":0,"10":0,"11":0,"12":0,"13":1,"14":0,"15":1,"16":9,"17":8,"18":2,"19":7},"15":{"0":0,"1":0,"2":0,"3":0,"4":0,"5":0,"6":0,"7":0,"8":0,"9":0,"10":0,"11":0,"12":0,"13":0,"14":4,"15":0,"16":3,"17":8,"18":2,"19":4},"16":{"0":0,"1":0,"2":0,"3":0,"4":0,"5":0,"6":0,"7":0,"8":0,"9":0,"10":0,"11":0,"12":0,"13":0,"14":0,"15":3,"16":0,"17":1,"18":5,"19":0},"17":{"0":0,"1":0,"2":0,"3":0,"4":0,"5":0,"6":0,"7":0,"8":0,"9":0,"10":0,"11":0,"12":0,"13":0,"14":0,"15":0,"16":2,"17":0,"18":2,"19":7},"18":{"0":0,"1":0,"2":0,"3":0,"4":0,"5":0,"6":0,"7":0,"8":0,"9":0,"10":0,"11":0,"12":0,"13":0,"14":0,"15":0,"16":0,"17":3,"18":0,"19":1},"19":{"0":0,"1":0,"2":0,"3":0,"4":0,"5":0,"6":0,"7":0,"8":0,"9":0,"10":0,"11":0,"12":0,"13":0,"14":0,"15":0,"16":0,"17":0,"18":1,"19":0}},"method":"hillside","closest_pair":[[18,17,19,16,15,12,14,11,13,10,9,7,6,8,5,4,2,0,1,3],[18,17,19,16,15,12,11,14,13,10,9,7,6,8,5,4,2,0,1,3]],"farthest_pair":[[18,17,19,16,15,12,11,14,13,10,9,7,6,8,5,4,2,0,1,3],[18,17,19,16,15,14,12,11,13,10,9,7,6,8,5,4,0,2,1,3]],"tau_farthest_pair":0.9684210526,"tau_closest_pair":0.9894736842,"centroid_solution":[18,17,19,16,15,14,12,11,13,10,9,7,6,8,5,4,2,0,1,3]}