{"solutions":[[3,1,0,2,4,5,8,6,7,9,10,13,11,14,12,15,16,19,17,18],[3,1,0,2,4,5,8,6,7,9,10,13,11,12,14,15,16,19,17,18],[3,1,2,0,4,5,8,6,7,9,10,13,11,14,12,15,16,19,17,18],[3,1,2,0,4,5,8,6,7,9,10,13,14,11,12,15,16,19,17,18],[3,1,2,0,4,5,8,6,7,9,10,13,11,12,14,15,16,19,17,18],[3,1,0,2,4,5,8,6,7,9,10,13,14,11,12,15,16,19,17,18]],"obj":971.0,"max_tau_solutions":null,"centroid_x":[[0.0,0.0,0.5031623257,0.0,1.0,1.0,1.0,1.0,1.0,1.0,1.0,1.0,1.0,1.0,1.0,1.0,1.0,1.0,1.0,1.0],[1.0,0.0,1.0,0.0,1.0,1.0,1.0,1.0,1.0,1.0,1.0,1.0,1.0,1.0,1.0,1.0,1.0,1.0,1.0,1.0],[0.4968376743,0.0,0.0,0.0,1.0,1.0,1.0,1.0,1.0,1.0,1.0,1.0,1.0,1.0,1.0,1.0,1.0,1.0,1.0,1.0],[1.0,1.0,1.0,0.0,1.0,1.0,1.0,1.0,1.0,1.0,1.0,1.0,1.0,1.0,1.0,1.0,1.0,1.0,1.0,1.0],[0.0,0.0,0.0,0.0,0.0,1.0,1.0,1.0,1.0,1.0,1.0,1.0,1.0,1.0,1.0,1.0,1.0,1.0,1.0,1.0],[0.0,0.0,0.0,0.0,0.0,0.0,1.0,1.0,1.0,1.0,1.0,1.0,1.0,1.0,1.0,1.0,1.0,1.0,1.0,1.0],[0.0,0.0,0.0,0.0,0.0,0.0,0.0,1.0,0.0,1.0,1.0,1.0,1.0,1.0,1.0,1.0,1.0,1.0,1.0,1.0],[0.0,0.0,0.0,0.0,0.0,0.0,0.0,0.0,0.0,1.0,1.0,1.0,1.0,1.0,1.0,1.0,1.0,1.0,1.0,1.0],[0.0,0.0,0.0,0.0,0.0,0.0,1.0,1.0,0.0,1.0,1.0,1.0,1.0,1.0,1.0,1.0,1.0,1.0,1.0,1.0],[0.0,0.0,0.0,0.0,0.0,0.0,0.0,0.0,0.0,0.0,1.0,1.0,1.0,1.0,1.0,1.0,1.0,1.0,1.0,1.0],[0.0,0.0,0.0,0.0,0.0,0.0,0.0,0.0,0.0,0.0,0.0,1.0,1.0,1.0,1.0,1.0,1.0,1.0,1.0,1.0],[0.0,0.0,0.0,0.0,0.0,0.0,0.0,0.0,0.0,0.0,0.0,0.0,1.0,0.0,0.5627218384,1.0,1.0,1.0,1.0,1.0],[0.0,0.0,0.0,0.0,0.0,0.0,0.0,0.0,0.0,0.0,0.0,0.0,0.0,0.0,0.4329884961,1.0,1.0,1.0,1.0,1.0],[0.0,0.0,0.0,0.0,0.0,0.0,0.0,0.0,0.0,0.0,0.0,1.0,1.0,0.0,1.0,1.0,1.0,1.0,1.0,1.0],[0.0,0.0,0.0,0.0,0.0,0.0,0.0,0.0,0.0,0.0,0.0,0.4372781616,0.5670115039,0.0,0.0,1.0,1.0,1.0,1.0,1.0],[0.0,0.0,0.0,0.0,0.0,0.0,0.0,0.0,0.0,0.0,0.0,0.0,0.0,0.0,0.0,0.0,1.0,1.0,1.0,1.0],[0.0,0.0,0.0,0.0,0.0,0.0,0.0,0.0,0.0,0.0,0.0,0.0,0.0,0.0,0.0,0.0,0.0,1.0,1.0,1.0],[0.0,0.0,0.0,0.0,0.0,0.0,0.0,0.0,0.0,0.0,0.0,0.0,0.0,0.0,0.0,0.0,0.0,0.0,1.0,0.0],[0.0,0.0,0.0,0.0,0.0,0.0,0.0,0.0,0.0,0.0,0.0,0.0,0.0,0.0,0.0,0.0,0.0,0.0,0.0,0.0],[0.0,0.0,0.0,0.0,0.0,0.0,0.0,0.0,0.0,0.0,0.0,0.0,0.0,0.0,0.0,0.0,0.0,1.0,1.0,0.0]],"outlier_solution":[3,1,2,0,4,5,8,6,7,9,10,13,11,12,14,15,16,19,17,18],"dataset_id":651,"source_dataset_id":698,"options":null,"D":{"0":{"0":0,"1":4,"2":0,"3":0,"4":0,"5":0,"6":0,"7":0,"8":0,"9":0,"10":0,"11":0,"12":0,"13":0,"14":0,"15":0,"16":0,"17":0,"18":0,"19":0},"1":{"0":0,"1":0,"2":0,"3":0,"4":0,"5":0,"6":0,"7":0,"8":0,"9":0,"10":0,"11":0,"12":0,"13":0,"14":0,"15":0,"16":0,"17":0,"18":0,"19":0},"2":{"0":4,"1":3,"2":0,"3":4,"4":0,"5":0,"6":0,"7":0,"8":0,"9":0,"10":0,"11":0,"12":0,"13":0,"14":0,"15":0,"16":0,"17":0,"18":0,"19":0},"3":{"0":3,"1":6,"2":3,"3":0,"4":1,"5":0,"6":0,"7":0,"8":0,"9":0,"10":0,"11":0,"12":0,"13":0,"14":0,"15":0,"16":0,"17":0,"18":0,"19":0},"4":{"0":4,"1":4,"2":3,"3":4,"4":0,"5":7,"6":0,"7":0,"8":0,"9":0,"10":0,"11":0,"12":0,"13":0,"14":0,"15":0,"16":0,"17":0,"18":0,"19":0},"5":{"0":8,"1":4,"2":5,"3":6,"4":1,"5":0,"6":1,"7":0,"8":0,"9":0,"10":0,"11":0,"12":0,"13":0,"14":0,"15":0,"16":0,"17":0,"18":0,"19":0},"6":{"0":6,"1":4,"2":5,"3":7,"4":7,"5":2,"6":0,"7":2,"8":0,"9":0,"10":0,"11":0,"12":0,"13":0,"14":0,"15":0,"16":0,"17":0,"18":0,"19":0},"7":{"0":3,"1":9,"2":3,"3":8,"4":8,"5":7,"6":0,"7":0,"8":2,"9":0,"10":0,"11":0,"12":0,"13":0,"14":0,"15":0,"16":0,"17":0,"18":0,"19":0},"8":{"0":3,"1":8,"2":5,"3":5,"4":5,"5":1,"6":8,"7":5,"8":0,"9":2,"10":0,"11":0,"12":0,"13":0,"14":0,"15":0,"16":0,"17":0,"18":0,"19":0},"9":{"0":3,"1":3,"2":8,"3":5,"4":6,"5":8,"6":3,"7":9,"8":1,"9":0,"10":3,"11":0,"12":0,"13":0,"14":0,"15":0,"16":0,"17":0,"18":0,"19":0},"10":{"0":8,"1":2,"2":1,"3":5,"4":7,"5":3,"6":4,"7":4,"8":7,"9":4,"10":0,"11":0,"12":0,"13":0,"14":0,"15":0,"16":0,"17":0,"18":0,"19":0},"11":{"0":6,"1":5,"2":9,"3":8,"4":5,"5":11,"6":6,"7":4,"8":9,"9":5,"10":1,"11":0,"12":3,"13":0,"14":0,"15":0,"16":0,"17":0,"18":0,"19":0},"12":{"0":2,"1":7,"2":9,"3":1,"4":9,"5":5,"6":8,"7":7,"8":6,"9":7,"10":5,"11":0,"12":0,"13":1,"14":0,"15":0,"16":0,"17":0,"18":0,"19":0},"13":{"0":5,"1":8,"2":2,"3":16,"4":5,"5":6,"6":5,"7":3,"8":6,"9":2,"10":4,"11":0,"12":2,"13":0,"14":1,"15":0,"16":0,"17":0,"18":0,"19":0},"14":{"0":2,"1":3,"2":4,"3":7,"4":5,"5":4,"6":9,"7":4,"8":4,"9":6,"10":4,"11":5,"12":5,"13":6,"14":0,"15":4,"16":0,"17":0,"18":0,"19":0},"15":{"0":3,"1":5,"2":1,"3":9,"4":8,"5":4,"6":6,"7":4,"8":7,"9":5,"10":7,"11":4,"12":3,"13":8,"14":1,"15":0,"16":3,"17":0,"18":0,"19":0},"16":{"0":3,"1":9,"2":4,"3":5,"4":4,"5":5,"6":4,"7":4,"8":8,"9":3,"10":1,"11":6,"12":4,"13":8,"14":9,"15":3,"16":0,"17":2,"18":0,"19":0},"17":{"0":7,"1":3,"2":7,"3":5,"4":5,"5":4,"6":7,"7":9,"8":9,"9":4,"10":10,"11":5,"12":4,"13":3,"14":8,"15":8,"16":1,"17":0,"18":3,"19":0},"18":{"0":6,"1":5,"2":8,"3":6,"4":2,"5":7,"6":5,"7":9,"8":3,"9":6,"10":6,"11":4,"12":6,"13":6,"14":2,"15":2,"16":5,"17":2,"18":0,"19":1},"19":{"0":3,"1":4,"2":6,"3":5,"4":6,"5":6,"6":4,"7":5,"8":4,"9":7,"10":2,"11":5,"12":3,"13":8,"14":7,"15":4,"16":0,"17":7,"18":1,"19":0}},"method":"hillside","closest_pair":[[3,1,2,0,4,5,8,6,7,9,10,13,14,11,12,15,16,19,17,18],[3,1,2,0,4,5,8,6,7,9,10,13,11,14,12,15,16,19,17,18]],"farthest_pair":[[3,1,2,0,4,5,8,6,7,9,10,13,11,12,14,15,16,19,17,18],[3,1,0,2,4,5,8,6,7,9,10,13,14,11,12,15,16,19,17,18]],"tau_farthest_pair":0.9684210526,"tau_closest_pair":0.9894736842,"centroid_solution":[3,1,0,2,4,5,8,6,7,9,10,13,11,14,12,15,16,19,17,18]}