{"solutions":[[0,1,3,2,6,5,4,7,8,9,10,11,12,13,14,15,17,16,18,19],[0,1,3,2,6,4,5,7,8,9,10,11,12,13,14,15,17,16,18,19],[0,3,1,2,6,4,5,7,8,9,10,11,12,13,14,15,17,16,19,18],[0,3,1,2,5,6,4,7,8,9,10,12,13,11,14,15,17,16,19,18],[0,1,3,2,6,4,5,7,8,9,10,11,12,13,14,15,17,16,19,18],[0,3,1,2,5,6,4,7,8,9,10,11,12,13,14,15,17,16,19,18],[0,1,3,2,6,5,4,7,8,9,10,11,12,13,14,15,17,16,19,18],[0,3,1,2,6,4,5,7,8,9,10,11,12,13,14,15,17,16,18,19],[0,1,3,2,6,5,4,7,8,9,10,13,11,12,14,15,17,16,18,19],[0,1,3,2,6,5,4,7,8,9,10,13,11,12,14,15,17,16,19,18],[0,3,1,2,5,6,4,7,8,9,10,12,13,11,14,15,17,16,18,19],[0,3,1,2,6,5,4,7,8,9,10,12,13,11,14,15,17,16,19,18],[0,1,3,2,5,6,4,7,8,9,10,11,12,13,14,15,17,16,18,19],[0,1,3,2,5,6,4,7,8,9,10,11,12,13,14,15,17,16,19,18],[0,1,3,2,5,6,4,7,8,9,10,13,11,12,14,15,17,16,19,18],[0,3,1,2,5,6,4,7,8,9,10,11,12,13,14,15,17,16,18,19],[0,3,1,2,6,5,4,7,8,9,10,11,12,13,14,15,17,16,18,19],[0,3,1,2,6,5,4,7,8,9,10,11,12,13,14,15,17,16,19,18],[0,1,3,2,5,6,4,7,8,9,10,13,11,12,14,15,17,16,18,19],[0,1,3,2,6,4,5,7,8,9,10,13,11,12,14,15,17,16,19,18],[0,3,1,2,6,5,4,7,8,9,10,12,13,11,14,15,17,16,18,19],[0,1,3,2,5,6,4,7,8,9,10,12,13,11,14,15,17,16,19,18],[0,3,1,2,6,5,4,7,8,9,10,13,11,12,14,15,17,16,19,18],[0,1,3,2,6,4,5,7,8,9,10,12,13,11,14,15,17,16,18,19],[0,1,3,2,6,4,5,7,8,9,10,13,11,12,14,15,17,16,18,19],[0,1,3,2,6,4,5,7,8,9,10,12,13,11,14,15,17,16,19,18],[0,3,1,2,6,4,5,7,8,9,10,13,11,12,14,15,17,16,19,18],[0,3,1,2,6,5,4,7,8,9,10,13,11,12,14,15,17,16,18,19],[0,3,1,2,5,6,4,7,8,9,10,13,11,12,14,15,17,16,19,18],[0,1,3,2,6,5,4,7,8,9,10,12,13,11,14,15,17,16,19,18],[0,3,1,2,6,4,5,7,8,9,10,12,13,11,14,15,17,16,18,19],[0,3,1,2,6,4,5,7,8,9,10,12,13,11,14,15,17,16,19,18],[0,3,1,2,6,4,5,7,8,9,10,13,11,12,14,15,17,16,18,19],[0,1,3,2,6,5,4,7,8,9,10,12,13,11,14,15,17,16,18,19],[0,1,3,2,5,6,4,7,8,9,10,12,13,11,14,15,17,16,18,19],[0,3,1,2,5,6,4,7,8,9,10,13,11,12,14,15,17,16,18,19]],"obj":1094.0,"max_tau_solutions":null,"centroid_x":[[0.0,1.0,1.0,1.0,1.0,1.0,1.0,1.0,1.0,1.0,1.0,1.0,1.0,1.0,1.0,1.0,1.0,1.0,1.0,1.0],[0.0,0.0,1.0,0.4950161501,1.0,1.0,1.0,1.0,1.0,1.0,1.0,1.0,1.0,1.0,1.0,1.0,1.0,1.0,1.0,1.0],[0.0,0.0,0.0,0.0,1.0,1.0,1.0,1.0,1.0,1.0,1.0,1.0,1.0,1.0,1.0,1.0,1.0,1.0,1.0,1.0],[0.0,0.5049838499,1.0,0.0,1.0,1.0,1.0,1.0,1.0,1.0,1.0,1.0,1.0,1.0,1.0,1.0,1.0,1.0,1.0,1.0],[0.0,0.0,0.0,0.0,0.0,0.4308789139,0.0,1.0,1.0,1.0,1.0,1.0,1.0,1.0,1.0,1.0,1.0,1.0,1.0,1.0],[0.0,0.0,0.0,0.0,0.5691210861,0.0,0.4217836224,1.0,1.0,1.0,1.0,1.0,1.0,1.0,1.0,1.0,1.0,1.0,1.0,1.0],[0.0,0.0,0.0,0.0,1.0,0.5782163776,0.0,1.0,1.0,1.0,1.0,1.0,1.0,1.0,1.0,1.0,1.0,1.0,1.0,1.0],[0.0,0.0,0.0,0.0,0.0,0.0,0.0,0.0,1.0,1.0,1.0,1.0,1.0,1.0,1.0,1.0,1.0,1.0,1.0,1.0],[0.0,0.0,0.0,0.0,0.0,0.0,0.0,0.0,0.0,1.0,1.0,1.0,1.0,1.0,1.0,1.0,1.0,1.0,1.0,1.0],[0.0,0.0,0.0,0.0,0.0,0.0,0.0,0.0,0.0,0.0,1.0,1.0,1.0,1.0,1.0,1.0,1.0,1.0,1.0,1.0],[0.0,0.0,0.0,0.0,0.0,0.0,0.0,0.0,0.0,0.0,0.0,1.0,1.0,1.0,1.0,1.0,1.0,1.0,1.0,1.0],[0.0,0.0,0.0,0.0,0.0,0.0,0.0,0.0,0.0,0.0,0.0,0.0,0.6699131423,0.3318374215,1.0,1.0,1.0,1.0,1.0,1.0],[0.0,0.0,0.0,0.0,0.0,0.0,0.0,0.0,0.0,0.0,0.0,0.3300868577,0.0,0.6619242792,1.0,1.0,1.0,1.0,1.0,1.0],[0.0,0.0,0.0,0.0,0.0,0.0,0.0,0.0,0.0,0.0,0.0,0.6681625785,0.3380757208,0.0,1.0,1.0,1.0,1.0,1.0,1.0],[0.0,0.0,0.0,0.0,0.0,0.0,0.0,0.0,0.0,0.0,0.0,0.0,0.0,0.0,0.0,1.0,1.0,1.0,1.0,1.0],[0.0,0.0,0.0,0.0,0.0,0.0,0.0,0.0,0.0,0.0,0.0,0.0,0.0,0.0,0.0,0.0,1.0,1.0,1.0,1.0],[0.0,0.0,0.0,0.0,0.0,0.0,0.0,0.0,0.0,0.0,0.0,0.0,0.0,0.0,0.0,0.0,0.0,0.0,1.0,1.0],[0.0,0.0,0.0,0.0,0.0,0.0,0.0,0.0,0.0,0.0,0.0,0.0,0.0,0.0,0.0,0.0,1.0,0.0,1.0,1.0],[0.0,0.0,0.0,0.0,0.0,0.0,0.0,0.0,0.0,0.0,0.0,0.0,0.0,0.0,0.0,0.0,0.0,0.0,0.0,0.5051179103],[0.0,0.0,0.0,0.0,0.0,0.0,0.0,0.0,0.0,0.0,0.0,0.0,0.0,0.0,0.0,0.0,0.0,0.0,0.4948820897,0.0]],"outlier_solution":[0,1,3,2,5,6,4,7,8,9,10,12,13,11,14,15,17,16,19,18],"dataset_id":654,"source_dataset_id":701,"options":null,"D":{"0":{"0":0,"1":4,"2":0,"3":0,"4":0,"5":0,"6":0,"7":0,"8":0,"9":0,"10":0,"11":0,"12":0,"13":0,"14":0,"15":0,"16":0,"17":0,"18":0,"19":0},"1":{"0":1,"1":0,"2":3,"3":0,"4":0,"5":0,"6":0,"7":0,"8":0,"9":0,"10":0,"11":0,"12":0,"13":0,"14":0,"15":0,"16":0,"17":0,"18":0,"19":0},"2":{"0":5,"1":2,"2":0,"3":5,"4":0,"5":0,"6":0,"7":0,"8":0,"9":0,"10":0,"11":0,"12":0,"13":0,"14":0,"15":0,"16":0,"17":0,"18":0,"19":0},"3":{"0":5,"1":5,"2":5,"3":0,"4":5,"5":0,"6":0,"7":0,"8":0,"9":0,"10":0,"11":0,"12":0,"13":0,"14":0,"15":0,"16":0,"17":0,"18":0,"19":0},"4":{"0":7,"1":3,"2":7,"3":2,"4":0,"5":7,"6":0,"7":0,"8":0,"9":0,"10":0,"11":0,"12":0,"13":0,"14":0,"15":0,"16":0,"17":0,"18":0,"19":0},"5":{"0":4,"1":11,"2":7,"3":8,"4":4,"5":0,"6":1,"7":0,"8":0,"9":0,"10":0,"11":0,"12":0,"13":0,"14":0,"15":0,"16":0,"17":0,"18":0,"19":0},"6":{"0":5,"1":4,"2":10,"3":6,"4":7,"5":0,"6":0,"7":0,"8":0,"9":0,"10":0,"11":0,"12":0,"13":0,"14":0,"15":0,"16":0,"17":0,"18":0,"19":0},"7":{"0":6,"1":7,"2":4,"3":2,"4":7,"5":9,"6":1,"7":0,"8":1,"9":0,"10":0,"11":0,"12":0,"13":0,"14":0,"15":0,"16":0,"17":0,"18":0,"19":0},"8":{"0":7,"1":2,"2":4,"3":5,"4":6,"5":3,"6":6,"7":6,"8":0,"9":4,"10":0,"11":0,"12":0,"13":0,"14":0,"15":0,"16":0,"17":0,"18":0,"19":0},"9":{"0":1,"1":5,"2":8,"3":5,"4":4,"5":8,"6":8,"7":4,"8":4,"9":0,"10":2,"11":0,"12":0,"13":0,"14":0,"15":0,"16":0,"17":0,"18":0,"19":0},"10":{"0":4,"1":5,"2":2,"3":8,"4":3,"5":3,"6":4,"7":9,"8":0,"9":4,"10":0,"11":2,"12":0,"13":0,"14":0,"15":0,"16":0,"17":0,"18":0,"19":0},"11":{"0":3,"1":7,"2":8,"3":10,"4":4,"5":7,"6":12,"7":1,"8":5,"9":5,"10":1,"11":0,"12":4,"13":0,"14":0,"15":0,"16":0,"17":0,"18":0,"19":0},"12":{"0":6,"1":3,"2":2,"3":8,"4":6,"5":5,"6":12,"7":3,"8":2,"9":11,"10":6,"11":2,"12":0,"13":3,"14":0,"15":0,"16":0,"17":0,"18":0,"19":0},"13":{"0":1,"1":1,"2":2,"3":3,"4":3,"5":9,"6":5,"7":6,"8":4,"9":6,"10":5,"11":5,"12":3,"13":0,"14":3,"15":0,"16":0,"17":0,"18":0,"19":0},"14":{"0":4,"1":4,"2":3,"3":6,"4":3,"5":8,"6":4,"7":9,"8":7,"9":6,"10":3,"11":3,"12":3,"13":1,"14":0,"15":4,"16":0,"17":0,"18":0,"19":0},"15":{"0":4,"1":5,"2":5,"3":6,"4":7,"5":5,"6":9,"7":5,"8":3,"9":5,"10":3,"11":5,"12":4,"13":5,"14":4,"15":0,"16":1,"17":0,"18":0,"19":0},"16":{"0":10,"1":2,"2":3,"3":6,"4":4,"5":6,"6":3,"7":5,"8":6,"9":2,"10":3,"11":8,"12":8,"13":8,"14":5,"15":1,"16":0,"17":1,"18":0,"19":0},"17":{"0":5,"1":7,"2":5,"3":4,"4":2,"5":5,"6":3,"7":4,"8":7,"9":2,"10":2,"11":6,"12":10,"13":3,"14":7,"15":6,"16":2,"17":0,"18":0,"19":0},"18":{"0":4,"1":3,"2":2,"3":4,"4":4,"5":8,"6":5,"7":6,"8":8,"9":10,"10":5,"11":3,"12":5,"13":5,"14":8,"15":6,"16":6,"17":4,"18":0,"19":1},"19":{"0":7,"1":5,"2":5,"3":4,"4":6,"5":5,"6":9,"7":6,"8":6,"9":2,"10":1,"11":2,"12":9,"13":5,"14":5,"15":6,"16":5,"17":8,"18":4,"19":0}},"method":"hillside","closest_pair":[[0,3,1,2,6,5,4,7,8,9,10,12,13,11,14,15,17,16,19,18],[0,3,1,2,6,5,4,7,8,9,10,12,13,11,14,15,17,16,18,19]],"farthest_pair":[[0,3,1,2,6,4,5,7,8,9,10,12,13,11,14,15,17,16,19,18],[0,1,3,2,5,6,4,7,8,9,10,11,12,13,14,15,17,16,18,19]],"tau_farthest_pair":0.9368421053,"tau_closest_pair":0.9894736842,"centroid_solution":[0,3,1,2,6,5,4,7,8,9,10,13,11,12,14,15,17,16,18,19]}