{"solutions":[[18,17,19,16,15,14,13,12,9,11,10,8,6,5,7,4,0,1,3,2],[18,17,19,16,15,14,13,12,9,11,10,8,6,5,7,4,0,3,2,1]],"obj":991.0,"max_tau_solutions":null,"centroid_x":[[0.0,1.0,1.0,1.0,0.0,0.0,0.0,0.0,0.0,0.0,0.0,0.0,0.0,0.0,0.0,0.0,0.0,0.0,0.0,0.0],[0.0,0.0,0.3532084998,0.3532084998,0.0,0.0,0.0,0.0,0.0,0.0,0.0,0.0,0.0,0.0,0.0,0.0,0.0,0.0,0.0,0.0],[0.0,0.6467915002,0.0,0.0,0.0,0.0,0.0,0.0,0.0,0.0,0.0,0.0,0.0,0.0,0.0,0.0,0.0,0.0,0.0,0.0],[0.0,0.6467915002,1.0,0.0,0.0,0.0,0.0,0.0,0.0,0.0,0.0,0.0,0.0,0.0,0.0,0.0,0.0,0.0,0.0,0.0],[1.0,1.0,1.0,1.0,0.0,0.0,0.0,0.0,0.0,0.0,0.0,0.0,0.0,0.0,0.0,0.0,0.0,0.0,0.0,0.0],[1.0,1.0,1.0,1.0,1.0,0.0,0.0,1.0,0.0,0.0,0.0,0.0,0.0,0.0,0.0,0.0,0.0,0.0,0.0,0.0],[1.0,1.0,1.0,1.0,1.0,1.0,0.0,1.0,0.0,0.0,0.0,0.0,0.0,0.0,0.0,0.0,0.0,0.0,0.0,0.0],[1.0,1.0,1.0,1.0,1.0,0.0,0.0,0.0,0.0,0.0,0.0,0.0,0.0,0.0,0.0,0.0,0.0,0.0,0.0,0.0],[1.0,1.0,1.0,1.0,1.0,1.0,1.0,1.0,0.0,0.0,0.0,0.0,0.0,0.0,0.0,0.0,0.0,0.0,0.0,0.0],[1.0,1.0,1.0,1.0,1.0,1.0,1.0,1.0,1.0,0.0,1.0,1.0,0.0,0.0,0.0,0.0,0.0,0.0,0.0,0.0],[1.0,1.0,1.0,1.0,1.0,1.0,1.0,1.0,1.0,0.0,0.0,0.0,0.0,0.0,0.0,0.0,0.0,0.0,0.0,0.0],[1.0,1.0,1.0,1.0,1.0,1.0,1.0,1.0,1.0,0.0,1.0,0.0,0.0,0.0,0.0,0.0,0.0,0.0,0.0,0.0],[1.0,1.0,1.0,1.0,1.0,1.0,1.0,1.0,1.0,1.0,1.0,1.0,0.0,0.0,0.0,0.0,0.0,0.0,0.0,0.0],[1.0,1.0,1.0,1.0,1.0,1.0,1.0,1.0,1.0,1.0,1.0,1.0,1.0,0.0,0.0,0.0,0.0,0.0,0.0,0.0],[1.0,1.0,1.0,1.0,1.0,1.0,1.0,1.0,1.0,1.0,1.0,1.0,1.0,1.0,0.0,0.0,0.0,0.0,0.0,0.0],[1.0,1.0,1.0,1.0,1.0,1.0,1.0,1.0,1.0,1.0,1.0,1.0,1.0,1.0,1.0,0.0,0.0,0.0,0.0,0.0],[1.0,1.0,1.0,1.0,1.0,1.0,1.0,1.0,1.0,1.0,1.0,1.0,1.0,1.0,1.0,1.0,0.0,0.0,0.0,0.0],[1.0,1.0,1.0,1.0,1.0,1.0,1.0,1.0,1.0,1.0,1.0,1.0,1.0,1.0,1.0,1.0,1.0,0.0,0.0,1.0],[1.0,1.0,1.0,1.0,1.0,1.0,1.0,1.0,1.0,1.0,1.0,1.0,1.0,1.0,1.0,1.0,1.0,1.0,0.0,1.0],[1.0,1.0,1.0,1.0,1.0,1.0,1.0,1.0,1.0,1.0,1.0,1.0,1.0,1.0,1.0,1.0,1.0,0.0,0.0,0.0]],"outlier_solution":[18,17,19,16,15,14,13,12,9,11,10,8,6,5,7,4,0,1,3,2],"dataset_id":656,"source_dataset_id":703,"options":null,"D":{"0":{"0":0,"1":5,"2":4,"3":5,"4":5,"5":5,"6":3,"7":4,"8":5,"9":5,"10":7,"11":2,"12":5,"13":5,"14":4,"15":5,"16":8,"17":6,"18":3,"19":3},"1":{"0":5,"1":0,"2":3,"3":8,"4":11,"5":7,"6":10,"7":6,"8":2,"9":6,"10":4,"11":3,"12":1,"13":6,"14":4,"15":5,"16":7,"17":5,"18":6,"19":4},"2":{"0":0,"1":4,"2":0,"3":4,"4":5,"5":6,"6":7,"7":3,"8":6,"9":9,"10":4,"11":4,"12":6,"13":4,"14":2,"15":6,"16":6,"17":9,"18":6,"19":7},"3":{"0":0,"1":0,"2":3,"3":0,"4":5,"5":3,"6":5,"7":6,"8":6,"9":8,"10":6,"11":4,"12":7,"13":7,"14":5,"15":2,"16":9,"17":6,"18":7,"19":4},"4":{"0":0,"1":0,"2":0,"3":3,"4":0,"5":2,"6":5,"7":5,"8":4,"9":5,"10":6,"11":7,"12":10,"13":3,"14":4,"15":3,"16":8,"17":4,"18":7,"19":2},"5":{"0":0,"1":0,"2":0,"3":0,"4":1,"5":0,"6":2,"7":2,"8":2,"9":4,"10":7,"11":13,"12":7,"13":2,"14":5,"15":5,"16":5,"17":6,"18":1,"19":4},"6":{"0":0,"1":0,"2":0,"3":0,"4":0,"5":5,"6":0,"7":3,"8":4,"9":7,"10":5,"11":7,"12":2,"13":3,"14":4,"15":4,"16":3,"17":6,"18":4,"19":2},"7":{"0":0,"1":0,"2":0,"3":0,"4":0,"5":0,"6":3,"7":0,"8":3,"9":6,"10":7,"11":3,"12":4,"13":6,"14":7,"15":9,"16":4,"17":1,"18":4,"19":5},"8":{"0":0,"1":0,"2":0,"3":0,"4":0,"5":0,"6":0,"7":1,"8":0,"9":4,"10":4,"11":3,"12":6,"13":6,"14":2,"15":3,"16":4,"17":6,"18":5,"19":6},"9":{"0":0,"1":0,"2":0,"3":0,"4":0,"5":0,"6":0,"7":0,"8":1,"9":0,"10":4,"11":9,"12":3,"13":3,"14":5,"15":1,"16":4,"17":9,"18":4,"19":3},"10":{"0":0,"1":0,"2":0,"3":0,"4":0,"5":0,"6":0,"7":0,"8":0,"9":3,"10":0,"11":1,"12":4,"13":6,"14":10,"15":7,"16":6,"17":6,"18":4,"19":4},"11":{"0":0,"1":0,"2":0,"3":0,"4":0,"5":0,"6":0,"7":0,"8":0,"9":0,"10":5,"11":0,"12":2,"13":5,"14":9,"15":3,"16":4,"17":3,"18":8,"19":4},"12":{"0":0,"1":0,"2":0,"3":0,"4":0,"5":0,"6":0,"7":0,"8":0,"9":0,"10":0,"11":3,"12":0,"13":3,"14":6,"15":9,"16":4,"17":8,"18":7,"19":6},"13":{"0":0,"1":0,"2":0,"3":0,"4":0,"5":0,"6":0,"7":0,"8":0,"9":0,"10":0,"11":0,"12":2,"13":0,"14":3,"15":2,"16":3,"17":6,"18":4,"19":6},"14":{"0":0,"1":0,"2":0,"3":0,"4":0,"5":0,"6":0,"7":0,"8":0,"9":0,"10":0,"11":0,"12":0,"13":4,"14":0,"15":3,"16":4,"17":6,"18":8,"19":5},"15":{"0":0,"1":0,"2":0,"3":0,"4":0,"5":0,"6":0,"7":0,"8":0,"9":0,"10":0,"11":0,"12":0,"13":0,"14":3,"15":0,"16":3,"17":6,"18":4,"19":5},"16":{"0":0,"1":0,"2":0,"3":0,"4":0,"5":0,"6":0,"7":0,"8":0,"9":0,"10":0,"11":0,"12":0,"13":0,"14":0,"15":4,"16":0,"17":3,"18":10,"19":8},"17":{"0":0,"1":0,"2":0,"3":0,"4":0,"5":0,"6":0,"7":0,"8":0,"9":0,"10":0,"11":0,"12":0,"13":0,"14":0,"15":0,"16":3,"17":0,"18":1,"19":6},"18":{"0":0,"1":0,"2":0,"3":0,"4":0,"5":0,"6":0,"7":0,"8":0,"9":0,"10":0,"11":0,"12":0,"13":0,"14":0,"15":0,"16":0,"17":0,"18":0,"19":3},"19":{"0":0,"1":0,"2":0,"3":0,"4":0,"5":0,"6":0,"7":0,"8":0,"9":0,"10":0,"11":0,"12":0,"13":0,"14":0,"15":0,"16":0,"17":0,"18":1,"19":0}},"method":"hillside","closest_pair":[[18,17,19,16,15,14,13,12,9,11,10,8,6,5,7,4,0,3,2,1],[18,17,19,16,15,14,13,12,9,11,10,8,6,5,7,4,0,1,3,2]],"farthest_pair":[[18,17,19,16,15,14,13,12,9,11,10,8,6,5,7,4,0,1,3,2],[18,17,19,16,15,14,13,12,9,11,10,8,6,5,7,4,0,3,2,1]],"tau_farthest_pair":0.9789473684,"tau_closest_pair":0.9789473684,"centroid_solution":[18,17,19,16,15,14,13,12,9,11,10,8,6,5,7,4,0,3,2,1]}