{"solutions":[[1,2,3,0,4,7,5,6,8,10,11,9,12,13,14,15,16,19,17,18],[2,3,1,0,4,7,5,6,8,10,11,9,12,13,14,15,16,19,17,18]],"obj":991.0,"max_tau_solutions":null,"centroid_x":[[0.0,0.0,0.0,0.0,1.0,1.0,1.0,1.0,1.0,1.0,1.0,1.0,1.0,1.0,1.0,1.0,1.0,1.0,1.0,1.0],[1.0,0.0,0.4965613976,0.4965613976,1.0,1.0,1.0,1.0,1.0,1.0,1.0,1.0,1.0,1.0,1.0,1.0,1.0,1.0,1.0,1.0],[1.0,0.5034386024,0.0,1.0,1.0,1.0,1.0,1.0,1.0,1.0,1.0,1.0,1.0,1.0,1.0,1.0,1.0,1.0,1.0,1.0],[1.0,0.5034386024,0.0,0.0,1.0,1.0,1.0,1.0,1.0,1.0,1.0,1.0,1.0,1.0,1.0,1.0,1.0,1.0,1.0,1.0],[0.0,0.0,0.0,0.0,0.0,1.0,1.0,1.0,1.0,1.0,1.0,1.0,1.0,1.0,1.0,1.0,1.0,1.0,1.0,1.0],[0.0,0.0,0.0,0.0,0.0,0.0,1.0,0.0,1.0,1.0,1.0,1.0,1.0,1.0,1.0,1.0,1.0,1.0,1.0,1.0],[0.0,0.0,0.0,0.0,0.0,0.0,0.0,0.0,1.0,1.0,1.0,1.0,1.0,1.0,1.0,1.0,1.0,1.0,1.0,1.0],[0.0,0.0,0.0,0.0,0.0,1.0,1.0,0.0,1.0,1.0,1.0,1.0,1.0,1.0,1.0,1.0,1.0,1.0,1.0,1.0],[0.0,0.0,0.0,0.0,0.0,0.0,0.0,0.0,0.0,1.0,1.0,1.0,1.0,1.0,1.0,1.0,1.0,1.0,1.0,1.0],[0.0,0.0,0.0,0.0,0.0,0.0,0.0,0.0,0.0,0.0,0.0,0.0,1.0,1.0,1.0,1.0,1.0,1.0,1.0,1.0],[0.0,0.0,0.0,0.0,0.0,0.0,0.0,0.0,0.0,1.0,0.0,1.0,1.0,1.0,1.0,1.0,1.0,1.0,1.0,1.0],[0.0,0.0,0.0,0.0,0.0,0.0,0.0,0.0,0.0,1.0,0.0,0.0,1.0,1.0,1.0,1.0,1.0,1.0,1.0,1.0],[0.0,0.0,0.0,0.0,0.0,0.0,0.0,0.0,0.0,0.0,0.0,0.0,0.0,1.0,1.0,1.0,1.0,1.0,1.0,1.0],[0.0,0.0,0.0,0.0,0.0,0.0,0.0,0.0,0.0,0.0,0.0,0.0,0.0,0.0,1.0,1.0,1.0,1.0,1.0,1.0],[0.0,0.0,0.0,0.0,0.0,0.0,0.0,0.0,0.0,0.0,0.0,0.0,0.0,0.0,0.0,1.0,1.0,1.0,1.0,1.0],[0.0,0.0,0.0,0.0,0.0,0.0,0.0,0.0,0.0,0.0,0.0,0.0,0.0,0.0,0.0,0.0,1.0,1.0,1.0,1.0],[0.0,0.0,0.0,0.0,0.0,0.0,0.0,0.0,0.0,0.0,0.0,0.0,0.0,0.0,0.0,0.0,0.0,1.0,1.0,1.0],[0.0,0.0,0.0,0.0,0.0,0.0,0.0,0.0,0.0,0.0,0.0,0.0,0.0,0.0,0.0,0.0,0.0,0.0,1.0,0.0],[0.0,0.0,0.0,0.0,0.0,0.0,0.0,0.0,0.0,0.0,0.0,0.0,0.0,0.0,0.0,0.0,0.0,0.0,0.0,0.0],[0.0,0.0,0.0,0.0,0.0,0.0,0.0,0.0,0.0,0.0,0.0,0.0,0.0,0.0,0.0,0.0,0.0,1.0,1.0,0.0]],"outlier_solution":[1,2,3,0,4,7,5,6,8,10,11,9,12,13,14,15,16,19,17,18],"dataset_id":656,"source_dataset_id":703,"options":null,"D":{"0":{"0":0,"1":5,"2":0,"3":0,"4":0,"5":0,"6":0,"7":0,"8":0,"9":0,"10":0,"11":0,"12":0,"13":0,"14":0,"15":0,"16":0,"17":0,"18":0,"19":0},"1":{"0":5,"1":0,"2":4,"3":0,"4":0,"5":0,"6":0,"7":0,"8":0,"9":0,"10":0,"11":0,"12":0,"13":0,"14":0,"15":0,"16":0,"17":0,"18":0,"19":0},"2":{"0":4,"1":3,"2":0,"3":3,"4":0,"5":0,"6":0,"7":0,"8":0,"9":0,"10":0,"11":0,"12":0,"13":0,"14":0,"15":0,"16":0,"17":0,"18":0,"19":0},"3":{"0":5,"1":8,"2":4,"3":0,"4":3,"5":0,"6":0,"7":0,"8":0,"9":0,"10":0,"11":0,"12":0,"13":0,"14":0,"15":0,"16":0,"17":0,"18":0,"19":0},"4":{"0":5,"1":11,"2":5,"3":5,"4":0,"5":1,"6":0,"7":0,"8":0,"9":0,"10":0,"11":0,"12":0,"13":0,"14":0,"15":0,"16":0,"17":0,"18":0,"19":0},"5":{"0":5,"1":7,"2":6,"3":3,"4":2,"5":0,"6":5,"7":0,"8":0,"9":0,"10":0,"11":0,"12":0,"13":0,"14":0,"15":0,"16":0,"17":0,"18":0,"19":0},"6":{"0":3,"1":10,"2":7,"3":5,"4":5,"5":2,"6":0,"7":3,"8":0,"9":0,"10":0,"11":0,"12":0,"13":0,"14":0,"15":0,"16":0,"17":0,"18":0,"19":0},"7":{"0":4,"1":6,"2":3,"3":6,"4":5,"5":2,"6":3,"7":0,"8":1,"9":0,"10":0,"11":0,"12":0,"13":0,"14":0,"15":0,"16":0,"17":0,"18":0,"19":0},"8":{"0":5,"1":2,"2":6,"3":6,"4":4,"5":2,"6":4,"7":3,"8":0,"9":1,"10":0,"11":0,"12":0,"13":0,"14":0,"15":0,"16":0,"17":0,"18":0,"19":0},"9":{"0":5,"1":6,"2":9,"3":8,"4":5,"5":4,"6":7,"7":6,"8":4,"9":0,"10":3,"11":0,"12":0,"13":0,"14":0,"15":0,"16":0,"17":0,"18":0,"19":0},"10":{"0":7,"1":4,"2":4,"3":6,"4":6,"5":7,"6":5,"7":7,"8":4,"9":4,"10":0,"11":5,"12":0,"13":0,"14":0,"15":0,"16":0,"17":0,"18":0,"19":0},"11":{"0":2,"1":3,"2":4,"3":4,"4":7,"5":13,"6":7,"7":3,"8":3,"9":9,"10":1,"11":0,"12":3,"13":0,"14":0,"15":0,"16":0,"17":0,"18":0,"19":0},"12":{"0":5,"1":1,"2":6,"3":7,"4":10,"5":7,"6":2,"7":4,"8":6,"9":3,"10":4,"11":2,"12":0,"13":2,"14":0,"15":0,"16":0,"17":0,"18":0,"19":0},"13":{"0":5,"1":6,"2":4,"3":7,"4":3,"5":2,"6":3,"7":6,"8":6,"9":3,"10":6,"11":5,"12":3,"13":0,"14":4,"15":0,"16":0,"17":0,"18":0,"19":0},"14":{"0":4,"1":4,"2":2,"3":5,"4":4,"5":5,"6":4,"7":7,"8":2,"9":5,"10":10,"11":9,"12":6,"13":3,"14":0,"15":3,"16":0,"17":0,"18":0,"19":0},"15":{"0":5,"1":5,"2":6,"3":2,"4":3,"5":5,"6":4,"7":9,"8":3,"9":1,"10":7,"11":3,"12":9,"13":2,"14":3,"15":0,"16":4,"17":0,"18":0,"19":0},"16":{"0":8,"1":7,"2":6,"3":9,"4":8,"5":5,"6":3,"7":4,"8":4,"9":4,"10":6,"11":4,"12":4,"13":3,"14":4,"15":3,"16":0,"17":3,"18":0,"19":0},"17":{"0":6,"1":5,"2":9,"3":6,"4":4,"5":6,"6":6,"7":1,"8":6,"9":9,"10":6,"11":3,"12":8,"13":6,"14":6,"15":6,"16":3,"17":0,"18":0,"19":0},"18":{"0":3,"1":6,"2":6,"3":7,"4":7,"5":1,"6":4,"7":4,"8":5,"9":4,"10":4,"11":8,"12":7,"13":4,"14":8,"15":4,"16":10,"17":1,"18":0,"19":1},"19":{"0":3,"1":4,"2":7,"3":4,"4":2,"5":4,"6":2,"7":5,"8":6,"9":3,"10":4,"11":4,"12":6,"13":6,"14":5,"15":5,"16":8,"17":6,"18":3,"19":0}},"method":"hillside","closest_pair":[[2,3,1,0,4,7,5,6,8,10,11,9,12,13,14,15,16,19,17,18],[1,2,3,0,4,7,5,6,8,10,11,9,12,13,14,15,16,19,17,18]],"farthest_pair":[[1,2,3,0,4,7,5,6,8,10,11,9,12,13,14,15,16,19,17,18],[2,3,1,0,4,7,5,6,8,10,11,9,12,13,14,15,16,19,17,18]],"tau_farthest_pair":0.9789473684,"tau_closest_pair":0.9789473684,"centroid_solution":[2,3,1,0,4,7,5,6,8,10,11,9,12,13,14,15,16,19,17,18]}