{"solutions":[[19,18,17,14,16,15,12,11,13,10,8,9,7,5,6,3,4,2,1,0],[19,18,17,16,14,15,12,11,13,10,8,9,7,6,5,3,4,2,1,0],[19,18,17,14,16,15,12,11,13,10,8,9,7,6,5,3,4,2,1,0],[19,18,17,16,14,15,12,11,13,10,8,9,7,5,6,3,4,2,1,0],[19,18,17,16,15,14,12,11,13,10,8,9,7,5,6,3,4,2,1,0],[19,18,17,16,15,14,12,11,13,10,8,9,7,6,5,3,4,2,1,0]],"obj":970.0,"max_tau_solutions":null,"centroid_x":[[0.0,0.0,0.0,0.0,0.0,0.0,0.0,0.0,0.0,0.0,0.0,0.0,0.0,0.0,0.0,0.0,0.0,0.0,0.0,0.0],[1.0,0.0,0.0,0.0,0.0,0.0,0.0,0.0,0.0,0.0,0.0,0.0,0.0,0.0,0.0,0.0,0.0,0.0,0.0,0.0],[1.0,1.0,0.0,0.0,0.0,0.0,0.0,0.0,0.0,0.0,0.0,0.0,0.0,0.0,0.0,0.0,0.0,0.0,0.0,0.0],[1.0,1.0,1.0,0.0,1.0,0.0,0.0,0.0,0.0,0.0,0.0,0.0,0.0,0.0,0.0,0.0,0.0,0.0,0.0,0.0],[1.0,1.0,1.0,0.0,0.0,0.0,0.0,0.0,0.0,0.0,0.0,0.0,0.0,0.0,0.0,0.0,0.0,0.0,0.0,0.0],[1.0,1.0,1.0,1.0,1.0,0.0,0.3331465879,0.0,0.0,0.0,0.0,0.0,0.0,0.0,0.0,0.0,0.0,0.0,0.0,0.0],[1.0,1.0,1.0,1.0,1.0,0.6668534121,0.0,0.0,0.0,0.0,0.0,0.0,0.0,0.0,0.0,0.0,0.0,0.0,0.0,0.0],[1.0,1.0,1.0,1.0,1.0,1.0,1.0,0.0,0.0,0.0,0.0,0.0,0.0,0.0,0.0,0.0,0.0,0.0,0.0,0.0],[1.0,1.0,1.0,1.0,1.0,1.0,1.0,1.0,0.0,1.0,0.0,0.0,0.0,0.0,0.0,0.0,0.0,0.0,0.0,0.0],[1.0,1.0,1.0,1.0,1.0,1.0,1.0,1.0,0.0,0.0,0.0,0.0,0.0,0.0,0.0,0.0,0.0,0.0,0.0,0.0],[1.0,1.0,1.0,1.0,1.0,1.0,1.0,1.0,1.0,1.0,0.0,0.0,0.0,0.0,0.0,0.0,0.0,0.0,0.0,0.0],[1.0,1.0,1.0,1.0,1.0,1.0,1.0,1.0,1.0,1.0,1.0,0.0,0.0,1.0,0.0,0.0,0.0,0.0,0.0,0.0],[1.0,1.0,1.0,1.0,1.0,1.0,1.0,1.0,1.0,1.0,1.0,1.0,0.0,1.0,0.0,0.0,0.0,0.0,0.0,0.0],[1.0,1.0,1.0,1.0,1.0,1.0,1.0,1.0,1.0,1.0,1.0,0.0,0.0,0.0,0.0,0.0,0.0,0.0,0.0,0.0],[1.0,1.0,1.0,1.0,1.0,1.0,1.0,1.0,1.0,1.0,1.0,1.0,1.0,1.0,0.0,0.3887491373,0.2940727142,0.0,0.0,0.0],[1.0,1.0,1.0,1.0,1.0,1.0,1.0,1.0,1.0,1.0,1.0,1.0,1.0,1.0,0.6112508627,0.0,0.0,0.0,0.0,0.0],[1.0,1.0,1.0,1.0,1.0,1.0,1.0,1.0,1.0,1.0,1.0,1.0,1.0,1.0,0.7059272858,1.0,0.0,0.0,0.0,0.0],[1.0,1.0,1.0,1.0,1.0,1.0,1.0,1.0,1.0,1.0,1.0,1.0,1.0,1.0,1.0,1.0,1.0,0.0,0.0,0.0],[1.0,1.0,1.0,1.0,1.0,1.0,1.0,1.0,1.0,1.0,1.0,1.0,1.0,1.0,1.0,1.0,1.0,1.0,0.0,0.0],[1.0,1.0,1.0,1.0,1.0,1.0,1.0,1.0,1.0,1.0,1.0,1.0,1.0,1.0,1.0,1.0,1.0,1.0,1.0,0.0]],"outlier_solution":[19,18,17,14,16,15,12,11,13,10,8,9,7,5,6,3,4,2,1,0],"dataset_id":657,"source_dataset_id":704,"options":null,"D":{"0":{"0":0,"1":3,"2":7,"3":5,"4":6,"5":9,"6":8,"7":5,"8":6,"9":5,"10":6,"11":10,"12":4,"13":3,"14":7,"15":8,"16":10,"17":6,"18":3,"19":5},"1":{"0":2,"1":0,"2":6,"3":3,"4":6,"5":6,"6":5,"7":7,"8":5,"9":8,"10":4,"11":7,"12":3,"13":2,"14":2,"15":5,"16":5,"17":11,"18":3,"19":1},"2":{"0":0,"1":4,"2":0,"3":2,"4":3,"5":3,"6":16,"7":3,"8":6,"9":5,"10":9,"11":4,"12":8,"13":3,"14":5,"15":8,"16":4,"17":6,"18":5,"19":9},"3":{"0":0,"1":0,"2":2,"3":0,"4":2,"5":5,"6":5,"7":6,"8":6,"9":2,"10":5,"11":4,"12":3,"13":5,"14":11,"15":2,"16":1,"17":4,"18":3,"19":2},"4":{"0":0,"1":0,"2":0,"3":3,"4":0,"5":3,"6":6,"7":4,"8":3,"9":3,"10":5,"11":9,"12":4,"13":8,"14":9,"15":4,"16":6,"17":8,"18":7,"19":3},"5":{"0":0,"1":0,"2":0,"3":0,"4":1,"5":0,"6":4,"7":6,"8":5,"9":3,"10":1,"11":4,"12":6,"13":2,"14":6,"15":4,"16":7,"17":6,"18":6,"19":3},"6":{"0":0,"1":0,"2":0,"3":0,"4":0,"5":2,"6":0,"7":4,"8":3,"9":7,"10":10,"11":6,"12":7,"13":3,"14":5,"15":5,"16":3,"17":6,"18":5,"19":6},"7":{"0":0,"1":0,"2":0,"3":0,"4":0,"5":0,"6":2,"7":0,"8":4,"9":5,"10":5,"11":5,"12":5,"13":5,"14":4,"15":3,"16":2,"17":3,"18":6,"19":9},"8":{"0":0,"1":0,"2":0,"3":0,"4":0,"5":0,"6":0,"7":0,"8":0,"9":1,"10":3,"11":2,"12":9,"13":6,"14":8,"15":4,"16":6,"17":3,"18":5,"19":6},"9":{"0":0,"1":0,"2":0,"3":0,"4":0,"5":0,"6":0,"7":0,"8":2,"9":0,"10":4,"11":5,"12":6,"13":2,"14":9,"15":7,"16":8,"17":3,"18":7,"19":5},"10":{"0":0,"1":0,"2":0,"3":0,"4":0,"5":0,"6":0,"7":0,"8":0,"9":1,"10":0,"11":5,"12":6,"13":3,"14":6,"15":2,"16":5,"17":6,"18":6,"19":5},"11":{"0":0,"1":0,"2":0,"3":0,"4":0,"5":0,"6":0,"7":0,"8":0,"9":0,"10":2,"11":0,"12":3,"13":5,"14":5,"15":10,"16":4,"17":6,"18":2,"19":10},"12":{"0":0,"1":0,"2":0,"3":0,"4":0,"5":0,"6":0,"7":0,"8":0,"9":0,"10":0,"11":3,"12":0,"13":2,"14":5,"15":7,"16":7,"17":4,"18":4,"19":6},"13":{"0":0,"1":0,"2":0,"3":0,"4":0,"5":0,"6":0,"7":0,"8":0,"9":0,"10":0,"11":0,"12":2,"13":0,"14":2,"15":2,"16":8,"17":6,"18":3,"19":2},"14":{"0":0,"1":0,"2":0,"3":0,"4":0,"5":0,"6":0,"7":0,"8":0,"9":0,"10":0,"11":0,"12":0,"13":2,"14":0,"15":5,"16":7,"17":1,"18":8,"19":4},"15":{"0":0,"1":0,"2":0,"3":0,"4":0,"5":0,"6":0,"7":0,"8":0,"9":0,"10":0,"11":0,"12":0,"13":0,"14":4,"15":0,"16":3,"17":2,"18":3,"19":11},"16":{"0":0,"1":0,"2":0,"3":0,"4":0,"5":0,"6":0,"7":0,"8":0,"9":0,"10":0,"11":0,"12":0,"13":0,"14":0,"15":3,"16":0,"17":1,"18":4,"19":5},"17":{"0":0,"1":0,"2":0,"3":0,"4":0,"5":0,"6":0,"7":0,"8":0,"9":0,"10":0,"11":0,"12":0,"13":0,"14":0,"15":0,"16":1,"17":0,"18":1,"19":6},"18":{"0":0,"1":0,"2":0,"3":0,"4":0,"5":0,"6":0,"7":0,"8":0,"9":0,"10":0,"11":0,"12":0,"13":0,"14":0,"15":0,"16":0,"17":1,"18":0,"19":4},"19":{"0":0,"1":0,"2":0,"3":0,"4":0,"5":0,"6":0,"7":0,"8":0,"9":0,"10":0,"11":0,"12":0,"13":0,"14":0,"15":0,"16":0,"17":0,"18":1,"19":0}},"method":"hillside","closest_pair":[[19,18,17,16,15,14,12,11,13,10,8,9,7,6,5,3,4,2,1,0],[19,18,17,16,14,15,12,11,13,10,8,9,7,6,5,3,4,2,1,0]],"farthest_pair":[[19,18,17,14,16,15,12,11,13,10,8,9,7,6,5,3,4,2,1,0],[19,18,17,16,15,14,12,11,13,10,8,9,7,5,6,3,4,2,1,0]],"tau_farthest_pair":0.9684210526,"tau_closest_pair":0.9894736842,"centroid_solution":[19,18,17,16,15,14,12,11,13,10,8,9,7,6,5,3,4,2,1,0]}