{"solutions":[[1,0,2,4,3,5,7,6,8,9,12,10,11,13,14,15,19,17,16,18],[1,0,4,2,3,5,7,6,8,9,12,10,11,13,14,15,19,17,16,18],[1,0,2,4,3,5,7,6,8,9,10,11,12,14,13,15,19,17,16,18],[1,0,4,2,3,5,6,7,8,9,12,10,11,14,13,15,19,17,16,18],[1,0,4,2,3,5,7,6,8,9,12,10,11,14,13,15,19,17,16,18],[1,0,4,2,3,5,6,7,8,9,12,10,11,13,14,15,19,17,16,18],[1,0,2,4,3,5,7,6,8,9,12,10,11,14,13,15,19,17,16,18],[1,0,2,4,3,5,6,7,8,9,10,11,12,14,13,15,19,17,16,18],[1,0,4,2,3,5,7,6,8,9,10,11,12,14,13,15,19,17,16,18],[1,0,2,4,3,5,6,7,8,9,10,11,12,13,14,15,19,17,16,18],[1,0,4,2,3,5,6,7,8,9,11,12,10,14,13,15,19,17,16,18],[1,0,4,2,3,5,6,7,8,9,10,11,12,13,14,15,19,17,16,18],[1,0,2,4,3,5,7,6,8,9,11,12,10,14,13,15,19,17,16,18],[1,0,4,2,3,5,6,7,8,9,10,11,12,14,13,15,19,17,16,18],[1,0,2,4,3,5,7,6,8,9,10,11,12,13,14,15,19,17,16,18],[1,0,2,4,3,5,6,7,8,9,11,12,10,13,14,15,19,17,16,18],[1,0,4,2,3,5,7,6,8,9,11,12,10,13,14,15,19,17,16,18],[1,0,2,4,3,5,7,6,8,9,11,12,10,13,14,15,19,17,16,18],[1,0,4,2,3,5,7,6,8,9,11,12,10,14,13,15,19,17,16,18],[1,0,2,4,3,5,6,7,8,9,12,10,11,13,14,15,19,17,16,18],[1,0,2,4,3,5,6,7,8,9,12,10,11,14,13,15,19,17,16,18],[1,0,2,4,3,5,6,7,8,9,11,12,10,14,13,15,19,17,16,18],[1,0,4,2,3,5,7,6,8,9,10,11,12,13,14,15,19,17,16,18],[1,0,4,2,3,5,6,7,8,9,11,12,10,13,14,15,19,17,16,18]],"obj":960.0,"max_tau_solutions":null,"centroid_x":[[0.0,0.0,1.0,1.0,1.0,1.0,1.0,1.0,1.0,1.0,1.0,1.0,1.0,1.0,1.0,1.0,1.0,1.0,1.0,1.0],[1.0,0.0,1.0,1.0,1.0,1.0,1.0,1.0,1.0,1.0,1.0,1.0,1.0,1.0,1.0,1.0,1.0,1.0,1.0,1.0],[0.0,0.0,0.0,1.0,0.4981719588,1.0,1.0,1.0,1.0,1.0,1.0,1.0,1.0,1.0,1.0,1.0,1.0,1.0,1.0,1.0],[0.0,0.0,0.0,0.0,0.0,1.0,1.0,1.0,1.0,1.0,1.0,1.0,1.0,1.0,1.0,1.0,1.0,1.0,1.0,1.0],[0.0,0.0,0.5018280412,1.0,0.0,1.0,1.0,1.0,1.0,1.0,1.0,1.0,1.0,1.0,1.0,1.0,1.0,1.0,1.0,1.0],[0.0,0.0,0.0,0.0,0.0,0.0,1.0,1.0,1.0,1.0,1.0,1.0,1.0,1.0,1.0,1.0,1.0,1.0,1.0,1.0],[0.0,0.0,0.0,0.0,0.0,0.0,0.0,0.4970933359,1.0,1.0,1.0,1.0,1.0,1.0,1.0,1.0,1.0,1.0,1.0,1.0],[0.0,0.0,0.0,0.0,0.0,0.0,0.5029066641,0.0,1.0,1.0,1.0,1.0,1.0,1.0,1.0,1.0,1.0,1.0,1.0,1.0],[0.0,0.0,0.0,0.0,0.0,0.0,0.0,0.0,0.0,1.0,1.0,1.0,1.0,1.0,1.0,1.0,1.0,1.0,1.0,1.0],[0.0,0.0,0.0,0.0,0.0,0.0,0.0,0.0,0.0,0.0,1.0,1.0,1.0,1.0,1.0,1.0,1.0,1.0,1.0,1.0],[0.0,0.0,0.0,0.0,0.0,0.0,0.0,0.0,0.0,0.0,0.0,0.6733884816,0.3463840199,1.0,1.0,1.0,1.0,1.0,1.0,1.0],[0.0,0.0,0.0,0.0,0.0,0.0,0.0,0.0,0.0,0.0,0.3266115184,0.0,0.6729955383,1.0,1.0,1.0,1.0,1.0,1.0,1.0],[0.0,0.0,0.0,0.0,0.0,0.0,0.0,0.0,0.0,0.0,0.6536159801,0.3270044617,0.0,1.0,1.0,1.0,1.0,1.0,1.0,1.0],[0.0,0.0,0.0,0.0,0.0,0.0,0.0,0.0,0.0,0.0,0.0,0.0,0.0,0.0,0.4982897181,1.0,1.0,1.0,1.0,1.0],[0.0,0.0,0.0,0.0,0.0,0.0,0.0,0.0,0.0,0.0,0.0,0.0,0.0,0.5017102819,0.0,1.0,1.0,1.0,1.0,1.0],[0.0,0.0,0.0,0.0,0.0,0.0,0.0,0.0,0.0,0.0,0.0,0.0,0.0,0.0,0.0,0.0,1.0,1.0,1.0,1.0],[0.0,0.0,0.0,0.0,0.0,0.0,0.0,0.0,0.0,0.0,0.0,0.0,0.0,0.0,0.0,0.0,0.0,0.0,1.0,0.0],[0.0,0.0,0.0,0.0,0.0,0.0,0.0,0.0,0.0,0.0,0.0,0.0,0.0,0.0,0.0,0.0,1.0,0.0,1.0,0.0],[0.0,0.0,0.0,0.0,0.0,0.0,0.0,0.0,0.0,0.0,0.0,0.0,0.0,0.0,0.0,0.0,0.0,0.0,0.0,0.0],[0.0,0.0,0.0,0.0,0.0,0.0,0.0,0.0,0.0,0.0,0.0,0.0,0.0,0.0,0.0,0.0,1.0,1.0,1.0,0.0]],"outlier_solution":[1,0,2,4,3,5,6,7,8,9,11,12,10,13,14,15,19,17,16,18],"dataset_id":658,"source_dataset_id":705,"options":null,"D":{"0":{"0":0,"1":3,"2":0,"3":0,"4":0,"5":0,"6":0,"7":0,"8":0,"9":0,"10":0,"11":0,"12":0,"13":0,"14":0,"15":0,"16":0,"17":0,"18":0,"19":0},"1":{"0":0,"1":0,"2":2,"3":0,"4":0,"5":0,"6":0,"7":0,"8":0,"9":0,"10":0,"11":0,"12":0,"13":0,"14":0,"15":0,"16":0,"17":0,"18":0,"19":0},"2":{"0":7,"1":4,"2":0,"3":1,"4":0,"5":0,"6":0,"7":0,"8":0,"9":0,"10":0,"11":0,"12":0,"13":0,"14":0,"15":0,"16":0,"17":0,"18":0,"19":0},"3":{"0":4,"1":6,"2":1,"3":0,"4":1,"5":0,"6":0,"7":0,"8":0,"9":0,"10":0,"11":0,"12":0,"13":0,"14":0,"15":0,"16":0,"17":0,"18":0,"19":0},"4":{"0":5,"1":2,"2":3,"3":2,"4":0,"5":1,"6":0,"7":0,"8":0,"9":0,"10":0,"11":0,"12":0,"13":0,"14":0,"15":0,"16":0,"17":0,"18":0,"19":0},"5":{"0":5,"1":7,"2":5,"3":6,"4":2,"5":0,"6":4,"7":0,"8":0,"9":0,"10":0,"11":0,"12":0,"13":0,"14":0,"15":0,"16":0,"17":0,"18":0,"19":0},"6":{"0":10,"1":2,"2":4,"3":6,"4":2,"5":3,"6":0,"7":3,"8":0,"9":0,"10":0,"11":0,"12":0,"13":0,"14":0,"15":0,"16":0,"17":0,"18":0,"19":0},"7":{"0":4,"1":7,"2":9,"3":4,"4":6,"5":2,"6":3,"7":0,"8":2,"9":0,"10":0,"11":0,"12":0,"13":0,"14":0,"15":0,"16":0,"17":0,"18":0,"19":0},"8":{"0":5,"1":4,"2":6,"3":8,"4":10,"5":5,"6":5,"7":3,"8":0,"9":3,"10":0,"11":0,"12":0,"13":0,"14":0,"15":0,"16":0,"17":0,"18":0,"19":0},"9":{"0":4,"1":6,"2":4,"3":2,"4":6,"5":3,"6":4,"7":4,"8":1,"9":0,"10":1,"11":0,"12":0,"13":0,"14":0,"15":0,"16":0,"17":0,"18":0,"19":0},"10":{"0":6,"1":5,"2":4,"3":3,"4":3,"5":5,"6":6,"7":11,"8":8,"9":5,"10":0,"11":3,"12":0,"13":0,"14":0,"15":0,"16":0,"17":0,"18":0,"19":0},"11":{"0":7,"1":9,"2":5,"3":3,"4":4,"5":6,"6":13,"7":4,"8":5,"9":3,"10":3,"11":0,"12":5,"13":0,"14":0,"15":0,"16":0,"17":0,"18":0,"19":0},"12":{"0":4,"1":1,"2":3,"3":5,"4":5,"5":7,"6":4,"7":4,"8":5,"9":3,"10":1,"11":3,"12":0,"13":3,"14":0,"15":0,"16":0,"17":0,"18":0,"19":0},"13":{"0":1,"1":7,"2":4,"3":6,"4":7,"5":9,"6":6,"7":8,"8":4,"9":5,"10":2,"11":5,"12":3,"13":0,"14":3,"15":0,"16":0,"17":0,"18":0,"19":0},"14":{"0":7,"1":4,"2":4,"3":3,"4":5,"5":5,"6":3,"7":8,"8":4,"9":7,"10":4,"11":8,"12":2,"13":0,"14":0,"15":4,"16":0,"17":0,"18":0,"19":0},"15":{"0":8,"1":4,"2":5,"3":6,"4":6,"5":8,"6":4,"7":2,"8":6,"9":6,"10":5,"11":8,"12":4,"13":7,"14":2,"15":0,"16":2,"17":0,"18":0,"19":0},"16":{"0":3,"1":6,"2":6,"3":3,"4":3,"5":5,"6":8,"7":7,"8":8,"9":5,"10":9,"11":8,"12":9,"13":10,"14":5,"15":2,"16":0,"17":1,"18":0,"19":0},"17":{"0":2,"1":6,"2":5,"3":5,"4":6,"5":1,"6":3,"7":5,"8":4,"9":5,"10":6,"11":3,"12":6,"13":8,"14":9,"15":6,"16":3,"17":0,"18":2,"19":0},"18":{"0":5,"1":10,"2":7,"3":11,"4":8,"5":11,"6":5,"7":6,"8":4,"9":1,"10":4,"11":7,"12":4,"13":6,"14":6,"15":4,"16":7,"17":2,"18":0,"19":3},"19":{"0":14,"1":6,"2":2,"3":3,"4":5,"5":4,"6":3,"7":7,"8":4,"9":1,"10":2,"11":7,"12":9,"13":6,"14":5,"15":1,"16":2,"17":5,"18":3,"19":0}},"method":"hillside","closest_pair":[[1,0,4,2,3,5,7,6,8,9,11,12,10,13,14,15,19,17,16,18],[1,0,4,2,3,5,7,6,8,9,11,12,10,14,13,15,19,17,16,18]],"farthest_pair":[[1,0,4,2,3,5,7,6,8,9,12,10,11,14,13,15,19,17,16,18],[1,0,2,4,3,5,6,7,8,9,11,12,10,13,14,15,19,17,16,18]],"tau_farthest_pair":0.9473684211,"tau_closest_pair":0.9894736842,"centroid_solution":[1,0,4,2,3,5,7,6,8,9,10,11,12,14,13,15,19,17,16,18]}