{"solutions":[[18,17,19,15,16,14,13,12,11,9,10,8,7,6,4,5,3,2,1,0],[18,17,19,15,16,14,13,11,12,9,10,8,7,6,4,5,3,2,1,0],[18,17,19,15,16,14,13,12,11,10,9,8,7,6,4,5,3,2,1,0],[18,17,19,15,16,14,13,11,12,10,9,8,7,6,4,5,3,2,1,0]],"obj":981.0,"max_tau_solutions":null,"centroid_x":[[0.0,0.0,0.0,0.0,0.0,0.0,0.0,0.0,0.0,0.0,0.0,0.0,0.0,0.0,0.0,0.0,0.0,0.0,0.0,0.0],[1.0,0.0,0.0,0.0,0.0,0.0,0.0,0.0,0.0,0.0,0.0,0.0,0.0,0.0,0.0,0.0,0.0,0.0,0.0,0.0],[1.0,1.0,0.0,0.0,0.0,0.0,0.0,0.0,0.0,0.0,0.0,0.0,0.0,0.0,0.0,0.0,0.0,0.0,0.0,0.0],[1.0,1.0,1.0,0.0,0.0,0.0,0.0,0.0,0.0,0.0,0.0,0.0,0.0,0.0,0.0,0.0,0.0,0.0,0.0,0.0],[1.0,1.0,1.0,1.0,0.0,1.0,0.0,0.0,0.0,0.0,0.0,0.0,0.0,0.0,0.0,0.0,0.0,0.0,0.0,0.0],[1.0,1.0,1.0,1.0,0.0,0.0,0.0,0.0,0.0,0.0,0.0,0.0,0.0,0.0,0.0,0.0,0.0,0.0,0.0,0.0],[1.0,1.0,1.0,1.0,1.0,1.0,0.0,0.0,0.0,0.0,0.0,0.0,0.0,0.0,0.0,0.0,0.0,0.0,0.0,0.0],[1.0,1.0,1.0,1.0,1.0,1.0,1.0,0.0,0.0,0.0,0.0,0.0,0.0,0.0,0.0,0.0,0.0,0.0,0.0,0.0],[1.0,1.0,1.0,1.0,1.0,1.0,1.0,1.0,0.0,0.0,0.0,0.0,0.0,0.0,0.0,0.0,0.0,0.0,0.0,0.0],[1.0,1.0,1.0,1.0,1.0,1.0,1.0,1.0,1.0,0.0,0.3325736562,0.0,0.0,0.0,0.0,0.0,0.0,0.0,0.0,0.0],[1.0,1.0,1.0,1.0,1.0,1.0,1.0,1.0,1.0,0.6674263438,0.0,0.0,0.0,0.0,0.0,0.0,0.0,0.0,0.0,0.0],[1.0,1.0,1.0,1.0,1.0,1.0,1.0,1.0,1.0,1.0,1.0,0.0,0.3285887848,0.0,0.0,0.0,0.0,0.0,0.0,0.0],[1.0,1.0,1.0,1.0,1.0,1.0,1.0,1.0,1.0,1.0,1.0,0.6714112152,0.0,0.0,0.0,0.0,0.0,0.0,0.0,0.0],[1.0,1.0,1.0,1.0,1.0,1.0,1.0,1.0,1.0,1.0,1.0,1.0,1.0,0.0,0.0,0.0,0.0,0.0,0.0,0.0],[1.0,1.0,1.0,1.0,1.0,1.0,1.0,1.0,1.0,1.0,1.0,1.0,1.0,1.0,0.0,0.0,0.0,0.0,0.0,0.0],[1.0,1.0,1.0,1.0,1.0,1.0,1.0,1.0,1.0,1.0,1.0,1.0,1.0,1.0,1.0,0.0,1.0,0.0,0.0,0.0],[1.0,1.0,1.0,1.0,1.0,1.0,1.0,1.0,1.0,1.0,1.0,1.0,1.0,1.0,1.0,0.0,0.0,0.0,0.0,0.0],[1.0,1.0,1.0,1.0,1.0,1.0,1.0,1.0,1.0,1.0,1.0,1.0,1.0,1.0,1.0,1.0,1.0,0.0,0.0,1.0],[1.0,1.0,1.0,1.0,1.0,1.0,1.0,1.0,1.0,1.0,1.0,1.0,1.0,1.0,1.0,1.0,1.0,1.0,0.0,1.0],[1.0,1.0,1.0,1.0,1.0,1.0,1.0,1.0,1.0,1.0,1.0,1.0,1.0,1.0,1.0,1.0,1.0,0.0,0.0,0.0]],"outlier_solution":[18,17,19,15,16,14,13,11,12,9,10,8,7,6,4,5,3,2,1,0],"dataset_id":659,"source_dataset_id":706,"options":null,"D":{"0":{"0":0,"1":2,"2":7,"3":8,"4":10,"5":8,"6":3,"7":5,"8":7,"9":5,"10":12,"11":10,"12":3,"13":5,"14":2,"15":7,"16":4,"17":4,"18":6,"19":7},"1":{"0":0,"1":0,"2":3,"3":6,"4":4,"5":1,"6":4,"7":9,"8":7,"9":7,"10":3,"11":11,"12":4,"13":5,"14":8,"15":7,"16":3,"17":8,"18":5,"19":3},"2":{"0":0,"1":6,"2":0,"3":2,"4":2,"5":7,"6":5,"7":2,"8":4,"9":3,"10":5,"11":6,"12":6,"13":8,"14":6,"15":2,"16":5,"17":5,"18":2,"19":6},"3":{"0":0,"1":0,"2":3,"3":0,"4":4,"5":5,"6":5,"7":4,"8":10,"9":4,"10":3,"11":2,"12":5,"13":6,"14":1,"15":6,"16":4,"17":7,"18":5,"19":5},"4":{"0":0,"1":0,"2":0,"3":3,"4":0,"5":3,"6":4,"7":8,"8":5,"9":5,"10":6,"11":8,"12":4,"13":6,"14":5,"15":5,"16":4,"17":3,"18":5,"19":4},"5":{"0":0,"1":0,"2":0,"3":0,"4":1,"5":0,"6":6,"7":4,"8":7,"9":9,"10":6,"11":5,"12":8,"13":10,"14":1,"15":5,"16":5,"17":5,"18":5,"19":3},"6":{"0":0,"1":0,"2":0,"3":0,"4":0,"5":1,"6":0,"7":3,"8":5,"9":5,"10":2,"11":3,"12":6,"13":10,"14":8,"15":5,"16":3,"17":4,"18":3,"19":2},"7":{"0":0,"1":0,"2":0,"3":0,"4":0,"5":0,"6":0,"7":0,"8":4,"9":4,"10":4,"11":9,"12":7,"13":2,"14":4,"15":11,"16":5,"17":5,"18":2,"19":4},"8":{"0":0,"1":0,"2":0,"3":0,"4":0,"5":0,"6":0,"7":3,"8":0,"9":5,"10":3,"11":13,"12":4,"13":5,"14":4,"15":7,"16":5,"17":8,"18":8,"19":4},"9":{"0":0,"1":0,"2":0,"3":0,"4":0,"5":0,"6":0,"7":0,"8":1,"9":0,"10":0,"11":4,"12":3,"13":8,"14":11,"15":4,"16":2,"17":5,"18":4,"19":7},"10":{"0":0,"1":0,"2":0,"3":0,"4":0,"5":0,"6":0,"7":0,"8":0,"9":1,"10":0,"11":4,"12":8,"13":4,"14":10,"15":4,"16":4,"17":4,"18":4,"19":5},"11":{"0":0,"1":0,"2":0,"3":0,"4":0,"5":0,"6":0,"7":0,"8":0,"9":0,"10":4,"11":0,"12":2,"13":5,"14":7,"15":1,"16":8,"17":3,"18":5,"19":2},"12":{"0":0,"1":0,"2":0,"3":0,"4":0,"5":0,"6":0,"7":0,"8":0,"9":0,"10":0,"11":2,"12":0,"13":4,"14":4,"15":4,"16":4,"17":5,"18":8,"19":2},"13":{"0":0,"1":0,"2":0,"3":0,"4":0,"5":0,"6":0,"7":0,"8":0,"9":0,"10":0,"11":0,"12":2,"13":0,"14":3,"15":11,"16":3,"17":2,"18":4,"19":11},"14":{"0":0,"1":0,"2":0,"3":0,"4":0,"5":0,"6":0,"7":0,"8":0,"9":0,"10":0,"11":0,"12":0,"13":2,"14":0,"15":4,"16":9,"17":7,"18":3,"19":3},"15":{"0":0,"1":0,"2":0,"3":0,"4":0,"5":0,"6":0,"7":0,"8":0,"9":0,"10":0,"11":0,"12":0,"13":0,"14":1,"15":0,"16":1,"17":4,"18":7,"19":6},"16":{"0":0,"1":0,"2":0,"3":0,"4":0,"5":0,"6":0,"7":0,"8":0,"9":0,"10":0,"11":0,"12":0,"13":0,"14":0,"15":5,"16":0,"17":2,"18":6,"19":2},"17":{"0":0,"1":0,"2":0,"3":0,"4":0,"5":0,"6":0,"7":0,"8":0,"9":0,"10":0,"11":0,"12":0,"13":0,"14":0,"15":0,"16":0,"17":0,"18":2,"19":5},"18":{"0":0,"1":0,"2":0,"3":0,"4":0,"5":0,"6":0,"7":0,"8":0,"9":0,"10":0,"11":0,"12":0,"13":0,"14":0,"15":0,"16":0,"17":1,"18":0,"19":1},"19":{"0":0,"1":0,"2":0,"3":0,"4":0,"5":0,"6":0,"7":0,"8":0,"9":0,"10":0,"11":0,"12":0,"13":0,"14":0,"15":0,"16":0,"17":0,"18":4,"19":0}},"method":"hillside","closest_pair":[[18,17,19,15,16,14,13,11,12,10,9,8,7,6,4,5,3,2,1,0],[18,17,19,15,16,14,13,12,11,10,9,8,7,6,4,5,3,2,1,0]],"farthest_pair":[[18,17,19,15,16,14,13,12,11,10,9,8,7,6,4,5,3,2,1,0],[18,17,19,15,16,14,13,11,12,9,10,8,7,6,4,5,3,2,1,0]],"tau_farthest_pair":0.9789473684,"tau_closest_pair":0.9894736842,"centroid_solution":[18,17,19,15,16,14,13,12,11,10,9,8,7,6,4,5,3,2,1,0]}