{"solutions":[[18,17,19,16,13,15,14,11,12,10,9,8,7,6,4,5,2,3,0,1],[18,17,19,16,13,15,14,11,12,10,9,8,7,6,4,2,5,3,0,1]],"obj":1043.0,"max_tau_solutions":null,"centroid_x":[[0.0,1.0,0.0,0.0,0.0,0.0,0.0,0.0,0.0,0.0,0.0,0.0,0.0,0.0,0.0,0.0,0.0,0.0,0.0,0.0],[0.0,0.0,0.0,0.0,0.0,0.0,0.0,0.0,0.0,0.0,0.0,0.0,0.0,0.0,0.0,0.0,0.0,0.0,0.0,0.0],[1.0,1.0,0.0,1.0,0.0,0.3439700466,0.0,0.0,0.0,0.0,0.0,0.0,0.0,0.0,0.0,0.0,0.0,0.0,0.0,0.0],[1.0,1.0,0.0,0.0,0.0,0.0,0.0,0.0,0.0,0.0,0.0,0.0,0.0,0.0,0.0,0.0,0.0,0.0,0.0,0.0],[1.0,1.0,1.0,1.0,0.0,1.0,0.0,0.0,0.0,0.0,0.0,0.0,0.0,0.0,0.0,0.0,0.0,0.0,0.0,0.0],[1.0,1.0,0.6560299534,1.0,0.0,0.0,0.0,0.0,0.0,0.0,0.0,0.0,0.0,0.0,0.0,0.0,0.0,0.0,0.0,0.0],[1.0,1.0,1.0,1.0,1.0,1.0,0.0,0.0,0.0,0.0,0.0,0.0,0.0,0.0,0.0,0.0,0.0,0.0,0.0,0.0],[1.0,1.0,1.0,1.0,1.0,1.0,1.0,0.0,0.0,0.0,0.0,0.0,0.0,0.0,0.0,0.0,0.0,0.0,0.0,0.0],[1.0,1.0,1.0,1.0,1.0,1.0,1.0,1.0,0.0,0.0,0.0,0.0,0.0,0.0,0.0,0.0,0.0,0.0,0.0,0.0],[1.0,1.0,1.0,1.0,1.0,1.0,1.0,1.0,1.0,0.0,0.0,0.0,0.0,0.0,0.0,0.0,0.0,0.0,0.0,0.0],[1.0,1.0,1.0,1.0,1.0,1.0,1.0,1.0,1.0,1.0,0.0,0.0,0.0,0.0,0.0,0.0,0.0,0.0,0.0,0.0],[1.0,1.0,1.0,1.0,1.0,1.0,1.0,1.0,1.0,1.0,1.0,0.0,1.0,0.0,0.0,0.0,0.0,0.0,0.0,0.0],[1.0,1.0,1.0,1.0,1.0,1.0,1.0,1.0,1.0,1.0,1.0,0.0,0.0,0.0,0.0,0.0,0.0,0.0,0.0,0.0],[1.0,1.0,1.0,1.0,1.0,1.0,1.0,1.0,1.0,1.0,1.0,1.0,1.0,0.0,1.0,1.0,0.0,0.0,0.0,0.0],[1.0,1.0,1.0,1.0,1.0,1.0,1.0,1.0,1.0,1.0,1.0,1.0,1.0,0.0,0.0,0.0,0.0,0.0,0.0,0.0],[1.0,1.0,1.0,1.0,1.0,1.0,1.0,1.0,1.0,1.0,1.0,1.0,1.0,0.0,1.0,0.0,0.0,0.0,0.0,0.0],[1.0,1.0,1.0,1.0,1.0,1.0,1.0,1.0,1.0,1.0,1.0,1.0,1.0,1.0,1.0,1.0,0.0,0.0,0.0,0.0],[1.0,1.0,1.0,1.0,1.0,1.0,1.0,1.0,1.0,1.0,1.0,1.0,1.0,1.0,1.0,1.0,1.0,0.0,0.0,1.0],[1.0,1.0,1.0,1.0,1.0,1.0,1.0,1.0,1.0,1.0,1.0,1.0,1.0,1.0,1.0,1.0,1.0,1.0,0.0,1.0],[1.0,1.0,1.0,1.0,1.0,1.0,1.0,1.0,1.0,1.0,1.0,1.0,1.0,1.0,1.0,1.0,1.0,0.0,0.0,0.0]],"outlier_solution":[18,17,19,16,13,15,14,11,12,10,9,8,7,6,4,2,5,3,0,1],"dataset_id":663,"source_dataset_id":710,"options":null,"D":{"0":{"0":0,"1":4,"2":5,"3":4,"4":11,"5":7,"6":6,"7":6,"8":5,"9":3,"10":3,"11":11,"12":4,"13":8,"14":3,"15":2,"16":7,"17":5,"18":4,"19":5},"1":{"0":4,"1":0,"2":1,"3":6,"4":4,"5":3,"6":2,"7":9,"8":5,"9":6,"10":8,"11":4,"12":4,"13":9,"14":6,"15":6,"16":2,"17":8,"18":3,"19":11},"2":{"0":0,"1":0,"2":0,"3":4,"4":6,"5":3,"6":4,"7":2,"8":3,"9":7,"10":5,"11":6,"12":5,"13":6,"14":2,"15":3,"16":1,"17":3,"18":2,"19":8},"3":{"0":0,"1":0,"2":1,"3":0,"4":5,"5":6,"6":7,"7":3,"8":5,"9":8,"10":2,"11":10,"12":6,"13":4,"14":8,"15":5,"16":3,"17":6,"18":6,"19":3},"4":{"0":0,"1":0,"2":0,"3":4,"4":0,"5":0,"6":4,"7":1,"8":6,"9":3,"10":2,"11":9,"12":8,"13":6,"14":6,"15":5,"16":4,"17":3,"18":7,"19":2},"5":{"0":0,"1":0,"2":0,"3":0,"4":6,"5":0,"6":5,"7":6,"8":4,"9":6,"10":5,"11":7,"12":7,"13":6,"14":2,"15":3,"16":4,"17":9,"18":4,"19":3},"6":{"0":0,"1":0,"2":0,"3":0,"4":0,"5":0,"6":0,"7":3,"8":4,"9":10,"10":9,"11":8,"12":5,"13":4,"14":3,"15":3,"16":11,"17":5,"18":7,"19":5},"7":{"0":0,"1":0,"2":0,"3":0,"4":0,"5":0,"6":3,"7":0,"8":1,"9":2,"10":9,"11":5,"12":4,"13":7,"14":5,"15":3,"16":5,"17":6,"18":7,"19":7},"8":{"0":0,"1":0,"2":0,"3":0,"4":0,"5":0,"6":0,"7":3,"8":0,"9":2,"10":2,"11":4,"12":3,"13":4,"14":6,"15":10,"16":6,"17":3,"18":4,"19":3},"9":{"0":0,"1":0,"2":0,"3":0,"4":0,"5":0,"6":0,"7":0,"8":1,"9":0,"10":2,"11":9,"12":10,"13":6,"14":4,"15":7,"16":11,"17":11,"18":4,"19":3},"10":{"0":0,"1":0,"2":0,"3":0,"4":0,"5":0,"6":0,"7":0,"8":0,"9":2,"10":0,"11":6,"12":9,"13":8,"14":7,"15":2,"16":6,"17":5,"18":3,"19":4},"11":{"0":0,"1":0,"2":0,"3":0,"4":0,"5":0,"6":0,"7":0,"8":0,"9":0,"10":4,"11":0,"12":3,"13":5,"14":6,"15":4,"16":5,"17":7,"18":4,"19":5},"12":{"0":0,"1":0,"2":0,"3":0,"4":0,"5":0,"6":0,"7":0,"8":0,"9":0,"10":0,"11":1,"12":0,"13":1,"14":4,"15":5,"16":8,"17":4,"18":6,"19":3},"13":{"0":0,"1":0,"2":0,"3":0,"4":0,"5":0,"6":0,"7":0,"8":0,"9":0,"10":0,"11":0,"12":4,"13":0,"14":2,"15":7,"16":1,"17":1,"18":5,"19":5},"14":{"0":0,"1":0,"2":0,"3":0,"4":0,"5":0,"6":0,"7":0,"8":0,"9":0,"10":0,"11":0,"12":0,"13":0,"14":0,"15":2,"16":0,"17":7,"18":8,"19":13},"15":{"0":0,"1":0,"2":0,"3":0,"4":0,"5":0,"6":0,"7":0,"8":0,"9":0,"10":0,"11":0,"12":0,"13":0,"14":0,"15":0,"16":2,"17":6,"18":7,"19":5},"16":{"0":0,"1":0,"2":0,"3":0,"4":0,"5":0,"6":0,"7":0,"8":0,"9":0,"10":0,"11":0,"12":0,"13":0,"14":0,"15":5,"16":0,"17":2,"18":5,"19":3},"17":{"0":0,"1":0,"2":0,"3":0,"4":0,"5":0,"6":0,"7":0,"8":0,"9":0,"10":0,"11":0,"12":0,"13":0,"14":0,"15":0,"16":1,"17":0,"18":0,"19":8},"18":{"0":0,"1":0,"2":0,"3":0,"4":0,"5":0,"6":0,"7":0,"8":0,"9":0,"10":0,"11":0,"12":0,"13":0,"14":0,"15":0,"16":0,"17":2,"18":0,"19":1},"19":{"0":0,"1":0,"2":0,"3":0,"4":0,"5":0,"6":0,"7":0,"8":0,"9":0,"10":0,"11":0,"12":0,"13":0,"14":0,"15":0,"16":0,"17":0,"18":3,"19":0}},"method":"hillside","closest_pair":[[18,17,19,16,13,15,14,11,12,10,9,8,7,6,4,2,5,3,0,1],[18,17,19,16,13,15,14,11,12,10,9,8,7,6,4,5,2,3,0,1]],"farthest_pair":[[18,17,19,16,13,15,14,11,12,10,9,8,7,6,4,5,2,3,0,1],[18,17,19,16,13,15,14,11,12,10,9,8,7,6,4,2,5,3,0,1]],"tau_farthest_pair":0.9894736842,"tau_closest_pair":0.9894736842,"centroid_solution":[18,17,19,16,13,15,14,11,12,10,9,8,7,6,4,5,2,3,0,1]}