{"solutions":[[18,19,17,16,15,14,12,13,11,10,8,9,7,5,6,4,3,1,2,0],[18,19,17,16,15,14,12,13,11,10,8,9,7,5,6,4,1,3,2,0]],"obj":1017.0,"max_tau_solutions":null,"centroid_x":[[0.0,0.0,0.0,0.0,0.0,0.0,0.0,0.0,0.0,0.0,0.0,0.0,0.0,0.0,0.0,0.0,0.0,0.0,0.0,0.0],[1.0,0.0,1.0,0.3765282574,0.0,0.0,0.0,0.0,0.0,0.0,0.0,0.0,0.0,0.0,0.0,0.0,0.0,0.0,0.0,0.0],[1.0,0.0,0.0,0.0,0.0,0.0,0.0,0.0,0.0,0.0,0.0,0.0,0.0,0.0,0.0,0.0,0.0,0.0,0.0,0.0],[1.0,0.6234717426,1.0,0.0,0.0,0.0,0.0,0.0,0.0,0.0,0.0,0.0,0.0,0.0,0.0,0.0,0.0,0.0,0.0,0.0],[1.0,1.0,1.0,1.0,0.0,0.0,0.0,0.0,0.0,0.0,0.0,0.0,0.0,0.0,0.0,0.0,0.0,0.0,0.0,0.0],[1.0,1.0,1.0,1.0,1.0,0.0,1.0,0.0,0.0,0.0,0.0,0.0,0.0,0.0,0.0,0.0,0.0,0.0,0.0,0.0],[1.0,1.0,1.0,1.0,1.0,0.0,0.0,0.0,0.0,0.0,0.0,0.0,0.0,0.0,0.0,0.0,0.0,0.0,0.0,0.0],[1.0,1.0,1.0,1.0,1.0,1.0,1.0,0.0,0.0,0.0,0.0,0.0,0.0,0.0,0.0,0.0,0.0,0.0,0.0,0.0],[1.0,1.0,1.0,1.0,1.0,1.0,1.0,1.0,0.0,1.0,0.0,0.0,0.0,0.0,0.0,0.0,0.0,0.0,0.0,0.0],[1.0,1.0,1.0,1.0,1.0,1.0,1.0,1.0,0.0,0.0,0.0,0.0,0.0,0.0,0.0,0.0,0.0,0.0,0.0,0.0],[1.0,1.0,1.0,1.0,1.0,1.0,1.0,1.0,1.0,1.0,0.0,0.0,0.0,0.0,0.0,0.0,0.0,0.0,0.0,0.0],[1.0,1.0,1.0,1.0,1.0,1.0,1.0,1.0,1.0,1.0,1.0,0.0,0.0,0.0,0.0,0.0,0.0,0.0,0.0,0.0],[1.0,1.0,1.0,1.0,1.0,1.0,1.0,1.0,1.0,1.0,1.0,1.0,0.0,1.0,0.0,0.0,0.0,0.0,0.0,0.0],[1.0,1.0,1.0,1.0,1.0,1.0,1.0,1.0,1.0,1.0,1.0,1.0,0.0,0.0,0.0,0.0,0.0,0.0,0.0,0.0],[1.0,1.0,1.0,1.0,1.0,1.0,1.0,1.0,1.0,1.0,1.0,1.0,1.0,1.0,0.0,0.0,0.0,0.0,0.0,0.0],[1.0,1.0,1.0,1.0,1.0,1.0,1.0,1.0,1.0,1.0,1.0,1.0,1.0,1.0,1.0,0.0,0.0,0.0,0.0,0.0],[1.0,1.0,1.0,1.0,1.0,1.0,1.0,1.0,1.0,1.0,1.0,1.0,1.0,1.0,1.0,1.0,0.0,0.0,0.0,0.0],[1.0,1.0,1.0,1.0,1.0,1.0,1.0,1.0,1.0,1.0,1.0,1.0,1.0,1.0,1.0,1.0,1.0,0.0,0.0,0.0],[1.0,1.0,1.0,1.0,1.0,1.0,1.0,1.0,1.0,1.0,1.0,1.0,1.0,1.0,1.0,1.0,1.0,1.0,0.0,1.0],[1.0,1.0,1.0,1.0,1.0,1.0,1.0,1.0,1.0,1.0,1.0,1.0,1.0,1.0,1.0,1.0,1.0,1.0,0.0,0.0]],"outlier_solution":[18,19,17,16,15,14,12,13,11,10,8,9,7,5,6,4,1,3,2,0],"dataset_id":664,"source_dataset_id":711,"options":null,"D":{"0":{"0":0,"1":4,"2":4,"3":2,"4":8,"5":4,"6":4,"7":8,"8":3,"9":4,"10":6,"11":4,"12":7,"13":3,"14":4,"15":6,"16":5,"17":11,"18":5,"19":5},"1":{"0":1,"1":0,"2":2,"3":7,"4":6,"5":7,"6":6,"7":5,"8":9,"9":5,"10":4,"11":5,"12":2,"13":2,"14":3,"15":5,"16":3,"17":2,"18":8,"19":5},"2":{"0":0,"1":6,"2":0,"3":2,"4":5,"5":7,"6":6,"7":7,"8":9,"9":8,"10":3,"11":8,"12":10,"13":2,"14":4,"15":8,"16":4,"17":2,"18":4,"19":4},"3":{"0":0,"1":0,"2":0,"3":0,"4":1,"5":6,"6":4,"7":1,"8":10,"9":8,"10":5,"11":7,"12":9,"13":7,"14":4,"15":3,"16":5,"17":4,"18":3,"19":5},"4":{"0":0,"1":0,"2":0,"3":5,"4":0,"5":6,"6":5,"7":5,"8":5,"9":2,"10":8,"11":6,"12":8,"13":3,"14":2,"15":5,"16":2,"17":7,"18":8,"19":5},"5":{"0":0,"1":0,"2":0,"3":0,"4":1,"5":0,"6":3,"7":4,"8":10,"9":6,"10":2,"11":3,"12":3,"13":4,"14":4,"15":8,"16":7,"17":3,"18":5,"19":6},"6":{"0":0,"1":0,"2":0,"3":0,"4":0,"5":3,"6":0,"7":0,"8":8,"9":3,"10":4,"11":6,"12":4,"13":3,"14":6,"15":4,"16":1,"17":5,"18":8,"19":1},"7":{"0":0,"1":0,"2":0,"3":0,"4":0,"5":0,"6":2,"7":0,"8":2,"9":3,"10":3,"11":3,"12":3,"13":4,"14":9,"15":6,"16":7,"17":10,"18":4,"19":3},"8":{"0":0,"1":0,"2":0,"3":0,"4":0,"5":0,"6":0,"7":2,"8":0,"9":1,"10":8,"11":6,"12":6,"13":10,"14":5,"15":6,"16":8,"17":7,"18":6,"19":4},"9":{"0":0,"1":0,"2":0,"3":0,"4":0,"5":0,"6":0,"7":0,"8":2,"9":0,"10":4,"11":7,"12":7,"13":10,"14":6,"15":8,"16":4,"17":7,"18":6,"19":3},"10":{"0":0,"1":0,"2":0,"3":0,"4":0,"5":0,"6":0,"7":0,"8":0,"9":1,"10":0,"11":2,"12":8,"13":1,"14":8,"15":4,"16":5,"17":7,"18":12,"19":5},"11":{"0":0,"1":0,"2":0,"3":0,"4":0,"5":0,"6":0,"7":0,"8":0,"9":0,"10":0,"11":0,"12":7,"13":4,"14":2,"15":10,"16":3,"17":7,"18":4,"19":5},"12":{"0":0,"1":0,"2":0,"3":0,"4":0,"5":0,"6":0,"7":0,"8":0,"9":0,"10":0,"11":5,"12":0,"13":2,"14":5,"15":4,"16":7,"17":3,"18":5,"19":8},"13":{"0":0,"1":0,"2":0,"3":0,"4":0,"5":0,"6":0,"7":0,"8":0,"9":0,"10":0,"11":0,"12":4,"13":0,"14":1,"15":7,"16":3,"17":6,"18":6,"19":2},"14":{"0":0,"1":0,"2":0,"3":0,"4":0,"5":0,"6":0,"7":0,"8":0,"9":0,"10":0,"11":0,"12":0,"13":2,"14":0,"15":3,"16":4,"17":3,"18":6,"19":4},"15":{"0":0,"1":0,"2":0,"3":0,"4":0,"5":0,"6":0,"7":0,"8":0,"9":0,"10":0,"11":0,"12":0,"13":0,"14":2,"15":0,"16":1,"17":4,"18":6,"19":6},"16":{"0":0,"1":0,"2":0,"3":0,"4":0,"5":0,"6":0,"7":0,"8":0,"9":0,"10":0,"11":0,"12":0,"13":0,"14":0,"15":5,"16":0,"17":1,"18":5,"19":3},"17":{"0":0,"1":0,"2":0,"3":0,"4":0,"5":0,"6":0,"7":0,"8":0,"9":0,"10":0,"11":0,"12":0,"13":0,"14":0,"15":0,"16":2,"17":0,"18":2,"19":6},"18":{"0":0,"1":0,"2":0,"3":0,"4":0,"5":0,"6":0,"7":0,"8":0,"9":0,"10":0,"11":0,"12":0,"13":0,"14":0,"15":0,"16":0,"17":2,"18":0,"19":4},"19":{"0":0,"1":0,"2":0,"3":0,"4":0,"5":0,"6":0,"7":0,"8":0,"9":0,"10":0,"11":0,"12":0,"13":0,"14":0,"15":0,"16":0,"17":0,"18":2,"19":0}},"method":"hillside","closest_pair":[[18,19,17,16,15,14,12,13,11,10,8,9,7,5,6,4,1,3,2,0],[18,19,17,16,15,14,12,13,11,10,8,9,7,5,6,4,3,1,2,0]],"farthest_pair":[[18,19,17,16,15,14,12,13,11,10,8,9,7,5,6,4,3,1,2,0],[18,19,17,16,15,14,12,13,11,10,8,9,7,5,6,4,1,3,2,0]],"tau_farthest_pair":0.9894736842,"tau_closest_pair":0.9894736842,"centroid_solution":[18,19,17,16,15,14,12,13,11,10,8,9,7,5,6,4,3,1,2,0]}