{"solutions":[[19,17,16,18,15,14,12,13,8,11,10,9,7,6,5,4,2,3,0,1],[19,18,17,16,15,14,12,13,8,11,10,9,7,6,5,4,2,3,1,0],[19,17,18,16,15,14,12,13,8,11,10,9,7,6,5,4,2,3,0,1],[19,17,18,16,15,14,12,13,8,11,10,9,7,6,5,4,2,3,1,0],[19,18,17,16,15,14,12,13,8,11,10,9,7,6,5,4,2,3,0,1],[19,17,16,18,15,14,12,13,8,11,10,9,7,6,5,4,2,3,1,0]],"obj":1036.0,"max_tau_solutions":null,"centroid_x":[[0.0,0.3364634667,0.0,0.0,0.0,0.0,0.0,0.0,0.0,0.0,0.0,0.0,0.0,0.0,0.0,0.0,0.0,0.0,0.0,0.0],[0.6635365333,0.0,0.0,0.0,0.0,0.0,0.0,0.0,0.0,0.0,0.0,0.0,0.0,0.0,0.0,0.0,0.0,0.0,0.0,0.0],[1.0,1.0,0.0,1.0,0.0,0.0,0.0,0.0,0.0,0.0,0.0,0.0,0.0,0.0,0.0,0.0,0.0,0.0,0.0,0.0],[1.0,1.0,0.0,0.0,0.0,0.0,0.0,0.0,0.0,0.0,0.0,0.0,0.0,0.0,0.0,0.0,0.0,0.0,0.0,0.0],[1.0,1.0,1.0,1.0,0.0,0.0,0.0,0.0,0.0,0.0,0.0,0.0,0.0,0.0,0.0,0.0,0.0,0.0,0.0,0.0],[1.0,1.0,1.0,1.0,1.0,0.0,0.0,0.0,0.0,0.0,0.0,0.0,0.0,0.0,0.0,0.0,0.0,0.0,0.0,0.0],[1.0,1.0,1.0,1.0,1.0,1.0,0.0,0.0,0.0,0.0,0.0,0.0,0.0,0.0,0.0,0.0,0.0,0.0,0.0,0.0],[1.0,1.0,1.0,1.0,1.0,1.0,1.0,0.0,0.0,0.0,0.0,0.0,0.0,0.0,0.0,0.0,0.0,0.0,0.0,0.0],[1.0,1.0,1.0,1.0,1.0,1.0,1.0,1.0,0.0,1.0,1.0,1.0,0.0,0.0,0.0,0.0,0.0,0.0,0.0,0.0],[1.0,1.0,1.0,1.0,1.0,1.0,1.0,1.0,0.0,0.0,0.0,0.0,0.0,0.0,0.0,0.0,0.0,0.0,0.0,0.0],[1.0,1.0,1.0,1.0,1.0,1.0,1.0,1.0,0.0,1.0,0.0,0.0,0.0,0.0,0.0,0.0,0.0,0.0,0.0,0.0],[1.0,1.0,1.0,1.0,1.0,1.0,1.0,1.0,0.0,1.0,1.0,0.0,0.0,0.0,0.0,0.0,0.0,0.0,0.0,0.0],[1.0,1.0,1.0,1.0,1.0,1.0,1.0,1.0,1.0,1.0,1.0,1.0,0.0,1.0,0.0,0.0,0.0,0.0,0.0,0.0],[1.0,1.0,1.0,1.0,1.0,1.0,1.0,1.0,1.0,1.0,1.0,1.0,0.0,0.0,0.0,0.0,0.0,0.0,0.0,0.0],[1.0,1.0,1.0,1.0,1.0,1.0,1.0,1.0,1.0,1.0,1.0,1.0,1.0,1.0,0.0,0.0,0.0,0.0,0.0,0.0],[1.0,1.0,1.0,1.0,1.0,1.0,1.0,1.0,1.0,1.0,1.0,1.0,1.0,1.0,1.0,0.0,0.0,0.0,0.0,0.0],[1.0,1.0,1.0,1.0,1.0,1.0,1.0,1.0,1.0,1.0,1.0,1.0,1.0,1.0,1.0,1.0,0.0,0.0,0.2832744521,0.0],[1.0,1.0,1.0,1.0,1.0,1.0,1.0,1.0,1.0,1.0,1.0,1.0,1.0,1.0,1.0,1.0,1.0,0.0,0.3944111684,0.0],[1.0,1.0,1.0,1.0,1.0,1.0,1.0,1.0,1.0,1.0,1.0,1.0,1.0,1.0,1.0,1.0,0.7167255479,0.6055888316,0.0,0.0],[1.0,1.0,1.0,1.0,1.0,1.0,1.0,1.0,1.0,1.0,1.0,1.0,1.0,1.0,1.0,1.0,1.0,1.0,1.0,0.0]],"outlier_solution":[19,17,16,18,15,14,12,13,8,11,10,9,7,6,5,4,2,3,0,1],"dataset_id":665,"source_dataset_id":712,"options":null,"D":{"0":{"0":0,"1":2,"2":4,"3":2,"4":2,"5":5,"6":5,"7":4,"8":4,"9":8,"10":3,"11":5,"12":3,"13":6,"14":10,"15":5,"16":6,"17":7,"18":2,"19":5},"1":{"0":0,"1":0,"2":8,"3":7,"4":5,"5":6,"6":10,"7":6,"8":3,"9":5,"10":5,"11":1,"12":6,"13":1,"14":8,"15":5,"16":4,"17":5,"18":5,"19":6},"2":{"0":0,"1":3,"2":0,"3":5,"4":7,"5":5,"6":4,"7":5,"8":7,"9":7,"10":0,"11":1,"12":7,"13":4,"14":7,"15":1,"16":6,"17":6,"18":4,"19":5},"3":{"0":0,"1":0,"2":2,"3":0,"4":4,"5":7,"6":6,"7":8,"8":5,"9":7,"10":7,"11":7,"12":4,"13":5,"14":9,"15":6,"16":3,"17":3,"18":4,"19":2},"4":{"0":0,"1":0,"2":0,"3":1,"4":0,"5":2,"6":5,"7":9,"8":8,"9":3,"10":3,"11":7,"12":13,"13":8,"14":4,"15":7,"16":3,"17":5,"18":2,"19":2},"5":{"0":0,"1":0,"2":0,"3":0,"4":5,"5":0,"6":2,"7":5,"8":5,"9":3,"10":4,"11":5,"12":3,"13":10,"14":9,"15":8,"16":5,"17":7,"18":6,"19":2},"6":{"0":0,"1":0,"2":0,"3":0,"4":0,"5":3,"6":0,"7":3,"8":14,"9":8,"10":10,"11":9,"12":9,"13":8,"14":5,"15":3,"16":2,"17":5,"18":4,"19":5},"7":{"0":0,"1":0,"2":0,"3":0,"4":0,"5":0,"6":3,"7":0,"8":0,"9":4,"10":7,"11":4,"12":1,"13":1,"14":7,"15":4,"16":6,"17":7,"18":8,"19":5},"8":{"0":0,"1":0,"2":0,"3":0,"4":0,"5":0,"6":0,"7":0,"8":0,"9":1,"10":2,"11":6,"12":7,"13":1,"14":2,"15":9,"16":4,"17":4,"18":1,"19":8},"9":{"0":0,"1":0,"2":0,"3":0,"4":0,"5":0,"6":0,"7":0,"8":6,"9":0,"10":4,"11":5,"12":7,"13":3,"14":11,"15":1,"16":10,"17":4,"18":7,"19":9},"10":{"0":0,"1":0,"2":0,"3":0,"4":0,"5":0,"6":0,"7":0,"8":0,"9":1,"10":0,"11":3,"12":3,"13":3,"14":4,"15":5,"16":4,"17":4,"18":9,"19":6},"11":{"0":0,"1":0,"2":0,"3":0,"4":0,"5":0,"6":0,"7":0,"8":0,"9":0,"10":3,"11":0,"12":3,"13":3,"14":5,"15":4,"16":9,"17":7,"18":4,"19":9},"12":{"0":0,"1":0,"2":0,"3":0,"4":0,"5":0,"6":0,"7":0,"8":0,"9":0,"10":0,"11":2,"12":0,"13":5,"14":5,"15":8,"16":7,"17":5,"18":2,"19":5},"13":{"0":0,"1":0,"2":0,"3":0,"4":0,"5":0,"6":0,"7":0,"8":0,"9":0,"10":0,"11":0,"12":5,"13":0,"14":2,"15":2,"16":9,"17":1,"18":7,"19":7},"14":{"0":0,"1":0,"2":0,"3":0,"4":0,"5":0,"6":0,"7":0,"8":0,"9":0,"10":0,"11":0,"12":0,"13":3,"14":0,"15":1,"16":7,"17":4,"18":7,"19":4},"15":{"0":0,"1":0,"2":0,"3":0,"4":0,"5":0,"6":0,"7":0,"8":0,"9":0,"10":0,"11":0,"12":0,"13":0,"14":1,"15":0,"16":3,"17":2,"18":2,"19":3},"16":{"0":0,"1":0,"2":0,"3":0,"4":0,"5":0,"6":0,"7":0,"8":0,"9":0,"10":0,"11":0,"12":0,"13":0,"14":0,"15":4,"16":0,"17":1,"18":5,"19":2},"17":{"0":0,"1":0,"2":0,"3":0,"4":0,"5":0,"6":0,"7":0,"8":0,"9":0,"10":0,"11":0,"12":0,"13":0,"14":0,"15":0,"16":3,"17":0,"18":4,"19":1},"18":{"0":0,"1":0,"2":0,"3":0,"4":0,"5":0,"6":0,"7":0,"8":0,"9":0,"10":0,"11":0,"12":0,"13":0,"14":0,"15":0,"16":0,"17":2,"18":0,"19":3},"19":{"0":0,"1":0,"2":0,"3":0,"4":0,"5":0,"6":0,"7":0,"8":0,"9":0,"10":0,"11":0,"12":0,"13":0,"14":0,"15":0,"16":0,"17":0,"18":2,"19":0}},"method":"hillside","closest_pair":[[19,17,18,16,15,14,12,13,8,11,10,9,7,6,5,4,2,3,1,0],[19,17,16,18,15,14,12,13,8,11,10,9,7,6,5,4,2,3,1,0]],"farthest_pair":[[19,17,16,18,15,14,12,13,8,11,10,9,7,6,5,4,2,3,1,0],[19,18,17,16,15,14,12,13,8,11,10,9,7,6,5,4,2,3,0,1]],"tau_farthest_pair":0.9684210526,"tau_closest_pair":0.9894736842,"centroid_solution":[19,18,17,16,15,14,12,13,8,11,10,9,7,6,5,4,2,3,1,0]}