{"solutions":[[0,1,2,3,4,6,5,7,8,9,10,11,12,13,14,15,17,16,18,19],[1,0,2,3,4,6,5,7,8,9,10,11,12,13,14,15,17,16,18,19],[0,1,2,3,4,6,5,7,8,9,10,11,12,13,14,15,16,17,18,19],[1,0,2,3,4,6,5,7,8,9,10,11,12,13,14,15,16,17,18,19]],"obj":1011.0,"max_tau_solutions":null,"centroid_x":[[0.0,0.4964807939,1.0,1.0,1.0,1.0,1.0,1.0,1.0,1.0,1.0,1.0,1.0,1.0,1.0,1.0,1.0,1.0,1.0,1.0],[0.5035192061,0.0,1.0,1.0,1.0,1.0,1.0,1.0,1.0,1.0,1.0,1.0,1.0,1.0,1.0,1.0,1.0,1.0,1.0,1.0],[0.0,0.0,0.0,1.0,1.0,1.0,1.0,1.0,1.0,1.0,1.0,1.0,1.0,1.0,1.0,1.0,1.0,1.0,1.0,1.0],[0.0,0.0,0.0,0.0,1.0,1.0,1.0,1.0,1.0,1.0,1.0,1.0,1.0,1.0,1.0,1.0,1.0,1.0,1.0,1.0],[0.0,0.0,0.0,0.0,0.0,1.0,1.0,1.0,1.0,1.0,1.0,1.0,1.0,1.0,1.0,1.0,1.0,1.0,1.0,1.0],[0.0,0.0,0.0,0.0,0.0,0.0,0.0,1.0,1.0,1.0,1.0,1.0,1.0,1.0,1.0,1.0,1.0,1.0,1.0,1.0],[0.0,0.0,0.0,0.0,0.0,1.0,0.0,1.0,1.0,1.0,1.0,1.0,1.0,1.0,1.0,1.0,1.0,1.0,1.0,1.0],[0.0,0.0,0.0,0.0,0.0,0.0,0.0,0.0,1.0,1.0,1.0,1.0,1.0,1.0,1.0,1.0,1.0,1.0,1.0,1.0],[0.0,0.0,0.0,0.0,0.0,0.0,0.0,0.0,0.0,1.0,1.0,1.0,1.0,1.0,1.0,1.0,1.0,1.0,1.0,1.0],[0.0,0.0,0.0,0.0,0.0,0.0,0.0,0.0,0.0,0.0,1.0,1.0,1.0,1.0,1.0,1.0,1.0,1.0,1.0,1.0],[0.0,0.0,0.0,0.0,0.0,0.0,0.0,0.0,0.0,0.0,0.0,1.0,1.0,1.0,1.0,1.0,1.0,1.0,1.0,1.0],[0.0,0.0,0.0,0.0,0.0,0.0,0.0,0.0,0.0,0.0,0.0,0.0,1.0,1.0,1.0,1.0,1.0,1.0,1.0,1.0],[0.0,0.0,0.0,0.0,0.0,0.0,0.0,0.0,0.0,0.0,0.0,0.0,0.0,1.0,1.0,1.0,1.0,1.0,1.0,1.0],[0.0,0.0,0.0,0.0,0.0,0.0,0.0,0.0,0.0,0.0,0.0,0.0,0.0,0.0,1.0,1.0,1.0,1.0,1.0,1.0],[0.0,0.0,0.0,0.0,0.0,0.0,0.0,0.0,0.0,0.0,0.0,0.0,0.0,0.0,0.0,1.0,1.0,1.0,1.0,1.0],[0.0,0.0,0.0,0.0,0.0,0.0,0.0,0.0,0.0,0.0,0.0,0.0,0.0,0.0,0.0,0.0,1.0,1.0,1.0,1.0],[0.0,0.0,0.0,0.0,0.0,0.0,0.0,0.0,0.0,0.0,0.0,0.0,0.0,0.0,0.0,0.0,0.0,0.5084220669,1.0,1.0],[0.0,0.0,0.0,0.0,0.0,0.0,0.0,0.0,0.0,0.0,0.0,0.0,0.0,0.0,0.0,0.0,0.4915779331,0.0,1.0,1.0],[0.0,0.0,0.0,0.0,0.0,0.0,0.0,0.0,0.0,0.0,0.0,0.0,0.0,0.0,0.0,0.0,0.0,0.0,0.0,1.0],[0.0,0.0,0.0,0.0,0.0,0.0,0.0,0.0,0.0,0.0,0.0,0.0,0.0,0.0,0.0,0.0,0.0,0.0,0.0,0.0]],"outlier_solution":[0,1,2,3,4,6,5,7,8,9,10,11,12,13,14,15,17,16,18,19],"dataset_id":667,"source_dataset_id":714,"options":null,"D":{"0":{"0":0,"1":2,"2":0,"3":0,"4":0,"5":0,"6":0,"7":0,"8":0,"9":0,"10":0,"11":0,"12":0,"13":0,"14":0,"15":0,"16":0,"17":0,"18":0,"19":0},"1":{"0":2,"1":0,"2":6,"3":0,"4":0,"5":0,"6":0,"7":0,"8":0,"9":0,"10":0,"11":0,"12":0,"13":0,"14":0,"15":0,"16":0,"17":0,"18":0,"19":0},"2":{"0":4,"1":2,"2":0,"3":1,"4":0,"5":0,"6":0,"7":0,"8":0,"9":0,"10":0,"11":0,"12":0,"13":0,"14":0,"15":0,"16":0,"17":0,"18":0,"19":0},"3":{"0":3,"1":5,"2":4,"3":0,"4":5,"5":0,"6":0,"7":0,"8":0,"9":0,"10":0,"11":0,"12":0,"13":0,"14":0,"15":0,"16":0,"17":0,"18":0,"19":0},"4":{"0":6,"1":3,"2":7,"3":2,"4":0,"5":3,"6":0,"7":0,"8":0,"9":0,"10":0,"11":0,"12":0,"13":0,"14":0,"15":0,"16":0,"17":0,"18":0,"19":0},"5":{"0":5,"1":4,"2":2,"3":6,"4":4,"5":0,"6":2,"7":0,"8":0,"9":0,"10":0,"11":0,"12":0,"13":0,"14":0,"15":0,"16":0,"17":0,"18":0,"19":0},"6":{"0":12,"1":5,"2":0,"3":7,"4":4,"5":2,"6":0,"7":2,"8":0,"9":0,"10":0,"11":0,"12":0,"13":0,"14":0,"15":0,"16":0,"17":0,"18":0,"19":0},"7":{"0":4,"1":5,"2":4,"3":3,"4":2,"5":5,"6":5,"7":0,"8":3,"9":0,"10":0,"11":0,"12":0,"13":0,"14":0,"15":0,"16":0,"17":0,"18":0,"19":0},"8":{"0":4,"1":7,"2":6,"3":5,"4":5,"5":3,"6":7,"7":2,"8":0,"9":5,"10":0,"11":0,"12":0,"13":0,"14":0,"15":0,"16":0,"17":0,"18":0,"19":0},"9":{"0":5,"1":4,"2":8,"3":5,"4":8,"5":5,"6":6,"7":5,"8":2,"9":0,"10":3,"11":0,"12":0,"13":0,"14":0,"15":0,"16":0,"17":0,"18":0,"19":0},"10":{"0":4,"1":7,"2":8,"3":6,"4":4,"5":8,"6":8,"7":5,"8":11,"9":4,"10":0,"11":1,"12":0,"13":0,"14":0,"15":0,"16":0,"17":0,"18":0,"19":0},"11":{"0":7,"1":9,"2":9,"3":8,"4":0,"5":2,"6":8,"7":6,"8":7,"9":3,"10":2,"11":0,"12":0,"13":0,"14":0,"15":0,"16":0,"17":0,"18":0,"19":0},"12":{"0":7,"1":5,"2":3,"3":5,"4":5,"5":5,"6":5,"7":5,"8":6,"9":6,"10":8,"11":1,"12":0,"13":5,"14":0,"15":0,"16":0,"17":0,"18":0,"19":0},"13":{"0":6,"1":3,"2":4,"3":5,"4":8,"5":3,"6":5,"7":9,"8":12,"9":6,"10":4,"11":5,"12":1,"13":0,"14":1,"15":0,"16":0,"17":0,"18":0,"19":0},"14":{"0":1,"1":5,"2":6,"3":6,"4":7,"5":4,"6":5,"7":5,"8":2,"9":4,"10":6,"11":3,"12":7,"13":3,"14":0,"15":1,"16":0,"17":0,"18":0,"19":0},"15":{"0":2,"1":4,"2":2,"3":6,"4":7,"5":5,"6":4,"7":4,"8":9,"9":5,"10":6,"11":4,"12":2,"13":9,"14":2,"15":0,"16":4,"17":0,"18":0,"19":0},"16":{"0":5,"1":7,"2":4,"3":6,"4":5,"5":2,"6":2,"7":7,"8":1,"9":4,"10":6,"11":9,"12":8,"13":11,"14":2,"15":2,"16":0,"17":3,"18":0,"19":0},"17":{"0":3,"1":7,"2":2,"3":6,"4":3,"5":4,"6":4,"7":6,"8":3,"9":4,"10":4,"11":4,"12":7,"13":4,"14":3,"15":6,"16":3,"17":0,"18":2,"19":0},"18":{"0":8,"1":5,"2":1,"3":4,"4":10,"5":5,"6":7,"7":9,"8":6,"9":3,"10":7,"11":11,"12":1,"13":4,"14":7,"15":7,"16":3,"17":1,"18":0,"19":4},"19":{"0":4,"1":4,"2":7,"3":6,"4":4,"5":8,"6":8,"7":3,"8":2,"9":5,"10":10,"11":7,"12":3,"13":1,"14":6,"15":6,"16":4,"17":4,"18":5,"19":0}},"method":"hillside","closest_pair":[[1,0,2,3,4,6,5,7,8,9,10,11,12,13,14,15,16,17,18,19],[1,0,2,3,4,6,5,7,8,9,10,11,12,13,14,15,17,16,18,19]],"farthest_pair":[[1,0,2,3,4,6,5,7,8,9,10,11,12,13,14,15,17,16,18,19],[0,1,2,3,4,6,5,7,8,9,10,11,12,13,14,15,16,17,18,19]],"tau_farthest_pair":0.9789473684,"tau_closest_pair":0.9894736842,"centroid_solution":[1,0,2,3,4,6,5,7,8,9,10,11,12,13,14,15,16,17,18,19]}