{"solutions":[[19,17,18,16,15,14,13,12,11,10,9,8,7,6,3,5,4,2,1,0],[19,17,18,16,15,14,13,12,11,10,8,7,9,6,3,5,4,2,1,0],[19,17,18,16,15,14,13,12,11,10,8,9,7,6,3,5,4,2,1,0]],"obj":992.0,"max_tau_solutions":null,"centroid_x":[[0.0,0.0,0.0,0.0,0.0,0.0,0.0,0.0,0.0,0.0,0.0,0.0,0.0,0.0,0.0,0.0,0.0,0.0,0.0,0.0],[1.0,0.0,0.0,0.0,0.0,0.0,0.0,0.0,0.0,0.0,0.0,0.0,0.0,0.0,0.0,0.0,0.0,0.0,0.0,0.0],[1.0,1.0,0.0,0.0,0.0,0.0,0.0,0.0,0.0,0.0,0.0,0.0,0.0,0.0,0.0,0.0,0.0,0.0,0.0,0.0],[1.0,1.0,1.0,0.0,1.0,1.0,0.0,0.0,0.0,0.0,0.0,0.0,0.0,0.0,0.0,0.0,0.0,0.0,0.0,0.0],[1.0,1.0,1.0,0.0,0.0,0.0,0.0,0.0,0.0,0.0,0.0,0.0,0.0,0.0,0.0,0.0,0.0,0.0,0.0,0.0],[1.0,1.0,1.0,0.0,1.0,0.0,0.0,0.0,0.0,0.0,0.0,0.0,0.0,0.0,0.0,0.0,0.0,0.0,0.0,0.0],[1.0,1.0,1.0,1.0,1.0,1.0,0.0,0.0,0.0,0.0,0.0,0.0,0.0,0.0,0.0,0.0,0.0,0.0,0.0,0.0],[1.0,1.0,1.0,1.0,1.0,1.0,1.0,0.0,0.0,0.2958282031,0.0,0.0,0.0,0.0,0.0,0.0,0.0,0.0,0.0,0.0],[1.0,1.0,1.0,1.0,1.0,1.0,1.0,1.0,0.0,0.3885594116,0.0,0.0,0.0,0.0,0.0,0.0,0.0,0.0,0.0,0.0],[1.0,1.0,1.0,1.0,1.0,1.0,1.0,0.7041717969,0.6114405884,0.0,0.0,0.0,0.0,0.0,0.0,0.0,0.0,0.0,0.0,0.0],[1.0,1.0,1.0,1.0,1.0,1.0,1.0,1.0,1.0,1.0,0.0,0.0,0.0,0.0,0.0,0.0,0.0,0.0,0.0,0.0],[1.0,1.0,1.0,1.0,1.0,1.0,1.0,1.0,1.0,1.0,1.0,0.0,0.0,0.0,0.0,0.0,0.0,0.0,0.0,0.0],[1.0,1.0,1.0,1.0,1.0,1.0,1.0,1.0,1.0,1.0,1.0,1.0,0.0,0.0,0.0,0.0,0.0,0.0,0.0,0.0],[1.0,1.0,1.0,1.0,1.0,1.0,1.0,1.0,1.0,1.0,1.0,1.0,1.0,0.0,0.0,0.0,0.0,0.0,0.0,0.0],[1.0,1.0,1.0,1.0,1.0,1.0,1.0,1.0,1.0,1.0,1.0,1.0,1.0,1.0,0.0,0.0,0.0,0.0,0.0,0.0],[1.0,1.0,1.0,1.0,1.0,1.0,1.0,1.0,1.0,1.0,1.0,1.0,1.0,1.0,1.0,0.0,0.0,0.0,0.0,0.0],[1.0,1.0,1.0,1.0,1.0,1.0,1.0,1.0,1.0,1.0,1.0,1.0,1.0,1.0,1.0,1.0,0.0,0.0,0.0,0.0],[1.0,1.0,1.0,1.0,1.0,1.0,1.0,1.0,1.0,1.0,1.0,1.0,1.0,1.0,1.0,1.0,1.0,0.0,1.0,0.0],[1.0,1.0,1.0,1.0,1.0,1.0,1.0,1.0,1.0,1.0,1.0,1.0,1.0,1.0,1.0,1.0,1.0,0.0,0.0,0.0],[1.0,1.0,1.0,1.0,1.0,1.0,1.0,1.0,1.0,1.0,1.0,1.0,1.0,1.0,1.0,1.0,1.0,1.0,1.0,0.0]],"outlier_solution":[19,17,18,16,15,14,13,12,11,10,8,7,9,6,3,5,4,2,1,0],"dataset_id":668,"source_dataset_id":715,"options":null,"D":{"0":{"0":0,"1":2,"2":4,"3":5,"4":6,"5":2,"6":8,"7":7,"8":6,"9":6,"10":8,"11":5,"12":1,"13":8,"14":4,"15":5,"16":6,"17":6,"18":4,"19":4},"1":{"0":0,"1":0,"2":4,"3":3,"4":5,"5":3,"6":6,"7":8,"8":4,"9":3,"10":3,"11":6,"12":6,"13":4,"14":7,"15":4,"16":4,"17":5,"18":3,"19":9},"2":{"0":0,"1":1,"2":0,"3":2,"4":5,"5":4,"6":4,"7":5,"8":2,"9":6,"10":2,"11":0,"12":11,"13":6,"14":2,"15":8,"16":4,"17":2,"18":6,"19":12},"3":{"0":0,"1":0,"2":2,"3":0,"4":3,"5":5,"6":1,"7":5,"8":8,"9":6,"10":1,"11":5,"12":5,"13":3,"14":4,"15":4,"16":5,"17":5,"18":2,"19":2},"4":{"0":0,"1":0,"2":0,"3":3,"4":0,"5":2,"6":6,"7":7,"8":5,"9":7,"10":8,"11":8,"12":6,"13":11,"14":3,"15":6,"16":2,"17":4,"18":10,"19":4},"5":{"0":0,"1":0,"2":0,"3":0,"4":4,"5":0,"6":4,"7":8,"8":2,"9":4,"10":2,"11":5,"12":8,"13":4,"14":6,"15":5,"16":5,"17":5,"18":3,"19":4},"6":{"0":0,"1":0,"2":0,"3":0,"4":0,"5":3,"6":0,"7":1,"8":5,"9":3,"10":6,"11":0,"12":5,"13":1,"14":5,"15":8,"16":8,"17":7,"18":4,"19":5},"7":{"0":0,"1":0,"2":0,"3":0,"4":0,"5":0,"6":1,"7":0,"8":2,"9":4,"10":4,"11":4,"12":5,"13":5,"14":6,"15":7,"16":3,"17":8,"18":5,"19":5},"8":{"0":0,"1":0,"2":0,"3":0,"4":0,"5":0,"6":0,"7":2,"8":0,"9":3,"10":4,"11":5,"12":2,"13":4,"14":4,"15":6,"16":4,"17":3,"18":9,"19":8},"9":{"0":0,"1":0,"2":0,"3":0,"4":0,"5":0,"6":0,"7":0,"8":3,"9":0,"10":7,"11":6,"12":2,"13":5,"14":1,"15":9,"16":9,"17":9,"18":5,"19":7},"10":{"0":0,"1":0,"2":0,"3":0,"4":0,"5":0,"6":0,"7":0,"8":0,"9":2,"10":0,"11":1,"12":5,"13":3,"14":10,"15":4,"16":5,"17":7,"18":8,"19":6},"11":{"0":0,"1":0,"2":0,"3":0,"4":0,"5":0,"6":0,"7":0,"8":0,"9":0,"10":4,"11":0,"12":2,"13":2,"14":5,"15":7,"16":7,"17":8,"18":10,"19":3},"12":{"0":0,"1":0,"2":0,"3":0,"4":0,"5":0,"6":0,"7":0,"8":0,"9":0,"10":0,"11":2,"12":0,"13":0,"14":4,"15":9,"16":5,"17":8,"18":7,"19":12},"13":{"0":0,"1":0,"2":0,"3":0,"4":0,"5":0,"6":0,"7":0,"8":0,"9":0,"10":0,"11":0,"12":2,"13":0,"14":0,"15":6,"16":3,"17":3,"18":4,"19":7},"14":{"0":0,"1":0,"2":0,"3":0,"4":0,"5":0,"6":0,"7":0,"8":0,"9":0,"10":0,"11":0,"12":0,"13":2,"14":0,"15":3,"16":6,"17":4,"18":3,"19":5},"15":{"0":0,"1":0,"2":0,"3":0,"4":0,"5":0,"6":0,"7":0,"8":0,"9":0,"10":0,"11":0,"12":0,"13":0,"14":3,"15":0,"16":4,"17":10,"18":4,"19":11},"16":{"0":0,"1":0,"2":0,"3":0,"4":0,"5":0,"6":0,"7":0,"8":0,"9":0,"10":0,"11":0,"12":0,"13":0,"14":0,"15":1,"16":0,"17":4,"18":4,"19":8},"17":{"0":0,"1":0,"2":0,"3":0,"4":0,"5":0,"6":0,"7":0,"8":0,"9":0,"10":0,"11":0,"12":0,"13":0,"14":0,"15":0,"16":3,"17":0,"18":2,"19":8},"18":{"0":0,"1":0,"2":0,"3":0,"4":0,"5":0,"6":0,"7":0,"8":0,"9":0,"10":0,"11":0,"12":0,"13":0,"14":0,"15":0,"16":0,"17":2,"18":0,"19":6},"19":{"0":0,"1":0,"2":0,"3":0,"4":0,"5":0,"6":0,"7":0,"8":0,"9":0,"10":0,"11":0,"12":0,"13":0,"14":0,"15":0,"16":0,"17":0,"18":6,"19":0}},"method":"hillside","closest_pair":[[19,17,18,16,15,14,13,12,11,10,8,9,7,6,3,5,4,2,1,0],[19,17,18,16,15,14,13,12,11,10,8,7,9,6,3,5,4,2,1,0]],"farthest_pair":[[19,17,18,16,15,14,13,12,11,10,9,8,7,6,3,5,4,2,1,0],[19,17,18,16,15,14,13,12,11,10,8,7,9,6,3,5,4,2,1,0]],"tau_farthest_pair":0.9789473684,"tau_closest_pair":0.9894736842,"centroid_solution":[19,17,18,16,15,14,13,12,11,10,9,8,7,6,3,5,4,2,1,0]}