{"solutions":[[1,2,0,3,4,6,5,7,8,9,10,11,13,12,15,14,16,18,17,19],[1,2,0,3,4,6,5,7,8,9,10,11,13,12,14,15,16,18,17,19],[1,2,0,3,6,4,5,7,8,9,10,11,12,13,15,14,16,18,17,19],[1,2,0,3,6,4,5,7,8,9,10,11,13,12,14,15,16,18,17,19],[1,2,0,3,6,4,7,5,8,9,10,11,12,13,15,14,16,18,17,19],[1,2,0,3,4,6,7,5,8,9,10,11,12,13,15,14,16,18,17,19],[1,2,0,3,4,6,5,7,8,9,10,11,12,13,14,15,16,18,17,19],[1,2,0,3,6,4,7,5,8,9,10,11,13,12,15,14,16,18,17,19],[1,2,0,3,6,4,7,5,8,9,10,11,12,13,14,15,16,18,17,19],[1,2,0,3,6,5,4,7,8,9,10,11,13,12,14,15,16,18,17,19],[1,2,0,3,6,4,5,7,8,9,10,11,13,12,15,14,16,18,17,19],[1,2,0,3,6,5,4,7,8,9,10,11,12,13,14,15,16,18,17,19],[1,2,0,3,4,6,7,5,8,9,10,11,13,12,15,14,16,18,17,19],[1,2,0,3,6,4,5,7,8,9,10,11,12,13,14,15,16,18,17,19],[1,2,0,3,6,4,7,5,8,9,10,11,13,12,14,15,16,18,17,19],[1,2,0,3,4,6,7,5,8,9,10,11,12,13,14,15,16,18,17,19],[1,2,0,3,4,6,5,7,8,9,10,11,12,13,15,14,16,18,17,19],[1,2,0,3,4,6,7,5,8,9,10,11,13,12,14,15,16,18,17,19],[1,2,0,3,6,5,4,7,8,9,10,11,12,13,15,14,16,18,17,19],[1,2,0,3,6,5,4,7,8,9,10,11,13,12,15,14,16,18,17,19]],"obj":1006.0,"max_tau_solutions":null,"centroid_x":[[0.0,0.0,0.0,1.0,1.0,1.0,1.0,1.0,1.0,1.0,1.0,1.0,1.0,1.0,1.0,1.0,1.0,1.0,1.0,1.0],[1.0,0.0,1.0,1.0,1.0,1.0,1.0,1.0,1.0,1.0,1.0,1.0,1.0,1.0,1.0,1.0,1.0,1.0,1.0,1.0],[1.0,0.0,0.0,1.0,1.0,1.0,1.0,1.0,1.0,1.0,1.0,1.0,1.0,1.0,1.0,1.0,1.0,1.0,1.0,1.0],[0.0,0.0,0.0,0.0,1.0,1.0,1.0,1.0,1.0,1.0,1.0,1.0,1.0,1.0,1.0,1.0,1.0,1.0,1.0,1.0],[0.0,0.0,0.0,0.0,0.0,0.5874027726,0.4483743827,1.0,1.0,1.0,1.0,1.0,1.0,1.0,1.0,1.0,1.0,1.0,1.0,1.0],[0.0,0.0,0.0,0.0,0.4125972274,0.0,0.0,0.5583865443,1.0,1.0,1.0,1.0,1.0,1.0,1.0,1.0,1.0,1.0,1.0,1.0],[0.0,0.0,0.0,0.0,0.5516256173,1.0,0.0,1.0,1.0,1.0,1.0,1.0,1.0,1.0,1.0,1.0,1.0,1.0,1.0,1.0],[0.0,0.0,0.0,0.0,0.0,0.4416134557,0.0,0.0,1.0,1.0,1.0,1.0,1.0,1.0,1.0,1.0,1.0,1.0,1.0,1.0],[0.0,0.0,0.0,0.0,0.0,0.0,0.0,0.0,0.0,1.0,1.0,1.0,1.0,1.0,1.0,1.0,1.0,1.0,1.0,1.0],[0.0,0.0,0.0,0.0,0.0,0.0,0.0,0.0,0.0,0.0,1.0,1.0,1.0,1.0,1.0,1.0,1.0,1.0,1.0,1.0],[0.0,0.0,0.0,0.0,0.0,0.0,0.0,0.0,0.0,0.0,0.0,1.0,1.0,1.0,1.0,1.0,1.0,1.0,1.0,1.0],[0.0,0.0,0.0,0.0,0.0,0.0,0.0,0.0,0.0,0.0,0.0,0.0,1.0,1.0,1.0,1.0,1.0,1.0,1.0,1.0],[0.0,0.0,0.0,0.0,0.0,0.0,0.0,0.0,0.0,0.0,0.0,0.0,0.0,0.4987468079,1.0,1.0,1.0,1.0,1.0,1.0],[0.0,0.0,0.0,0.0,0.0,0.0,0.0,0.0,0.0,0.0,0.0,0.0,0.5012531921,0.0,1.0,1.0,1.0,1.0,1.0,1.0],[0.0,0.0,0.0,0.0,0.0,0.0,0.0,0.0,0.0,0.0,0.0,0.0,0.0,0.0,0.0,0.4987151633,1.0,1.0,1.0,1.0],[0.0,0.0,0.0,0.0,0.0,0.0,0.0,0.0,0.0,0.0,0.0,0.0,0.0,0.0,0.5012848367,0.0,1.0,1.0,1.0,1.0],[0.0,0.0,0.0,0.0,0.0,0.0,0.0,0.0,0.0,0.0,0.0,0.0,0.0,0.0,0.0,0.0,0.0,1.0,1.0,1.0],[0.0,0.0,0.0,0.0,0.0,0.0,0.0,0.0,0.0,0.0,0.0,0.0,0.0,0.0,0.0,0.0,0.0,0.0,0.0,1.0],[0.0,0.0,0.0,0.0,0.0,0.0,0.0,0.0,0.0,0.0,0.0,0.0,0.0,0.0,0.0,0.0,0.0,1.0,0.0,1.0],[0.0,0.0,0.0,0.0,0.0,0.0,0.0,0.0,0.0,0.0,0.0,0.0,0.0,0.0,0.0,0.0,0.0,0.0,0.0,0.0]],"outlier_solution":[1,2,0,3,4,6,7,5,8,9,10,11,12,13,14,15,16,18,17,19],"dataset_id":671,"source_dataset_id":718,"options":null,"D":{"0":{"0":0,"1":2,"2":2,"3":0,"4":0,"5":0,"6":0,"7":0,"8":0,"9":0,"10":0,"11":0,"12":0,"13":0,"14":0,"15":0,"16":0,"17":0,"18":0,"19":0},"1":{"0":3,"1":0,"2":4,"3":2,"4":0,"5":0,"6":0,"7":0,"8":0,"9":0,"10":0,"11":0,"12":0,"13":0,"14":0,"15":0,"16":0,"17":0,"18":0,"19":0},"2":{"0":5,"1":10,"2":0,"3":3,"4":5,"5":0,"6":0,"7":0,"8":0,"9":0,"10":0,"11":0,"12":0,"13":0,"14":0,"15":0,"16":0,"17":0,"18":0,"19":0},"3":{"0":2,"1":2,"2":5,"3":0,"4":1,"5":2,"6":0,"7":0,"8":0,"9":0,"10":0,"11":0,"12":0,"13":0,"14":0,"15":0,"16":0,"17":0,"18":0,"19":0},"4":{"0":6,"1":6,"2":2,"3":5,"4":0,"5":1,"6":1,"7":0,"8":0,"9":0,"10":0,"11":0,"12":0,"13":0,"14":0,"15":0,"16":0,"17":0,"18":0,"19":0},"5":{"0":6,"1":5,"2":10,"3":3,"4":0,"5":0,"6":0,"7":2,"8":0,"9":0,"10":0,"11":0,"12":0,"13":0,"14":0,"15":0,"16":0,"17":0,"18":0,"19":0},"6":{"0":2,"1":6,"2":6,"3":2,"4":4,"5":2,"6":0,"7":3,"8":3,"9":0,"10":0,"11":0,"12":0,"13":0,"14":0,"15":0,"16":0,"17":0,"18":0,"19":0},"7":{"0":8,"1":3,"2":2,"3":3,"4":8,"5":1,"6":5,"7":0,"8":3,"9":1,"10":0,"11":0,"12":0,"13":0,"14":0,"15":0,"16":0,"17":0,"18":0,"19":0},"8":{"0":4,"1":6,"2":6,"3":8,"4":7,"5":3,"6":7,"7":2,"8":0,"9":1,"10":3,"11":0,"12":0,"13":0,"14":0,"15":0,"16":0,"17":0,"18":0,"19":0},"9":{"0":5,"1":7,"2":6,"3":4,"4":8,"5":3,"6":5,"7":3,"8":2,"9":0,"10":3,"11":2,"12":0,"13":0,"14":0,"15":0,"16":0,"17":0,"18":0,"19":0},"10":{"0":8,"1":9,"2":7,"3":4,"4":4,"5":4,"6":10,"7":7,"8":3,"9":2,"10":0,"11":3,"12":0,"13":0,"14":0,"15":0,"16":0,"17":0,"18":0,"19":0},"11":{"0":5,"1":4,"2":1,"3":7,"4":2,"5":5,"6":4,"7":6,"8":6,"9":3,"10":1,"11":0,"12":2,"13":6,"14":0,"15":0,"16":0,"17":0,"18":0,"19":0},"12":{"0":6,"1":7,"2":9,"3":7,"4":4,"5":4,"6":4,"7":2,"8":4,"9":6,"10":4,"11":3,"12":0,"13":2,"14":1,"15":0,"16":0,"17":0,"18":0,"19":0},"13":{"0":2,"1":7,"2":3,"3":3,"4":6,"5":4,"6":8,"7":6,"8":6,"9":2,"10":1,"11":3,"12":5,"13":0,"14":2,"15":2,"16":0,"17":0,"18":0,"19":0},"14":{"0":11,"1":2,"2":2,"3":8,"4":4,"5":6,"6":4,"7":5,"8":6,"9":7,"10":5,"11":5,"12":5,"13":6,"14":0,"15":4,"16":2,"17":0,"18":0,"19":0},"15":{"0":4,"1":7,"2":3,"3":6,"4":4,"5":4,"6":5,"7":6,"8":6,"9":5,"10":5,"11":4,"12":6,"13":6,"14":3,"15":0,"16":2,"17":0,"18":0,"19":0},"16":{"0":8,"1":5,"2":8,"3":7,"4":6,"5":3,"6":7,"7":6,"8":6,"9":6,"10":3,"11":7,"12":4,"13":6,"14":3,"15":3,"16":0,"17":2,"18":1,"19":0},"17":{"0":7,"1":3,"2":8,"3":3,"4":4,"5":5,"6":6,"7":6,"8":0,"9":6,"10":6,"11":9,"12":6,"13":5,"14":7,"15":5,"16":3,"17":0,"18":2,"19":1},"18":{"0":4,"1":5,"2":5,"3":1,"4":3,"5":5,"6":6,"7":5,"8":3,"9":7,"10":4,"11":7,"12":3,"13":3,"14":3,"15":8,"16":2,"17":4,"18":0,"19":2},"19":{"0":4,"1":6,"2":4,"3":3,"4":7,"5":2,"6":2,"7":8,"8":5,"9":3,"10":5,"11":3,"12":10,"13":9,"14":2,"15":6,"16":8,"17":2,"18":2,"19":0}},"method":"hillside","closest_pair":[[1,2,0,3,6,4,7,5,8,9,10,11,13,12,15,14,16,18,17,19],[1,2,0,3,4,6,7,5,8,9,10,11,13,12,15,14,16,18,17,19]],"farthest_pair":[[1,2,0,3,4,6,7,5,8,9,10,11,13,12,15,14,16,18,17,19],[1,2,0,3,6,5,4,7,8,9,10,11,12,13,14,15,16,18,17,19]],"tau_farthest_pair":0.9473684211,"tau_closest_pair":0.9894736842,"centroid_solution":[1,2,0,3,6,4,5,7,8,9,10,11,13,12,15,14,16,18,17,19]}