{"solutions":[[19,17,18,16,14,15,13,12,11,10,9,8,7,5,6,4,3,0,2,1],[19,17,18,16,15,14,13,12,11,10,9,8,7,5,4,6,3,0,2,1],[19,17,18,16,15,14,12,13,11,10,9,8,7,4,5,6,3,0,2,1],[19,17,18,16,15,14,13,12,11,10,9,8,7,5,6,4,3,0,2,1],[19,17,18,16,14,15,12,13,11,10,9,8,5,7,6,4,3,0,2,1],[19,17,18,16,14,15,13,12,11,10,9,8,5,7,6,4,3,0,2,1],[19,17,18,16,14,15,13,12,11,10,9,8,7,5,4,6,3,0,2,1],[19,17,18,16,15,14,12,13,11,10,9,8,7,5,6,4,3,0,2,1],[19,17,18,16,14,15,12,13,11,10,9,8,7,5,4,6,3,0,2,1],[19,17,18,16,14,15,12,13,11,10,9,8,7,4,5,6,3,0,2,1],[19,17,18,16,15,14,12,13,11,10,9,8,7,5,4,6,3,0,2,1],[19,17,18,16,14,15,12,13,11,10,9,8,5,7,4,6,3,0,2,1],[19,17,18,16,14,15,13,12,11,10,9,8,7,4,5,6,3,0,2,1],[19,17,18,16,15,14,12,13,11,10,9,8,5,7,6,4,3,0,2,1],[19,17,18,16,15,14,13,12,11,10,9,8,7,4,5,6,3,0,2,1],[19,17,18,16,14,15,13,12,11,10,9,8,5,7,4,6,3,0,2,1],[19,17,18,16,15,14,13,12,11,10,9,8,5,7,4,6,3,0,2,1],[19,17,18,16,15,14,12,13,11,10,9,8,5,7,4,6,3,0,2,1],[19,17,18,16,15,14,13,12,11,10,9,8,5,7,6,4,3,0,2,1],[19,17,18,16,14,15,12,13,11,10,9,8,7,5,6,4,3,0,2,1]],"obj":1006.0,"max_tau_solutions":null,"centroid_x":[[0.0,1.0,1.0,0.0,0.0,0.0,0.0,0.0,0.0,0.0,0.0,0.0,0.0,0.0,0.0,0.0,0.0,0.0,0.0,0.0],[0.0,0.0,0.0,0.0,0.0,0.0,0.0,0.0,0.0,0.0,0.0,0.0,0.0,0.0,0.0,0.0,0.0,0.0,0.0,0.0],[0.0,1.0,0.0,0.0,0.0,0.0,0.0,0.0,0.0,0.0,0.0,0.0,0.0,0.0,0.0,0.0,0.0,0.0,0.0,0.0],[1.0,1.0,1.0,0.0,0.0,0.0,0.0,0.0,0.0,0.0,0.0,0.0,0.0,0.0,0.0,0.0,0.0,0.0,0.0,0.0],[1.0,1.0,1.0,1.0,0.0,0.2648773497,0.4172400856,0.0,0.0,0.0,0.0,0.0,0.0,0.0,0.0,0.0,0.0,0.0,0.0,0.0],[1.0,1.0,1.0,1.0,0.7351226503,0.0,1.0,0.337473437,0.0,0.0,0.0,0.0,0.0,0.0,0.0,0.0,0.0,0.0,0.0,0.0],[1.0,1.0,1.0,1.0,0.5827599144,0.0,0.0,0.0,0.0,0.0,0.0,0.0,0.0,0.0,0.0,0.0,0.0,0.0,0.0,0.0],[1.0,1.0,1.0,1.0,1.0,0.662526563,1.0,0.0,0.0,0.0,0.0,0.0,0.0,0.0,0.0,0.0,0.0,0.0,0.0,0.0],[1.0,1.0,1.0,1.0,1.0,1.0,1.0,1.0,0.0,0.0,0.0,0.0,0.0,0.0,0.0,0.0,0.0,0.0,0.0,0.0],[1.0,1.0,1.0,1.0,1.0,1.0,1.0,1.0,1.0,0.0,0.0,0.0,0.0,0.0,0.0,0.0,0.0,0.0,0.0,0.0],[1.0,1.0,1.0,1.0,1.0,1.0,1.0,1.0,1.0,1.0,0.0,0.0,0.0,0.0,0.0,0.0,0.0,0.0,0.0,0.0],[1.0,1.0,1.0,1.0,1.0,1.0,1.0,1.0,1.0,1.0,1.0,0.0,0.0,0.0,0.0,0.0,0.0,0.0,0.0,0.0],[1.0,1.0,1.0,1.0,1.0,1.0,1.0,1.0,1.0,1.0,1.0,1.0,0.0,0.3332766623,0.0,0.0,0.0,0.0,0.0,0.0],[1.0,1.0,1.0,1.0,1.0,1.0,1.0,1.0,1.0,1.0,1.0,1.0,0.6667233377,0.0,0.0,0.0,0.0,0.0,0.0,0.0],[1.0,1.0,1.0,1.0,1.0,1.0,1.0,1.0,1.0,1.0,1.0,1.0,1.0,1.0,0.0,0.3326426144,0.0,0.0,0.0,0.0],[1.0,1.0,1.0,1.0,1.0,1.0,1.0,1.0,1.0,1.0,1.0,1.0,1.0,1.0,0.6673573856,0.0,0.0,0.0,0.0,0.0],[1.0,1.0,1.0,1.0,1.0,1.0,1.0,1.0,1.0,1.0,1.0,1.0,1.0,1.0,1.0,1.0,0.0,0.0,0.0,0.0],[1.0,1.0,1.0,1.0,1.0,1.0,1.0,1.0,1.0,1.0,1.0,1.0,1.0,1.0,1.0,1.0,1.0,0.0,1.0,0.0],[1.0,1.0,1.0,1.0,1.0,1.0,1.0,1.0,1.0,1.0,1.0,1.0,1.0,1.0,1.0,1.0,1.0,0.0,0.0,0.0],[1.0,1.0,1.0,1.0,1.0,1.0,1.0,1.0,1.0,1.0,1.0,1.0,1.0,1.0,1.0,1.0,1.0,1.0,1.0,0.0]],"outlier_solution":[19,17,18,16,14,15,12,13,11,10,9,8,7,4,5,6,3,0,2,1],"dataset_id":671,"source_dataset_id":718,"options":null,"D":{"0":{"0":0,"1":3,"2":5,"3":2,"4":6,"5":6,"6":2,"7":8,"8":4,"9":5,"10":8,"11":5,"12":6,"13":2,"14":11,"15":4,"16":8,"17":7,"18":4,"19":4},"1":{"0":2,"1":0,"2":10,"3":2,"4":6,"5":5,"6":6,"7":3,"8":6,"9":7,"10":9,"11":4,"12":7,"13":7,"14":2,"15":7,"16":5,"17":3,"18":5,"19":6},"2":{"0":2,"1":4,"2":0,"3":5,"4":2,"5":10,"6":6,"7":2,"8":6,"9":6,"10":7,"11":1,"12":9,"13":3,"14":2,"15":3,"16":8,"17":8,"18":5,"19":4},"3":{"0":0,"1":2,"2":3,"3":0,"4":5,"5":3,"6":2,"7":3,"8":8,"9":4,"10":4,"11":7,"12":7,"13":3,"14":8,"15":6,"16":7,"17":3,"18":1,"19":3},"4":{"0":0,"1":0,"2":5,"3":1,"4":0,"5":0,"6":4,"7":8,"8":7,"9":8,"10":4,"11":2,"12":4,"13":6,"14":4,"15":4,"16":6,"17":4,"18":3,"19":7},"5":{"0":0,"1":0,"2":0,"3":2,"4":1,"5":0,"6":2,"7":1,"8":3,"9":3,"10":4,"11":5,"12":4,"13":4,"14":6,"15":4,"16":3,"17":5,"18":5,"19":2},"6":{"0":0,"1":0,"2":0,"3":0,"4":1,"5":0,"6":0,"7":5,"8":7,"9":5,"10":10,"11":4,"12":4,"13":8,"14":4,"15":5,"16":7,"17":6,"18":6,"19":2},"7":{"0":0,"1":0,"2":0,"3":0,"4":0,"5":2,"6":3,"7":0,"8":2,"9":3,"10":7,"11":6,"12":2,"13":6,"14":5,"15":6,"16":6,"17":6,"18":5,"19":8},"8":{"0":0,"1":0,"2":0,"3":0,"4":0,"5":0,"6":3,"7":3,"8":0,"9":2,"10":3,"11":6,"12":4,"13":6,"14":6,"15":6,"16":6,"17":0,"18":3,"19":5},"9":{"0":0,"1":0,"2":0,"3":0,"4":0,"5":0,"6":0,"7":1,"8":1,"9":0,"10":2,"11":3,"12":6,"13":2,"14":7,"15":5,"16":6,"17":6,"18":7,"19":3},"10":{"0":0,"1":0,"2":0,"3":0,"4":0,"5":0,"6":0,"7":0,"8":3,"9":3,"10":0,"11":1,"12":4,"13":1,"14":5,"15":5,"16":3,"17":6,"18":4,"19":5},"11":{"0":0,"1":0,"2":0,"3":0,"4":0,"5":0,"6":0,"7":0,"8":0,"9":2,"10":3,"11":0,"12":3,"13":3,"14":5,"15":4,"16":7,"17":9,"18":7,"19":3},"12":{"0":0,"1":0,"2":0,"3":0,"4":0,"5":0,"6":0,"7":0,"8":0,"9":0,"10":0,"11":2,"12":0,"13":5,"14":5,"15":6,"16":4,"17":6,"18":3,"19":10},"13":{"0":0,"1":0,"2":0,"3":0,"4":0,"5":0,"6":0,"7":0,"8":0,"9":0,"10":0,"11":6,"12":2,"13":0,"14":6,"15":6,"16":6,"17":5,"18":3,"19":9},"14":{"0":0,"1":0,"2":0,"3":0,"4":0,"5":0,"6":0,"7":0,"8":0,"9":0,"10":0,"11":0,"12":1,"13":2,"14":0,"15":3,"16":3,"17":7,"18":3,"19":2},"15":{"0":0,"1":0,"2":0,"3":0,"4":0,"5":0,"6":0,"7":0,"8":0,"9":0,"10":0,"11":0,"12":0,"13":2,"14":4,"15":0,"16":3,"17":5,"18":8,"19":6},"16":{"0":0,"1":0,"2":0,"3":0,"4":0,"5":0,"6":0,"7":0,"8":0,"9":0,"10":0,"11":0,"12":0,"13":0,"14":2,"15":2,"16":0,"17":3,"18":2,"19":8},"17":{"0":0,"1":0,"2":0,"3":0,"4":0,"5":0,"6":0,"7":0,"8":0,"9":0,"10":0,"11":0,"12":0,"13":0,"14":0,"15":0,"16":2,"17":0,"18":4,"19":2},"18":{"0":0,"1":0,"2":0,"3":0,"4":0,"5":0,"6":0,"7":0,"8":0,"9":0,"10":0,"11":0,"12":0,"13":0,"14":0,"15":0,"16":1,"17":2,"18":0,"19":2},"19":{"0":0,"1":0,"2":0,"3":0,"4":0,"5":0,"6":0,"7":0,"8":0,"9":0,"10":0,"11":0,"12":0,"13":0,"14":0,"15":0,"16":0,"17":1,"18":2,"19":0}},"method":"hillside","closest_pair":[[19,17,18,16,15,14,13,12,11,10,9,8,7,5,6,4,3,0,2,1],[19,17,18,16,15,14,13,12,11,10,9,8,7,5,4,6,3,0,2,1]],"farthest_pair":[[19,17,18,16,15,14,13,12,11,10,9,8,7,4,5,6,3,0,2,1],[19,17,18,16,14,15,12,13,11,10,9,8,5,7,6,4,3,0,2,1]],"tau_farthest_pair":0.9473684211,"tau_closest_pair":0.9894736842,"centroid_solution":[19,17,18,16,15,14,13,12,11,10,9,8,7,5,6,4,3,0,2,1]}