{"solutions":[[19,17,18,15,16,14,11,13,9,12,10,5,8,6,7,4,2,3,1,0],[19,17,18,15,16,14,13,11,9,12,10,5,8,6,7,4,2,3,1,0],[19,17,18,15,16,14,11,13,9,12,10,8,5,6,7,4,2,3,1,0],[19,17,18,15,16,14,13,11,9,12,10,8,5,6,7,4,2,3,1,0]],"obj":922.0,"max_tau_solutions":null,"centroid_x":[[0.0,0.0,0.0,0.0,0.0,0.0,0.0,0.0,0.0,0.0,0.0,0.0,0.0,0.0,0.0,0.0,0.0,0.0,0.0,0.0],[1.0,0.0,0.0,0.0,0.0,0.0,0.0,0.0,0.0,0.0,0.0,0.0,0.0,0.0,0.0,0.0,0.0,0.0,0.0,0.0],[1.0,1.0,0.0,1.0,0.0,0.0,0.0,0.0,0.0,0.0,0.0,0.0,0.0,0.0,0.0,0.0,0.0,0.0,0.0,0.0],[1.0,1.0,0.0,0.0,0.0,0.0,0.0,0.0,0.0,0.0,0.0,0.0,0.0,0.0,0.0,0.0,0.0,0.0,0.0,0.0],[1.0,1.0,1.0,1.0,0.0,0.0,0.0,0.0,0.0,0.0,0.0,0.0,0.0,0.0,0.0,0.0,0.0,0.0,0.0,0.0],[1.0,1.0,1.0,1.0,1.0,0.0,1.0,1.0,0.3811746389,0.0,0.0,0.0,0.0,0.0,0.0,0.0,0.0,0.0,0.0,0.0],[1.0,1.0,1.0,1.0,1.0,0.0,0.0,1.0,0.0,0.0,0.0,0.0,0.0,0.0,0.0,0.0,0.0,0.0,0.0,0.0],[1.0,1.0,1.0,1.0,1.0,0.0,0.0,0.0,0.0,0.0,0.0,0.0,0.0,0.0,0.0,0.0,0.0,0.0,0.0,0.0],[1.0,1.0,1.0,1.0,1.0,0.6188253611,1.0,1.0,0.0,0.0,0.0,0.0,0.0,0.0,0.0,0.0,0.0,0.0,0.0,0.0],[1.0,1.0,1.0,1.0,1.0,1.0,1.0,1.0,1.0,0.0,1.0,0.0,1.0,0.0,0.0,0.0,0.0,0.0,0.0,0.0],[1.0,1.0,1.0,1.0,1.0,1.0,1.0,1.0,1.0,0.0,0.0,0.0,0.0,0.0,0.0,0.0,0.0,0.0,0.0,0.0],[1.0,1.0,1.0,1.0,1.0,1.0,1.0,1.0,1.0,1.0,1.0,0.0,1.0,0.3760793209,0.0,0.0,0.0,0.0,0.0,0.0],[1.0,1.0,1.0,1.0,1.0,1.0,1.0,1.0,1.0,0.0,1.0,0.0,0.0,0.0,0.0,0.0,0.0,0.0,0.0,0.0],[1.0,1.0,1.0,1.0,1.0,1.0,1.0,1.0,1.0,1.0,1.0,0.6239206791,1.0,0.0,0.0,0.0,0.0,0.0,0.0,0.0],[1.0,1.0,1.0,1.0,1.0,1.0,1.0,1.0,1.0,1.0,1.0,1.0,1.0,1.0,0.0,0.0,0.0,0.0,0.0,0.0],[1.0,1.0,1.0,1.0,1.0,1.0,1.0,1.0,1.0,1.0,1.0,1.0,1.0,1.0,1.0,0.0,1.0,0.0,0.0,0.0],[1.0,1.0,1.0,1.0,1.0,1.0,1.0,1.0,1.0,1.0,1.0,1.0,1.0,1.0,1.0,0.0,0.0,0.0,0.0,0.0],[1.0,1.0,1.0,1.0,1.0,1.0,1.0,1.0,1.0,1.0,1.0,1.0,1.0,1.0,1.0,1.0,1.0,0.0,1.0,0.0],[1.0,1.0,1.0,1.0,1.0,1.0,1.0,1.0,1.0,1.0,1.0,1.0,1.0,1.0,1.0,1.0,1.0,0.0,0.0,0.0],[1.0,1.0,1.0,1.0,1.0,1.0,1.0,1.0,1.0,1.0,1.0,1.0,1.0,1.0,1.0,1.0,1.0,1.0,1.0,0.0]],"outlier_solution":[19,17,18,15,16,14,11,13,9,12,10,5,8,6,7,4,2,3,1,0],"dataset_id":672,"source_dataset_id":719,"options":null,"D":{"0":{"0":0,"1":3,"2":3,"3":5,"4":1,"5":7,"6":2,"7":4,"8":4,"9":8,"10":4,"11":5,"12":2,"13":5,"14":6,"15":6,"16":4,"17":6,"18":4,"19":9},"1":{"0":2,"1":0,"2":4,"3":1,"4":4,"5":7,"6":4,"7":2,"8":1,"9":11,"10":2,"11":6,"12":11,"13":5,"14":3,"15":4,"16":8,"17":5,"18":3,"19":5},"2":{"0":2,"1":0,"2":0,"3":2,"4":4,"5":7,"6":5,"7":4,"8":3,"9":9,"10":3,"11":1,"12":4,"13":3,"14":9,"15":6,"16":4,"17":7,"18":7,"19":5},"3":{"0":0,"1":4,"2":1,"3":0,"4":1,"5":3,"6":7,"7":6,"8":5,"9":7,"10":4,"11":5,"12":8,"13":5,"14":4,"15":8,"16":8,"17":3,"18":13,"19":6},"4":{"0":0,"1":0,"2":4,"3":1,"4":0,"5":6,"6":4,"7":3,"8":2,"9":4,"10":3,"11":6,"12":3,"13":7,"14":5,"15":8,"16":8,"17":9,"18":6,"19":4},"5":{"0":0,"1":0,"2":0,"3":2,"4":1,"5":0,"6":4,"7":3,"8":7,"9":5,"10":5,"11":4,"12":4,"13":5,"14":3,"15":7,"16":6,"17":5,"18":2,"19":6},"6":{"0":0,"1":0,"2":0,"3":0,"4":2,"5":6,"6":0,"7":4,"8":2,"9":6,"10":7,"11":6,"12":2,"13":5,"14":2,"15":2,"16":3,"17":4,"18":8,"19":10},"7":{"0":0,"1":0,"2":0,"3":0,"4":0,"5":4,"6":1,"7":0,"8":6,"9":4,"10":5,"11":8,"12":5,"13":7,"14":4,"15":2,"16":1,"17":9,"18":7,"19":7},"8":{"0":0,"1":0,"2":0,"3":0,"4":0,"5":0,"6":2,"7":2,"8":0,"9":6,"10":4,"11":5,"12":4,"13":5,"14":5,"15":8,"16":8,"17":7,"18":3,"19":4},"9":{"0":0,"1":0,"2":0,"3":0,"4":0,"5":0,"6":0,"7":1,"8":3,"9":0,"10":0,"11":3,"12":11,"13":4,"14":4,"15":5,"16":7,"17":4,"18":3,"19":8},"10":{"0":0,"1":0,"2":0,"3":0,"4":0,"5":0,"6":0,"7":0,"8":1,"9":4,"10":0,"11":6,"12":2,"13":1,"14":9,"15":11,"16":3,"17":4,"18":5,"19":6},"11":{"0":0,"1":0,"2":0,"3":0,"4":0,"5":0,"6":0,"7":0,"8":0,"9":3,"10":1,"11":0,"12":1,"13":3,"14":3,"15":9,"16":3,"17":5,"18":3,"19":5},"12":{"0":0,"1":0,"2":0,"3":0,"4":0,"5":0,"6":0,"7":0,"8":0,"9":0,"10":1,"11":3,"12":0,"13":1,"14":4,"15":6,"16":5,"17":5,"18":6,"19":4},"13":{"0":0,"1":0,"2":0,"3":0,"4":0,"5":0,"6":0,"7":0,"8":0,"9":0,"10":0,"11":3,"12":3,"13":0,"14":1,"15":3,"16":5,"17":5,"18":7,"19":7},"14":{"0":0,"1":0,"2":0,"3":0,"4":0,"5":0,"6":0,"7":0,"8":0,"9":0,"10":0,"11":0,"12":3,"13":0,"14":0,"15":3,"16":1,"17":5,"18":5,"19":0},"15":{"0":0,"1":0,"2":0,"3":0,"4":0,"5":0,"6":0,"7":0,"8":0,"9":0,"10":0,"11":0,"12":0,"13":4,"14":3,"15":0,"16":2,"17":2,"18":5,"19":4},"16":{"0":0,"1":0,"2":0,"3":0,"4":0,"5":0,"6":0,"7":0,"8":0,"9":0,"10":0,"11":0,"12":0,"13":0,"14":3,"15":3,"16":0,"17":5,"18":3,"19":9},"17":{"0":0,"1":0,"2":0,"3":0,"4":0,"5":0,"6":0,"7":0,"8":0,"9":0,"10":0,"11":0,"12":0,"13":0,"14":0,"15":1,"16":2,"17":0,"18":1,"19":0},"18":{"0":0,"1":0,"2":0,"3":0,"4":0,"5":0,"6":0,"7":0,"8":0,"9":0,"10":0,"11":0,"12":0,"13":0,"14":0,"15":0,"16":3,"17":3,"18":0,"19":3},"19":{"0":0,"1":0,"2":0,"3":0,"4":0,"5":0,"6":0,"7":0,"8":0,"9":0,"10":0,"11":0,"12":0,"13":0,"14":0,"15":0,"16":0,"17":0,"18":4,"19":0}},"method":"hillside","closest_pair":[[19,17,18,15,16,14,11,13,9,12,10,8,5,6,7,4,2,3,1,0],[19,17,18,15,16,14,13,11,9,12,10,8,5,6,7,4,2,3,1,0]],"farthest_pair":[[19,17,18,15,16,14,13,11,9,12,10,8,5,6,7,4,2,3,1,0],[19,17,18,15,16,14,11,13,9,12,10,5,8,6,7,4,2,3,1,0]],"tau_farthest_pair":0.9789473684,"tau_closest_pair":0.9894736842,"centroid_solution":[19,17,18,15,16,14,13,11,9,12,10,8,5,6,7,4,2,3,1,0]}