{"solutions":[[0,1,3,2,4,7,6,8,5,10,12,9,11,13,14,16,15,18,17,19],[0,1,3,2,4,7,6,5,8,10,12,9,13,11,14,16,15,18,17,19],[0,1,3,2,4,7,6,5,8,10,12,9,11,13,14,16,15,18,17,19],[0,1,3,2,4,7,6,8,5,10,12,9,13,11,14,16,15,18,17,19]],"obj":922.0,"max_tau_solutions":null,"centroid_x":[[0.0,1.0,1.0,1.0,1.0,1.0,1.0,1.0,1.0,1.0,1.0,1.0,1.0,1.0,1.0,1.0,1.0,1.0,1.0,1.0],[0.0,0.0,1.0,1.0,1.0,1.0,1.0,1.0,1.0,1.0,1.0,1.0,1.0,1.0,1.0,1.0,1.0,1.0,1.0,1.0],[0.0,0.0,0.0,0.0,1.0,1.0,1.0,1.0,1.0,1.0,1.0,1.0,1.0,1.0,1.0,1.0,1.0,1.0,1.0,1.0],[0.0,0.0,1.0,0.0,1.0,1.0,1.0,1.0,1.0,1.0,1.0,1.0,1.0,1.0,1.0,1.0,1.0,1.0,1.0,1.0],[0.0,0.0,0.0,0.0,0.0,1.0,1.0,1.0,1.0,1.0,1.0,1.0,1.0,1.0,1.0,1.0,1.0,1.0,1.0,1.0],[0.0,0.0,0.0,0.0,0.0,0.0,0.0,0.0,0.4861513488,1.0,1.0,1.0,1.0,1.0,1.0,1.0,1.0,1.0,1.0,1.0],[0.0,0.0,0.0,0.0,0.0,1.0,0.0,0.0,1.0,1.0,1.0,1.0,1.0,1.0,1.0,1.0,1.0,1.0,1.0,1.0],[0.0,0.0,0.0,0.0,0.0,1.0,1.0,0.0,1.0,1.0,1.0,1.0,1.0,1.0,1.0,1.0,1.0,1.0,1.0,1.0],[0.0,0.0,0.0,0.0,0.0,0.5138486512,0.0,0.0,0.0,1.0,1.0,1.0,1.0,1.0,1.0,1.0,1.0,1.0,1.0,1.0],[0.0,0.0,0.0,0.0,0.0,0.0,0.0,0.0,0.0,0.0,0.0,1.0,0.0,1.0,1.0,1.0,1.0,1.0,1.0,1.0],[0.0,0.0,0.0,0.0,0.0,0.0,0.0,0.0,0.0,1.0,0.0,1.0,1.0,1.0,1.0,1.0,1.0,1.0,1.0,1.0],[0.0,0.0,0.0,0.0,0.0,0.0,0.0,0.0,0.0,0.0,0.0,0.0,0.0,0.4566193017,1.0,1.0,1.0,1.0,1.0,1.0],[0.0,0.0,0.0,0.0,0.0,0.0,0.0,0.0,0.0,1.0,0.0,1.0,0.0,1.0,1.0,1.0,1.0,1.0,1.0,1.0],[0.0,0.0,0.0,0.0,0.0,0.0,0.0,0.0,0.0,0.0,0.0,0.5433806983,0.0,0.0,1.0,1.0,1.0,1.0,1.0,1.0],[0.0,0.0,0.0,0.0,0.0,0.0,0.0,0.0,0.0,0.0,0.0,0.0,0.0,0.0,0.0,1.0,1.0,1.0,1.0,1.0],[0.0,0.0,0.0,0.0,0.0,0.0,0.0,0.0,0.0,0.0,0.0,0.0,0.0,0.0,0.0,0.0,0.0,1.0,1.0,1.0],[0.0,0.0,0.0,0.0,0.0,0.0,0.0,0.0,0.0,0.0,0.0,0.0,0.0,0.0,0.0,1.0,0.0,1.0,1.0,1.0],[0.0,0.0,0.0,0.0,0.0,0.0,0.0,0.0,0.0,0.0,0.0,0.0,0.0,0.0,0.0,0.0,0.0,0.0,0.0,1.0],[0.0,0.0,0.0,0.0,0.0,0.0,0.0,0.0,0.0,0.0,0.0,0.0,0.0,0.0,0.0,0.0,0.0,1.0,0.0,1.0],[0.0,0.0,0.0,0.0,0.0,0.0,0.0,0.0,0.0,0.0,0.0,0.0,0.0,0.0,0.0,0.0,0.0,0.0,0.0,0.0]],"outlier_solution":[0,1,3,2,4,7,6,5,8,10,12,9,11,13,14,16,15,18,17,19],"dataset_id":672,"source_dataset_id":719,"options":null,"D":{"0":{"0":0,"1":2,"2":2,"3":0,"4":0,"5":0,"6":0,"7":0,"8":0,"9":0,"10":0,"11":0,"12":0,"13":0,"14":0,"15":0,"16":0,"17":0,"18":0,"19":0},"1":{"0":3,"1":0,"2":0,"3":4,"4":0,"5":0,"6":0,"7":0,"8":0,"9":0,"10":0,"11":0,"12":0,"13":0,"14":0,"15":0,"16":0,"17":0,"18":0,"19":0},"2":{"0":3,"1":4,"2":0,"3":1,"4":4,"5":0,"6":0,"7":0,"8":0,"9":0,"10":0,"11":0,"12":0,"13":0,"14":0,"15":0,"16":0,"17":0,"18":0,"19":0},"3":{"0":5,"1":1,"2":2,"3":0,"4":1,"5":2,"6":0,"7":0,"8":0,"9":0,"10":0,"11":0,"12":0,"13":0,"14":0,"15":0,"16":0,"17":0,"18":0,"19":0},"4":{"0":1,"1":4,"2":4,"3":1,"4":0,"5":1,"6":2,"7":0,"8":0,"9":0,"10":0,"11":0,"12":0,"13":0,"14":0,"15":0,"16":0,"17":0,"18":0,"19":0},"5":{"0":7,"1":7,"2":7,"3":3,"4":6,"5":0,"6":6,"7":4,"8":0,"9":0,"10":0,"11":0,"12":0,"13":0,"14":0,"15":0,"16":0,"17":0,"18":0,"19":0},"6":{"0":2,"1":4,"2":5,"3":7,"4":4,"5":4,"6":0,"7":1,"8":2,"9":0,"10":0,"11":0,"12":0,"13":0,"14":0,"15":0,"16":0,"17":0,"18":0,"19":0},"7":{"0":4,"1":2,"2":4,"3":6,"4":3,"5":3,"6":4,"7":0,"8":2,"9":1,"10":0,"11":0,"12":0,"13":0,"14":0,"15":0,"16":0,"17":0,"18":0,"19":0},"8":{"0":4,"1":1,"2":3,"3":5,"4":2,"5":7,"6":2,"7":6,"8":0,"9":3,"10":1,"11":0,"12":0,"13":0,"14":0,"15":0,"16":0,"17":0,"18":0,"19":0},"9":{"0":8,"1":11,"2":9,"3":7,"4":4,"5":5,"6":6,"7":4,"8":6,"9":0,"10":4,"11":3,"12":0,"13":0,"14":0,"15":0,"16":0,"17":0,"18":0,"19":0},"10":{"0":4,"1":2,"2":3,"3":4,"4":3,"5":5,"6":7,"7":5,"8":4,"9":0,"10":0,"11":1,"12":1,"13":0,"14":0,"15":0,"16":0,"17":0,"18":0,"19":0},"11":{"0":5,"1":6,"2":1,"3":5,"4":6,"5":4,"6":6,"7":8,"8":5,"9":3,"10":6,"11":0,"12":3,"13":3,"14":0,"15":0,"16":0,"17":0,"18":0,"19":0},"12":{"0":2,"1":11,"2":4,"3":8,"4":3,"5":4,"6":2,"7":5,"8":4,"9":11,"10":2,"11":1,"12":0,"13":3,"14":3,"15":0,"16":0,"17":0,"18":0,"19":0},"13":{"0":5,"1":5,"2":3,"3":5,"4":7,"5":5,"6":5,"7":7,"8":5,"9":4,"10":1,"11":3,"12":1,"13":0,"14":0,"15":4,"16":0,"17":0,"18":0,"19":0},"14":{"0":6,"1":3,"2":9,"3":4,"4":5,"5":3,"6":2,"7":4,"8":5,"9":4,"10":9,"11":3,"12":4,"13":1,"14":0,"15":3,"16":3,"17":0,"18":0,"19":0},"15":{"0":6,"1":4,"2":6,"3":8,"4":8,"5":7,"6":2,"7":2,"8":8,"9":5,"10":11,"11":9,"12":6,"13":3,"14":3,"15":0,"16":3,"17":1,"18":0,"19":0},"16":{"0":4,"1":8,"2":4,"3":8,"4":8,"5":6,"6":3,"7":1,"8":8,"9":7,"10":3,"11":3,"12":5,"13":5,"14":1,"15":2,"16":0,"17":2,"18":3,"19":0},"17":{"0":6,"1":5,"2":7,"3":3,"4":9,"5":5,"6":4,"7":9,"8":7,"9":4,"10":4,"11":5,"12":5,"13":5,"14":5,"15":2,"16":5,"17":0,"18":3,"19":0},"18":{"0":4,"1":3,"2":7,"3":13,"4":6,"5":2,"6":8,"7":7,"8":3,"9":3,"10":5,"11":3,"12":6,"13":7,"14":5,"15":5,"16":3,"17":1,"18":0,"19":4},"19":{"0":9,"1":5,"2":5,"3":6,"4":4,"5":6,"6":10,"7":7,"8":4,"9":8,"10":6,"11":5,"12":4,"13":7,"14":0,"15":4,"16":9,"17":0,"18":3,"19":0}},"method":"hillside","closest_pair":[[0,1,3,2,4,7,6,8,5,10,12,9,11,13,14,16,15,18,17,19],[0,1,3,2,4,7,6,8,5,10,12,9,13,11,14,16,15,18,17,19]],"farthest_pair":[[0,1,3,2,4,7,6,8,5,10,12,9,13,11,14,16,15,18,17,19],[0,1,3,2,4,7,6,5,8,10,12,9,11,13,14,16,15,18,17,19]],"tau_farthest_pair":0.9789473684,"tau_closest_pair":0.9894736842,"centroid_solution":[0,1,3,2,4,7,6,8,5,10,12,9,13,11,14,16,15,18,17,19]}