{"solutions":[[19,18,16,17,13,14,15,12,11,10,9,8,7,6,4,5,3,2,1,0],[19,18,16,17,14,13,15,12,11,10,9,8,7,6,4,5,3,2,1,0]],"obj":1011.0,"max_tau_solutions":null,"centroid_x":[[0.0,0.0,0.0,0.0,0.0,0.0,0.0,0.0,0.0,0.0,0.0,0.0,0.0,0.0,0.0,0.0,0.0,0.0,0.0,0.0],[1.0,0.0,0.0,0.0,0.0,0.0,0.0,0.0,0.0,0.0,0.0,0.0,0.0,0.0,0.0,0.0,0.0,0.0,0.0,0.0],[1.0,1.0,0.0,0.0,0.0,0.0,0.0,0.0,0.0,0.0,0.0,0.0,0.0,0.0,0.0,0.0,0.0,0.0,0.0,0.0],[1.0,1.0,1.0,0.0,0.0,0.0,0.0,0.0,0.0,0.0,0.0,0.0,0.0,0.0,0.0,0.0,0.0,0.0,0.0,0.0],[1.0,1.0,1.0,1.0,0.0,1.0,0.0,0.0,0.0,0.0,0.0,0.0,0.0,0.0,0.0,0.0,0.0,0.0,0.0,0.0],[1.0,1.0,1.0,1.0,0.0,0.0,0.0,0.0,0.0,0.0,0.0,0.0,0.0,0.0,0.0,0.0,0.0,0.0,0.0,0.0],[1.0,1.0,1.0,1.0,1.0,1.0,0.0,0.0,0.0,0.0,0.0,0.0,0.0,0.0,0.0,0.0,0.0,0.0,0.0,0.0],[1.0,1.0,1.0,1.0,1.0,1.0,1.0,0.0,0.0,0.0,0.0,0.0,0.0,0.0,0.0,0.0,0.0,0.0,0.0,0.0],[1.0,1.0,1.0,1.0,1.0,1.0,1.0,1.0,0.0,0.0,0.0,0.0,0.0,0.0,0.0,0.0,0.0,0.0,0.0,0.0],[1.0,1.0,1.0,1.0,1.0,1.0,1.0,1.0,1.0,0.0,0.0,0.0,0.0,0.0,0.0,0.0,0.0,0.0,0.0,0.0],[1.0,1.0,1.0,1.0,1.0,1.0,1.0,1.0,1.0,1.0,0.0,0.0,0.0,0.0,0.0,0.0,0.0,0.0,0.0,0.0],[1.0,1.0,1.0,1.0,1.0,1.0,1.0,1.0,1.0,1.0,1.0,0.0,0.0,0.0,0.0,0.0,0.0,0.0,0.0,0.0],[1.0,1.0,1.0,1.0,1.0,1.0,1.0,1.0,1.0,1.0,1.0,1.0,0.0,0.0,0.0,0.0,0.0,0.0,0.0,0.0],[1.0,1.0,1.0,1.0,1.0,1.0,1.0,1.0,1.0,1.0,1.0,1.0,1.0,0.0,0.3445097229,1.0,0.0,0.0,0.0,0.0],[1.0,1.0,1.0,1.0,1.0,1.0,1.0,1.0,1.0,1.0,1.0,1.0,1.0,0.6554902771,0.0,1.0,0.0,0.0,0.0,0.0],[1.0,1.0,1.0,1.0,1.0,1.0,1.0,1.0,1.0,1.0,1.0,1.0,1.0,0.0,0.0,0.0,0.0,0.0,0.0,0.0],[1.0,1.0,1.0,1.0,1.0,1.0,1.0,1.0,1.0,1.0,1.0,1.0,1.0,1.0,1.0,1.0,0.0,1.0,0.0,0.0],[1.0,1.0,1.0,1.0,1.0,1.0,1.0,1.0,1.0,1.0,1.0,1.0,1.0,1.0,1.0,1.0,0.0,0.0,0.0,0.0],[1.0,1.0,1.0,1.0,1.0,1.0,1.0,1.0,1.0,1.0,1.0,1.0,1.0,1.0,1.0,1.0,1.0,1.0,0.0,0.0],[1.0,1.0,1.0,1.0,1.0,1.0,1.0,1.0,1.0,1.0,1.0,1.0,1.0,1.0,1.0,1.0,1.0,1.0,1.0,0.0]],"outlier_solution":[19,18,16,17,13,14,15,12,11,10,9,8,7,6,4,5,3,2,1,0],"dataset_id":673,"source_dataset_id":720,"options":null,"D":{"0":{"0":0,"1":3,"2":1,"3":5,"4":4,"5":3,"6":13,"7":7,"8":4,"9":2,"10":10,"11":4,"12":7,"13":8,"14":7,"15":5,"16":9,"17":4,"18":3,"19":2},"1":{"0":2,"1":0,"2":2,"3":3,"4":11,"5":9,"6":0,"7":6,"8":4,"9":5,"10":9,"11":9,"12":4,"13":5,"14":6,"15":5,"16":9,"17":1,"18":5,"19":7},"2":{"0":4,"1":1,"2":0,"3":3,"4":5,"5":3,"6":6,"7":3,"8":5,"9":4,"10":7,"11":3,"12":9,"13":4,"14":2,"15":3,"16":2,"17":6,"18":5,"19":6},"3":{"0":0,"1":5,"2":4,"3":0,"4":3,"5":1,"6":5,"7":6,"8":7,"9":8,"10":8,"11":2,"12":4,"13":4,"14":7,"15":0,"16":4,"17":5,"18":4,"19":3},"4":{"0":0,"1":0,"2":3,"3":2,"4":0,"5":3,"6":2,"7":4,"8":6,"9":5,"10":7,"11":7,"12":3,"13":7,"14":8,"15":3,"16":5,"17":4,"18":5,"19":5},"5":{"0":0,"1":0,"2":0,"3":1,"4":3,"5":0,"6":0,"7":2,"8":7,"9":5,"10":5,"11":0,"12":9,"13":7,"14":6,"15":3,"16":7,"17":6,"18":10,"19":7},"6":{"0":0,"1":0,"2":0,"3":0,"4":2,"5":0,"6":0,"7":3,"8":1,"9":4,"10":6,"11":8,"12":10,"13":7,"14":3,"15":3,"16":4,"17":6,"18":6,"19":8},"7":{"0":0,"1":0,"2":0,"3":0,"4":0,"5":4,"6":1,"7":0,"8":2,"9":4,"10":11,"11":5,"12":5,"13":6,"14":8,"15":7,"16":4,"17":2,"18":4,"19":7},"8":{"0":0,"1":0,"2":0,"3":0,"4":0,"5":0,"6":2,"7":2,"8":0,"9":1,"10":3,"11":5,"12":3,"13":7,"14":5,"15":6,"16":4,"17":10,"18":10,"19":4},"9":{"0":0,"1":0,"2":0,"3":0,"4":0,"5":0,"6":0,"7":0,"8":3,"9":0,"10":2,"11":3,"12":4,"13":6,"14":3,"15":1,"16":8,"17":6,"18":7,"19":6},"10":{"0":0,"1":0,"2":0,"3":0,"4":0,"5":0,"6":0,"7":0,"8":6,"9":2,"10":0,"11":1,"12":3,"13":4,"14":5,"15":8,"16":7,"17":3,"18":2,"19":6},"11":{"0":0,"1":0,"2":0,"3":0,"4":0,"5":0,"6":0,"7":0,"8":0,"9":4,"10":2,"11":0,"12":5,"13":4,"14":3,"15":5,"16":4,"17":2,"18":8,"19":5},"12":{"0":0,"1":0,"2":0,"3":0,"4":0,"5":0,"6":0,"7":0,"8":0,"9":0,"10":3,"11":2,"12":0,"13":0,"14":0,"15":5,"16":7,"17":3,"18":5,"19":8},"13":{"0":0,"1":0,"2":0,"3":0,"4":0,"5":0,"6":0,"7":0,"8":0,"9":0,"10":0,"11":3,"12":1,"13":0,"14":1,"15":0,"16":5,"17":3,"18":7,"19":5},"14":{"0":0,"1":0,"2":0,"3":0,"4":0,"5":0,"6":0,"7":0,"8":0,"9":0,"10":0,"11":0,"12":1,"13":4,"14":0,"15":1,"16":3,"17":5,"18":3,"19":3},"15":{"0":0,"1":0,"2":0,"3":0,"4":0,"5":0,"6":0,"7":0,"8":0,"9":0,"10":0,"11":0,"12":0,"13":4,"14":1,"15":0,"16":0,"17":0,"18":4,"19":10},"16":{"0":0,"1":0,"2":0,"3":0,"4":0,"5":0,"6":0,"7":0,"8":0,"9":0,"10":0,"11":0,"12":0,"13":0,"14":4,"15":3,"16":0,"17":1,"18":2,"19":5},"17":{"0":0,"1":0,"2":0,"3":0,"4":0,"5":0,"6":0,"7":0,"8":0,"9":0,"10":0,"11":0,"12":0,"13":0,"14":0,"15":1,"16":3,"17":0,"18":3,"19":2},"18":{"0":0,"1":0,"2":0,"3":0,"4":0,"5":0,"6":0,"7":0,"8":0,"9":0,"10":0,"11":0,"12":0,"13":0,"14":0,"15":0,"16":4,"17":3,"18":0,"19":2},"19":{"0":0,"1":0,"2":0,"3":0,"4":0,"5":0,"6":0,"7":0,"8":0,"9":0,"10":0,"11":0,"12":0,"13":0,"14":0,"15":0,"16":0,"17":3,"18":5,"19":0}},"method":"hillside","closest_pair":[[19,18,16,17,13,14,15,12,11,10,9,8,7,6,4,5,3,2,1,0],[19,18,16,17,14,13,15,12,11,10,9,8,7,6,4,5,3,2,1,0]],"farthest_pair":[[19,18,16,17,14,13,15,12,11,10,9,8,7,6,4,5,3,2,1,0],[19,18,16,17,13,14,15,12,11,10,9,8,7,6,4,5,3,2,1,0]],"tau_farthest_pair":0.9894736842,"tau_closest_pair":0.9894736842,"centroid_solution":[19,18,16,17,14,13,15,12,11,10,9,8,7,6,4,5,3,2,1,0]}