{"solutions":[[0,1,2,3,5,4,6,7,8,9,10,11,12,15,13,14,17,16,18,19],[0,1,2,3,5,4,6,7,8,9,10,11,12,15,14,13,17,16,18,19]],"obj":1011.0,"max_tau_solutions":null,"centroid_x":[[0.0,1.0,1.0,1.0,1.0,1.0,1.0,1.0,1.0,1.0,1.0,1.0,1.0,1.0,1.0,1.0,1.0,1.0,1.0,1.0],[0.0,0.0,1.0,1.0,1.0,1.0,1.0,1.0,1.0,1.0,1.0,1.0,1.0,1.0,1.0,1.0,1.0,1.0,1.0,1.0],[0.0,0.0,0.0,1.0,1.0,1.0,1.0,1.0,1.0,1.0,1.0,1.0,1.0,1.0,1.0,1.0,1.0,1.0,1.0,1.0],[0.0,0.0,0.0,0.0,1.0,1.0,1.0,1.0,1.0,1.0,1.0,1.0,1.0,1.0,1.0,1.0,1.0,1.0,1.0,1.0],[0.0,0.0,0.0,0.0,0.0,0.0,1.0,1.0,1.0,1.0,1.0,1.0,1.0,1.0,1.0,1.0,1.0,1.0,1.0,1.0],[0.0,0.0,0.0,0.0,1.0,0.0,1.0,1.0,1.0,1.0,1.0,1.0,1.0,1.0,1.0,1.0,1.0,1.0,1.0,1.0],[0.0,0.0,0.0,0.0,0.0,0.0,0.0,1.0,1.0,1.0,1.0,1.0,1.0,1.0,1.0,1.0,1.0,1.0,1.0,1.0],[0.0,0.0,0.0,0.0,0.0,0.0,0.0,0.0,1.0,1.0,1.0,1.0,1.0,1.0,1.0,1.0,1.0,1.0,1.0,1.0],[0.0,0.0,0.0,0.0,0.0,0.0,0.0,0.0,0.0,1.0,1.0,1.0,1.0,1.0,1.0,1.0,1.0,1.0,1.0,1.0],[0.0,0.0,0.0,0.0,0.0,0.0,0.0,0.0,0.0,0.0,1.0,1.0,1.0,1.0,1.0,1.0,1.0,1.0,1.0,1.0],[0.0,0.0,0.0,0.0,0.0,0.0,0.0,0.0,0.0,0.0,0.0,1.0,1.0,1.0,1.0,1.0,1.0,1.0,1.0,1.0],[0.0,0.0,0.0,0.0,0.0,0.0,0.0,0.0,0.0,0.0,0.0,0.0,1.0,1.0,1.0,1.0,1.0,1.0,1.0,1.0],[0.0,0.0,0.0,0.0,0.0,0.0,0.0,0.0,0.0,0.0,0.0,0.0,0.0,1.0,1.0,1.0,1.0,1.0,1.0,1.0],[0.0,0.0,0.0,0.0,0.0,0.0,0.0,0.0,0.0,0.0,0.0,0.0,0.0,0.0,0.5009626384,0.0,1.0,1.0,1.0,1.0],[0.0,0.0,0.0,0.0,0.0,0.0,0.0,0.0,0.0,0.0,0.0,0.0,0.0,0.4990373616,0.0,0.0,1.0,1.0,1.0,1.0],[0.0,0.0,0.0,0.0,0.0,0.0,0.0,0.0,0.0,0.0,0.0,0.0,0.0,1.0,1.0,0.0,1.0,1.0,1.0,1.0],[0.0,0.0,0.0,0.0,0.0,0.0,0.0,0.0,0.0,0.0,0.0,0.0,0.0,0.0,0.0,0.0,0.0,0.0,1.0,1.0],[0.0,0.0,0.0,0.0,0.0,0.0,0.0,0.0,0.0,0.0,0.0,0.0,0.0,0.0,0.0,0.0,1.0,0.0,1.0,1.0],[0.0,0.0,0.0,0.0,0.0,0.0,0.0,0.0,0.0,0.0,0.0,0.0,0.0,0.0,0.0,0.0,0.0,0.0,0.0,1.0],[0.0,0.0,0.0,0.0,0.0,0.0,0.0,0.0,0.0,0.0,0.0,0.0,0.0,0.0,0.0,0.0,0.0,0.0,0.0,0.0]],"outlier_solution":[0,1,2,3,5,4,6,7,8,9,10,11,12,15,14,13,17,16,18,19],"dataset_id":673,"source_dataset_id":720,"options":null,"D":{"0":{"0":0,"1":2,"2":4,"3":0,"4":0,"5":0,"6":0,"7":0,"8":0,"9":0,"10":0,"11":0,"12":0,"13":0,"14":0,"15":0,"16":0,"17":0,"18":0,"19":0},"1":{"0":3,"1":0,"2":1,"3":5,"4":0,"5":0,"6":0,"7":0,"8":0,"9":0,"10":0,"11":0,"12":0,"13":0,"14":0,"15":0,"16":0,"17":0,"18":0,"19":0},"2":{"0":1,"1":2,"2":0,"3":4,"4":3,"5":0,"6":0,"7":0,"8":0,"9":0,"10":0,"11":0,"12":0,"13":0,"14":0,"15":0,"16":0,"17":0,"18":0,"19":0},"3":{"0":5,"1":3,"2":3,"3":0,"4":2,"5":1,"6":0,"7":0,"8":0,"9":0,"10":0,"11":0,"12":0,"13":0,"14":0,"15":0,"16":0,"17":0,"18":0,"19":0},"4":{"0":4,"1":11,"2":5,"3":3,"4":0,"5":3,"6":2,"7":0,"8":0,"9":0,"10":0,"11":0,"12":0,"13":0,"14":0,"15":0,"16":0,"17":0,"18":0,"19":0},"5":{"0":3,"1":9,"2":3,"3":1,"4":3,"5":0,"6":0,"7":4,"8":0,"9":0,"10":0,"11":0,"12":0,"13":0,"14":0,"15":0,"16":0,"17":0,"18":0,"19":0},"6":{"0":13,"1":0,"2":6,"3":5,"4":2,"5":0,"6":0,"7":1,"8":2,"9":0,"10":0,"11":0,"12":0,"13":0,"14":0,"15":0,"16":0,"17":0,"18":0,"19":0},"7":{"0":7,"1":6,"2":3,"3":6,"4":4,"5":2,"6":3,"7":0,"8":2,"9":0,"10":0,"11":0,"12":0,"13":0,"14":0,"15":0,"16":0,"17":0,"18":0,"19":0},"8":{"0":4,"1":4,"2":5,"3":7,"4":6,"5":7,"6":1,"7":2,"8":0,"9":3,"10":6,"11":0,"12":0,"13":0,"14":0,"15":0,"16":0,"17":0,"18":0,"19":0},"9":{"0":2,"1":5,"2":4,"3":8,"4":5,"5":5,"6":4,"7":4,"8":1,"9":0,"10":2,"11":4,"12":0,"13":0,"14":0,"15":0,"16":0,"17":0,"18":0,"19":0},"10":{"0":10,"1":9,"2":7,"3":8,"4":7,"5":5,"6":6,"7":11,"8":3,"9":2,"10":0,"11":2,"12":3,"13":0,"14":0,"15":0,"16":0,"17":0,"18":0,"19":0},"11":{"0":4,"1":9,"2":3,"3":2,"4":7,"5":0,"6":8,"7":5,"8":5,"9":3,"10":1,"11":0,"12":2,"13":3,"14":0,"15":0,"16":0,"17":0,"18":0,"19":0},"12":{"0":7,"1":4,"2":9,"3":4,"4":3,"5":9,"6":10,"7":5,"8":3,"9":4,"10":3,"11":5,"12":0,"13":1,"14":1,"15":0,"16":0,"17":0,"18":0,"19":0},"13":{"0":8,"1":5,"2":4,"3":4,"4":7,"5":7,"6":7,"7":6,"8":7,"9":6,"10":4,"11":4,"12":0,"13":0,"14":4,"15":4,"16":0,"17":0,"18":0,"19":0},"14":{"0":7,"1":6,"2":2,"3":7,"4":8,"5":6,"6":3,"7":8,"8":5,"9":3,"10":5,"11":3,"12":0,"13":1,"14":0,"15":1,"16":4,"17":0,"18":0,"19":0},"15":{"0":5,"1":5,"2":3,"3":0,"4":3,"5":3,"6":3,"7":7,"8":6,"9":1,"10":8,"11":5,"12":5,"13":0,"14":1,"15":0,"16":3,"17":1,"18":0,"19":0},"16":{"0":9,"1":9,"2":2,"3":4,"4":5,"5":7,"6":4,"7":4,"8":4,"9":8,"10":7,"11":4,"12":7,"13":5,"14":3,"15":0,"16":0,"17":3,"18":4,"19":0},"17":{"0":4,"1":1,"2":6,"3":5,"4":4,"5":6,"6":6,"7":2,"8":10,"9":6,"10":3,"11":2,"12":3,"13":3,"14":5,"15":0,"16":1,"17":0,"18":3,"19":3},"18":{"0":3,"1":5,"2":5,"3":4,"4":5,"5":10,"6":6,"7":4,"8":10,"9":7,"10":2,"11":8,"12":5,"13":7,"14":3,"15":4,"16":2,"17":3,"18":0,"19":5},"19":{"0":2,"1":7,"2":6,"3":3,"4":5,"5":7,"6":8,"7":7,"8":4,"9":6,"10":6,"11":5,"12":8,"13":5,"14":3,"15":10,"16":5,"17":2,"18":2,"19":0}},"method":"hillside","closest_pair":[[0,1,2,3,5,4,6,7,8,9,10,11,12,15,13,14,17,16,18,19],[0,1,2,3,5,4,6,7,8,9,10,11,12,15,14,13,17,16,18,19]],"farthest_pair":[[0,1,2,3,5,4,6,7,8,9,10,11,12,15,14,13,17,16,18,19],[0,1,2,3,5,4,6,7,8,9,10,11,12,15,13,14,17,16,18,19]],"tau_farthest_pair":0.9894736842,"tau_closest_pair":0.9894736842,"centroid_solution":[0,1,2,3,5,4,6,7,8,9,10,11,12,15,13,14,17,16,18,19]}