{"solutions":[[19,17,16,18,15,13,14,11,10,12,9,8,7,5,4,6,3,0,1,2],[19,17,16,18,15,13,14,11,12,10,9,8,5,7,4,6,3,0,1,2],[19,17,16,18,15,13,14,11,10,12,8,9,7,5,4,6,3,0,1,2],[19,17,16,18,15,13,14,11,12,10,8,9,7,5,4,6,3,0,1,2],[19,17,16,18,15,13,14,11,12,10,8,9,5,7,4,6,3,0,1,2],[19,17,16,18,15,13,14,11,10,12,8,9,5,7,4,6,3,0,1,2],[19,17,16,18,15,13,14,11,12,10,9,8,7,5,4,6,3,0,1,2],[19,17,16,18,15,13,14,11,10,12,9,8,5,7,4,6,3,0,1,2]],"obj":1060.0,"max_tau_solutions":null,"centroid_x":[[0.0,1.0,1.0,0.0,0.0,0.0,0.0,0.0,0.0,0.0,0.0,0.0,0.0,0.0,0.0,0.0,0.0,0.0,0.0,0.0],[0.0,0.0,1.0,0.0,0.0,0.0,0.0,0.0,0.0,0.0,0.0,0.0,0.0,0.0,0.0,0.0,0.0,0.0,0.0,0.0],[0.0,0.0,0.0,0.0,0.0,0.0,0.0,0.0,0.0,0.0,0.0,0.0,0.0,0.0,0.0,0.0,0.0,0.0,0.0,0.0],[1.0,1.0,1.0,0.0,0.0,0.0,0.0,0.0,0.0,0.0,0.0,0.0,0.0,0.0,0.0,0.0,0.0,0.0,0.0,0.0],[1.0,1.0,1.0,1.0,0.0,0.0,1.0,0.0,0.0,0.0,0.0,0.0,0.0,0.0,0.0,0.0,0.0,0.0,0.0,0.0],[1.0,1.0,1.0,1.0,1.0,0.0,1.0,0.3520649289,0.0,0.0,0.0,0.0,0.0,0.0,0.0,0.0,0.0,0.0,0.0,0.0],[1.0,1.0,1.0,1.0,0.0,0.0,0.0,0.0,0.0,0.0,0.0,0.0,0.0,0.0,0.0,0.0,0.0,0.0,0.0,0.0],[1.0,1.0,1.0,1.0,1.0,0.6479350711,1.0,0.0,0.0,0.0,0.0,0.0,0.0,0.0,0.0,0.0,0.0,0.0,0.0,0.0],[1.0,1.0,1.0,1.0,1.0,1.0,1.0,1.0,0.0,0.335527691,0.0,0.0,0.0,0.0,0.0,0.0,0.0,0.0,0.0,0.0],[1.0,1.0,1.0,1.0,1.0,1.0,1.0,1.0,0.664472309,0.0,0.0,0.0,0.0,0.0,0.0,0.0,0.0,0.0,0.0,0.0],[1.0,1.0,1.0,1.0,1.0,1.0,1.0,1.0,1.0,1.0,0.0,0.0,0.3501738244,0.0,0.0,0.0,0.0,0.0,0.0,0.0],[1.0,1.0,1.0,1.0,1.0,1.0,1.0,1.0,1.0,1.0,1.0,0.0,1.0,0.0,0.0,0.0,0.0,0.0,0.0,0.0],[1.0,1.0,1.0,1.0,1.0,1.0,1.0,1.0,1.0,1.0,0.6498261756,0.0,0.0,0.0,0.0,0.0,0.0,0.0,0.0,0.0],[1.0,1.0,1.0,1.0,1.0,1.0,1.0,1.0,1.0,1.0,1.0,1.0,1.0,0.0,1.0,0.0,0.0,0.0,0.0,0.0],[1.0,1.0,1.0,1.0,1.0,1.0,1.0,1.0,1.0,1.0,1.0,1.0,1.0,0.0,0.0,0.0,0.0,0.0,0.0,0.0],[1.0,1.0,1.0,1.0,1.0,1.0,1.0,1.0,1.0,1.0,1.0,1.0,1.0,1.0,1.0,0.0,0.0,0.0,0.0,0.0],[1.0,1.0,1.0,1.0,1.0,1.0,1.0,1.0,1.0,1.0,1.0,1.0,1.0,1.0,1.0,1.0,0.0,0.0,1.0,0.0],[1.0,1.0,1.0,1.0,1.0,1.0,1.0,1.0,1.0,1.0,1.0,1.0,1.0,1.0,1.0,1.0,1.0,0.0,1.0,0.0],[1.0,1.0,1.0,1.0,1.0,1.0,1.0,1.0,1.0,1.0,1.0,1.0,1.0,1.0,1.0,1.0,0.0,0.0,0.0,0.0],[1.0,1.0,1.0,1.0,1.0,1.0,1.0,1.0,1.0,1.0,1.0,1.0,1.0,1.0,1.0,1.0,1.0,1.0,1.0,0.0]],"outlier_solution":[19,17,16,18,15,13,14,11,10,12,8,9,5,7,4,6,3,0,1,2],"dataset_id":674,"source_dataset_id":721,"options":null,"D":{"0":{"0":0,"1":5,"2":4,"3":4,"4":7,"5":5,"6":3,"7":4,"8":3,"9":1,"10":9,"11":3,"12":10,"13":8,"14":3,"15":4,"16":3,"17":3,"18":2,"19":8},"1":{"0":1,"1":0,"2":2,"3":3,"4":6,"5":8,"6":5,"7":5,"8":7,"9":4,"10":2,"11":3,"12":5,"13":7,"14":5,"15":5,"16":8,"17":8,"18":5,"19":4},"2":{"0":3,"1":3,"2":0,"3":1,"4":5,"5":8,"6":8,"7":7,"8":4,"9":4,"10":4,"11":5,"12":4,"13":4,"14":12,"15":6,"16":3,"17":4,"18":5,"19":4},"3":{"0":0,"1":3,"2":2,"3":0,"4":3,"5":5,"6":5,"7":7,"8":5,"9":3,"10":4,"11":10,"12":9,"13":3,"14":2,"15":6,"16":3,"17":12,"18":9,"19":2},"4":{"0":0,"1":0,"2":3,"3":3,"4":0,"5":1,"6":4,"7":3,"8":10,"9":8,"10":5,"11":8,"12":4,"13":2,"14":2,"15":6,"16":6,"17":3,"18":4,"19":5},"5":{"0":0,"1":0,"2":0,"3":5,"4":3,"5":0,"6":1,"7":3,"8":5,"9":6,"10":3,"11":4,"12":3,"13":7,"14":8,"15":4,"16":3,"17":5,"18":3,"19":4},"6":{"0":0,"1":0,"2":0,"3":0,"4":5,"5":2,"6":0,"7":3,"8":1,"9":5,"10":9,"11":4,"12":8,"13":5,"14":5,"15":6,"16":8,"17":3,"18":5,"19":8},"7":{"0":0,"1":0,"2":0,"3":0,"4":0,"5":4,"6":3,"7":0,"8":2,"9":1,"10":4,"11":5,"12":5,"13":6,"14":3,"15":6,"16":4,"17":7,"18":3,"19":7},"8":{"0":0,"1":0,"2":0,"3":0,"4":0,"5":0,"6":1,"7":1,"8":0,"9":1,"10":4,"11":2,"12":3,"13":5,"14":6,"15":3,"16":6,"17":4,"18":3,"19":7},"9":{"0":0,"1":0,"2":0,"3":0,"4":0,"5":0,"6":0,"7":2,"8":1,"9":0,"10":3,"11":4,"12":1,"13":8,"14":5,"15":4,"16":5,"17":5,"18":3,"19":5},"10":{"0":0,"1":0,"2":0,"3":0,"4":0,"5":0,"6":0,"7":0,"8":5,"9":6,"10":0,"11":4,"12":1,"13":3,"14":4,"15":1,"16":7,"17":4,"18":3,"19":5},"11":{"0":0,"1":0,"2":0,"3":0,"4":0,"5":0,"6":0,"7":0,"8":0,"9":4,"10":3,"11":0,"12":0,"13":8,"14":3,"15":3,"16":4,"17":7,"18":10,"19":2},"12":{"0":0,"1":0,"2":0,"3":0,"4":0,"5":0,"6":0,"7":0,"8":0,"9":0,"10":4,"11":2,"12":0,"13":0,"14":4,"15":6,"16":8,"17":5,"18":6,"19":9},"13":{"0":0,"1":0,"2":0,"3":0,"4":0,"5":0,"6":0,"7":0,"8":0,"9":0,"10":0,"11":2,"12":3,"13":0,"14":5,"15":4,"16":7,"17":9,"18":6,"19":2},"14":{"0":0,"1":0,"2":0,"3":0,"4":0,"5":0,"6":0,"7":0,"8":0,"9":0,"10":0,"11":0,"12":4,"13":4,"14":0,"15":4,"16":2,"17":5,"18":8,"19":6},"15":{"0":0,"1":0,"2":0,"3":0,"4":0,"5":0,"6":0,"7":0,"8":0,"9":0,"10":0,"11":0,"12":0,"13":3,"14":1,"15":0,"16":1,"17":3,"18":5,"19":5},"16":{"0":0,"1":0,"2":0,"3":0,"4":0,"5":0,"6":0,"7":0,"8":0,"9":0,"10":0,"11":0,"12":0,"13":0,"14":2,"15":4,"16":0,"17":3,"18":3,"19":8},"17":{"0":0,"1":0,"2":0,"3":0,"4":0,"5":0,"6":0,"7":0,"8":0,"9":0,"10":0,"11":0,"12":0,"13":0,"14":0,"15":2,"16":3,"17":0,"18":1,"19":2},"18":{"0":0,"1":0,"2":0,"3":0,"4":0,"5":0,"6":0,"7":0,"8":0,"9":0,"10":0,"11":0,"12":0,"13":0,"14":0,"15":0,"16":1,"17":2,"18":0,"19":3},"19":{"0":0,"1":0,"2":0,"3":0,"4":0,"5":0,"6":0,"7":0,"8":0,"9":0,"10":0,"11":0,"12":0,"13":0,"14":0,"15":0,"16":0,"17":3,"18":1,"19":0}},"method":"hillside","closest_pair":[[19,17,16,18,15,13,14,11,10,12,9,8,7,5,4,6,3,0,1,2],[19,17,16,18,15,13,14,11,12,10,9,8,7,5,4,6,3,0,1,2]],"farthest_pair":[[19,17,16,18,15,13,14,11,12,10,9,8,7,5,4,6,3,0,1,2],[19,17,16,18,15,13,14,11,10,12,8,9,5,7,4,6,3,0,1,2]],"tau_farthest_pair":0.9684210526,"tau_closest_pair":0.9894736842,"centroid_solution":[19,17,16,18,15,13,14,11,12,10,9,8,7,5,4,6,3,0,1,2]}