{"solutions":[[18,19,17,15,13,16,14,12,11,10,9,8,6,7,5,4,2,1,3,0],[18,19,17,15,13,16,14,12,11,10,8,9,6,7,5,4,2,1,3,0],[18,19,17,15,13,16,14,12,11,10,8,9,7,6,5,4,2,1,3,0],[18,19,17,15,13,16,14,12,11,10,9,8,7,6,5,4,2,1,3,0]],"obj":1002.0,"max_tau_solutions":null,"centroid_x":[[0.0,0.0,0.0,0.0,0.0,0.0,0.0,0.0,0.0,0.0,0.0,0.0,0.0,0.0,0.0,0.0,0.0,0.0,0.0,0.0],[1.0,0.0,0.0,1.0,0.0,0.0,0.0,0.0,0.0,0.0,0.0,0.0,0.0,0.0,0.0,0.0,0.0,0.0,0.0,0.0],[1.0,1.0,0.0,1.0,0.0,0.0,0.0,0.0,0.0,0.0,0.0,0.0,0.0,0.0,0.0,0.0,0.0,0.0,0.0,0.0],[1.0,0.0,0.0,0.0,0.0,0.0,0.0,0.0,0.0,0.0,0.0,0.0,0.0,0.0,0.0,0.0,0.0,0.0,0.0,0.0],[1.0,1.0,1.0,1.0,0.0,0.0,0.0,0.0,0.0,0.0,0.0,0.0,0.0,0.0,0.0,0.0,0.0,0.0,0.0,0.0],[1.0,1.0,1.0,1.0,1.0,0.0,0.0,0.0,0.0,0.0,0.0,0.0,0.0,0.0,0.0,0.0,0.0,0.0,0.0,0.0],[1.0,1.0,1.0,1.0,1.0,1.0,0.0,0.3353718845,0.0,0.0,0.0,0.0,0.0,0.0,0.0,0.0,0.0,0.0,0.0,0.0],[1.0,1.0,1.0,1.0,1.0,1.0,0.6646281155,0.0,0.0,0.0,0.0,0.0,0.0,0.0,0.0,0.0,0.0,0.0,0.0,0.0],[1.0,1.0,1.0,1.0,1.0,1.0,1.0,1.0,0.0,0.3357416814,0.0,0.0,0.0,0.0,0.0,0.0,0.0,0.0,0.0,0.0],[1.0,1.0,1.0,1.0,1.0,1.0,1.0,1.0,0.6642583186,0.0,0.0,0.0,0.0,0.0,0.0,0.0,0.0,0.0,0.0,0.0],[1.0,1.0,1.0,1.0,1.0,1.0,1.0,1.0,1.0,1.0,0.0,0.0,0.0,0.0,0.0,0.0,0.0,0.0,0.0,0.0],[1.0,1.0,1.0,1.0,1.0,1.0,1.0,1.0,1.0,1.0,1.0,0.0,0.0,0.0,0.0,0.0,0.0,0.0,0.0,0.0],[1.0,1.0,1.0,1.0,1.0,1.0,1.0,1.0,1.0,1.0,1.0,1.0,0.0,0.0,0.0,0.0,0.0,0.0,0.0,0.0],[1.0,1.0,1.0,1.0,1.0,1.0,1.0,1.0,1.0,1.0,1.0,1.0,1.0,0.0,1.0,0.0,1.0,0.0,0.0,0.0],[1.0,1.0,1.0,1.0,1.0,1.0,1.0,1.0,1.0,1.0,1.0,1.0,1.0,0.0,0.0,0.0,0.0,0.0,0.0,0.0],[1.0,1.0,1.0,1.0,1.0,1.0,1.0,1.0,1.0,1.0,1.0,1.0,1.0,1.0,1.0,0.0,1.0,0.0,0.0,0.0],[1.0,1.0,1.0,1.0,1.0,1.0,1.0,1.0,1.0,1.0,1.0,1.0,1.0,0.0,1.0,0.0,0.0,0.0,0.0,0.0],[1.0,1.0,1.0,1.0,1.0,1.0,1.0,1.0,1.0,1.0,1.0,1.0,1.0,1.0,1.0,1.0,1.0,0.0,0.0,0.0],[1.0,1.0,1.0,1.0,1.0,1.0,1.0,1.0,1.0,1.0,1.0,1.0,1.0,1.0,1.0,1.0,1.0,1.0,0.0,1.0],[1.0,1.0,1.0,1.0,1.0,1.0,1.0,1.0,1.0,1.0,1.0,1.0,1.0,1.0,1.0,1.0,1.0,1.0,0.0,0.0]],"outlier_solution":[18,19,17,15,13,16,14,12,11,10,8,9,6,7,5,4,2,1,3,0],"dataset_id":677,"source_dataset_id":724,"options":null,"D":{"0":{"0":0,"1":4,"2":3,"3":3,"4":4,"5":6,"6":6,"7":5,"8":6,"9":7,"10":3,"11":9,"12":8,"13":6,"14":6,"15":6,"16":5,"17":4,"18":6,"19":5},"1":{"0":1,"1":0,"2":0,"3":2,"4":6,"5":3,"6":7,"7":5,"8":4,"9":4,"10":11,"11":5,"12":5,"13":6,"14":7,"15":6,"16":3,"17":5,"18":7,"19":7},"2":{"0":4,"1":4,"2":0,"3":2,"4":2,"5":4,"6":3,"7":6,"8":6,"9":4,"10":3,"11":8,"12":8,"13":1,"14":3,"15":5,"16":3,"17":2,"18":3,"19":3},"3":{"0":0,"1":3,"2":4,"3":0,"4":3,"5":5,"6":11,"7":6,"8":10,"9":1,"10":3,"11":8,"12":3,"13":6,"14":4,"15":3,"16":5,"17":7,"18":5,"19":10},"4":{"0":0,"1":0,"2":0,"3":1,"4":0,"5":2,"6":2,"7":3,"8":5,"9":3,"10":4,"11":10,"12":9,"13":6,"14":6,"15":7,"16":5,"17":3,"18":7,"19":4},"5":{"0":0,"1":0,"2":0,"3":1,"4":3,"5":0,"6":2,"7":2,"8":6,"9":5,"10":3,"11":3,"12":4,"13":10,"14":4,"15":6,"16":2,"17":6,"18":3,"19":7},"6":{"0":0,"1":0,"2":0,"3":0,"4":3,"5":3,"6":0,"7":3,"8":2,"9":3,"10":4,"11":4,"12":4,"13":6,"14":6,"15":4,"16":2,"17":3,"18":6,"19":1},"7":{"0":0,"1":0,"2":0,"3":0,"4":0,"5":1,"6":0,"7":0,"8":2,"9":6,"10":5,"11":9,"12":5,"13":6,"14":5,"15":5,"16":6,"17":3,"18":11,"19":0},"8":{"0":0,"1":0,"2":0,"3":0,"4":0,"5":0,"6":4,"7":5,"8":0,"9":3,"10":4,"11":6,"12":3,"13":4,"14":4,"15":2,"16":3,"17":9,"18":6,"19":8},"9":{"0":0,"1":0,"2":0,"3":0,"4":0,"5":0,"6":0,"7":2,"8":1,"9":0,"10":4,"11":1,"12":8,"13":9,"14":2,"15":5,"16":5,"17":8,"18":9,"19":6},"10":{"0":0,"1":0,"2":0,"3":0,"4":0,"5":0,"6":0,"7":0,"8":5,"9":1,"10":0,"11":3,"12":3,"13":1,"14":7,"15":1,"16":4,"17":5,"18":7,"19":4},"11":{"0":0,"1":0,"2":0,"3":0,"4":0,"5":0,"6":0,"7":0,"8":0,"9":2,"10":3,"11":0,"12":4,"13":0,"14":5,"15":11,"16":6,"17":8,"18":4,"19":2},"12":{"0":0,"1":0,"2":0,"3":0,"4":0,"5":0,"6":0,"7":0,"8":0,"9":0,"10":2,"11":5,"12":0,"13":4,"14":2,"15":11,"16":4,"17":5,"18":5,"19":5},"13":{"0":0,"1":0,"2":0,"3":0,"4":0,"5":0,"6":0,"7":0,"8":0,"9":0,"10":0,"11":1,"12":2,"13":0,"14":0,"15":3,"16":4,"17":1,"18":6,"19":8},"14":{"0":0,"1":0,"2":0,"3":0,"4":0,"5":0,"6":0,"7":0,"8":0,"9":0,"10":0,"11":0,"12":2,"13":4,"14":0,"15":3,"16":0,"17":8,"18":11,"19":10},"15":{"0":0,"1":0,"2":0,"3":0,"4":0,"5":0,"6":0,"7":0,"8":0,"9":0,"10":0,"11":0,"12":0,"13":2,"14":0,"15":0,"16":2,"17":1,"18":7,"19":4},"16":{"0":0,"1":0,"2":0,"3":0,"4":0,"5":0,"6":0,"7":0,"8":0,"9":0,"10":0,"11":0,"12":0,"13":0,"14":2,"15":1,"16":0,"17":6,"18":0,"19":9},"17":{"0":0,"1":0,"2":0,"3":0,"4":0,"5":0,"6":0,"7":0,"8":0,"9":0,"10":0,"11":0,"12":0,"13":0,"14":0,"15":1,"16":3,"17":0,"18":0,"19":2},"18":{"0":0,"1":0,"2":0,"3":0,"4":0,"5":0,"6":0,"7":0,"8":0,"9":0,"10":0,"11":0,"12":0,"13":0,"14":0,"15":0,"16":0,"17":3,"18":0,"19":6},"19":{"0":0,"1":0,"2":0,"3":0,"4":0,"5":0,"6":0,"7":0,"8":0,"9":0,"10":0,"11":0,"12":0,"13":0,"14":0,"15":0,"16":0,"17":7,"18":2,"19":0}},"method":"hillside","closest_pair":[[18,19,17,15,13,16,14,12,11,10,8,9,7,6,5,4,2,1,3,0],[18,19,17,15,13,16,14,12,11,10,9,8,7,6,5,4,2,1,3,0]],"farthest_pair":[[18,19,17,15,13,16,14,12,11,10,9,8,7,6,5,4,2,1,3,0],[18,19,17,15,13,16,14,12,11,10,8,9,6,7,5,4,2,1,3,0]],"tau_farthest_pair":0.9789473684,"tau_closest_pair":0.9894736842,"centroid_solution":[18,19,17,15,13,16,14,12,11,10,9,8,7,6,5,4,2,1,3,0]}