{"solutions":[[19,17,18,16,15,14,12,13,11,9,8,10,6,5,7,2,4,3,1,0],[19,17,18,16,15,14,12,13,11,9,10,8,6,5,7,2,4,3,1,0]],"obj":1018.0,"max_tau_solutions":null,"centroid_x":[[0.0,0.0,0.0,0.0,0.0,0.0,0.0,0.0,0.0,0.0,0.0,0.0,0.0,0.0,0.0,0.0,0.0,0.0,0.0,0.0],[1.0,0.0,0.0,0.0,0.0,0.0,0.0,0.0,0.0,0.0,0.0,0.0,0.0,0.0,0.0,0.0,0.0,0.0,0.0,0.0],[1.0,1.0,0.0,1.0,1.0,0.0,0.0,0.0,0.0,0.0,0.0,0.0,0.0,0.0,0.0,0.0,0.0,0.0,0.0,0.0],[1.0,1.0,0.0,0.0,0.0,0.0,0.0,0.0,0.0,0.0,0.0,0.0,0.0,0.0,0.0,0.0,0.0,0.0,0.0,0.0],[1.0,1.0,0.0,1.0,0.0,0.0,0.0,0.0,0.0,0.0,0.0,0.0,0.0,0.0,0.0,0.0,0.0,0.0,0.0,0.0],[1.0,1.0,1.0,1.0,1.0,0.0,0.0,1.0,0.0,0.0,0.0,0.0,0.0,0.0,0.0,0.0,0.0,0.0,0.0,0.0],[1.0,1.0,1.0,1.0,1.0,1.0,0.0,1.0,0.0,0.0,0.0,0.0,0.0,0.0,0.0,0.0,0.0,0.0,0.0,0.0],[1.0,1.0,1.0,1.0,1.0,0.0,0.0,0.0,0.0,0.0,0.0,0.0,0.0,0.0,0.0,0.0,0.0,0.0,0.0,0.0],[1.0,1.0,1.0,1.0,1.0,1.0,1.0,1.0,0.0,0.0,0.3521658421,0.0,0.0,0.0,0.0,0.0,0.0,0.0,0.0,0.0],[1.0,1.0,1.0,1.0,1.0,1.0,1.0,1.0,1.0,0.0,1.0,0.0,0.0,0.0,0.0,0.0,0.0,0.0,0.0,0.0],[1.0,1.0,1.0,1.0,1.0,1.0,1.0,1.0,0.6478341579,0.0,0.0,0.0,0.0,0.0,0.0,0.0,0.0,0.0,0.0,0.0],[1.0,1.0,1.0,1.0,1.0,1.0,1.0,1.0,1.0,1.0,1.0,0.0,0.0,0.0,0.0,0.0,0.0,0.0,0.0,0.0],[1.0,1.0,1.0,1.0,1.0,1.0,1.0,1.0,1.0,1.0,1.0,1.0,0.0,1.0,0.0,0.0,0.0,0.0,0.0,0.0],[1.0,1.0,1.0,1.0,1.0,1.0,1.0,1.0,1.0,1.0,1.0,1.0,0.0,0.0,0.0,0.0,0.0,0.0,0.0,0.0],[1.0,1.0,1.0,1.0,1.0,1.0,1.0,1.0,1.0,1.0,1.0,1.0,1.0,1.0,0.0,0.0,0.0,0.0,0.0,0.0],[1.0,1.0,1.0,1.0,1.0,1.0,1.0,1.0,1.0,1.0,1.0,1.0,1.0,1.0,1.0,0.0,0.0,0.0,0.0,0.0],[1.0,1.0,1.0,1.0,1.0,1.0,1.0,1.0,1.0,1.0,1.0,1.0,1.0,1.0,1.0,1.0,0.0,0.0,0.0,0.0],[1.0,1.0,1.0,1.0,1.0,1.0,1.0,1.0,1.0,1.0,1.0,1.0,1.0,1.0,1.0,1.0,1.0,0.0,1.0,0.0],[1.0,1.0,1.0,1.0,1.0,1.0,1.0,1.0,1.0,1.0,1.0,1.0,1.0,1.0,1.0,1.0,1.0,0.0,0.0,0.0],[1.0,1.0,1.0,1.0,1.0,1.0,1.0,1.0,1.0,1.0,1.0,1.0,1.0,1.0,1.0,1.0,1.0,1.0,1.0,0.0]],"outlier_solution":[19,17,18,16,15,14,12,13,11,9,8,10,6,5,7,2,4,3,1,0],"dataset_id":678,"source_dataset_id":725,"options":null,"D":{"0":{"0":0,"1":7,"2":2,"3":7,"4":8,"5":4,"6":8,"7":5,"8":4,"9":4,"10":2,"11":10,"12":7,"13":5,"14":4,"15":8,"16":3,"17":4,"18":2,"19":5},"1":{"0":1,"1":0,"2":1,"3":5,"4":7,"5":3,"6":6,"7":9,"8":5,"9":4,"10":5,"11":8,"12":2,"13":10,"14":5,"15":5,"16":9,"17":4,"18":12,"19":5},"2":{"0":1,"1":2,"2":0,"3":6,"4":5,"5":4,"6":4,"7":2,"8":5,"9":4,"10":1,"11":7,"12":5,"13":4,"14":3,"15":3,"16":5,"17":4,"18":3,"19":7},"3":{"0":0,"1":2,"2":2,"3":0,"4":1,"5":3,"6":7,"7":3,"8":8,"9":6,"10":3,"11":4,"12":5,"13":4,"14":3,"15":4,"16":7,"17":5,"18":3,"19":2},"4":{"0":0,"1":0,"2":2,"3":3,"4":0,"5":6,"6":5,"7":3,"8":4,"9":5,"10":6,"11":7,"12":12,"13":8,"14":4,"15":3,"16":7,"17":4,"18":3,"19":8},"5":{"0":0,"1":0,"2":0,"3":2,"4":3,"5":0,"6":5,"7":0,"8":4,"9":3,"10":3,"11":9,"12":3,"13":2,"14":5,"15":6,"16":4,"17":6,"18":4,"19":5},"6":{"0":0,"1":0,"2":0,"3":0,"4":3,"5":4,"6":0,"7":3,"8":1,"9":9,"10":3,"11":4,"12":6,"13":10,"14":5,"15":3,"16":7,"17":3,"18":7,"19":5},"7":{"0":0,"1":0,"2":0,"3":0,"4":0,"5":0,"6":3,"7":0,"8":4,"9":5,"10":1,"11":5,"12":6,"13":6,"14":8,"15":9,"16":5,"17":10,"18":5,"19":6},"8":{"0":0,"1":0,"2":0,"3":0,"4":0,"5":0,"6":3,"7":2,"8":0,"9":2,"10":3,"11":7,"12":4,"13":2,"14":9,"15":7,"16":4,"17":8,"18":6,"19":2},"9":{"0":0,"1":0,"2":0,"3":0,"4":0,"5":0,"6":0,"7":3,"8":3,"9":0,"10":0,"11":4,"12":2,"13":8,"14":7,"15":4,"16":6,"17":2,"18":6,"19":7},"10":{"0":0,"1":0,"2":0,"3":0,"4":0,"5":0,"6":0,"7":0,"8":4,"9":7,"10":0,"11":3,"12":8,"13":7,"14":6,"15":4,"16":6,"17":7,"18":5,"19":8},"11":{"0":0,"1":0,"2":0,"3":0,"4":0,"5":0,"6":0,"7":0,"8":0,"9":2,"10":3,"11":0,"12":1,"13":2,"14":6,"15":2,"16":3,"17":3,"18":4,"19":2},"12":{"0":0,"1":0,"2":0,"3":0,"4":0,"5":0,"6":0,"7":0,"8":0,"9":0,"10":1,"11":2,"12":0,"13":2,"14":2,"15":7,"16":4,"17":5,"18":4,"19":2},"13":{"0":0,"1":0,"2":0,"3":0,"4":0,"5":0,"6":0,"7":0,"8":0,"9":0,"10":0,"11":3,"12":4,"13":0,"14":2,"15":3,"16":5,"17":7,"18":3,"19":4},"14":{"0":0,"1":0,"2":0,"3":0,"4":0,"5":0,"6":0,"7":0,"8":0,"9":0,"10":0,"11":0,"12":1,"13":0,"14":0,"15":4,"16":1,"17":3,"18":8,"19":3},"15":{"0":0,"1":0,"2":0,"3":0,"4":0,"5":0,"6":0,"7":0,"8":0,"9":0,"10":0,"11":0,"12":0,"13":3,"14":6,"15":0,"16":3,"17":0,"18":4,"19":6},"16":{"0":0,"1":0,"2":0,"3":0,"4":0,"5":0,"6":0,"7":0,"8":0,"9":0,"10":0,"11":0,"12":0,"13":0,"14":0,"15":2,"16":0,"17":3,"18":2,"19":7},"17":{"0":0,"1":0,"2":0,"3":0,"4":0,"5":0,"6":0,"7":0,"8":0,"9":0,"10":0,"11":0,"12":0,"13":0,"14":0,"15":3,"16":3,"17":0,"18":4,"19":4},"18":{"0":0,"1":0,"2":0,"3":0,"4":0,"5":0,"6":0,"7":0,"8":0,"9":0,"10":0,"11":0,"12":0,"13":0,"14":0,"15":0,"16":4,"17":3,"18":0,"19":1},"19":{"0":0,"1":0,"2":0,"3":0,"4":0,"5":0,"6":0,"7":0,"8":0,"9":0,"10":0,"11":0,"12":0,"13":0,"14":0,"15":0,"16":0,"17":3,"18":3,"19":0}},"method":"hillside","closest_pair":[[19,17,18,16,15,14,12,13,11,9,8,10,6,5,7,2,4,3,1,0],[19,17,18,16,15,14,12,13,11,9,10,8,6,5,7,2,4,3,1,0]],"farthest_pair":[[19,17,18,16,15,14,12,13,11,9,10,8,6,5,7,2,4,3,1,0],[19,17,18,16,15,14,12,13,11,9,8,10,6,5,7,2,4,3,1,0]],"tau_farthest_pair":0.9894736842,"tau_closest_pair":0.9894736842,"centroid_solution":[19,17,18,16,15,14,12,13,11,9,10,8,6,5,7,2,4,3,1,0]}