{"solutions":[[18,19,16,17,15,14,13,12,10,11,9,8,7,6,5,3,4,1,2,0],[18,19,16,17,15,14,13,12,10,11,9,7,8,6,5,3,4,1,2,0]],"obj":913.0,"max_tau_solutions":null,"centroid_x":[[0.0,0.0,0.0,0.0,0.0,0.0,0.0,0.0,0.0,0.0,0.0,0.0,0.0,0.0,0.0,0.0,0.0,0.0,0.0,0.0],[1.0,0.0,1.0,0.0,0.0,0.0,0.0,0.0,0.0,0.0,0.0,0.0,0.0,0.0,0.0,0.0,0.0,0.0,0.0,0.0],[1.0,0.0,0.0,0.0,0.0,0.0,0.0,0.0,0.0,0.0,0.0,0.0,0.0,0.0,0.0,0.0,0.0,0.0,0.0,0.0],[1.0,1.0,1.0,0.0,1.0,0.0,0.0,0.0,0.0,0.0,0.0,0.0,0.0,0.0,0.0,0.0,0.0,0.0,0.0,0.0],[1.0,1.0,1.0,0.0,0.0,0.0,0.0,0.0,0.0,0.0,0.0,0.0,0.0,0.0,0.0,0.0,0.0,0.0,0.0,0.0],[1.0,1.0,1.0,1.0,1.0,0.0,0.0,0.0,0.0,0.0,0.0,0.0,0.0,0.0,0.0,0.0,0.0,0.0,0.0,0.0],[1.0,1.0,1.0,1.0,1.0,1.0,0.0,0.0,0.0,0.0,0.0,0.0,0.0,0.0,0.0,0.0,0.0,0.0,0.0,0.0],[1.0,1.0,1.0,1.0,1.0,1.0,1.0,0.0,0.3332105687,0.0,0.0,0.0,0.0,0.0,0.0,0.0,0.0,0.0,0.0,0.0],[1.0,1.0,1.0,1.0,1.0,1.0,1.0,0.6667894313,0.0,0.0,0.0,0.0,0.0,0.0,0.0,0.0,0.0,0.0,0.0,0.0],[1.0,1.0,1.0,1.0,1.0,1.0,1.0,1.0,1.0,0.0,0.0,0.0,0.0,0.0,0.0,0.0,0.0,0.0,0.0,0.0],[1.0,1.0,1.0,1.0,1.0,1.0,1.0,1.0,1.0,1.0,0.0,1.0,0.0,0.0,0.0,0.0,0.0,0.0,0.0,0.0],[1.0,1.0,1.0,1.0,1.0,1.0,1.0,1.0,1.0,1.0,0.0,0.0,0.0,0.0,0.0,0.0,0.0,0.0,0.0,0.0],[1.0,1.0,1.0,1.0,1.0,1.0,1.0,1.0,1.0,1.0,1.0,1.0,0.0,0.0,0.0,0.0,0.0,0.0,0.0,0.0],[1.0,1.0,1.0,1.0,1.0,1.0,1.0,1.0,1.0,1.0,1.0,1.0,1.0,0.0,0.0,0.0,0.0,0.0,0.0,0.0],[1.0,1.0,1.0,1.0,1.0,1.0,1.0,1.0,1.0,1.0,1.0,1.0,1.0,1.0,0.0,0.0,0.0,0.0,0.0,0.0],[1.0,1.0,1.0,1.0,1.0,1.0,1.0,1.0,1.0,1.0,1.0,1.0,1.0,1.0,1.0,0.0,0.0,0.0,0.0,0.0],[1.0,1.0,1.0,1.0,1.0,1.0,1.0,1.0,1.0,1.0,1.0,1.0,1.0,1.0,1.0,1.0,0.0,1.0,0.0,0.0],[1.0,1.0,1.0,1.0,1.0,1.0,1.0,1.0,1.0,1.0,1.0,1.0,1.0,1.0,1.0,1.0,0.0,0.0,0.0,0.0],[1.0,1.0,1.0,1.0,1.0,1.0,1.0,1.0,1.0,1.0,1.0,1.0,1.0,1.0,1.0,1.0,1.0,1.0,0.0,1.0],[1.0,1.0,1.0,1.0,1.0,1.0,1.0,1.0,1.0,1.0,1.0,1.0,1.0,1.0,1.0,1.0,1.0,1.0,0.0,0.0]],"outlier_solution":[18,19,16,17,15,14,13,12,10,11,9,7,8,6,5,3,4,1,2,0],"dataset_id":682,"source_dataset_id":729,"options":null,"D":{"0":{"0":0,"1":4,"2":4,"3":5,"4":7,"5":8,"6":5,"7":1,"8":4,"9":2,"10":5,"11":7,"12":13,"13":3,"14":9,"15":4,"16":6,"17":7,"18":4,"19":8},"1":{"0":5,"1":0,"2":4,"3":0,"4":5,"5":3,"6":5,"7":2,"8":2,"9":2,"10":4,"11":2,"12":8,"13":5,"14":4,"15":3,"16":6,"17":4,"18":8,"19":7},"2":{"0":1,"1":3,"2":0,"3":1,"4":6,"5":2,"6":4,"7":5,"8":6,"9":5,"10":6,"11":6,"12":6,"13":5,"14":7,"15":8,"16":8,"17":6,"18":4,"19":2},"3":{"0":0,"1":1,"2":2,"3":0,"4":1,"5":2,"6":8,"7":5,"8":5,"9":6,"10":5,"11":6,"12":3,"13":4,"14":2,"15":3,"16":6,"17":4,"18":3,"19":13},"4":{"0":0,"1":0,"2":3,"3":4,"4":0,"5":2,"6":1,"7":8,"8":7,"9":5,"10":5,"11":3,"12":5,"13":5,"14":5,"15":8,"16":6,"17":7,"18":5,"19":6},"5":{"0":0,"1":0,"2":0,"3":3,"4":1,"5":0,"6":5,"7":5,"8":7,"9":6,"10":8,"11":5,"12":5,"13":8,"14":4,"15":7,"16":4,"17":1,"18":6,"19":5},"6":{"0":0,"1":0,"2":0,"3":0,"4":2,"5":2,"6":0,"7":2,"8":4,"9":5,"10":7,"11":6,"12":3,"13":9,"14":3,"15":4,"16":5,"17":7,"18":5,"19":8},"7":{"0":0,"1":0,"2":0,"3":0,"4":0,"5":4,"6":2,"7":0,"8":1,"9":1,"10":4,"11":3,"12":7,"13":3,"14":5,"15":6,"16":6,"17":5,"18":7,"19":1},"8":{"0":0,"1":0,"2":0,"3":0,"4":0,"5":0,"6":1,"7":1,"8":0,"9":2,"10":3,"11":3,"12":5,"13":6,"14":8,"15":6,"16":6,"17":7,"18":8,"19":7},"9":{"0":0,"1":0,"2":0,"3":0,"4":0,"5":0,"6":0,"7":4,"8":2,"9":0,"10":2,"11":0,"12":2,"13":5,"14":4,"15":6,"16":10,"17":4,"18":8,"19":5},"10":{"0":0,"1":0,"2":0,"3":0,"4":0,"5":0,"6":0,"7":0,"8":0,"9":5,"10":0,"11":4,"12":3,"13":7,"14":5,"15":7,"16":4,"17":2,"18":1,"19":5},"11":{"0":0,"1":0,"2":0,"3":0,"4":0,"5":0,"6":0,"7":0,"8":0,"9":1,"10":3,"11":0,"12":3,"13":3,"14":4,"15":4,"16":5,"17":2,"18":10,"19":6},"12":{"0":0,"1":0,"2":0,"3":0,"4":0,"5":0,"6":0,"7":0,"8":0,"9":0,"10":3,"11":2,"12":0,"13":3,"14":3,"15":7,"16":0,"17":2,"18":7,"19":3},"13":{"0":0,"1":0,"2":0,"3":0,"4":0,"5":0,"6":0,"7":0,"8":0,"9":0,"10":0,"11":5,"12":2,"13":0,"14":2,"15":2,"16":5,"17":8,"18":4,"19":3},"14":{"0":0,"1":0,"2":0,"3":0,"4":0,"5":0,"6":0,"7":0,"8":0,"9":0,"10":0,"11":0,"12":0,"13":1,"14":0,"15":1,"16":5,"17":4,"18":4,"19":11},"15":{"0":0,"1":0,"2":0,"3":0,"4":0,"5":0,"6":0,"7":0,"8":0,"9":0,"10":0,"11":0,"12":0,"13":2,"14":3,"15":0,"16":3,"17":1,"18":8,"19":8},"16":{"0":0,"1":0,"2":0,"3":0,"4":0,"5":0,"6":0,"7":0,"8":0,"9":0,"10":0,"11":0,"12":0,"13":0,"14":2,"15":3,"16":0,"17":7,"18":2,"19":4},"17":{"0":0,"1":0,"2":0,"3":0,"4":0,"5":0,"6":0,"7":0,"8":0,"9":0,"10":0,"11":0,"12":0,"13":0,"14":0,"15":4,"16":2,"17":0,"18":5,"19":5},"18":{"0":0,"1":0,"2":0,"3":0,"4":0,"5":0,"6":0,"7":0,"8":0,"9":0,"10":0,"11":0,"12":0,"13":0,"14":0,"15":0,"16":0,"17":1,"18":0,"19":3},"19":{"0":0,"1":0,"2":0,"3":0,"4":0,"5":0,"6":0,"7":0,"8":0,"9":0,"10":0,"11":0,"12":0,"13":0,"14":0,"15":0,"16":0,"17":1,"18":3,"19":0}},"method":"hillside","closest_pair":[[18,19,16,17,15,14,13,12,10,11,9,7,8,6,5,3,4,1,2,0],[18,19,16,17,15,14,13,12,10,11,9,8,7,6,5,3,4,1,2,0]],"farthest_pair":[[18,19,16,17,15,14,13,12,10,11,9,8,7,6,5,3,4,1,2,0],[18,19,16,17,15,14,13,12,10,11,9,7,8,6,5,3,4,1,2,0]],"tau_farthest_pair":0.9894736842,"tau_closest_pair":0.9894736842,"centroid_solution":[18,19,16,17,15,14,13,12,10,11,9,8,7,6,5,3,4,1,2,0]}