{"solutions":[[19,17,16,18,15,14,13,12,10,8,11,9,7,6,4,5,3,0,2,1],[19,17,16,18,15,14,13,12,10,8,11,9,7,6,4,5,3,0,1,2]],"obj":1032.0,"max_tau_solutions":null,"centroid_x":[[0.0,1.0,1.0,0.0,0.0,0.0,0.0,0.0,0.0,0.0,0.0,0.0,0.0,0.0,0.0,0.0,0.0,0.0,0.0,0.0],[0.0,0.0,0.3284099289,0.0,0.0,0.0,0.0,0.0,0.0,0.0,0.0,0.0,0.0,0.0,0.0,0.0,0.0,0.0,0.0,0.0],[0.0,0.6715900711,0.0,0.0,0.0,0.0,0.0,0.0,0.0,0.0,0.0,0.0,0.0,0.0,0.0,0.0,0.0,0.0,0.0,0.0],[1.0,1.0,1.0,0.0,0.0,0.0,0.0,0.0,0.0,0.0,0.0,0.0,0.0,0.0,0.0,0.0,0.0,0.0,0.0,0.0],[1.0,1.0,1.0,1.0,0.0,1.0,0.0,0.0,0.0,0.0,0.0,0.0,0.0,0.0,0.0,0.0,0.0,0.0,0.0,0.0],[1.0,1.0,1.0,1.0,0.0,0.0,0.0,0.0,0.0,0.0,0.0,0.0,0.0,0.0,0.0,0.0,0.0,0.0,0.0,0.0],[1.0,1.0,1.0,1.0,1.0,1.0,0.0,0.0,0.0,0.0,0.0,0.0,0.0,0.0,0.0,0.0,0.0,0.0,0.0,0.0],[1.0,1.0,1.0,1.0,1.0,1.0,1.0,0.0,0.0,0.0,0.0,0.0,0.0,0.0,0.0,0.0,0.0,0.0,0.0,0.0],[1.0,1.0,1.0,1.0,1.0,1.0,1.0,1.0,0.0,1.0,0.0,1.0,0.0,0.0,0.0,0.0,0.0,0.0,0.0,0.0],[1.0,1.0,1.0,1.0,1.0,1.0,1.0,1.0,0.0,0.0,0.0,0.0,0.0,0.0,0.0,0.0,0.0,0.0,0.0,0.0],[1.0,1.0,1.0,1.0,1.0,1.0,1.0,1.0,1.0,1.0,0.0,1.0,0.0,0.0,0.0,0.0,0.0,0.0,0.0,0.0],[1.0,1.0,1.0,1.0,1.0,1.0,1.0,1.0,0.0,1.0,0.0,0.0,0.0,0.0,0.0,0.0,0.0,0.0,0.0,0.0],[1.0,1.0,1.0,1.0,1.0,1.0,1.0,1.0,1.0,1.0,1.0,1.0,0.0,0.0,0.0,0.0,0.0,0.0,0.0,0.0],[1.0,1.0,1.0,1.0,1.0,1.0,1.0,1.0,1.0,1.0,1.0,1.0,1.0,0.0,0.0,0.0,0.0,0.0,0.0,0.0],[1.0,1.0,1.0,1.0,1.0,1.0,1.0,1.0,1.0,1.0,1.0,1.0,1.0,1.0,0.0,0.0,0.0,0.0,0.0,0.0],[1.0,1.0,1.0,1.0,1.0,1.0,1.0,1.0,1.0,1.0,1.0,1.0,1.0,1.0,1.0,0.0,0.0,0.0,0.0,0.0],[1.0,1.0,1.0,1.0,1.0,1.0,1.0,1.0,1.0,1.0,1.0,1.0,1.0,1.0,1.0,1.0,0.0,0.0,1.0,0.0],[1.0,1.0,1.0,1.0,1.0,1.0,1.0,1.0,1.0,1.0,1.0,1.0,1.0,1.0,1.0,1.0,1.0,0.0,1.0,0.0],[1.0,1.0,1.0,1.0,1.0,1.0,1.0,1.0,1.0,1.0,1.0,1.0,1.0,1.0,1.0,1.0,0.0,0.0,0.0,0.0],[1.0,1.0,1.0,1.0,1.0,1.0,1.0,1.0,1.0,1.0,1.0,1.0,1.0,1.0,1.0,1.0,1.0,1.0,1.0,0.0]],"outlier_solution":[19,17,16,18,15,14,13,12,10,8,11,9,7,6,4,5,3,0,1,2],"dataset_id":685,"source_dataset_id":732,"options":null,"D":{"0":{"0":0,"1":0,"2":4,"3":7,"4":4,"5":6,"6":7,"7":5,"8":9,"9":6,"10":2,"11":6,"12":5,"13":4,"14":4,"15":4,"16":2,"17":4,"18":1,"19":6},"1":{"0":5,"1":0,"2":1,"3":5,"4":11,"5":6,"6":3,"7":7,"8":7,"9":9,"10":8,"11":3,"12":1,"13":5,"14":7,"15":6,"16":5,"17":3,"18":2,"19":5},"2":{"0":1,"1":4,"2":0,"3":4,"4":5,"5":3,"6":6,"7":4,"8":9,"9":4,"10":3,"11":8,"12":3,"13":7,"14":6,"15":6,"16":6,"17":7,"18":5,"19":6},"3":{"0":0,"1":4,"2":3,"3":0,"4":4,"5":2,"6":7,"7":5,"8":3,"9":5,"10":5,"11":4,"12":7,"13":6,"14":6,"15":5,"16":3,"17":5,"18":9,"19":3},"4":{"0":0,"1":0,"2":3,"3":3,"4":0,"5":0,"6":1,"7":8,"8":5,"9":5,"10":3,"11":3,"12":5,"13":5,"14":8,"15":2,"16":8,"17":2,"18":4,"19":5},"5":{"0":0,"1":0,"2":0,"3":5,"4":3,"5":0,"6":3,"7":2,"8":8,"9":4,"10":7,"11":3,"12":8,"13":5,"14":5,"15":6,"16":5,"17":5,"18":7,"19":5},"6":{"0":0,"1":0,"2":0,"3":0,"4":2,"5":4,"6":0,"7":1,"8":4,"9":6,"10":3,"11":6,"12":5,"13":6,"14":6,"15":7,"16":7,"17":5,"18":6,"19":5},"7":{"0":0,"1":0,"2":0,"3":0,"4":0,"5":1,"6":2,"7":0,"8":3,"9":2,"10":6,"11":5,"12":11,"13":5,"14":2,"15":5,"16":5,"17":7,"18":2,"19":9},"8":{"0":0,"1":0,"2":0,"3":0,"4":0,"5":0,"6":2,"7":0,"8":0,"9":1,"10":1,"11":5,"12":3,"13":4,"14":2,"15":5,"16":5,"17":6,"18":2,"19":7},"9":{"0":0,"1":0,"2":0,"3":0,"4":0,"5":0,"6":0,"7":0,"8":2,"9":0,"10":2,"11":2,"12":5,"13":5,"14":4,"15":10,"16":5,"17":6,"18":7,"19":6},"10":{"0":0,"1":0,"2":0,"3":0,"4":0,"5":0,"6":0,"7":0,"8":3,"9":0,"10":0,"11":3,"12":1,"13":6,"14":2,"15":7,"16":3,"17":6,"18":7,"19":3},"11":{"0":0,"1":0,"2":0,"3":0,"4":0,"5":0,"6":0,"7":0,"8":0,"9":5,"10":5,"11":0,"12":5,"13":1,"14":5,"15":7,"16":6,"17":6,"18":3,"19":4},"12":{"0":0,"1":0,"2":0,"3":0,"4":0,"5":0,"6":0,"7":0,"8":0,"9":0,"10":2,"11":4,"12":0,"13":4,"14":0,"15":3,"16":3,"17":6,"18":4,"19":7},"13":{"0":0,"1":0,"2":0,"3":0,"4":0,"5":0,"6":0,"7":0,"8":0,"9":0,"10":0,"11":7,"12":6,"13":0,"14":4,"15":1,"16":8,"17":5,"18":4,"19":6},"14":{"0":0,"1":0,"2":0,"3":0,"4":0,"5":0,"6":0,"7":0,"8":0,"9":0,"10":0,"11":0,"12":0,"13":2,"14":0,"15":1,"16":3,"17":2,"18":6,"19":3},"15":{"0":0,"1":0,"2":0,"3":0,"4":0,"5":0,"6":0,"7":0,"8":0,"9":0,"10":0,"11":0,"12":0,"13":1,"14":4,"15":0,"16":4,"17":4,"18":7,"19":8},"16":{"0":0,"1":0,"2":0,"3":0,"4":0,"5":0,"6":0,"7":0,"8":0,"9":0,"10":0,"11":0,"12":0,"13":0,"14":2,"15":1,"16":0,"17":0,"18":3,"19":9},"17":{"0":0,"1":0,"2":0,"3":0,"4":0,"5":0,"6":0,"7":0,"8":0,"9":0,"10":0,"11":0,"12":0,"13":0,"14":0,"15":1,"16":3,"17":0,"18":2,"19":1},"18":{"0":0,"1":0,"2":0,"3":0,"4":0,"5":0,"6":0,"7":0,"8":0,"9":0,"10":0,"11":0,"12":0,"13":0,"14":0,"15":0,"16":4,"17":2,"18":0,"19":8},"19":{"0":0,"1":0,"2":0,"3":0,"4":0,"5":0,"6":0,"7":0,"8":0,"9":0,"10":0,"11":0,"12":0,"13":0,"14":0,"15":0,"16":0,"17":3,"18":0,"19":0}},"method":"hillside","closest_pair":[[19,17,16,18,15,14,13,12,10,8,11,9,7,6,4,5,3,0,1,2],[19,17,16,18,15,14,13,12,10,8,11,9,7,6,4,5,3,0,2,1]],"farthest_pair":[[19,17,16,18,15,14,13,12,10,8,11,9,7,6,4,5,3,0,2,1],[19,17,16,18,15,14,13,12,10,8,11,9,7,6,4,5,3,0,1,2]],"tau_farthest_pair":0.9894736842,"tau_closest_pair":0.9894736842,"centroid_solution":[19,17,16,18,15,14,13,12,10,8,11,9,7,6,4,5,3,0,2,1]}