{"solutions":[[19,18,17,16,14,15,13,12,11,9,10,7,8,6,4,5,3,2,1,0],[18,19,17,16,14,15,13,12,11,9,10,7,8,6,4,5,3,2,1,0]],"obj":1035.0,"max_tau_solutions":null,"centroid_x":[[0.0,0.0,0.0,0.0,0.0,0.0,0.0,0.0,0.0,0.0,0.0,0.0,0.0,0.0,0.0,0.0,0.0,0.0,0.0,0.0],[1.0,0.0,0.0,0.0,0.0,0.0,0.0,0.0,0.0,0.0,0.0,0.0,0.0,0.0,0.0,0.0,0.0,0.0,0.0,0.0],[1.0,1.0,0.0,0.0,0.0,0.0,0.0,0.0,0.0,0.0,0.0,0.0,0.0,0.0,0.0,0.0,0.0,0.0,0.0,0.0],[1.0,1.0,1.0,0.0,0.0,0.0,0.0,0.0,0.0,0.0,0.0,0.0,0.0,0.0,0.0,0.0,0.0,0.0,0.0,0.0],[1.0,1.0,1.0,1.0,0.0,1.0,0.0,0.0,0.0,0.0,0.0,0.0,0.0,0.0,0.0,0.0,0.0,0.0,0.0,0.0],[1.0,1.0,1.0,1.0,0.0,0.0,0.0,0.0,0.0,0.0,0.0,0.0,0.0,0.0,0.0,0.0,0.0,0.0,0.0,0.0],[1.0,1.0,1.0,1.0,1.0,1.0,0.0,0.0,0.0,0.0,0.0,0.0,0.0,0.0,0.0,0.0,0.0,0.0,0.0,0.0],[1.0,1.0,1.0,1.0,1.0,1.0,1.0,0.0,1.0,0.0,0.0,0.0,0.0,0.0,0.0,0.0,0.0,0.0,0.0,0.0],[1.0,1.0,1.0,1.0,1.0,1.0,1.0,0.0,0.0,0.0,0.0,0.0,0.0,0.0,0.0,0.0,0.0,0.0,0.0,0.0],[1.0,1.0,1.0,1.0,1.0,1.0,1.0,1.0,1.0,0.0,1.0,0.0,0.0,0.0,0.0,0.0,0.0,0.0,0.0,0.0],[1.0,1.0,1.0,1.0,1.0,1.0,1.0,1.0,1.0,0.0,0.0,0.0,0.0,0.0,0.0,0.0,0.0,0.0,0.0,0.0],[1.0,1.0,1.0,1.0,1.0,1.0,1.0,1.0,1.0,1.0,1.0,0.0,0.0,0.0,0.0,0.0,0.0,0.0,0.0,0.0],[1.0,1.0,1.0,1.0,1.0,1.0,1.0,1.0,1.0,1.0,1.0,1.0,0.0,0.0,0.0,0.0,0.0,0.0,0.0,0.0],[1.0,1.0,1.0,1.0,1.0,1.0,1.0,1.0,1.0,1.0,1.0,1.0,1.0,0.0,0.0,0.0,0.0,0.0,0.0,0.0],[1.0,1.0,1.0,1.0,1.0,1.0,1.0,1.0,1.0,1.0,1.0,1.0,1.0,1.0,0.0,1.0,0.0,0.0,0.0,0.0],[1.0,1.0,1.0,1.0,1.0,1.0,1.0,1.0,1.0,1.0,1.0,1.0,1.0,1.0,0.0,0.0,0.0,0.0,0.0,0.0],[1.0,1.0,1.0,1.0,1.0,1.0,1.0,1.0,1.0,1.0,1.0,1.0,1.0,1.0,1.0,1.0,0.0,0.0,0.0,0.0],[1.0,1.0,1.0,1.0,1.0,1.0,1.0,1.0,1.0,1.0,1.0,1.0,1.0,1.0,1.0,1.0,1.0,0.0,0.0,0.0],[1.0,1.0,1.0,1.0,1.0,1.0,1.0,1.0,1.0,1.0,1.0,1.0,1.0,1.0,1.0,1.0,1.0,1.0,0.0,0.3359268929],[1.0,1.0,1.0,1.0,1.0,1.0,1.0,1.0,1.0,1.0,1.0,1.0,1.0,1.0,1.0,1.0,1.0,1.0,0.6640731071,0.0]],"outlier_solution":[18,19,17,16,14,15,13,12,11,9,10,7,8,6,4,5,3,2,1,0],"dataset_id":686,"source_dataset_id":733,"options":null,"D":{"0":{"0":0,"1":2,"2":2,"3":9,"4":7,"5":5,"6":12,"7":5,"8":4,"9":7,"10":2,"11":6,"12":6,"13":1,"14":7,"15":5,"16":2,"17":9,"18":1,"19":2},"1":{"0":0,"1":0,"2":2,"3":4,"4":4,"5":8,"6":5,"7":7,"8":4,"9":8,"10":4,"11":5,"12":4,"13":7,"14":7,"15":6,"16":4,"17":5,"18":7,"19":5},"2":{"0":2,"1":4,"2":0,"3":2,"4":2,"5":5,"6":10,"7":0,"8":5,"9":4,"10":5,"11":5,"12":6,"13":4,"14":4,"15":4,"16":5,"17":4,"18":7,"19":4},"3":{"0":0,"1":6,"2":2,"3":0,"4":2,"5":4,"6":6,"7":6,"8":6,"9":5,"10":4,"11":5,"12":4,"13":5,"14":6,"15":3,"16":3,"17":3,"18":6,"19":4},"4":{"0":0,"1":0,"2":2,"3":3,"4":0,"5":3,"6":1,"7":2,"8":1,"9":9,"10":3,"11":6,"12":6,"13":5,"14":13,"15":5,"16":3,"17":4,"18":3,"19":5},"5":{"0":0,"1":0,"2":0,"3":2,"4":1,"5":0,"6":5,"7":5,"8":9,"9":9,"10":3,"11":6,"12":9,"13":5,"14":6,"15":6,"16":3,"17":5,"18":4,"19":6},"6":{"0":0,"1":0,"2":0,"3":0,"4":3,"5":2,"6":0,"7":1,"8":3,"9":6,"10":7,"11":6,"12":3,"13":5,"14":7,"15":1,"16":8,"17":4,"18":4,"19":3},"7":{"0":0,"1":0,"2":0,"3":0,"4":0,"5":2,"6":4,"7":0,"8":6,"9":3,"10":3,"11":2,"12":3,"13":3,"14":7,"15":4,"16":2,"17":3,"18":8,"19":7},"8":{"0":0,"1":0,"2":0,"3":0,"4":0,"5":0,"6":2,"7":3,"8":0,"9":1,"10":5,"11":3,"12":5,"13":7,"14":10,"15":9,"16":7,"17":6,"18":3,"19":7},"9":{"0":0,"1":0,"2":0,"3":0,"4":0,"5":0,"6":0,"7":0,"8":5,"9":0,"10":3,"11":0,"12":6,"13":4,"14":7,"15":5,"16":3,"17":5,"18":7,"19":11},"10":{"0":0,"1":0,"2":0,"3":0,"4":0,"5":0,"6":0,"7":0,"8":3,"9":0,"10":0,"11":2,"12":2,"13":5,"14":9,"15":2,"16":3,"17":6,"18":11,"19":4},"11":{"0":0,"1":0,"2":0,"3":0,"4":0,"5":0,"6":0,"7":0,"8":0,"9":4,"10":3,"11":0,"12":3,"13":4,"14":6,"15":5,"16":2,"17":4,"18":6,"19":5},"12":{"0":0,"1":0,"2":0,"3":0,"4":0,"5":0,"6":0,"7":0,"8":0,"9":0,"10":5,"11":5,"12":0,"13":4,"14":1,"15":3,"16":7,"17":4,"18":7,"19":5},"13":{"0":0,"1":0,"2":0,"3":0,"4":0,"5":0,"6":0,"7":0,"8":0,"9":0,"10":0,"11":2,"12":4,"13":0,"14":0,"15":2,"16":4,"17":6,"18":6,"19":7},"14":{"0":0,"1":0,"2":0,"3":0,"4":0,"5":0,"6":0,"7":0,"8":0,"9":0,"10":0,"11":0,"12":2,"13":1,"14":0,"15":5,"16":3,"17":5,"18":6,"19":10},"15":{"0":0,"1":0,"2":0,"3":0,"4":0,"5":0,"6":0,"7":0,"8":0,"9":0,"10":0,"11":0,"12":0,"13":2,"14":1,"15":0,"16":3,"17":4,"18":5,"19":6},"16":{"0":0,"1":0,"2":0,"3":0,"4":0,"5":0,"6":0,"7":0,"8":0,"9":0,"10":0,"11":0,"12":0,"13":0,"14":1,"15":4,"16":0,"17":1,"18":2,"19":8},"17":{"0":0,"1":0,"2":0,"3":0,"4":0,"5":0,"6":0,"7":0,"8":0,"9":0,"10":0,"11":0,"12":0,"13":0,"14":0,"15":0,"16":2,"17":0,"18":5,"19":2},"18":{"0":0,"1":0,"2":0,"3":0,"4":0,"5":0,"6":0,"7":0,"8":0,"9":0,"10":0,"11":0,"12":0,"13":0,"14":0,"15":0,"16":1,"17":0,"18":0,"19":2},"19":{"0":0,"1":0,"2":0,"3":0,"4":0,"5":0,"6":0,"7":0,"8":0,"9":0,"10":0,"11":0,"12":0,"13":0,"14":0,"15":0,"16":0,"17":3,"18":1,"19":0}},"method":"hillside","closest_pair":[[18,19,17,16,14,15,13,12,11,9,10,7,8,6,4,5,3,2,1,0],[19,18,17,16,14,15,13,12,11,9,10,7,8,6,4,5,3,2,1,0]],"farthest_pair":[[19,18,17,16,14,15,13,12,11,9,10,7,8,6,4,5,3,2,1,0],[18,19,17,16,14,15,13,12,11,9,10,7,8,6,4,5,3,2,1,0]],"tau_farthest_pair":0.9894736842,"tau_closest_pair":0.9894736842,"centroid_solution":[19,18,17,16,14,15,13,12,11,9,10,7,8,6,4,5,3,2,1,0]}