{"solutions":[[19,18,16,17,15,13,14,10,12,11,8,7,9,5,6,4,3,2,1,0],[19,18,16,17,15,13,14,10,12,11,8,7,9,5,6,4,3,2,0,1]],"obj":1016.0,"max_tau_solutions":null,"centroid_x":[[0.0,0.3318319766,0.0,0.0,0.0,0.0,0.0,0.0,0.0,0.0,0.0,0.0,0.0,0.0,0.0,0.0,0.0,0.0,0.0,0.0],[0.6681680234,0.0,0.0,0.0,0.0,0.0,0.0,0.0,0.0,0.0,0.0,0.0,0.0,0.0,0.0,0.0,0.0,0.0,0.0,0.0],[1.0,1.0,0.0,0.0,0.0,0.0,0.0,0.0,0.0,0.0,0.0,0.0,0.0,0.0,0.0,0.0,0.0,0.0,0.0,0.0],[1.0,1.0,1.0,0.0,0.0,0.0,0.0,0.0,0.0,0.0,0.0,0.0,0.0,0.0,0.0,0.0,0.0,0.0,0.0,0.0],[1.0,1.0,1.0,1.0,0.0,0.0,0.0,0.0,0.0,0.0,0.0,0.0,0.0,0.0,0.0,0.0,0.0,0.0,0.0,0.0],[1.0,1.0,1.0,1.0,1.0,0.0,1.0,0.0,0.0,0.0,0.0,0.0,0.0,0.0,0.0,0.0,0.0,0.0,0.0,0.0],[1.0,1.0,1.0,1.0,1.0,0.0,0.0,0.0,0.0,0.0,0.0,0.0,0.0,0.0,0.0,0.0,0.0,0.0,0.0,0.0],[1.0,1.0,1.0,1.0,1.0,1.0,1.0,0.0,0.0,1.0,0.0,0.0,0.0,0.0,0.0,0.0,0.0,0.0,0.0,0.0],[1.0,1.0,1.0,1.0,1.0,1.0,1.0,1.0,0.0,1.0,0.0,0.0,0.0,0.0,0.0,0.0,0.0,0.0,0.0,0.0],[1.0,1.0,1.0,1.0,1.0,1.0,1.0,0.0,0.0,0.0,0.0,0.0,0.0,0.0,0.0,0.0,0.0,0.0,0.0,0.0],[1.0,1.0,1.0,1.0,1.0,1.0,1.0,1.0,1.0,1.0,0.0,1.0,1.0,0.0,0.0,0.0,0.0,0.0,0.0,0.0],[1.0,1.0,1.0,1.0,1.0,1.0,1.0,1.0,1.0,1.0,0.0,0.0,0.0,0.0,0.0,0.0,0.0,0.0,0.0,0.0],[1.0,1.0,1.0,1.0,1.0,1.0,1.0,1.0,1.0,1.0,0.0,1.0,0.0,0.0,0.0,0.0,0.0,0.0,0.0,0.0],[1.0,1.0,1.0,1.0,1.0,1.0,1.0,1.0,1.0,1.0,1.0,1.0,1.0,0.0,1.0,0.0,0.0,0.0,0.0,0.0],[1.0,1.0,1.0,1.0,1.0,1.0,1.0,1.0,1.0,1.0,1.0,1.0,1.0,0.0,0.0,0.0,0.0,0.0,0.0,0.0],[1.0,1.0,1.0,1.0,1.0,1.0,1.0,1.0,1.0,1.0,1.0,1.0,1.0,1.0,1.0,0.0,0.0,0.0,0.0,0.0],[1.0,1.0,1.0,1.0,1.0,1.0,1.0,1.0,1.0,1.0,1.0,1.0,1.0,1.0,1.0,1.0,0.0,1.0,0.0,0.0],[1.0,1.0,1.0,1.0,1.0,1.0,1.0,1.0,1.0,1.0,1.0,1.0,1.0,1.0,1.0,1.0,0.0,0.0,0.0,0.0],[1.0,1.0,1.0,1.0,1.0,1.0,1.0,1.0,1.0,1.0,1.0,1.0,1.0,1.0,1.0,1.0,1.0,1.0,0.0,0.0],[1.0,1.0,1.0,1.0,1.0,1.0,1.0,1.0,1.0,1.0,1.0,1.0,1.0,1.0,1.0,1.0,1.0,1.0,1.0,0.0]],"outlier_solution":[19,18,16,17,15,13,14,10,12,11,8,7,9,5,6,4,3,2,0,1],"dataset_id":687,"source_dataset_id":734,"options":null,"D":{"0":{"0":0,"1":3,"2":4,"3":6,"4":4,"5":7,"6":5,"7":10,"8":3,"9":3,"10":7,"11":5,"12":3,"13":4,"14":2,"15":2,"16":5,"17":3,"18":7,"19":9},"1":{"0":0,"1":0,"2":2,"3":4,"4":4,"5":6,"6":11,"7":7,"8":4,"9":7,"10":5,"11":3,"12":4,"13":6,"14":6,"15":5,"16":7,"17":6,"18":6,"19":9},"2":{"0":3,"1":1,"2":0,"3":0,"4":2,"5":4,"6":1,"7":4,"8":7,"9":4,"10":6,"11":5,"12":7,"13":4,"14":6,"15":4,"16":3,"17":4,"18":4,"19":5},"3":{"0":0,"1":2,"2":4,"3":0,"4":2,"5":2,"6":5,"7":4,"8":10,"9":3,"10":3,"11":8,"12":2,"13":4,"14":4,"15":7,"16":3,"17":1,"18":5,"19":9},"4":{"0":0,"1":0,"2":2,"3":3,"4":0,"5":6,"6":5,"7":4,"8":7,"9":4,"10":6,"11":4,"12":9,"13":1,"14":5,"15":5,"16":10,"17":9,"18":4,"19":3},"5":{"0":0,"1":0,"2":0,"3":2,"4":3,"5":0,"6":3,"7":1,"8":5,"9":6,"10":9,"11":8,"12":5,"13":5,"14":3,"15":9,"16":3,"17":3,"18":4,"19":6},"6":{"0":0,"1":0,"2":0,"3":0,"4":3,"5":3,"6":0,"7":2,"8":4,"9":4,"10":7,"11":13,"12":5,"13":7,"14":5,"15":10,"16":5,"17":6,"18":5,"19":8},"7":{"0":0,"1":0,"2":0,"3":0,"4":0,"5":2,"6":4,"7":0,"8":1,"9":3,"10":5,"11":4,"12":3,"13":8,"14":3,"15":4,"16":6,"17":1,"18":3,"19":2},"8":{"0":0,"1":0,"2":0,"3":0,"4":0,"5":0,"6":2,"7":3,"8":0,"9":1,"10":1,"11":5,"12":5,"13":4,"14":5,"15":6,"16":5,"17":5,"18":3,"19":7},"9":{"0":0,"1":0,"2":0,"3":0,"4":0,"5":0,"6":0,"7":2,"8":3,"9":0,"10":3,"11":2,"12":5,"13":7,"14":5,"15":4,"16":9,"17":5,"18":8,"19":10},"10":{"0":0,"1":0,"2":0,"3":0,"4":0,"5":0,"6":0,"7":0,"8":3,"9":1,"10":0,"11":2,"12":4,"13":5,"14":4,"15":1,"16":9,"17":2,"18":4,"19":3},"11":{"0":0,"1":0,"2":0,"3":0,"4":0,"5":0,"6":0,"7":0,"8":0,"9":2,"10":3,"11":0,"12":2,"13":0,"14":6,"15":9,"16":7,"17":4,"18":3,"19":6},"12":{"0":0,"1":0,"2":0,"3":0,"4":0,"5":0,"6":0,"7":0,"8":0,"9":0,"10":2,"11":3,"12":0,"13":6,"14":1,"15":7,"16":6,"17":6,"18":4,"19":7},"13":{"0":0,"1":0,"2":0,"3":0,"4":0,"5":0,"6":0,"7":0,"8":0,"9":0,"10":0,"11":3,"12":4,"13":0,"14":5,"15":2,"16":4,"17":5,"18":6,"19":4},"14":{"0":0,"1":0,"2":0,"3":0,"4":0,"5":0,"6":0,"7":0,"8":0,"9":0,"10":0,"11":0,"12":2,"13":4,"14":0,"15":2,"16":2,"17":8,"18":7,"19":4},"15":{"0":0,"1":0,"2":0,"3":0,"4":0,"5":0,"6":0,"7":0,"8":0,"9":0,"10":0,"11":0,"12":0,"13":5,"14":4,"15":0,"16":1,"17":1,"18":5,"19":3},"16":{"0":0,"1":0,"2":0,"3":0,"4":0,"5":0,"6":0,"7":0,"8":0,"9":0,"10":0,"11":0,"12":0,"13":0,"14":8,"15":1,"16":0,"17":3,"18":6,"19":3},"17":{"0":0,"1":0,"2":0,"3":0,"4":0,"5":0,"6":0,"7":0,"8":0,"9":0,"10":0,"11":0,"12":0,"13":0,"14":0,"15":1,"16":4,"17":0,"18":3,"19":0},"18":{"0":0,"1":0,"2":0,"3":0,"4":0,"5":0,"6":0,"7":0,"8":0,"9":0,"10":0,"11":0,"12":0,"13":0,"14":0,"15":0,"16":4,"17":0,"18":0,"19":2},"19":{"0":0,"1":0,"2":0,"3":0,"4":0,"5":0,"6":0,"7":0,"8":0,"9":0,"10":0,"11":0,"12":0,"13":0,"14":0,"15":0,"16":0,"17":2,"18":1,"19":0}},"method":"hillside","closest_pair":[[19,18,16,17,15,13,14,10,12,11,8,7,9,5,6,4,3,2,0,1],[19,18,16,17,15,13,14,10,12,11,8,7,9,5,6,4,3,2,1,0]],"farthest_pair":[[19,18,16,17,15,13,14,10,12,11,8,7,9,5,6,4,3,2,1,0],[19,18,16,17,15,13,14,10,12,11,8,7,9,5,6,4,3,2,0,1]],"tau_farthest_pair":0.9894736842,"tau_closest_pair":0.9894736842,"centroid_solution":[19,18,16,17,15,13,14,10,12,11,8,7,9,5,6,4,3,2,1,0]}