{"solutions":[[19,18,17,16,14,15,13,12,11,10,9,8,7,5,6,4,3,1,0,2],[19,17,18,16,14,15,13,12,11,10,9,8,7,5,6,4,3,1,0,2],[17,19,18,15,16,14,13,12,11,10,9,8,7,5,6,4,3,1,0,2],[17,19,18,16,14,15,13,12,11,10,9,8,7,5,6,4,3,1,0,2],[19,18,17,15,16,14,13,12,11,10,9,8,7,5,6,4,3,1,0,2],[19,17,18,15,16,14,13,12,11,10,9,8,7,5,6,4,3,1,0,2]],"obj":1009.0,"max_tau_solutions":null,"centroid_x":[[0.0,0.0,1.0,0.0,0.0,0.0,0.0,0.0,0.0,0.0,0.0,0.0,0.0,0.0,0.0,0.0,0.0,0.0,0.0,0.0],[1.0,0.0,1.0,0.0,0.0,0.0,0.0,0.0,0.0,0.0,0.0,0.0,0.0,0.0,0.0,0.0,0.0,0.0,0.0,0.0],[0.0,0.0,0.0,0.0,0.0,0.0,0.0,0.0,0.0,0.0,0.0,0.0,0.0,0.0,0.0,0.0,0.0,0.0,0.0,0.0],[1.0,1.0,1.0,0.0,0.0,0.0,0.0,0.0,0.0,0.0,0.0,0.0,0.0,0.0,0.0,0.0,0.0,0.0,0.0,0.0],[1.0,1.0,1.0,1.0,0.0,0.0,0.0,0.0,0.0,0.0,0.0,0.0,0.0,0.0,0.0,0.0,0.0,0.0,0.0,0.0],[1.0,1.0,1.0,1.0,1.0,0.0,1.0,0.0,0.0,0.0,0.0,0.0,0.0,0.0,0.0,0.0,0.0,0.0,0.0,0.0],[1.0,1.0,1.0,1.0,1.0,0.0,0.0,0.0,0.0,0.0,0.0,0.0,0.0,0.0,0.0,0.0,0.0,0.0,0.0,0.0],[1.0,1.0,1.0,1.0,1.0,1.0,1.0,0.0,0.0,0.0,0.0,0.0,0.0,0.0,0.0,0.0,0.0,0.0,0.0,0.0],[1.0,1.0,1.0,1.0,1.0,1.0,1.0,1.0,0.0,0.0,0.0,0.0,0.0,0.0,0.0,0.0,0.0,0.0,0.0,0.0],[1.0,1.0,1.0,1.0,1.0,1.0,1.0,1.0,1.0,0.0,0.0,0.0,0.0,0.0,0.0,0.0,0.0,0.0,0.0,0.0],[1.0,1.0,1.0,1.0,1.0,1.0,1.0,1.0,1.0,1.0,0.0,0.0,0.0,0.0,0.0,0.0,0.0,0.0,0.0,0.0],[1.0,1.0,1.0,1.0,1.0,1.0,1.0,1.0,1.0,1.0,1.0,0.0,0.0,0.0,0.0,0.0,0.0,0.0,0.0,0.0],[1.0,1.0,1.0,1.0,1.0,1.0,1.0,1.0,1.0,1.0,1.0,1.0,0.0,0.0,0.0,0.0,0.0,0.0,0.0,0.0],[1.0,1.0,1.0,1.0,1.0,1.0,1.0,1.0,1.0,1.0,1.0,1.0,1.0,0.0,0.0,0.0,0.0,0.0,0.0,0.0],[1.0,1.0,1.0,1.0,1.0,1.0,1.0,1.0,1.0,1.0,1.0,1.0,1.0,1.0,0.0,0.5021310651,0.0,0.0,0.0,0.0],[1.0,1.0,1.0,1.0,1.0,1.0,1.0,1.0,1.0,1.0,1.0,1.0,1.0,1.0,0.4978689349,0.0,0.497868935,0.0,0.0,0.0],[1.0,1.0,1.0,1.0,1.0,1.0,1.0,1.0,1.0,1.0,1.0,1.0,1.0,1.0,1.0,0.502131065,0.0,0.0,0.0,0.0],[1.0,1.0,1.0,1.0,1.0,1.0,1.0,1.0,1.0,1.0,1.0,1.0,1.0,1.0,1.0,1.0,1.0,0.0,0.4012083526,0.2973062893],[1.0,1.0,1.0,1.0,1.0,1.0,1.0,1.0,1.0,1.0,1.0,1.0,1.0,1.0,1.0,1.0,1.0,0.5987916474,0.0,0.0],[1.0,1.0,1.0,1.0,1.0,1.0,1.0,1.0,1.0,1.0,1.0,1.0,1.0,1.0,1.0,1.0,1.0,0.7026937107,1.0,0.0]],"outlier_solution":[17,19,18,15,16,14,13,12,11,10,9,8,7,5,6,4,3,1,0,2],"dataset_id":688,"source_dataset_id":735,"options":null,"D":{"0":{"0":0,"1":1,"2":6,"3":4,"4":4,"5":5,"6":2,"7":1,"8":6,"9":10,"10":6,"11":5,"12":9,"13":6,"14":8,"15":3,"16":3,"17":6,"18":7,"19":1},"1":{"0":7,"1":0,"2":1,"3":2,"4":4,"5":3,"6":5,"7":10,"8":8,"9":2,"10":4,"11":6,"12":2,"13":3,"14":7,"15":4,"16":4,"17":3,"18":2,"19":8},"2":{"0":3,"1":2,"2":0,"3":0,"4":6,"5":9,"6":1,"7":4,"8":5,"9":6,"10":6,"11":9,"12":8,"13":9,"14":5,"15":3,"16":4,"17":9,"18":9,"19":7},"3":{"0":0,"1":3,"2":3,"3":0,"4":4,"5":1,"6":1,"7":3,"8":5,"9":4,"10":6,"11":8,"12":5,"13":9,"14":5,"15":9,"16":4,"17":2,"18":5,"19":7},"4":{"0":0,"1":0,"2":3,"3":2,"4":0,"5":3,"6":2,"7":4,"8":5,"9":9,"10":13,"11":6,"12":4,"13":8,"14":4,"15":6,"16":5,"17":7,"18":3,"19":5},"5":{"0":0,"1":0,"2":0,"3":2,"4":4,"5":0,"6":2,"7":2,"8":8,"9":3,"10":7,"11":7,"12":5,"13":3,"14":3,"15":3,"16":2,"17":8,"18":8,"19":7},"6":{"0":0,"1":0,"2":0,"3":0,"4":2,"5":2,"6":0,"7":6,"8":1,"9":3,"10":4,"11":10,"12":6,"13":5,"14":6,"15":5,"16":5,"17":3,"18":8,"19":6},"7":{"0":0,"1":0,"2":0,"3":0,"4":0,"5":3,"6":4,"7":0,"8":2,"9":2,"10":5,"11":4,"12":7,"13":13,"14":10,"15":6,"16":5,"17":6,"18":8,"19":2},"8":{"0":0,"1":0,"2":0,"3":0,"4":0,"5":0,"6":0,"7":3,"8":0,"9":6,"10":1,"11":8,"12":6,"13":3,"14":9,"15":4,"16":7,"17":6,"18":3,"19":3},"9":{"0":0,"1":0,"2":0,"3":0,"4":0,"5":0,"6":0,"7":2,"8":6,"9":0,"10":2,"11":2,"12":3,"13":7,"14":1,"15":6,"16":4,"17":2,"18":7,"19":7},"10":{"0":0,"1":0,"2":0,"3":0,"4":0,"5":0,"6":0,"7":0,"8":4,"9":3,"10":0,"11":1,"12":3,"13":5,"14":6,"15":1,"16":5,"17":4,"18":2,"19":4},"11":{"0":0,"1":0,"2":0,"3":0,"4":0,"5":0,"6":0,"7":0,"8":0,"9":4,"10":2,"11":0,"12":1,"13":7,"14":6,"15":4,"16":8,"17":4,"18":3,"19":4},"12":{"0":0,"1":0,"2":0,"3":0,"4":0,"5":0,"6":0,"7":0,"8":0,"9":0,"10":0,"11":3,"12":0,"13":1,"14":3,"15":6,"16":5,"17":2,"18":2,"19":4},"13":{"0":0,"1":0,"2":0,"3":0,"4":0,"5":0,"6":0,"7":0,"8":0,"9":0,"10":0,"11":1,"12":3,"13":0,"14":0,"15":4,"16":5,"17":5,"18":8,"19":3},"14":{"0":0,"1":0,"2":0,"3":0,"4":0,"5":0,"6":0,"7":0,"8":0,"9":0,"10":0,"11":0,"12":2,"13":2,"14":0,"15":9,"16":1,"17":5,"18":3,"19":3},"15":{"0":0,"1":0,"2":0,"3":0,"4":0,"5":0,"6":0,"7":0,"8":0,"9":0,"10":0,"11":0,"12":0,"13":0,"14":2,"15":0,"16":3,"17":3,"18":5,"19":3},"16":{"0":0,"1":0,"2":0,"3":0,"4":0,"5":0,"6":0,"7":0,"8":0,"9":0,"10":0,"11":0,"12":0,"13":0,"14":4,"15":2,"16":0,"17":4,"18":1,"19":5},"17":{"0":0,"1":0,"2":0,"3":0,"4":0,"5":0,"6":0,"7":0,"8":0,"9":0,"10":0,"11":0,"12":0,"13":0,"14":0,"15":1,"16":5,"17":0,"18":0,"19":4},"18":{"0":0,"1":0,"2":0,"3":0,"4":0,"5":0,"6":0,"7":0,"8":0,"9":0,"10":0,"11":0,"12":0,"13":0,"14":0,"15":0,"16":1,"17":1,"18":0,"19":3},"19":{"0":0,"1":0,"2":0,"3":0,"4":0,"5":0,"6":0,"7":0,"8":0,"9":0,"10":0,"11":0,"12":0,"13":0,"14":0,"15":0,"16":0,"17":3,"18":2,"19":0}},"method":"hillside","closest_pair":[[17,19,18,16,14,15,13,12,11,10,9,8,7,5,6,4,3,1,0,2],[19,17,18,16,14,15,13,12,11,10,9,8,7,5,6,4,3,1,0,2]],"farthest_pair":[[17,19,18,15,16,14,13,12,11,10,9,8,7,5,6,4,3,1,0,2],[19,18,17,16,14,15,13,12,11,10,9,8,7,5,6,4,3,1,0,2]],"tau_farthest_pair":0.9578947368,"tau_closest_pair":0.9894736842,"centroid_solution":[19,18,17,16,14,15,13,12,11,10,9,8,7,5,6,4,3,1,0,2]}