{"solutions":[[19,18,16,17,15,13,14,11,9,12,10,8,7,6,5,4,3,0,2,1],[18,19,16,17,15,13,14,11,9,12,10,8,7,6,5,4,3,0,2,1]],"obj":1023.0,"max_tau_solutions":null,"centroid_x":[[0.0,1.0,1.0,0.0,0.0,0.0,0.0,0.0,0.0,0.0,0.0,0.0,0.0,0.0,0.0,0.0,0.0,0.0,0.0,0.0],[0.0,0.0,0.0,0.0,0.0,0.0,0.0,0.0,0.0,0.0,0.0,0.0,0.0,0.0,0.0,0.0,0.0,0.0,0.0,0.0],[0.0,1.0,0.0,0.0,0.0,0.0,0.0,0.0,0.0,0.0,0.0,0.0,0.0,0.0,0.0,0.0,0.0,0.0,0.0,0.0],[1.0,1.0,1.0,0.0,0.0,0.0,0.0,0.0,0.0,0.0,0.0,0.0,0.0,0.0,0.0,0.0,0.0,0.0,0.0,0.0],[1.0,1.0,1.0,1.0,0.0,0.0,0.0,0.0,0.0,0.0,0.0,0.0,0.0,0.0,0.0,0.0,0.0,0.0,0.0,0.0],[1.0,1.0,1.0,1.0,1.0,0.0,0.0,0.0,0.0,0.0,0.0,0.0,0.0,0.0,0.0,0.0,0.0,0.0,0.0,0.0],[1.0,1.0,1.0,1.0,1.0,1.0,0.0,0.0,0.0,0.0,0.0,0.0,0.0,0.0,0.0,0.0,0.0,0.0,0.0,0.0],[1.0,1.0,1.0,1.0,1.0,1.0,1.0,0.0,0.0,0.0,0.0,0.0,0.0,0.0,0.0,0.0,0.0,0.0,0.0,0.0],[1.0,1.0,1.0,1.0,1.0,1.0,1.0,1.0,0.0,0.0,0.0,0.0,0.0,0.0,0.0,0.0,0.0,0.0,0.0,0.0],[1.0,1.0,1.0,1.0,1.0,1.0,1.0,1.0,1.0,0.0,1.0,0.0,1.0,0.0,0.0,0.0,0.0,0.0,0.0,0.0],[1.0,1.0,1.0,1.0,1.0,1.0,1.0,1.0,1.0,0.0,0.0,0.0,0.0,0.0,0.0,0.0,0.0,0.0,0.0,0.0],[1.0,1.0,1.0,1.0,1.0,1.0,1.0,1.0,1.0,1.0,1.0,0.0,1.0,0.0,0.0,0.0,0.0,0.0,0.0,0.0],[1.0,1.0,1.0,1.0,1.0,1.0,1.0,1.0,1.0,0.0,1.0,0.0,0.0,0.0,0.0,0.0,0.0,0.0,0.0,0.0],[1.0,1.0,1.0,1.0,1.0,1.0,1.0,1.0,1.0,1.0,1.0,1.0,1.0,0.0,1.0,0.0,0.0,0.0,0.0,0.0],[1.0,1.0,1.0,1.0,1.0,1.0,1.0,1.0,1.0,1.0,1.0,1.0,1.0,0.0,0.0,0.0,0.0,0.0,0.0,0.0],[1.0,1.0,1.0,1.0,1.0,1.0,1.0,1.0,1.0,1.0,1.0,1.0,1.0,1.0,1.0,0.0,0.0,0.0,0.0,0.0],[1.0,1.0,1.0,1.0,1.0,1.0,1.0,1.0,1.0,1.0,1.0,1.0,1.0,1.0,1.0,1.0,0.0,1.0,0.0,0.0],[1.0,1.0,1.0,1.0,1.0,1.0,1.0,1.0,1.0,1.0,1.0,1.0,1.0,1.0,1.0,1.0,0.0,0.0,0.0,0.0],[1.0,1.0,1.0,1.0,1.0,1.0,1.0,1.0,1.0,1.0,1.0,1.0,1.0,1.0,1.0,1.0,1.0,1.0,0.0,0.3349867735],[1.0,1.0,1.0,1.0,1.0,1.0,1.0,1.0,1.0,1.0,1.0,1.0,1.0,1.0,1.0,1.0,1.0,1.0,0.6650132265,0.0]],"outlier_solution":[18,19,16,17,15,13,14,11,9,12,10,8,7,6,5,4,3,0,2,1],"dataset_id":689,"source_dataset_id":736,"options":null,"D":{"0":{"0":0,"1":0,"2":3,"3":6,"4":4,"5":1,"6":9,"7":4,"8":6,"9":6,"10":3,"11":10,"12":4,"13":3,"14":1,"15":10,"16":5,"17":3,"18":2,"19":6},"1":{"0":2,"1":0,"2":2,"3":3,"4":4,"5":7,"6":3,"7":5,"8":3,"9":7,"10":6,"11":9,"12":7,"13":6,"14":2,"15":4,"16":5,"17":3,"18":7,"19":8},"2":{"0":1,"1":3,"2":0,"3":3,"4":4,"5":3,"6":6,"7":9,"8":10,"9":8,"10":5,"11":6,"12":5,"13":6,"14":5,"15":12,"16":4,"17":2,"18":6,"19":5},"3":{"0":0,"1":1,"2":2,"3":0,"4":1,"5":3,"6":4,"7":6,"8":5,"9":5,"10":8,"11":4,"12":4,"13":5,"14":5,"15":5,"16":1,"17":5,"18":6,"19":3},"4":{"0":0,"1":0,"2":2,"3":1,"4":0,"5":2,"6":3,"7":7,"8":8,"9":6,"10":3,"11":4,"12":2,"13":9,"14":4,"15":4,"16":10,"17":6,"18":9,"19":4},"5":{"0":0,"1":0,"2":0,"3":3,"4":3,"5":0,"6":5,"7":3,"8":8,"9":5,"10":4,"11":0,"12":2,"13":3,"14":1,"15":3,"16":8,"17":4,"18":4,"19":5},"6":{"0":0,"1":0,"2":0,"3":0,"4":2,"5":4,"6":0,"7":2,"8":3,"9":6,"10":3,"11":2,"12":5,"13":5,"14":7,"15":5,"16":0,"17":2,"18":8,"19":4},"7":{"0":0,"1":0,"2":0,"3":0,"4":0,"5":4,"6":4,"7":0,"8":2,"9":3,"10":5,"11":3,"12":7,"13":6,"14":8,"15":4,"16":10,"17":1,"18":8,"19":4},"8":{"0":0,"1":0,"2":0,"3":0,"4":0,"5":0,"6":1,"7":1,"8":0,"9":1,"10":4,"11":5,"12":10,"13":10,"14":5,"15":4,"16":9,"17":5,"18":12,"19":11},"9":{"0":0,"1":0,"2":0,"3":0,"4":0,"5":0,"6":0,"7":3,"8":2,"9":0,"10":3,"11":3,"12":2,"13":3,"14":5,"15":4,"16":3,"17":4,"18":4,"19":5},"10":{"0":0,"1":0,"2":0,"3":0,"4":0,"5":0,"6":0,"7":0,"8":3,"9":1,"10":0,"11":2,"12":0,"13":9,"14":5,"15":5,"16":5,"17":6,"18":6,"19":1},"11":{"0":0,"1":0,"2":0,"3":0,"4":0,"5":0,"6":0,"7":0,"8":0,"9":0,"10":3,"11":0,"12":1,"13":2,"14":6,"15":7,"16":7,"17":5,"18":3,"19":5},"12":{"0":0,"1":0,"2":0,"3":0,"4":0,"5":0,"6":0,"7":0,"8":0,"9":0,"10":4,"11":1,"12":0,"13":5,"14":4,"15":5,"16":3,"17":6,"18":10,"19":5},"13":{"0":0,"1":0,"2":0,"3":0,"4":0,"5":0,"6":0,"7":0,"8":0,"9":0,"10":0,"11":3,"12":3,"13":0,"14":0,"15":1,"16":8,"17":2,"18":5,"19":5},"14":{"0":0,"1":0,"2":0,"3":0,"4":0,"5":0,"6":0,"7":0,"8":0,"9":0,"10":0,"11":0,"12":2,"13":0,"14":0,"15":1,"16":2,"17":7,"18":4,"19":12},"15":{"0":0,"1":0,"2":0,"3":0,"4":0,"5":0,"6":0,"7":0,"8":0,"9":0,"10":0,"11":0,"12":0,"13":4,"14":1,"15":0,"16":3,"17":6,"18":12,"19":4},"16":{"0":0,"1":0,"2":0,"3":0,"4":0,"5":0,"6":0,"7":0,"8":0,"9":0,"10":0,"11":0,"12":0,"13":0,"14":2,"15":2,"16":0,"17":4,"18":4,"19":4},"17":{"0":0,"1":0,"2":0,"3":0,"4":0,"5":0,"6":0,"7":0,"8":0,"9":0,"10":0,"11":0,"12":0,"13":0,"14":0,"15":5,"16":3,"17":0,"18":1,"19":6},"18":{"0":0,"1":0,"2":0,"3":0,"4":0,"5":0,"6":0,"7":0,"8":0,"9":0,"10":0,"11":0,"12":0,"13":0,"14":0,"15":0,"16":4,"17":3,"18":0,"19":1},"19":{"0":0,"1":0,"2":0,"3":0,"4":0,"5":0,"6":0,"7":0,"8":0,"9":0,"10":0,"11":0,"12":0,"13":0,"14":0,"15":0,"16":0,"17":2,"18":3,"19":0}},"method":"hillside","closest_pair":[[18,19,16,17,15,13,14,11,9,12,10,8,7,6,5,4,3,0,2,1],[19,18,16,17,15,13,14,11,9,12,10,8,7,6,5,4,3,0,2,1]],"farthest_pair":[[19,18,16,17,15,13,14,11,9,12,10,8,7,6,5,4,3,0,2,1],[18,19,16,17,15,13,14,11,9,12,10,8,7,6,5,4,3,0,2,1]],"tau_farthest_pair":0.9894736842,"tau_closest_pair":0.9894736842,"centroid_solution":[19,18,16,17,15,13,14,11,9,12,10,8,7,6,5,4,3,0,2,1]}