{"solutions":[[19,18,15,17,16,14,13,11,12,10,7,9,8,6,5,4,2,3,0,1],[19,15,18,17,16,14,13,11,12,10,7,9,8,6,5,2,4,3,0,1],[19,15,18,17,16,14,13,11,12,10,7,9,8,6,5,4,2,3,0,1],[19,18,15,17,16,14,13,11,12,10,7,9,8,6,5,2,4,3,0,1]],"obj":986.0,"max_tau_solutions":null,"centroid_x":[[0.0,1.0,0.0,0.0,0.0,0.0,0.0,0.0,0.0,0.0,0.0,0.0,0.0,0.0,0.0,0.0,0.0,0.0,0.0,0.0],[0.0,0.0,0.0,0.0,0.0,0.0,0.0,0.0,0.0,0.0,0.0,0.0,0.0,0.0,0.0,0.0,0.0,0.0,0.0,0.0],[1.0,1.0,0.0,1.0,0.3580174394,0.0,0.0,0.0,0.0,0.0,0.0,0.0,0.0,0.0,0.0,0.0,0.0,0.0,0.0,0.0],[1.0,1.0,0.0,0.0,0.0,0.0,0.0,0.0,0.0,0.0,0.0,0.0,0.0,0.0,0.0,0.0,0.0,0.0,0.0,0.0],[1.0,1.0,0.6419825606,1.0,0.0,0.0,0.0,0.0,0.0,0.0,0.0,0.0,0.0,0.0,0.0,0.0,0.0,0.0,0.0,0.0],[1.0,1.0,1.0,1.0,1.0,0.0,0.0,0.0,0.0,0.0,0.0,0.0,0.0,0.0,0.0,0.0,0.0,0.0,0.0,0.0],[1.0,1.0,1.0,1.0,1.0,1.0,0.0,0.0,0.0,0.0,0.0,0.0,0.0,0.0,0.0,0.0,0.0,0.0,0.0,0.0],[1.0,1.0,1.0,1.0,1.0,1.0,1.0,0.0,1.0,1.0,0.0,0.0,0.0,0.0,0.0,0.0,0.0,0.0,0.0,0.0],[1.0,1.0,1.0,1.0,1.0,1.0,1.0,0.0,0.0,0.0,0.0,0.0,0.0,0.0,0.0,0.0,0.0,0.0,0.0,0.0],[1.0,1.0,1.0,1.0,1.0,1.0,1.0,0.0,1.0,0.0,0.0,0.0,0.0,0.0,0.0,0.0,0.0,0.0,0.0,0.0],[1.0,1.0,1.0,1.0,1.0,1.0,1.0,1.0,1.0,1.0,0.0,0.0,0.0,0.0,0.0,0.0,0.0,0.0,0.0,0.0],[1.0,1.0,1.0,1.0,1.0,1.0,1.0,1.0,1.0,1.0,1.0,0.0,1.0,0.0,0.0,0.0,0.0,0.0,0.0,0.0],[1.0,1.0,1.0,1.0,1.0,1.0,1.0,1.0,1.0,1.0,1.0,0.0,0.0,0.0,0.0,0.0,0.0,0.0,0.0,0.0],[1.0,1.0,1.0,1.0,1.0,1.0,1.0,1.0,1.0,1.0,1.0,1.0,1.0,0.0,0.0,0.0,0.0,0.0,0.0,0.0],[1.0,1.0,1.0,1.0,1.0,1.0,1.0,1.0,1.0,1.0,1.0,1.0,1.0,1.0,0.0,0.0,0.0,0.0,0.0,0.0],[1.0,1.0,1.0,1.0,1.0,1.0,1.0,1.0,1.0,1.0,1.0,1.0,1.0,1.0,1.0,0.0,1.0,1.0,0.3590452324,0.0],[1.0,1.0,1.0,1.0,1.0,1.0,1.0,1.0,1.0,1.0,1.0,1.0,1.0,1.0,1.0,0.0,0.0,0.0,0.0,0.0],[1.0,1.0,1.0,1.0,1.0,1.0,1.0,1.0,1.0,1.0,1.0,1.0,1.0,1.0,1.0,0.0,1.0,0.0,0.0,0.0],[1.0,1.0,1.0,1.0,1.0,1.0,1.0,1.0,1.0,1.0,1.0,1.0,1.0,1.0,1.0,0.6409547676,1.0,1.0,0.0,0.0],[1.0,1.0,1.0,1.0,1.0,1.0,1.0,1.0,1.0,1.0,1.0,1.0,1.0,1.0,1.0,1.0,1.0,1.0,1.0,0.0]],"outlier_solution":[19,15,18,17,16,14,13,11,12,10,7,9,8,6,5,2,4,3,0,1],"dataset_id":691,"source_dataset_id":738,"options":null,"D":{"0":{"0":0,"1":3,"2":2,"3":1,"4":8,"5":3,"6":3,"7":5,"8":4,"9":8,"10":4,"11":5,"12":5,"13":4,"14":5,"15":6,"16":10,"17":4,"18":4,"19":6},"1":{"0":2,"1":0,"2":3,"3":3,"4":8,"5":8,"6":5,"7":8,"8":7,"9":6,"10":6,"11":8,"12":4,"13":4,"14":4,"15":6,"16":3,"17":3,"18":7,"19":4},"2":{"0":3,"1":1,"2":0,"3":0,"4":0,"5":4,"6":4,"7":6,"8":3,"9":5,"10":3,"11":4,"12":5,"13":10,"14":6,"15":4,"16":9,"17":3,"18":5,"19":4},"3":{"0":0,"1":3,"2":3,"3":0,"4":1,"5":3,"6":8,"7":7,"8":2,"9":4,"10":5,"11":7,"12":5,"13":7,"14":3,"15":7,"16":3,"17":3,"18":3,"19":7},"4":{"0":0,"1":0,"2":2,"3":1,"4":0,"5":2,"6":2,"7":4,"8":7,"9":8,"10":4,"11":6,"12":9,"13":5,"14":2,"15":8,"16":7,"17":9,"18":5,"19":5},"5":{"0":0,"1":0,"2":0,"3":1,"4":2,"5":0,"6":4,"7":6,"8":8,"9":3,"10":6,"11":6,"12":5,"13":7,"14":5,"15":8,"16":5,"17":3,"18":3,"19":4},"6":{"0":0,"1":0,"2":0,"3":0,"4":2,"5":1,"6":0,"7":4,"8":2,"9":3,"10":3,"11":4,"12":5,"13":8,"14":4,"15":7,"16":3,"17":6,"18":2,"19":8},"7":{"0":0,"1":0,"2":0,"3":0,"4":0,"5":2,"6":3,"7":0,"8":3,"9":2,"10":6,"11":6,"12":5,"13":4,"14":1,"15":10,"16":1,"17":3,"18":7,"19":6},"8":{"0":0,"1":0,"2":0,"3":0,"4":0,"5":0,"6":1,"7":3,"8":0,"9":2,"10":3,"11":4,"12":3,"13":13,"14":12,"15":12,"16":5,"17":4,"18":6,"19":7},"9":{"0":0,"1":0,"2":0,"3":0,"4":0,"5":0,"6":0,"7":2,"8":4,"9":0,"10":4,"11":1,"12":6,"13":3,"14":7,"15":9,"16":9,"17":5,"18":4,"19":8},"10":{"0":0,"1":0,"2":0,"3":0,"4":0,"5":0,"6":0,"7":0,"8":4,"9":3,"10":0,"11":5,"12":2,"13":6,"14":4,"15":8,"16":4,"17":3,"18":5,"19":2},"11":{"0":0,"1":0,"2":0,"3":0,"4":0,"5":0,"6":0,"7":0,"8":0,"9":1,"10":0,"11":0,"12":0,"13":1,"14":8,"15":4,"16":4,"17":4,"18":4,"19":6},"12":{"0":0,"1":0,"2":0,"3":0,"4":0,"5":0,"6":0,"7":0,"8":0,"9":0,"10":3,"11":2,"12":0,"13":0,"14":2,"15":5,"16":9,"17":4,"18":8,"19":3},"13":{"0":0,"1":0,"2":0,"3":0,"4":0,"5":0,"6":0,"7":0,"8":0,"9":0,"10":0,"11":7,"12":2,"13":0,"14":2,"15":3,"16":5,"17":8,"18":10,"19":5},"14":{"0":0,"1":0,"2":0,"3":0,"4":0,"5":0,"6":0,"7":0,"8":0,"9":0,"10":0,"11":0,"12":1,"13":1,"14":0,"15":5,"16":1,"17":0,"18":4,"19":7},"15":{"0":0,"1":0,"2":0,"3":0,"4":0,"5":0,"6":0,"7":0,"8":0,"9":0,"10":0,"11":0,"12":0,"13":2,"14":4,"15":0,"16":0,"17":1,"18":3,"19":8},"16":{"0":0,"1":0,"2":0,"3":0,"4":0,"5":0,"6":0,"7":0,"8":0,"9":0,"10":0,"11":0,"12":0,"13":0,"14":5,"15":1,"16":0,"17":0,"18":3,"19":6},"17":{"0":0,"1":0,"2":0,"3":0,"4":0,"5":0,"6":0,"7":0,"8":0,"9":0,"10":0,"11":0,"12":0,"13":0,"14":0,"15":1,"16":0,"17":0,"18":2,"19":3},"18":{"0":0,"1":0,"2":0,"3":0,"4":0,"5":0,"6":0,"7":0,"8":0,"9":0,"10":0,"11":0,"12":0,"13":0,"14":0,"15":0,"16":4,"17":4,"18":0,"19":4},"19":{"0":0,"1":0,"2":0,"3":0,"4":0,"5":0,"6":0,"7":0,"8":0,"9":0,"10":0,"11":0,"12":0,"13":0,"14":0,"15":0,"16":0,"17":3,"18":2,"19":0}},"method":"hillside","closest_pair":[[19,15,18,17,16,14,13,11,12,10,7,9,8,6,5,4,2,3,0,1],[19,18,15,17,16,14,13,11,12,10,7,9,8,6,5,4,2,3,0,1]],"farthest_pair":[[19,18,15,17,16,14,13,11,12,10,7,9,8,6,5,4,2,3,0,1],[19,15,18,17,16,14,13,11,12,10,7,9,8,6,5,2,4,3,0,1]],"tau_farthest_pair":0.9789473684,"tau_closest_pair":0.9894736842,"centroid_solution":[19,18,15,17,16,14,13,11,12,10,7,9,8,6,5,4,2,3,0,1]}