{"solutions":[[18,17,16,19,15,14,12,13,11,9,10,8,6,5,7,4,2,3,0,1],[18,17,16,19,15,14,12,13,11,9,10,8,6,7,5,4,2,3,0,1]],"obj":1035.0,"max_tau_solutions":null,"centroid_x":[[0.0,1.0,0.0,0.0,0.0,0.0,0.0,0.0,0.0,0.0,0.0,0.0,0.0,0.0,0.0,0.0,0.0,0.0,0.0,0.0],[0.0,0.0,0.0,0.0,0.0,0.0,0.0,0.0,0.0,0.0,0.0,0.0,0.0,0.0,0.0,0.0,0.0,0.0,0.0,0.0],[1.0,1.0,0.0,1.0,0.0,0.0,0.0,0.0,0.0,0.0,0.0,0.0,0.0,0.0,0.0,0.0,0.0,0.0,0.0,0.0],[1.0,1.0,0.0,0.0,0.0,0.0,0.0,0.0,0.0,0.0,0.0,0.0,0.0,0.0,0.0,0.0,0.0,0.0,0.0,0.0],[1.0,1.0,1.0,1.0,0.0,0.0,0.0,0.0,0.0,0.0,0.0,0.0,0.0,0.0,0.0,0.0,0.0,0.0,0.0,0.0],[1.0,1.0,1.0,1.0,1.0,0.0,0.0,0.3514548158,0.0,0.0,0.0,0.0,0.0,0.0,0.0,0.0,0.0,0.0,0.0,0.0],[1.0,1.0,1.0,1.0,1.0,1.0,0.0,1.0,0.0,0.0,0.0,0.0,0.0,0.0,0.0,0.0,0.0,0.0,0.0,0.0],[1.0,1.0,1.0,1.0,1.0,0.6485451842,0.0,0.0,0.0,0.0,0.0,0.0,0.0,0.0,0.0,0.0,0.0,0.0,0.0,0.0],[1.0,1.0,1.0,1.0,1.0,1.0,1.0,1.0,0.0,0.0,0.0,0.0,0.0,0.0,0.0,0.0,0.0,0.0,0.0,0.0],[1.0,1.0,1.0,1.0,1.0,1.0,1.0,1.0,1.0,0.0,1.0,0.0,0.0,0.0,0.0,0.0,0.0,0.0,0.0,0.0],[1.0,1.0,1.0,1.0,1.0,1.0,1.0,1.0,1.0,0.0,0.0,0.0,0.0,0.0,0.0,0.0,0.0,0.0,0.0,0.0],[1.0,1.0,1.0,1.0,1.0,1.0,1.0,1.0,1.0,1.0,1.0,0.0,0.0,0.0,0.0,0.0,0.0,0.0,0.0,0.0],[1.0,1.0,1.0,1.0,1.0,1.0,1.0,1.0,1.0,1.0,1.0,1.0,0.0,1.0,0.0,0.0,0.0,0.0,0.0,0.0],[1.0,1.0,1.0,1.0,1.0,1.0,1.0,1.0,1.0,1.0,1.0,1.0,0.0,0.0,0.0,0.0,0.0,0.0,0.0,0.0],[1.0,1.0,1.0,1.0,1.0,1.0,1.0,1.0,1.0,1.0,1.0,1.0,1.0,1.0,0.0,0.0,0.0,0.0,0.0,0.0],[1.0,1.0,1.0,1.0,1.0,1.0,1.0,1.0,1.0,1.0,1.0,1.0,1.0,1.0,1.0,0.0,0.0,0.0,0.0,0.0],[1.0,1.0,1.0,1.0,1.0,1.0,1.0,1.0,1.0,1.0,1.0,1.0,1.0,1.0,1.0,1.0,0.0,0.0,0.0,1.0],[1.0,1.0,1.0,1.0,1.0,1.0,1.0,1.0,1.0,1.0,1.0,1.0,1.0,1.0,1.0,1.0,1.0,0.0,0.0,1.0],[1.0,1.0,1.0,1.0,1.0,1.0,1.0,1.0,1.0,1.0,1.0,1.0,1.0,1.0,1.0,1.0,1.0,1.0,0.0,1.0],[1.0,1.0,1.0,1.0,1.0,1.0,1.0,1.0,1.0,1.0,1.0,1.0,1.0,1.0,1.0,1.0,0.0,0.0,0.0,0.0]],"outlier_solution":[18,17,16,19,15,14,12,13,11,9,10,8,6,5,7,4,2,3,0,1],"dataset_id":692,"source_dataset_id":739,"options":null,"D":{"0":{"0":0,"1":1,"2":4,"3":4,"4":5,"5":5,"6":5,"7":3,"8":6,"9":5,"10":3,"11":7,"12":5,"13":2,"14":10,"15":3,"16":5,"17":6,"18":7,"19":3},"1":{"0":3,"1":0,"2":0,"3":5,"4":9,"5":7,"6":10,"7":1,"8":9,"9":3,"10":4,"11":5,"12":7,"13":9,"14":4,"15":9,"16":4,"17":5,"18":5,"19":10},"2":{"0":3,"1":2,"2":0,"3":0,"4":1,"5":5,"6":5,"7":11,"8":4,"9":9,"10":2,"11":2,"12":4,"13":7,"14":7,"15":2,"16":4,"17":4,"18":5,"19":1},"3":{"0":0,"1":2,"2":2,"3":0,"4":7,"5":3,"6":7,"7":7,"8":6,"9":4,"10":6,"11":3,"12":5,"13":9,"14":2,"15":4,"16":2,"17":2,"18":8,"19":6},"4":{"0":0,"1":0,"2":1,"3":5,"4":0,"5":2,"6":2,"7":3,"8":3,"9":10,"10":4,"11":6,"12":2,"13":11,"14":3,"15":2,"16":8,"17":6,"18":3,"19":6},"5":{"0":0,"1":0,"2":0,"3":0,"4":0,"5":0,"6":4,"7":5,"8":6,"9":7,"10":6,"11":4,"12":8,"13":4,"14":3,"15":5,"16":3,"17":5,"18":3,"19":2},"6":{"0":0,"1":0,"2":0,"3":0,"4":1,"5":0,"6":0,"7":2,"8":2,"9":4,"10":7,"11":7,"12":6,"13":5,"14":10,"15":3,"16":6,"17":4,"18":7,"19":4},"7":{"0":0,"1":0,"2":0,"3":0,"4":0,"5":1,"6":3,"7":0,"8":3,"9":3,"10":6,"11":4,"12":8,"13":5,"14":6,"15":5,"16":7,"17":9,"18":10,"19":7},"8":{"0":0,"1":0,"2":0,"3":0,"4":0,"5":0,"6":2,"7":0,"8":0,"9":4,"10":2,"11":2,"12":8,"13":2,"14":6,"15":4,"16":5,"17":13,"18":2,"19":5},"9":{"0":0,"1":0,"2":0,"3":0,"4":0,"5":0,"6":0,"7":1,"8":4,"9":0,"10":1,"11":1,"12":5,"13":5,"14":4,"15":7,"16":8,"17":2,"18":2,"19":7},"10":{"0":0,"1":0,"2":0,"3":0,"4":0,"5":0,"6":0,"7":0,"8":4,"9":5,"10":0,"11":2,"12":3,"13":7,"14":6,"15":5,"16":2,"17":3,"18":7,"19":0},"11":{"0":0,"1":0,"2":0,"3":0,"4":0,"5":0,"6":0,"7":0,"8":0,"9":4,"10":0,"11":0,"12":3,"13":1,"14":6,"15":8,"16":4,"17":7,"18":9,"19":3},"12":{"0":0,"1":0,"2":0,"3":0,"4":0,"5":0,"6":0,"7":0,"8":0,"9":0,"10":1,"11":1,"12":0,"13":4,"14":2,"15":4,"16":4,"17":4,"18":8,"19":6},"13":{"0":0,"1":0,"2":0,"3":0,"4":0,"5":0,"6":0,"7":0,"8":0,"9":0,"10":0,"11":6,"12":3,"13":0,"14":1,"15":3,"16":7,"17":7,"18":10,"19":4},"14":{"0":0,"1":0,"2":0,"3":0,"4":0,"5":0,"6":0,"7":0,"8":0,"9":0,"10":0,"11":0,"12":5,"13":2,"14":0,"15":1,"16":3,"17":6,"18":5,"19":7},"15":{"0":0,"1":0,"2":0,"3":0,"4":0,"5":0,"6":0,"7":0,"8":0,"9":0,"10":0,"11":0,"12":0,"13":2,"14":2,"15":0,"16":4,"17":3,"18":4,"19":3},"16":{"0":0,"1":0,"2":0,"3":0,"4":0,"5":0,"6":0,"7":0,"8":0,"9":0,"10":0,"11":0,"12":0,"13":0,"14":0,"15":3,"16":0,"17":5,"18":2,"19":3},"17":{"0":0,"1":0,"2":0,"3":0,"4":0,"5":0,"6":0,"7":0,"8":0,"9":0,"10":0,"11":0,"12":0,"13":0,"14":0,"15":3,"16":1,"17":0,"18":4,"19":1},"18":{"0":0,"1":0,"2":0,"3":0,"4":0,"5":0,"6":0,"7":0,"8":0,"9":0,"10":0,"11":0,"12":0,"13":0,"14":0,"15":0,"16":4,"17":2,"18":0,"19":2},"19":{"0":0,"1":0,"2":0,"3":0,"4":0,"5":0,"6":0,"7":0,"8":0,"9":0,"10":0,"11":0,"12":0,"13":0,"14":0,"15":0,"16":0,"17":3,"18":6,"19":0}},"method":"hillside","closest_pair":[[18,17,16,19,15,14,12,13,11,9,10,8,6,5,7,4,2,3,0,1],[18,17,16,19,15,14,12,13,11,9,10,8,6,7,5,4,2,3,0,1]],"farthest_pair":[[18,17,16,19,15,14,12,13,11,9,10,8,6,7,5,4,2,3,0,1],[18,17,16,19,15,14,12,13,11,9,10,8,6,5,7,4,2,3,0,1]],"tau_farthest_pair":0.9894736842,"tau_closest_pair":0.9894736842,"centroid_solution":[18,17,16,19,15,14,12,13,11,9,10,8,6,7,5,4,2,3,0,1]}