{"solutions":[[2,0,3,1,4,5,6,8,7,9,10,11,13,12,15,14,18,17,16,19],[2,0,3,1,4,5,6,8,7,9,11,10,13,12,15,14,18,17,16,19],[2,0,3,1,4,5,6,8,7,9,11,10,13,12,15,14,18,16,17,19],[2,0,3,1,4,5,6,8,7,9,10,11,13,12,15,14,18,16,17,19]],"obj":1066.0,"max_tau_solutions":null,"centroid_x":[[0.0,1.0,0.0,1.0,1.0,1.0,1.0,1.0,1.0,1.0,1.0,1.0,1.0,1.0,1.0,1.0,1.0,1.0,1.0,1.0],[0.0,0.0,0.0,0.0,1.0,1.0,1.0,1.0,1.0,1.0,1.0,1.0,1.0,1.0,1.0,1.0,1.0,1.0,1.0,1.0],[1.0,1.0,0.0,1.0,1.0,1.0,1.0,1.0,1.0,1.0,1.0,1.0,1.0,1.0,1.0,1.0,1.0,1.0,1.0,1.0],[0.0,1.0,0.0,0.0,1.0,1.0,1.0,1.0,1.0,1.0,1.0,1.0,1.0,1.0,1.0,1.0,1.0,1.0,1.0,1.0],[0.0,0.0,0.0,0.0,0.0,1.0,1.0,1.0,1.0,1.0,1.0,1.0,1.0,1.0,1.0,1.0,1.0,1.0,1.0,1.0],[0.0,0.0,0.0,0.0,0.0,0.0,1.0,1.0,1.0,1.0,1.0,1.0,1.0,1.0,1.0,1.0,1.0,1.0,1.0,1.0],[0.0,0.0,0.0,0.0,0.0,0.0,0.0,1.0,1.0,1.0,1.0,1.0,1.0,1.0,1.0,1.0,1.0,1.0,1.0,1.0],[0.0,0.0,0.0,0.0,0.0,0.0,0.0,0.0,0.0,1.0,1.0,1.0,1.0,1.0,1.0,1.0,1.0,1.0,1.0,1.0],[0.0,0.0,0.0,0.0,0.0,0.0,0.0,1.0,0.0,1.0,1.0,1.0,1.0,1.0,1.0,1.0,1.0,1.0,1.0,1.0],[0.0,0.0,0.0,0.0,0.0,0.0,0.0,0.0,0.0,0.0,1.0,1.0,1.0,1.0,1.0,1.0,1.0,1.0,1.0,1.0],[0.0,0.0,0.0,0.0,0.0,0.0,0.0,0.0,0.0,0.0,0.0,0.4996001289,1.0,1.0,1.0,1.0,1.0,1.0,1.0,1.0],[0.0,0.0,0.0,0.0,0.0,0.0,0.0,0.0,0.0,0.0,0.5003998711,0.0,1.0,1.0,1.0,1.0,1.0,1.0,1.0,1.0],[0.0,0.0,0.0,0.0,0.0,0.0,0.0,0.0,0.0,0.0,0.0,0.0,0.0,0.0,1.0,1.0,1.0,1.0,1.0,1.0],[0.0,0.0,0.0,0.0,0.0,0.0,0.0,0.0,0.0,0.0,0.0,0.0,1.0,0.0,1.0,1.0,1.0,1.0,1.0,1.0],[0.0,0.0,0.0,0.0,0.0,0.0,0.0,0.0,0.0,0.0,0.0,0.0,0.0,0.0,0.0,0.0,1.0,1.0,1.0,1.0],[0.0,0.0,0.0,0.0,0.0,0.0,0.0,0.0,0.0,0.0,0.0,0.0,0.0,0.0,1.0,0.0,1.0,1.0,1.0,1.0],[0.0,0.0,0.0,0.0,0.0,0.0,0.0,0.0,0.0,0.0,0.0,0.0,0.0,0.0,0.0,0.0,0.0,0.5041392419,0.0,1.0],[0.0,0.0,0.0,0.0,0.0,0.0,0.0,0.0,0.0,0.0,0.0,0.0,0.0,0.0,0.0,0.0,0.4958607581,0.0,0.0,1.0],[0.0,0.0,0.0,0.0,0.0,0.0,0.0,0.0,0.0,0.0,0.0,0.0,0.0,0.0,0.0,0.0,1.0,1.0,0.0,1.0],[0.0,0.0,0.0,0.0,0.0,0.0,0.0,0.0,0.0,0.0,0.0,0.0,0.0,0.0,0.0,0.0,0.0,0.0,0.0,0.0]],"outlier_solution":[2,0,3,1,4,5,6,8,7,9,10,11,13,12,15,14,18,17,16,19],"dataset_id":694,"source_dataset_id":741,"options":null,"D":{"0":{"0":0,"1":1,"2":5,"3":0,"4":0,"5":0,"6":0,"7":0,"8":0,"9":0,"10":0,"11":0,"12":0,"13":0,"14":0,"15":0,"16":0,"17":0,"18":0,"19":0},"1":{"0":3,"1":0,"2":6,"3":2,"4":0,"5":0,"6":0,"7":0,"8":0,"9":0,"10":0,"11":0,"12":0,"13":0,"14":0,"15":0,"16":0,"17":0,"18":0,"19":0},"2":{"0":0,"1":3,"2":0,"3":1,"4":3,"5":0,"6":0,"7":0,"8":0,"9":0,"10":0,"11":0,"12":0,"13":0,"14":0,"15":0,"16":0,"17":0,"18":0,"19":0},"3":{"0":3,"1":4,"2":5,"3":0,"4":6,"5":2,"6":0,"7":0,"8":0,"9":0,"10":0,"11":0,"12":0,"13":0,"14":0,"15":0,"16":0,"17":0,"18":0,"19":0},"4":{"0":2,"1":3,"2":3,"3":2,"4":0,"5":2,"6":1,"7":0,"8":0,"9":0,"10":0,"11":0,"12":0,"13":0,"14":0,"15":0,"16":0,"17":0,"18":0,"19":0},"5":{"0":7,"1":5,"2":5,"3":6,"4":2,"5":0,"6":4,"7":6,"8":0,"9":0,"10":0,"11":0,"12":0,"13":0,"14":0,"15":0,"16":0,"17":0,"18":0,"19":0},"6":{"0":7,"1":5,"2":7,"3":8,"4":3,"5":1,"6":0,"7":2,"8":2,"9":0,"10":0,"11":0,"12":0,"13":0,"14":0,"15":0,"16":0,"17":0,"18":0,"19":0},"7":{"0":5,"1":4,"2":8,"3":7,"4":6,"5":6,"6":3,"7":0,"8":2,"9":4,"10":0,"11":0,"12":0,"13":0,"14":0,"15":0,"16":0,"17":0,"18":0,"19":0},"8":{"0":11,"1":4,"2":5,"3":4,"4":1,"5":3,"6":2,"7":3,"8":0,"9":6,"10":4,"11":0,"12":0,"13":0,"14":0,"15":0,"16":0,"17":0,"18":0,"19":0},"9":{"0":2,"1":3,"2":7,"3":9,"4":7,"5":5,"6":8,"7":3,"8":3,"9":0,"10":0,"11":2,"12":0,"13":0,"14":0,"15":0,"16":0,"17":0,"18":0,"19":0},"10":{"0":10,"1":4,"2":5,"3":10,"4":3,"5":5,"6":3,"7":3,"8":2,"9":3,"10":0,"11":2,"12":8,"13":0,"14":0,"15":0,"16":0,"17":0,"18":0,"19":0},"11":{"0":7,"1":4,"2":7,"3":3,"4":2,"5":4,"6":6,"7":6,"8":5,"9":2,"10":1,"11":0,"12":5,"13":3,"14":0,"15":0,"16":0,"17":0,"18":0,"19":0},"12":{"0":6,"1":7,"2":4,"3":5,"4":7,"5":8,"6":9,"7":3,"8":4,"9":8,"10":2,"11":2,"12":0,"13":1,"14":5,"15":0,"16":0,"17":0,"18":0,"19":0},"13":{"0":3,"1":5,"2":3,"3":8,"4":4,"5":4,"6":1,"7":4,"8":4,"9":2,"10":4,"11":4,"12":3,"13":0,"14":3,"15":5,"16":0,"17":0,"18":0,"19":0},"14":{"0":2,"1":4,"2":3,"3":9,"4":7,"5":6,"6":7,"7":4,"8":5,"9":6,"10":8,"11":9,"12":0,"13":3,"14":0,"15":2,"16":4,"17":0,"18":0,"19":0},"15":{"0":6,"1":6,"2":4,"3":5,"4":4,"5":4,"6":6,"7":1,"8":6,"9":7,"10":4,"11":3,"12":3,"13":3,"14":1,"15":0,"16":6,"17":1,"18":0,"19":0},"16":{"0":5,"1":4,"2":6,"3":11,"4":7,"5":5,"6":7,"7":6,"8":10,"9":3,"10":5,"11":2,"12":4,"13":7,"14":2,"15":4,"16":0,"17":3,"18":2,"19":0},"17":{"0":7,"1":4,"2":6,"3":4,"4":3,"5":6,"6":4,"7":8,"8":3,"9":3,"10":5,"11":2,"12":7,"13":5,"14":5,"15":3,"16":4,"17":0,"18":1,"19":1},"18":{"0":5,"1":5,"2":5,"3":0,"4":7,"5":3,"6":3,"7":4,"8":10,"9":7,"10":3,"11":3,"12":9,"13":5,"14":5,"15":6,"16":0,"17":0,"18":0,"19":4},"19":{"0":2,"1":2,"2":6,"3":4,"4":3,"5":8,"6":5,"7":8,"8":7,"9":9,"10":1,"11":5,"12":3,"13":4,"14":1,"15":5,"16":4,"17":5,"18":6,"19":0}},"method":"hillside","closest_pair":[[2,0,3,1,4,5,6,8,7,9,11,10,13,12,15,14,18,16,17,19],[2,0,3,1,4,5,6,8,7,9,11,10,13,12,15,14,18,17,16,19]],"farthest_pair":[[2,0,3,1,4,5,6,8,7,9,11,10,13,12,15,14,18,17,16,19],[2,0,3,1,4,5,6,8,7,9,10,11,13,12,15,14,18,16,17,19]],"tau_farthest_pair":0.9789473684,"tau_closest_pair":0.9894736842,"centroid_solution":[2,0,3,1,4,5,6,8,7,9,11,10,13,12,15,14,18,16,17,19]}