{"solutions":[[17,16,19,18,15,14,13,11,12,10,8,9,7,5,6,1,4,2,0,3],[17,16,19,18,15,14,13,11,12,10,8,9,7,5,6,1,4,2,3,0]],"obj":953.0,"max_tau_solutions":null,"centroid_x":[[0.0,0.0,0.0,0.3634225148,0.0,0.0,0.0,0.0,0.0,0.0,0.0,0.0,0.0,0.0,0.0,0.0,0.0,0.0,0.0,0.0],[1.0,0.0,1.0,1.0,1.0,0.0,0.0,0.0,0.0,0.0,0.0,0.0,0.0,0.0,0.0,0.0,0.0,0.0,0.0,0.0],[1.0,0.0,0.0,1.0,0.0,0.0,0.0,0.0,0.0,0.0,0.0,0.0,0.0,0.0,0.0,0.0,0.0,0.0,0.0,0.0],[0.6365774852,0.0,0.0,0.0,0.0,0.0,0.0,0.0,0.0,0.0,0.0,0.0,0.0,0.0,0.0,0.0,0.0,0.0,0.0,0.0],[1.0,0.0,1.0,1.0,0.0,0.0,0.0,0.0,0.0,0.0,0.0,0.0,0.0,0.0,0.0,0.0,0.0,0.0,0.0,0.0],[1.0,1.0,1.0,1.0,1.0,0.0,1.0,0.0,0.0,0.0,0.0,0.0,0.0,0.0,0.0,0.0,0.0,0.0,0.0,0.0],[1.0,1.0,1.0,1.0,1.0,0.0,0.0,0.0,0.0,0.0,0.0,0.0,0.0,0.0,0.0,0.0,0.0,0.0,0.0,0.0],[1.0,1.0,1.0,1.0,1.0,1.0,1.0,0.0,0.0,0.0,0.0,0.0,0.0,0.0,0.0,0.0,0.0,0.0,0.0,0.0],[1.0,1.0,1.0,1.0,1.0,1.0,1.0,1.0,0.0,1.0,0.0,0.0,0.0,0.0,0.0,0.0,0.0,0.0,0.0,0.0],[1.0,1.0,1.0,1.0,1.0,1.0,1.0,1.0,0.0,0.0,0.0,0.0,0.0,0.0,0.0,0.0,0.0,0.0,0.0,0.0],[1.0,1.0,1.0,1.0,1.0,1.0,1.0,1.0,1.0,1.0,0.0,0.0,0.0,0.0,0.0,0.0,0.0,0.0,0.0,0.0],[1.0,1.0,1.0,1.0,1.0,1.0,1.0,1.0,1.0,1.0,1.0,0.0,1.0,0.0,0.0,0.0,0.0,0.0,0.0,0.0],[1.0,1.0,1.0,1.0,1.0,1.0,1.0,1.0,1.0,1.0,1.0,0.0,0.0,0.0,0.0,0.0,0.0,0.0,0.0,0.0],[1.0,1.0,1.0,1.0,1.0,1.0,1.0,1.0,1.0,1.0,1.0,1.0,1.0,0.0,0.0,0.0,0.0,0.0,0.0,0.0],[1.0,1.0,1.0,1.0,1.0,1.0,1.0,1.0,1.0,1.0,1.0,1.0,1.0,1.0,0.0,0.0,0.0,0.0,0.0,0.0],[1.0,1.0,1.0,1.0,1.0,1.0,1.0,1.0,1.0,1.0,1.0,1.0,1.0,1.0,1.0,0.0,0.0,0.0,0.0,0.0],[1.0,1.0,1.0,1.0,1.0,1.0,1.0,1.0,1.0,1.0,1.0,1.0,1.0,1.0,1.0,1.0,0.0,0.0,1.0,1.0],[1.0,1.0,1.0,1.0,1.0,1.0,1.0,1.0,1.0,1.0,1.0,1.0,1.0,1.0,1.0,1.0,1.0,0.0,1.0,1.0],[1.0,1.0,1.0,1.0,1.0,1.0,1.0,1.0,1.0,1.0,1.0,1.0,1.0,1.0,1.0,1.0,0.0,0.0,0.0,0.0],[1.0,1.0,1.0,1.0,1.0,1.0,1.0,1.0,1.0,1.0,1.0,1.0,1.0,1.0,1.0,1.0,0.0,0.0,1.0,0.0]],"outlier_solution":[17,16,19,18,15,14,13,11,12,10,8,9,7,5,6,1,4,2,0,3],"dataset_id":696,"source_dataset_id":743,"options":null,"D":{"0":{"0":0,"1":1,"2":3,"3":1,"4":4,"5":4,"6":3,"7":5,"8":3,"9":8,"10":6,"11":10,"12":4,"13":5,"14":5,"15":6,"16":7,"17":3,"18":6,"19":7},"1":{"0":2,"1":0,"2":3,"3":1,"4":9,"5":9,"6":1,"7":2,"8":6,"9":3,"10":5,"11":2,"12":5,"13":4,"14":3,"15":3,"16":5,"17":5,"18":3,"19":5},"2":{"0":5,"1":3,"2":0,"3":2,"4":3,"5":6,"6":6,"7":5,"8":7,"9":5,"10":5,"11":6,"12":4,"13":2,"14":3,"15":4,"16":9,"17":3,"18":6,"19":8},"3":{"0":0,"1":5,"2":5,"3":0,"4":4,"5":3,"6":3,"7":4,"8":5,"9":8,"10":6,"11":4,"12":7,"13":4,"14":11,"15":2,"16":4,"17":10,"18":7,"19":10},"4":{"0":0,"1":0,"2":2,"3":1,"4":0,"5":2,"6":5,"7":5,"8":7,"9":5,"10":5,"11":3,"12":5,"13":1,"14":8,"15":5,"16":7,"17":8,"18":5,"19":5},"5":{"0":0,"1":0,"2":0,"3":1,"4":5,"5":0,"6":5,"7":3,"8":4,"9":4,"10":6,"11":3,"12":3,"13":6,"14":9,"15":6,"16":6,"17":5,"18":3,"19":3},"6":{"0":0,"1":0,"2":0,"3":0,"4":5,"5":2,"6":0,"7":1,"8":1,"9":7,"10":8,"11":7,"12":3,"13":4,"14":7,"15":8,"16":4,"17":6,"18":3,"19":7},"7":{"0":0,"1":0,"2":0,"3":0,"4":0,"5":4,"6":2,"7":0,"8":2,"9":1,"10":4,"11":3,"12":8,"13":3,"14":3,"15":1,"16":6,"17":3,"18":5,"19":5},"8":{"0":0,"1":0,"2":0,"3":0,"4":0,"5":0,"6":3,"7":2,"8":0,"9":3,"10":2,"11":4,"12":3,"13":6,"14":5,"15":6,"16":12,"17":4,"18":2,"19":4},"9":{"0":0,"1":0,"2":0,"3":0,"4":0,"5":0,"6":0,"7":3,"8":1,"9":0,"10":1,"11":6,"12":5,"13":6,"14":4,"15":4,"16":9,"17":6,"18":6,"19":5},"10":{"0":0,"1":0,"2":0,"3":0,"4":0,"5":0,"6":0,"7":0,"8":6,"9":3,"10":0,"11":1,"12":1,"13":9,"14":4,"15":5,"16":6,"17":8,"18":7,"19":6},"11":{"0":0,"1":0,"2":0,"3":0,"4":0,"5":0,"6":0,"7":0,"8":0,"9":2,"10":0,"11":0,"12":5,"13":3,"14":3,"15":6,"16":4,"17":7,"18":3,"19":4},"12":{"0":0,"1":0,"2":0,"3":0,"4":0,"5":0,"6":0,"7":0,"8":0,"9":0,"10":2,"11":2,"12":0,"13":4,"14":5,"15":5,"16":9,"17":4,"18":5,"19":6},"13":{"0":0,"1":0,"2":0,"3":0,"4":0,"5":0,"6":0,"7":0,"8":0,"9":0,"10":0,"11":1,"12":1,"13":0,"14":1,"15":4,"16":8,"17":8,"18":7,"19":3},"14":{"0":0,"1":0,"2":0,"3":0,"4":0,"5":0,"6":0,"7":0,"8":0,"9":0,"10":0,"11":0,"12":6,"13":4,"14":0,"15":1,"16":3,"17":11,"18":4,"19":4},"15":{"0":0,"1":0,"2":0,"3":0,"4":0,"5":0,"6":0,"7":0,"8":0,"9":0,"10":0,"11":0,"12":0,"13":6,"14":2,"15":0,"16":2,"17":3,"18":3,"19":4},"16":{"0":0,"1":0,"2":0,"3":0,"4":0,"5":0,"6":0,"7":0,"8":0,"9":0,"10":0,"11":0,"12":0,"13":0,"14":3,"15":1,"16":0,"17":2,"18":2,"19":3},"17":{"0":0,"1":0,"2":0,"3":0,"4":0,"5":0,"6":0,"7":0,"8":0,"9":0,"10":0,"11":0,"12":0,"13":0,"14":0,"15":2,"16":2,"17":0,"18":1,"19":2},"18":{"0":0,"1":0,"2":0,"3":0,"4":0,"5":0,"6":0,"7":0,"8":0,"9":0,"10":0,"11":0,"12":0,"13":0,"14":0,"15":0,"16":4,"17":5,"18":0,"19":1},"19":{"0":0,"1":0,"2":0,"3":0,"4":0,"5":0,"6":0,"7":0,"8":0,"9":0,"10":0,"11":0,"12":0,"13":0,"14":0,"15":0,"16":0,"17":1,"18":3,"19":0}},"method":"hillside","closest_pair":[[17,16,19,18,15,14,13,11,12,10,8,9,7,5,6,1,4,2,0,3],[17,16,19,18,15,14,13,11,12,10,8,9,7,5,6,1,4,2,3,0]],"farthest_pair":[[17,16,19,18,15,14,13,11,12,10,8,9,7,5,6,1,4,2,3,0],[17,16,19,18,15,14,13,11,12,10,8,9,7,5,6,1,4,2,0,3]],"tau_farthest_pair":0.9894736842,"tau_closest_pair":0.9894736842,"centroid_solution":[17,16,19,18,15,14,13,11,12,10,8,9,7,5,6,1,4,2,3,0]}