{"solutions":[[19,17,14,18,15,16,13,12,11,10,9,8,7,6,5,4,2,0,3,1],[19,17,14,18,16,15,13,12,11,10,9,8,7,6,5,4,2,0,3,1],[19,17,14,15,18,16,13,12,11,10,9,8,7,6,5,4,2,0,3,1],[19,17,18,16,14,15,13,12,11,10,9,8,7,6,5,4,2,0,3,1]],"obj":1142.0,"max_tau_solutions":null,"centroid_x":[[0.0,1.0,0.0,1.0,0.0,0.0,0.0,0.0,0.0,0.0,0.0,0.0,0.0,0.0,0.0,0.0,0.0,0.0,0.0,0.0],[0.0,0.0,0.0,0.0,0.0,0.0,0.0,0.0,0.0,0.0,0.0,0.0,0.0,0.0,0.0,0.0,0.0,0.0,0.0,0.0],[1.0,1.0,0.0,1.0,0.0,0.0,0.0,0.0,0.0,0.0,0.0,0.0,0.0,0.0,0.0,0.0,0.0,0.0,0.0,0.0],[0.0,1.0,0.0,0.0,0.0,0.0,0.0,0.0,0.0,0.0,0.0,0.0,0.0,0.0,0.0,0.0,0.0,0.0,0.0,0.0],[1.0,1.0,1.0,1.0,0.0,0.0,0.0,0.0,0.0,0.0,0.0,0.0,0.0,0.0,0.0,0.0,0.0,0.0,0.0,0.0],[1.0,1.0,1.0,1.0,1.0,0.0,0.0,0.0,0.0,0.0,0.0,0.0,0.0,0.0,0.0,0.0,0.0,0.0,0.0,0.0],[1.0,1.0,1.0,1.0,1.0,1.0,0.0,0.0,0.0,0.0,0.0,0.0,0.0,0.0,0.0,0.0,0.0,0.0,0.0,0.0],[1.0,1.0,1.0,1.0,1.0,1.0,1.0,0.0,0.0,0.0,0.0,0.0,0.0,0.0,0.0,0.0,0.0,0.0,0.0,0.0],[1.0,1.0,1.0,1.0,1.0,1.0,1.0,1.0,0.0,0.0,0.0,0.0,0.0,0.0,0.0,0.0,0.0,0.0,0.0,0.0],[1.0,1.0,1.0,1.0,1.0,1.0,1.0,1.0,1.0,0.0,0.0,0.0,0.0,0.0,0.0,0.0,0.0,0.0,0.0,0.0],[1.0,1.0,1.0,1.0,1.0,1.0,1.0,1.0,1.0,1.0,0.0,0.0,0.0,0.0,0.0,0.0,0.0,0.0,0.0,0.0],[1.0,1.0,1.0,1.0,1.0,1.0,1.0,1.0,1.0,1.0,1.0,0.0,0.0,0.0,0.0,0.0,0.0,0.0,0.0,0.0],[1.0,1.0,1.0,1.0,1.0,1.0,1.0,1.0,1.0,1.0,1.0,1.0,0.0,0.0,0.0,0.0,0.0,0.0,0.0,0.0],[1.0,1.0,1.0,1.0,1.0,1.0,1.0,1.0,1.0,1.0,1.0,1.0,1.0,0.0,0.0,0.0,0.0,0.0,0.0,0.0],[1.0,1.0,1.0,1.0,1.0,1.0,1.0,1.0,1.0,1.0,1.0,1.0,1.0,1.0,0.0,1.0,0.4029449852,0.0,0.4029449852,0.0],[1.0,1.0,1.0,1.0,1.0,1.0,1.0,1.0,1.0,1.0,1.0,1.0,1.0,1.0,0.0,0.0,0.3539014067,0.0,0.2704542875,0.0],[1.0,1.0,1.0,1.0,1.0,1.0,1.0,1.0,1.0,1.0,1.0,1.0,1.0,1.0,0.5970550148,0.6460985933,0.0,0.0,0.0,0.0],[1.0,1.0,1.0,1.0,1.0,1.0,1.0,1.0,1.0,1.0,1.0,1.0,1.0,1.0,1.0,1.0,1.0,0.0,1.0,0.0],[1.0,1.0,1.0,1.0,1.0,1.0,1.0,1.0,1.0,1.0,1.0,1.0,1.0,1.0,0.5970550148,0.7295457125,1.0,0.0,0.0,0.0],[1.0,1.0,1.0,1.0,1.0,1.0,1.0,1.0,1.0,1.0,1.0,1.0,1.0,1.0,1.0,1.0,1.0,1.0,1.0,0.0]],"outlier_solution":[19,17,14,15,18,16,13,12,11,10,9,8,7,6,5,4,2,0,3,1],"dataset_id":699,"source_dataset_id":746,"options":null,"D":{"0":{"0":0,"1":2,"2":5,"3":4,"4":3,"5":7,"6":7,"7":0,"8":3,"9":5,"10":6,"11":5,"12":3,"13":5,"14":7,"15":4,"16":1,"17":1,"18":2,"19":4},"1":{"0":1,"1":0,"2":4,"3":3,"4":5,"5":8,"6":2,"7":1,"8":5,"9":2,"10":4,"11":5,"12":12,"13":8,"14":1,"15":4,"16":1,"17":6,"18":8,"19":5},"2":{"0":2,"1":2,"2":0,"3":1,"4":7,"5":3,"6":5,"7":7,"8":2,"9":7,"10":8,"11":3,"12":9,"13":6,"14":5,"15":3,"16":6,"17":11,"18":5,"19":2},"3":{"0":0,"1":2,"2":2,"3":0,"4":4,"5":3,"6":2,"7":7,"8":5,"9":5,"10":7,"11":5,"12":5,"13":6,"14":7,"15":8,"16":7,"17":6,"18":4,"19":2},"4":{"0":0,"1":0,"2":3,"3":1,"4":0,"5":5,"6":3,"7":4,"8":3,"9":4,"10":8,"11":9,"12":7,"13":3,"14":5,"15":5,"16":4,"17":8,"18":3,"19":7},"5":{"0":0,"1":0,"2":0,"3":2,"4":2,"5":0,"6":0,"7":0,"8":6,"9":7,"10":6,"11":0,"12":5,"13":8,"14":5,"15":4,"16":6,"17":10,"18":3,"19":4},"6":{"0":0,"1":0,"2":0,"3":0,"4":2,"5":5,"6":0,"7":4,"8":4,"9":3,"10":5,"11":9,"12":9,"13":1,"14":5,"15":2,"16":3,"17":1,"18":2,"19":3},"7":{"0":0,"1":0,"2":0,"3":0,"4":0,"5":4,"6":2,"7":0,"8":4,"9":3,"10":8,"11":4,"12":8,"13":4,"14":4,"15":7,"16":2,"17":3,"18":1,"19":9},"8":{"0":0,"1":0,"2":0,"3":0,"4":0,"5":0,"6":3,"7":2,"8":0,"9":2,"10":5,"11":7,"12":4,"13":6,"14":7,"15":6,"16":7,"17":4,"18":3,"19":5},"9":{"0":0,"1":0,"2":0,"3":0,"4":0,"5":0,"6":0,"7":1,"8":2,"9":0,"10":0,"11":3,"12":4,"13":7,"14":5,"15":3,"16":4,"17":9,"18":7,"19":12},"10":{"0":0,"1":0,"2":0,"3":0,"4":0,"5":0,"6":0,"7":0,"8":2,"9":1,"10":0,"11":4,"12":1,"13":5,"14":7,"15":3,"16":9,"17":10,"18":5,"19":7},"11":{"0":0,"1":0,"2":0,"3":0,"4":0,"5":0,"6":0,"7":0,"8":0,"9":3,"10":6,"11":0,"12":3,"13":0,"14":9,"15":6,"16":9,"17":5,"18":5,"19":6},"12":{"0":0,"1":0,"2":0,"3":0,"4":0,"5":0,"6":0,"7":0,"8":0,"9":0,"10":2,"11":3,"12":0,"13":6,"14":4,"15":5,"16":2,"17":7,"18":3,"19":8},"13":{"0":0,"1":0,"2":0,"3":0,"4":0,"5":0,"6":0,"7":0,"8":0,"9":0,"10":0,"11":1,"12":3,"13":0,"14":5,"15":3,"16":1,"17":6,"18":6,"19":2},"14":{"0":0,"1":0,"2":0,"3":0,"4":0,"5":0,"6":0,"7":0,"8":0,"9":0,"10":0,"11":0,"12":2,"13":2,"14":0,"15":5,"16":2,"17":6,"18":4,"19":2},"15":{"0":0,"1":0,"2":0,"3":0,"4":0,"5":0,"6":0,"7":0,"8":0,"9":0,"10":0,"11":0,"12":0,"13":4,"14":3,"15":0,"16":2,"17":1,"18":7,"19":5},"16":{"0":0,"1":0,"2":0,"3":0,"4":0,"5":0,"6":0,"7":0,"8":0,"9":0,"10":0,"11":0,"12":0,"13":0,"14":6,"15":4,"16":0,"17":4,"18":2,"19":6},"17":{"0":0,"1":0,"2":0,"3":0,"4":0,"5":0,"6":0,"7":0,"8":0,"9":0,"10":0,"11":0,"12":0,"13":0,"14":0,"15":2,"16":3,"17":0,"18":2,"19":6},"18":{"0":0,"1":0,"2":0,"3":0,"4":0,"5":0,"6":0,"7":0,"8":0,"9":0,"10":0,"11":0,"12":0,"13":0,"14":0,"15":0,"16":3,"17":1,"18":0,"19":4},"19":{"0":0,"1":0,"2":0,"3":0,"4":0,"5":0,"6":0,"7":0,"8":0,"9":0,"10":0,"11":0,"12":0,"13":0,"14":0,"15":0,"16":0,"17":4,"18":6,"19":0}},"method":"hillside","closest_pair":[[19,17,14,18,16,15,13,12,11,10,9,8,7,6,5,4,2,0,3,1],[19,17,14,18,15,16,13,12,11,10,9,8,7,6,5,4,2,0,3,1]],"farthest_pair":[[19,17,14,15,18,16,13,12,11,10,9,8,7,6,5,4,2,0,3,1],[19,17,18,16,14,15,13,12,11,10,9,8,7,6,5,4,2,0,3,1]],"tau_farthest_pair":0.9578947368,"tau_closest_pair":0.9894736842,"centroid_solution":[19,17,18,16,14,15,13,12,11,10,9,8,7,6,5,4,2,0,3,1]}