{"solutions":[[19,15,17,18,16,13,14,11,12,9,10,8,7,6,5,4,3,1,2,0],[19,15,17,18,16,13,14,11,12,10,9,8,7,6,5,4,3,1,2,0]],"obj":1134.0,"max_tau_solutions":null,"centroid_x":[[0.0,0.0,0.0,0.0,0.0,0.0,0.0,0.0,0.0,0.0,0.0,0.0,0.0,0.0,0.0,0.0,0.0,0.0,0.0,0.0],[1.0,0.0,1.0,0.0,0.0,0.0,0.0,0.0,0.0,0.0,0.0,0.0,0.0,0.0,0.0,0.0,0.0,0.0,0.0,0.0],[1.0,0.0,0.0,0.0,0.0,0.0,0.0,0.0,0.0,0.0,0.0,0.0,0.0,0.0,0.0,0.0,0.0,0.0,0.0,0.0],[1.0,1.0,1.0,0.0,0.0,0.0,0.0,0.0,0.0,0.0,0.0,0.0,0.0,0.0,0.0,0.0,0.0,0.0,0.0,0.0],[1.0,1.0,1.0,1.0,0.0,0.0,0.0,0.0,0.0,0.0,0.0,0.0,0.0,0.0,0.0,0.0,0.0,0.0,0.0,0.0],[1.0,1.0,1.0,1.0,1.0,0.0,0.0,0.0,0.0,0.0,0.0,0.0,0.0,0.0,0.0,0.0,0.0,0.0,0.0,0.0],[1.0,1.0,1.0,1.0,1.0,1.0,0.0,0.0,0.0,0.0,0.0,0.0,0.0,0.0,0.0,0.0,0.0,0.0,0.0,0.0],[1.0,1.0,1.0,1.0,1.0,1.0,1.0,0.0,0.0,0.0,0.0,0.0,0.0,0.0,0.0,0.0,0.0,0.0,0.0,0.0],[1.0,1.0,1.0,1.0,1.0,1.0,1.0,1.0,0.0,0.0,0.0,0.0,0.0,0.0,0.0,0.0,0.0,0.0,0.0,0.0],[1.0,1.0,1.0,1.0,1.0,1.0,1.0,1.0,1.0,0.0,0.3386999587,0.0,0.0,0.0,0.0,0.0,0.0,0.0,0.0,0.0],[1.0,1.0,1.0,1.0,1.0,1.0,1.0,1.0,1.0,0.6613000413,0.0,0.0,0.0,0.0,0.0,0.0,0.0,0.0,0.0,0.0],[1.0,1.0,1.0,1.0,1.0,1.0,1.0,1.0,1.0,1.0,1.0,0.0,1.0,0.0,0.0,0.0,0.0,0.0,0.0,0.0],[1.0,1.0,1.0,1.0,1.0,1.0,1.0,1.0,1.0,1.0,1.0,0.0,0.0,0.0,0.0,0.0,0.0,0.0,0.0,0.0],[1.0,1.0,1.0,1.0,1.0,1.0,1.0,1.0,1.0,1.0,1.0,1.0,1.0,0.0,1.0,0.0,0.0,0.0,0.0,0.0],[1.0,1.0,1.0,1.0,1.0,1.0,1.0,1.0,1.0,1.0,1.0,1.0,1.0,0.0,0.0,0.0,0.0,0.0,0.0,0.0],[1.0,1.0,1.0,1.0,1.0,1.0,1.0,1.0,1.0,1.0,1.0,1.0,1.0,1.0,1.0,0.0,1.0,1.0,1.0,0.0],[1.0,1.0,1.0,1.0,1.0,1.0,1.0,1.0,1.0,1.0,1.0,1.0,1.0,1.0,1.0,0.0,0.0,0.0,0.0,0.0],[1.0,1.0,1.0,1.0,1.0,1.0,1.0,1.0,1.0,1.0,1.0,1.0,1.0,1.0,1.0,0.0,1.0,0.0,1.0,0.0],[1.0,1.0,1.0,1.0,1.0,1.0,1.0,1.0,1.0,1.0,1.0,1.0,1.0,1.0,1.0,0.0,1.0,0.0,0.0,0.0],[1.0,1.0,1.0,1.0,1.0,1.0,1.0,1.0,1.0,1.0,1.0,1.0,1.0,1.0,1.0,1.0,1.0,1.0,1.0,0.0]],"outlier_solution":[19,15,17,18,16,13,14,11,12,9,10,8,7,6,5,4,3,1,2,0],"dataset_id":700,"source_dataset_id":747,"options":null,"D":{"0":{"0":0,"1":5,"2":6,"3":1,"4":5,"5":4,"6":6,"7":4,"8":2,"9":6,"10":1,"11":6,"12":3,"13":3,"14":9,"15":7,"16":7,"17":4,"18":6,"19":9},"1":{"0":4,"1":0,"2":4,"3":3,"4":4,"5":3,"6":5,"7":6,"8":7,"9":8,"10":3,"11":4,"12":3,"13":5,"14":8,"15":5,"16":3,"17":4,"18":5,"19":9},"2":{"0":3,"1":2,"2":0,"3":3,"4":6,"5":2,"6":2,"7":2,"8":5,"9":5,"10":4,"11":5,"12":7,"13":6,"14":5,"15":6,"16":6,"17":6,"18":9,"19":2},"3":{"0":4,"1":10,"2":4,"3":0,"4":2,"5":3,"6":3,"7":3,"8":4,"9":2,"10":5,"11":3,"12":3,"13":10,"14":2,"15":5,"16":6,"17":3,"18":4,"19":3},"4":{"0":0,"1":4,"2":1,"3":2,"4":0,"5":1,"6":2,"7":4,"8":5,"9":5,"10":3,"11":6,"12":7,"13":5,"14":4,"15":8,"16":4,"17":6,"18":2,"19":5},"5":{"0":0,"1":0,"2":6,"3":1,"4":1,"5":0,"6":1,"7":3,"8":2,"9":9,"10":8,"11":1,"12":3,"13":7,"14":6,"15":3,"16":5,"17":8,"18":1,"19":4},"6":{"0":0,"1":0,"2":0,"3":4,"4":2,"5":2,"6":0,"7":2,"8":4,"9":2,"10":6,"11":10,"12":3,"13":2,"14":7,"15":3,"16":10,"17":8,"18":1,"19":9},"7":{"0":0,"1":0,"2":0,"3":0,"4":1,"5":5,"6":2,"7":0,"8":2,"9":3,"10":10,"11":7,"12":5,"13":4,"14":2,"15":5,"16":3,"17":3,"18":5,"19":3},"8":{"0":0,"1":0,"2":0,"3":0,"4":0,"5":0,"6":2,"7":6,"8":0,"9":2,"10":6,"11":2,"12":2,"13":4,"14":3,"15":6,"16":7,"17":5,"18":3,"19":7},"9":{"0":0,"1":0,"2":0,"3":0,"4":0,"5":0,"6":3,"7":1,"8":5,"9":0,"10":1,"11":4,"12":3,"13":4,"14":9,"15":6,"16":4,"17":8,"18":2,"19":9},"10":{"0":0,"1":0,"2":0,"3":0,"4":0,"5":0,"6":0,"7":5,"8":4,"9":4,"10":0,"11":1,"12":6,"13":1,"14":11,"15":9,"16":6,"17":7,"18":7,"19":2},"11":{"0":0,"1":0,"2":0,"3":0,"4":0,"5":0,"6":0,"7":0,"8":0,"9":2,"10":1,"11":0,"12":1,"13":2,"14":0,"15":8,"16":5,"17":6,"18":5,"19":1},"12":{"0":0,"1":0,"2":0,"3":0,"4":0,"5":0,"6":0,"7":0,"8":0,"9":3,"10":4,"11":3,"12":0,"13":2,"14":1,"15":2,"16":6,"17":6,"18":6,"19":3},"13":{"0":0,"1":0,"2":0,"3":0,"4":0,"5":0,"6":0,"7":0,"8":0,"9":0,"10":6,"11":1,"12":0,"13":0,"14":2,"15":0,"16":3,"17":6,"18":4,"19":5},"14":{"0":0,"1":0,"2":0,"3":0,"4":0,"5":0,"6":0,"7":0,"8":0,"9":0,"10":0,"11":3,"12":1,"13":1,"14":0,"15":1,"16":5,"17":1,"18":7,"19":3},"15":{"0":0,"1":0,"2":0,"3":0,"4":0,"5":0,"6":0,"7":0,"8":0,"9":0,"10":0,"11":0,"12":2,"13":4,"14":3,"15":0,"16":1,"17":0,"18":4,"19":7},"16":{"0":0,"1":0,"2":0,"3":0,"4":0,"5":0,"6":0,"7":0,"8":0,"9":0,"10":0,"11":0,"12":0,"13":3,"14":4,"15":4,"16":0,"17":4,"18":4,"19":1},"17":{"0":0,"1":0,"2":0,"3":0,"4":0,"5":0,"6":0,"7":0,"8":0,"9":0,"10":0,"11":0,"12":0,"13":0,"14":4,"15":2,"16":0,"17":0,"18":4,"19":3},"18":{"0":0,"1":0,"2":0,"3":0,"4":0,"5":0,"6":0,"7":0,"8":0,"9":0,"10":0,"11":0,"12":0,"13":0,"14":0,"15":4,"16":4,"17":3,"18":0,"19":3},"19":{"0":0,"1":0,"2":0,"3":0,"4":0,"5":0,"6":0,"7":0,"8":0,"9":0,"10":0,"11":0,"12":0,"13":0,"14":0,"15":0,"16":3,"17":3,"18":3,"19":0}},"method":"hillside","closest_pair":[[19,15,17,18,16,13,14,11,12,10,9,8,7,6,5,4,3,1,2,0],[19,15,17,18,16,13,14,11,12,9,10,8,7,6,5,4,3,1,2,0]],"farthest_pair":[[19,15,17,18,16,13,14,11,12,10,9,8,7,6,5,4,3,1,2,0],[19,15,17,18,16,13,14,11,12,9,10,8,7,6,5,4,3,1,2,0]],"tau_farthest_pair":0.9894736842,"tau_closest_pair":0.9894736842,"centroid_solution":[19,15,17,18,16,13,14,11,12,10,9,8,7,6,5,4,3,1,2,0]}