{"solutions":[[18,17,16,19,15,13,11,14,12,9,8,10,6,7,5,4,3,1,0,2],[18,17,16,19,15,13,11,14,12,9,8,10,7,5,6,4,3,1,2,0],[18,17,16,19,15,13,11,14,12,9,8,10,7,5,6,4,3,1,0,2],[18,17,16,19,15,13,11,14,12,9,8,10,5,6,7,4,3,1,2,0],[18,17,16,19,15,13,11,14,12,9,8,10,6,7,5,4,3,1,2,0],[18,17,16,19,15,13,11,14,12,9,8,10,5,6,7,4,3,1,0,2]],"obj":1130.0,"max_tau_solutions":null,"centroid_x":[[0.0,0.0,0.3490314479,0.0,0.0,0.0,0.0,0.0,0.0,0.0,0.0,0.0,0.0,0.0,0.0,0.0,0.0,0.0,0.0,0.0],[1.0,0.0,1.0,0.0,0.0,0.0,0.0,0.0,0.0,0.0,0.0,0.0,0.0,0.0,0.0,0.0,0.0,0.0,0.0,0.0],[0.6509685521,0.0,0.0,0.0,0.0,0.0,0.0,0.0,0.0,0.0,0.0,0.0,0.0,0.0,0.0,0.0,0.0,0.0,0.0,0.0],[1.0,1.0,1.0,0.0,0.0,0.0,0.0,0.0,0.0,0.0,0.0,0.0,0.0,0.0,0.0,0.0,0.0,0.0,0.0,0.0],[1.0,1.0,1.0,1.0,0.0,0.0,0.0,0.0,0.0,0.0,0.0,0.0,0.0,0.0,0.0,0.0,0.0,0.0,0.0,0.0],[1.0,1.0,1.0,1.0,1.0,0.0,0.5924474692,0.1874744149,0.0,0.0,0.0,0.0,0.0,0.0,0.0,0.0,0.0,0.0,0.0,0.0],[1.0,1.0,1.0,1.0,1.0,0.4075525308,0.0,0.5950269456,0.0,0.0,0.0,0.0,0.0,0.0,0.0,0.0,0.0,0.0,0.0,0.0],[1.0,1.0,1.0,1.0,1.0,0.8125255851,0.4049730544,0.0,0.0,0.0,0.0,0.0,0.0,0.0,0.0,0.0,0.0,0.0,0.0,0.0],[1.0,1.0,1.0,1.0,1.0,1.0,1.0,1.0,0.0,0.0,1.0,0.0,0.0,0.0,0.0,0.0,0.0,0.0,0.0,0.0],[1.0,1.0,1.0,1.0,1.0,1.0,1.0,1.0,1.0,0.0,1.0,0.0,0.0,0.0,0.0,0.0,0.0,0.0,0.0,0.0],[1.0,1.0,1.0,1.0,1.0,1.0,1.0,1.0,0.0,0.0,0.0,0.0,0.0,0.0,0.0,0.0,0.0,0.0,0.0,0.0],[1.0,1.0,1.0,1.0,1.0,1.0,1.0,1.0,1.0,1.0,1.0,0.0,1.0,0.0,1.0,0.0,0.0,0.0,0.0,0.0],[1.0,1.0,1.0,1.0,1.0,1.0,1.0,1.0,1.0,1.0,1.0,0.0,0.0,0.0,0.0,0.0,0.0,0.0,0.0,0.0],[1.0,1.0,1.0,1.0,1.0,1.0,1.0,1.0,1.0,1.0,1.0,1.0,1.0,0.0,1.0,0.0,0.0,0.0,0.0,0.0],[1.0,1.0,1.0,1.0,1.0,1.0,1.0,1.0,1.0,1.0,1.0,0.0,1.0,0.0,0.0,0.0,0.0,0.0,0.0,0.0],[1.0,1.0,1.0,1.0,1.0,1.0,1.0,1.0,1.0,1.0,1.0,1.0,1.0,1.0,1.0,0.0,0.0,0.0,0.0,0.0],[1.0,1.0,1.0,1.0,1.0,1.0,1.0,1.0,1.0,1.0,1.0,1.0,1.0,1.0,1.0,1.0,0.0,0.0,0.0,1.0],[1.0,1.0,1.0,1.0,1.0,1.0,1.0,1.0,1.0,1.0,1.0,1.0,1.0,1.0,1.0,1.0,1.0,0.0,0.0,1.0],[1.0,1.0,1.0,1.0,1.0,1.0,1.0,1.0,1.0,1.0,1.0,1.0,1.0,1.0,1.0,1.0,1.0,1.0,0.0,1.0],[1.0,1.0,1.0,1.0,1.0,1.0,1.0,1.0,1.0,1.0,1.0,1.0,1.0,1.0,1.0,1.0,0.0,0.0,0.0,0.0]],"outlier_solution":[18,17,16,19,15,13,11,14,12,9,8,10,5,6,7,4,3,1,0,2],"dataset_id":701,"source_dataset_id":748,"options":null,"D":{"0":{"0":0,"1":2,"2":2,"3":2,"4":5,"5":7,"6":5,"7":7,"8":6,"9":3,"10":5,"11":7,"12":3,"13":7,"14":4,"15":7,"16":6,"17":2,"18":5,"19":3},"1":{"0":2,"1":0,"2":2,"3":1,"4":2,"5":5,"6":3,"7":3,"8":5,"9":9,"10":4,"11":7,"12":5,"13":8,"14":4,"15":5,"16":6,"17":4,"18":5,"19":3},"2":{"0":6,"1":2,"2":0,"3":2,"4":3,"5":3,"6":5,"7":4,"8":5,"9":5,"10":5,"11":10,"12":3,"13":8,"14":5,"15":2,"16":9,"17":3,"18":4,"19":4},"3":{"0":3,"1":3,"2":2,"3":0,"4":1,"5":2,"6":3,"7":5,"8":8,"9":7,"10":2,"11":9,"12":5,"13":5,"14":4,"15":1,"16":3,"17":6,"18":4,"19":5},"4":{"0":0,"1":3,"2":3,"3":4,"4":0,"5":1,"6":7,"7":2,"8":3,"9":6,"10":6,"11":6,"12":5,"13":6,"14":3,"15":2,"16":8,"17":8,"18":3,"19":4},"5":{"0":0,"1":0,"2":4,"3":1,"4":0,"5":0,"6":2,"7":1,"8":1,"9":9,"10":2,"11":4,"12":6,"13":4,"14":3,"15":7,"16":3,"17":6,"18":6,"19":3},"6":{"0":0,"1":0,"2":0,"3":2,"4":1,"5":4,"6":0,"7":3,"8":1,"9":1,"10":1,"11":9,"12":4,"13":9,"14":4,"15":5,"16":7,"17":9,"18":7,"19":2},"7":{"0":0,"1":0,"2":0,"3":0,"4":4,"5":3,"6":3,"7":0,"8":4,"9":2,"10":3,"11":9,"12":5,"13":9,"14":5,"15":7,"16":1,"17":7,"18":4,"19":8},"8":{"0":0,"1":0,"2":0,"3":0,"4":0,"5":1,"6":2,"7":5,"8":0,"9":2,"10":0,"11":5,"12":3,"13":6,"14":4,"15":4,"16":10,"17":7,"18":4,"19":3},"9":{"0":0,"1":0,"2":0,"3":0,"4":0,"5":0,"6":0,"7":1,"8":3,"9":0,"10":3,"11":2,"12":2,"13":5,"14":8,"15":3,"16":7,"17":5,"18":6,"19":4},"10":{"0":0,"1":0,"2":0,"3":0,"4":0,"5":0,"6":0,"7":2,"8":3,"9":5,"10":0,"11":0,"12":6,"13":2,"14":5,"15":7,"16":7,"17":2,"18":7,"19":6},"11":{"0":0,"1":0,"2":0,"3":0,"4":0,"5":0,"6":0,"7":0,"8":3,"9":3,"10":1,"11":0,"12":1,"13":3,"14":3,"15":2,"16":3,"17":7,"18":8,"19":6},"12":{"0":0,"1":0,"2":0,"3":0,"4":0,"5":0,"6":0,"7":0,"8":0,"9":5,"10":5,"11":4,"12":0,"13":1,"14":4,"15":2,"16":4,"17":4,"18":5,"19":5},"13":{"0":0,"1":0,"2":0,"3":0,"4":0,"5":0,"6":0,"7":0,"8":0,"9":0,"10":2,"11":2,"12":3,"13":0,"14":5,"15":4,"16":0,"17":8,"18":4,"19":6},"14":{"0":0,"1":0,"2":0,"3":0,"4":0,"5":0,"6":0,"7":0,"8":0,"9":0,"10":0,"11":3,"12":2,"13":4,"14":0,"15":7,"16":4,"17":0,"18":4,"19":7},"15":{"0":0,"1":0,"2":0,"3":0,"4":0,"5":0,"6":0,"7":0,"8":0,"9":0,"10":0,"11":0,"12":2,"13":3,"14":4,"15":0,"16":2,"17":6,"18":3,"19":5},"16":{"0":0,"1":0,"2":0,"3":0,"4":0,"5":0,"6":0,"7":0,"8":0,"9":0,"10":0,"11":0,"12":0,"13":1,"14":2,"15":1,"16":0,"17":3,"18":3,"19":2},"17":{"0":0,"1":0,"2":0,"3":0,"4":0,"5":0,"6":0,"7":0,"8":0,"9":0,"10":0,"11":0,"12":0,"13":0,"14":1,"15":3,"16":4,"17":0,"18":6,"19":1},"18":{"0":0,"1":0,"2":0,"3":0,"4":0,"5":0,"6":0,"7":0,"8":0,"9":0,"10":0,"11":0,"12":0,"13":0,"14":0,"15":5,"16":5,"17":5,"18":0,"19":0},"19":{"0":0,"1":0,"2":0,"3":0,"4":0,"5":0,"6":0,"7":0,"8":0,"9":0,"10":0,"11":0,"12":0,"13":0,"14":0,"15":0,"16":2,"17":4,"18":4,"19":0}},"method":"hillside","closest_pair":[[18,17,16,19,15,13,11,14,12,9,8,10,6,7,5,4,3,1,0,2],[18,17,16,19,15,13,11,14,12,9,8,10,6,7,5,4,3,1,2,0]],"farthest_pair":[[18,17,16,19,15,13,11,14,12,9,8,10,6,7,5,4,3,1,2,0],[18,17,16,19,15,13,11,14,12,9,8,10,5,6,7,4,3,1,0,2]],"tau_farthest_pair":0.9684210526,"tau_closest_pair":0.9894736842,"centroid_solution":[18,17,16,19,15,13,11,14,12,9,8,10,6,7,5,4,3,1,2,0]}