{"solutions":[[0,1,2,3,4,7,5,6,8,9,10,11,12,13,15,14,16,17,18,19],[0,1,2,3,4,7,5,6,8,9,10,12,11,13,15,14,16,17,18,19]],"obj":1032.0,"max_tau_solutions":null,"centroid_x":[[0.0,1.0,1.0,1.0,1.0,1.0,1.0,1.0,1.0,1.0,1.0,1.0,1.0,1.0,1.0,1.0,1.0,1.0,1.0,1.0],[0.0,0.0,1.0,1.0,1.0,1.0,1.0,1.0,1.0,1.0,1.0,1.0,1.0,1.0,1.0,1.0,1.0,1.0,1.0,1.0],[0.0,0.0,0.0,1.0,1.0,1.0,1.0,1.0,1.0,1.0,1.0,1.0,1.0,1.0,1.0,1.0,1.0,1.0,1.0,1.0],[0.0,0.0,0.0,0.0,1.0,1.0,1.0,1.0,1.0,1.0,1.0,1.0,1.0,1.0,1.0,1.0,1.0,1.0,1.0,1.0],[0.0,0.0,0.0,0.0,0.0,1.0,1.0,1.0,1.0,1.0,1.0,1.0,1.0,1.0,1.0,1.0,1.0,1.0,1.0,1.0],[0.0,0.0,0.0,0.0,0.0,0.0,1.0,0.0,1.0,1.0,1.0,1.0,1.0,1.0,1.0,1.0,1.0,1.0,1.0,1.0],[0.0,0.0,0.0,0.0,0.0,0.0,0.0,0.0,1.0,1.0,1.0,1.0,1.0,1.0,1.0,1.0,1.0,1.0,1.0,1.0],[0.0,0.0,0.0,0.0,0.0,1.0,1.0,0.0,1.0,1.0,1.0,1.0,1.0,1.0,1.0,1.0,1.0,1.0,1.0,1.0],[0.0,0.0,0.0,0.0,0.0,0.0,0.0,0.0,0.0,1.0,1.0,1.0,1.0,1.0,1.0,1.0,1.0,1.0,1.0,1.0],[0.0,0.0,0.0,0.0,0.0,0.0,0.0,0.0,0.0,0.0,1.0,1.0,1.0,1.0,1.0,1.0,1.0,1.0,1.0,1.0],[0.0,0.0,0.0,0.0,0.0,0.0,0.0,0.0,0.0,0.0,0.0,1.0,1.0,1.0,1.0,1.0,1.0,1.0,1.0,1.0],[0.0,0.0,0.0,0.0,0.0,0.0,0.0,0.0,0.0,0.0,0.0,0.0,0.4987199981,1.0,1.0,1.0,1.0,1.0,1.0,1.0],[0.0,0.0,0.0,0.0,0.0,0.0,0.0,0.0,0.0,0.0,0.0,0.5012800019,0.0,1.0,1.0,1.0,1.0,1.0,1.0,1.0],[0.0,0.0,0.0,0.0,0.0,0.0,0.0,0.0,0.0,0.0,0.0,0.0,0.0,0.0,1.0,1.0,1.0,1.0,1.0,1.0],[0.0,0.0,0.0,0.0,0.0,0.0,0.0,0.0,0.0,0.0,0.0,0.0,0.0,0.0,0.0,0.0,1.0,1.0,1.0,1.0],[0.0,0.0,0.0,0.0,0.0,0.0,0.0,0.0,0.0,0.0,0.0,0.0,0.0,0.0,1.0,0.0,1.0,1.0,1.0,1.0],[0.0,0.0,0.0,0.0,0.0,0.0,0.0,0.0,0.0,0.0,0.0,0.0,0.0,0.0,0.0,0.0,0.0,1.0,1.0,1.0],[0.0,0.0,0.0,0.0,0.0,0.0,0.0,0.0,0.0,0.0,0.0,0.0,0.0,0.0,0.0,0.0,0.0,0.0,1.0,1.0],[0.0,0.0,0.0,0.0,0.0,0.0,0.0,0.0,0.0,0.0,0.0,0.0,0.0,0.0,0.0,0.0,0.0,0.0,0.0,1.0],[0.0,0.0,0.0,0.0,0.0,0.0,0.0,0.0,0.0,0.0,0.0,0.0,0.0,0.0,0.0,0.0,0.0,0.0,0.0,0.0]],"outlier_solution":[0,1,2,3,4,7,5,6,8,9,10,11,12,13,15,14,16,17,18,19],"dataset_id":702,"source_dataset_id":749,"options":null,"D":{"0":{"0":0,"1":5,"2":2,"3":3,"4":0,"5":0,"6":0,"7":0,"8":0,"9":0,"10":0,"11":0,"12":0,"13":0,"14":0,"15":0,"16":0,"17":0,"18":0,"19":0},"1":{"0":2,"1":0,"2":5,"3":5,"4":3,"5":0,"6":0,"7":0,"8":0,"9":0,"10":0,"11":0,"12":0,"13":0,"14":0,"15":0,"16":0,"17":0,"18":0,"19":0},"2":{"0":3,"1":1,"2":0,"3":0,"4":2,"5":5,"6":0,"7":0,"8":0,"9":0,"10":0,"11":0,"12":0,"13":0,"14":0,"15":0,"16":0,"17":0,"18":0,"19":0},"3":{"0":3,"1":5,"2":2,"3":0,"4":1,"5":5,"6":4,"7":0,"8":0,"9":0,"10":0,"11":0,"12":0,"13":0,"14":0,"15":0,"16":0,"17":0,"18":0,"19":0},"4":{"0":8,"1":4,"2":1,"3":6,"4":0,"5":7,"6":2,"7":4,"8":0,"9":0,"10":0,"11":0,"12":0,"13":0,"14":0,"15":0,"16":0,"17":0,"18":0,"19":0},"5":{"0":8,"1":4,"2":0,"3":4,"4":1,"5":0,"6":5,"7":1,"8":4,"9":0,"10":0,"11":0,"12":0,"13":0,"14":0,"15":0,"16":0,"17":0,"18":0,"19":0},"6":{"0":4,"1":7,"2":7,"3":2,"4":1,"5":2,"6":0,"7":3,"8":2,"9":1,"10":0,"11":0,"12":0,"13":0,"14":0,"15":0,"16":0,"17":0,"18":0,"19":0},"7":{"0":2,"1":6,"2":2,"3":4,"4":2,"5":0,"6":4,"7":0,"8":3,"9":3,"10":2,"11":0,"12":0,"13":0,"14":0,"15":0,"16":0,"17":0,"18":0,"19":0},"8":{"0":5,"1":2,"2":6,"3":5,"4":2,"5":1,"6":4,"7":2,"8":0,"9":6,"10":5,"11":1,"12":0,"13":0,"14":0,"15":0,"16":0,"17":0,"18":0,"19":0},"9":{"0":4,"1":3,"2":2,"3":2,"4":6,"5":3,"6":1,"7":3,"8":1,"9":0,"10":1,"11":2,"12":1,"13":0,"14":0,"15":0,"16":0,"17":0,"18":0,"19":0},"10":{"0":3,"1":6,"2":8,"3":3,"4":6,"5":5,"6":2,"7":7,"8":3,"9":2,"10":0,"11":4,"12":2,"13":1,"14":0,"15":0,"16":0,"17":0,"18":0,"19":0},"11":{"0":7,"1":6,"2":7,"3":7,"4":9,"5":4,"6":5,"7":6,"8":2,"9":2,"10":1,"11":0,"12":1,"13":3,"14":5,"15":0,"16":0,"17":0,"18":0,"19":0},"12":{"0":1,"1":7,"2":5,"3":6,"4":6,"5":5,"6":5,"7":3,"8":1,"9":1,"10":3,"11":3,"12":0,"13":6,"14":2,"15":2,"16":0,"17":0,"18":0,"19":0},"13":{"0":8,"1":8,"2":8,"3":6,"4":9,"5":4,"6":8,"7":3,"8":5,"9":13,"10":2,"11":2,"12":2,"13":0,"14":1,"15":3,"16":3,"17":0,"18":0,"19":0},"14":{"0":4,"1":7,"2":4,"3":8,"4":3,"5":7,"6":2,"7":6,"8":6,"9":4,"10":4,"11":4,"12":1,"13":7,"14":0,"15":2,"16":0,"17":2,"18":0,"19":0},"15":{"0":10,"1":8,"2":4,"3":2,"4":2,"5":6,"6":4,"7":6,"8":5,"9":4,"10":3,"11":8,"12":1,"13":2,"14":2,"15":0,"16":6,"17":4,"18":3,"19":0},"16":{"0":5,"1":3,"2":5,"3":5,"4":8,"5":8,"6":8,"7":9,"8":7,"9":5,"10":4,"11":3,"12":4,"13":5,"14":1,"15":2,"16":0,"17":3,"18":0,"19":1},"17":{"0":2,"1":6,"2":10,"3":9,"4":7,"5":4,"6":2,"7":5,"8":4,"9":5,"10":6,"11":3,"12":6,"13":5,"14":2,"15":3,"16":5,"17":0,"18":5,"19":1},"18":{"0":5,"1":6,"2":7,"3":2,"4":2,"5":6,"6":10,"7":6,"8":4,"9":5,"10":2,"11":3,"12":7,"13":1,"14":3,"15":1,"16":3,"17":1,"18":0,"19":4},"19":{"0":5,"1":10,"2":4,"3":7,"4":10,"5":4,"6":4,"7":6,"8":4,"9":5,"10":4,"11":8,"12":6,"13":7,"14":3,"15":4,"16":2,"17":3,"18":1,"19":0}},"method":"hillside","closest_pair":[[0,1,2,3,4,7,5,6,8,9,10,11,12,13,15,14,16,17,18,19],[0,1,2,3,4,7,5,6,8,9,10,12,11,13,15,14,16,17,18,19]],"farthest_pair":[[0,1,2,3,4,7,5,6,8,9,10,12,11,13,15,14,16,17,18,19],[0,1,2,3,4,7,5,6,8,9,10,11,12,13,15,14,16,17,18,19]],"tau_farthest_pair":0.9894736842,"tau_closest_pair":0.9894736842,"centroid_solution":[0,1,2,3,4,7,5,6,8,9,10,12,11,13,15,14,16,17,18,19]}