{"solutions":[[19,17,18,16,15,14,13,12,9,11,10,8,7,5,6,3,4,1,2,0],[17,19,18,16,15,14,13,12,9,11,10,8,7,5,6,3,4,2,1,0],[17,19,18,16,15,14,13,12,9,11,10,8,7,6,5,3,4,2,1,0],[19,17,18,16,15,14,13,12,9,11,10,8,7,6,5,3,4,1,2,0],[17,19,18,16,15,14,13,12,9,11,10,8,7,5,6,3,4,1,2,0],[19,17,18,16,15,14,13,12,9,11,10,8,7,5,6,3,4,2,1,0],[17,19,18,16,15,14,13,12,9,11,10,8,7,6,5,3,4,1,2,0],[19,17,18,16,15,14,13,12,9,11,10,8,7,6,5,3,4,2,1,0]],"obj":1087.0,"max_tau_solutions":null,"centroid_x":[[0.0,0.0,0.0,0.0,0.0,0.0,0.0,0.0,0.0,0.0,0.0,0.0,0.0,0.0,0.0,0.0,0.0,0.0,0.0,0.0],[1.0,0.0,0.3338665749,0.0,0.0,0.0,0.0,0.0,0.0,0.0,0.0,0.0,0.0,0.0,0.0,0.0,0.0,0.0,0.0,0.0],[1.0,0.6661334251,0.0,0.0,0.0,0.0,0.0,0.0,0.0,0.0,0.0,0.0,0.0,0.0,0.0,0.0,0.0,0.0,0.0,0.0],[1.0,1.0,1.0,0.0,1.0,0.0,0.0,0.0,0.0,0.0,0.0,0.0,0.0,0.0,0.0,0.0,0.0,0.0,0.0,0.0],[1.0,1.0,1.0,0.0,0.0,0.0,0.0,0.0,0.0,0.0,0.0,0.0,0.0,0.0,0.0,0.0,0.0,0.0,0.0,0.0],[1.0,1.0,1.0,1.0,1.0,0.0,0.3335648279,0.0,0.0,0.0,0.0,0.0,0.0,0.0,0.0,0.0,0.0,0.0,0.0,0.0],[1.0,1.0,1.0,1.0,1.0,0.6664351721,0.0,0.0,0.0,0.0,0.0,0.0,0.0,0.0,0.0,0.0,0.0,0.0,0.0,0.0],[1.0,1.0,1.0,1.0,1.0,1.0,1.0,0.0,0.0,0.0,0.0,0.0,0.0,0.0,0.0,0.0,0.0,0.0,0.0,0.0],[1.0,1.0,1.0,1.0,1.0,1.0,1.0,1.0,0.0,0.0,0.0,0.0,0.0,0.0,0.0,0.0,0.0,0.0,0.0,0.0],[1.0,1.0,1.0,1.0,1.0,1.0,1.0,1.0,1.0,0.0,1.0,1.0,0.0,0.0,0.0,0.0,0.0,0.0,0.0,0.0],[1.0,1.0,1.0,1.0,1.0,1.0,1.0,1.0,1.0,0.0,0.0,0.0,0.0,0.0,0.0,0.0,0.0,0.0,0.0,0.0],[1.0,1.0,1.0,1.0,1.0,1.0,1.0,1.0,1.0,0.0,1.0,0.0,0.0,0.0,0.0,0.0,0.0,0.0,0.0,0.0],[1.0,1.0,1.0,1.0,1.0,1.0,1.0,1.0,1.0,1.0,1.0,1.0,0.0,0.0,0.0,0.0,0.0,0.0,0.0,0.0],[1.0,1.0,1.0,1.0,1.0,1.0,1.0,1.0,1.0,1.0,1.0,1.0,1.0,0.0,0.0,0.0,0.0,0.0,0.0,0.0],[1.0,1.0,1.0,1.0,1.0,1.0,1.0,1.0,1.0,1.0,1.0,1.0,1.0,1.0,0.0,0.0,0.0,0.0,0.0,0.0],[1.0,1.0,1.0,1.0,1.0,1.0,1.0,1.0,1.0,1.0,1.0,1.0,1.0,1.0,1.0,0.0,0.0,0.0,0.0,0.0],[1.0,1.0,1.0,1.0,1.0,1.0,1.0,1.0,1.0,1.0,1.0,1.0,1.0,1.0,1.0,1.0,0.0,0.0,0.0,0.0],[1.0,1.0,1.0,1.0,1.0,1.0,1.0,1.0,1.0,1.0,1.0,1.0,1.0,1.0,1.0,1.0,1.0,0.0,1.0,0.3497845141],[1.0,1.0,1.0,1.0,1.0,1.0,1.0,1.0,1.0,1.0,1.0,1.0,1.0,1.0,1.0,1.0,1.0,0.0,0.0,0.0],[1.0,1.0,1.0,1.0,1.0,1.0,1.0,1.0,1.0,1.0,1.0,1.0,1.0,1.0,1.0,1.0,1.0,0.6502154859,1.0,0.0]],"outlier_solution":[17,19,18,16,15,14,13,12,9,11,10,8,7,5,6,3,4,1,2,0],"dataset_id":705,"source_dataset_id":752,"options":null,"D":{"0":{"0":0,"1":3,"2":3,"3":3,"4":7,"5":5,"6":9,"7":8,"8":5,"9":5,"10":4,"11":6,"12":3,"13":4,"14":4,"15":7,"16":5,"17":7,"18":8,"19":3},"1":{"0":0,"1":0,"2":6,"3":2,"4":1,"5":8,"6":6,"7":6,"8":3,"9":7,"10":2,"11":7,"12":4,"13":7,"14":6,"15":6,"16":9,"17":2,"18":4,"19":0},"2":{"0":5,"1":5,"2":0,"3":3,"4":4,"5":1,"6":4,"7":4,"8":5,"9":8,"10":4,"11":6,"12":8,"13":2,"14":5,"15":2,"16":9,"17":1,"18":3,"19":5},"3":{"0":4,"1":2,"2":0,"3":0,"4":1,"5":3,"6":4,"7":4,"8":4,"9":8,"10":4,"11":6,"12":3,"13":5,"14":4,"15":7,"16":2,"17":6,"18":3,"19":6},"4":{"0":0,"1":3,"2":2,"3":2,"4":0,"5":6,"6":4,"7":2,"8":5,"9":5,"10":5,"11":9,"12":8,"13":3,"14":5,"15":4,"16":4,"17":7,"18":11,"19":7},"5":{"0":0,"1":0,"2":2,"3":6,"4":3,"5":0,"6":3,"7":2,"8":0,"9":6,"10":4,"11":3,"12":6,"13":3,"14":4,"15":8,"16":2,"17":7,"18":6,"19":8},"6":{"0":0,"1":0,"2":0,"3":1,"4":2,"5":3,"6":0,"7":2,"8":3,"9":5,"10":7,"11":7,"12":8,"13":7,"14":13,"15":7,"16":4,"17":1,"18":2,"19":3},"7":{"0":0,"1":0,"2":0,"3":0,"4":1,"5":2,"6":0,"7":0,"8":1,"9":2,"10":3,"11":3,"12":6,"13":5,"14":6,"15":4,"16":3,"17":7,"18":6,"19":5},"8":{"0":0,"1":0,"2":0,"3":0,"4":0,"5":3,"6":2,"7":7,"8":0,"9":2,"10":1,"11":2,"12":9,"13":11,"14":3,"15":4,"16":5,"17":7,"18":4,"19":8},"9":{"0":0,"1":0,"2":0,"3":0,"4":0,"5":0,"6":0,"7":0,"8":1,"9":0,"10":2,"11":3,"12":2,"13":2,"14":8,"15":3,"16":2,"17":6,"18":4,"19":4},"10":{"0":0,"1":0,"2":0,"3":0,"4":0,"5":0,"6":0,"7":2,"8":8,"9":4,"10":0,"11":1,"12":2,"13":1,"14":4,"15":8,"16":5,"17":4,"18":2,"19":4},"11":{"0":0,"1":0,"2":0,"3":0,"4":0,"5":0,"6":0,"7":0,"8":1,"9":4,"10":3,"11":0,"12":3,"13":4,"14":2,"15":5,"16":3,"17":7,"18":3,"19":6},"12":{"0":0,"1":0,"2":0,"3":0,"4":0,"5":0,"6":0,"7":0,"8":0,"9":0,"10":4,"11":0,"12":0,"13":4,"14":1,"15":1,"16":5,"17":9,"18":10,"19":9},"13":{"0":0,"1":0,"2":0,"3":0,"4":0,"5":0,"6":0,"7":0,"8":0,"9":0,"10":1,"11":5,"12":8,"13":0,"14":0,"15":2,"16":2,"17":1,"18":5,"19":5},"14":{"0":0,"1":0,"2":0,"3":0,"4":0,"5":0,"6":0,"7":0,"8":0,"9":0,"10":0,"11":4,"12":4,"13":1,"14":0,"15":1,"16":5,"17":1,"18":4,"19":3},"15":{"0":0,"1":0,"2":0,"3":0,"4":0,"5":0,"6":0,"7":0,"8":0,"9":0,"10":0,"11":0,"12":1,"13":4,"14":2,"15":0,"16":2,"17":7,"18":2,"19":2},"16":{"0":0,"1":0,"2":0,"3":0,"4":0,"5":0,"6":0,"7":0,"8":0,"9":0,"10":0,"11":0,"12":0,"13":3,"14":4,"15":3,"16":0,"17":4,"18":2,"19":2},"17":{"0":0,"1":0,"2":0,"3":0,"4":0,"5":0,"6":0,"7":0,"8":0,"9":0,"10":0,"11":0,"12":0,"13":0,"14":3,"15":1,"16":2,"17":0,"18":2,"19":5},"18":{"0":0,"1":0,"2":0,"3":0,"4":0,"5":0,"6":0,"7":0,"8":0,"9":0,"10":0,"11":0,"12":0,"13":0,"14":0,"15":3,"16":3,"17":5,"18":0,"19":4},"19":{"0":0,"1":0,"2":0,"3":0,"4":0,"5":0,"6":0,"7":0,"8":0,"9":0,"10":0,"11":0,"12":0,"13":0,"14":0,"15":0,"16":1,"17":5,"18":3,"19":0}},"method":"hillside","closest_pair":[[17,19,18,16,15,14,13,12,9,11,10,8,7,6,5,3,4,2,1,0],[19,17,18,16,15,14,13,12,9,11,10,8,7,6,5,3,4,2,1,0]],"farthest_pair":[[19,17,18,16,15,14,13,12,9,11,10,8,7,6,5,3,4,2,1,0],[17,19,18,16,15,14,13,12,9,11,10,8,7,5,6,3,4,1,2,0]],"tau_farthest_pair":0.9684210526,"tau_closest_pair":0.9894736842,"centroid_solution":[19,17,18,16,15,14,13,12,9,11,10,8,7,6,5,3,4,2,1,0]}