{"solutions":[[18,17,15,19,16,14,13,12,11,10,8,9,7,6,5,4,3,2,1,0],[18,17,15,19,16,14,13,12,11,8,10,9,7,6,5,4,3,2,1,0],[17,18,15,19,16,14,13,12,11,8,10,9,7,6,5,4,3,2,1,0],[17,18,15,19,16,14,13,12,11,10,8,9,7,6,5,4,3,2,1,0]],"obj":1128.0,"max_tau_solutions":null,"centroid_x":[[0.0,0.0,0.0,0.0,0.0,0.0,0.0,0.0,0.0,0.0,0.0,0.0,0.0,0.0,0.0,0.0,0.0,0.0,0.0,0.0],[1.0,0.0,0.0,0.0,0.0,0.0,0.0,0.0,0.0,0.0,0.0,0.0,0.0,0.0,0.0,0.0,0.0,0.0,0.0,0.0],[1.0,1.0,0.0,0.0,0.0,0.0,0.0,0.0,0.0,0.0,0.0,0.0,0.0,0.0,0.0,0.0,0.0,0.0,0.0,0.0],[1.0,1.0,1.0,0.0,0.0,0.0,0.0,0.0,0.0,0.0,0.0,0.0,0.0,0.0,0.0,0.0,0.0,0.0,0.0,0.0],[1.0,1.0,1.0,1.0,0.0,0.0,0.0,0.0,0.0,0.0,0.0,0.0,0.0,0.0,0.0,0.0,0.0,0.0,0.0,0.0],[1.0,1.0,1.0,1.0,1.0,0.0,0.0,0.0,0.0,0.0,0.0,0.0,0.0,0.0,0.0,0.0,0.0,0.0,0.0,0.0],[1.0,1.0,1.0,1.0,1.0,1.0,0.0,0.0,0.0,0.0,0.0,0.0,0.0,0.0,0.0,0.0,0.0,0.0,0.0,0.0],[1.0,1.0,1.0,1.0,1.0,1.0,1.0,0.0,0.0,0.0,0.0,0.0,0.0,0.0,0.0,0.0,0.0,0.0,0.0,0.0],[1.0,1.0,1.0,1.0,1.0,1.0,1.0,1.0,0.0,1.0,0.3523700125,0.0,0.0,0.0,0.0,0.0,0.0,0.0,0.0,0.0],[1.0,1.0,1.0,1.0,1.0,1.0,1.0,1.0,0.0,0.0,0.0,0.0,0.0,0.0,0.0,0.0,0.0,0.0,0.0,0.0],[1.0,1.0,1.0,1.0,1.0,1.0,1.0,1.0,0.6476299875,1.0,0.0,0.0,0.0,0.0,0.0,0.0,0.0,0.0,0.0,0.0],[1.0,1.0,1.0,1.0,1.0,1.0,1.0,1.0,1.0,1.0,1.0,0.0,0.0,0.0,0.0,0.0,0.0,0.0,0.0,0.0],[1.0,1.0,1.0,1.0,1.0,1.0,1.0,1.0,1.0,1.0,1.0,1.0,0.0,0.0,0.0,0.0,0.0,0.0,0.0,0.0],[1.0,1.0,1.0,1.0,1.0,1.0,1.0,1.0,1.0,1.0,1.0,1.0,1.0,0.0,0.0,0.0,0.0,0.0,0.0,0.0],[1.0,1.0,1.0,1.0,1.0,1.0,1.0,1.0,1.0,1.0,1.0,1.0,1.0,1.0,0.0,0.0,0.0,0.0,0.0,0.0],[1.0,1.0,1.0,1.0,1.0,1.0,1.0,1.0,1.0,1.0,1.0,1.0,1.0,1.0,1.0,0.0,1.0,0.0,0.0,1.0],[1.0,1.0,1.0,1.0,1.0,1.0,1.0,1.0,1.0,1.0,1.0,1.0,1.0,1.0,1.0,0.0,0.0,0.0,0.0,0.0],[1.0,1.0,1.0,1.0,1.0,1.0,1.0,1.0,1.0,1.0,1.0,1.0,1.0,1.0,1.0,1.0,1.0,0.0,0.3402290897,1.0],[1.0,1.0,1.0,1.0,1.0,1.0,1.0,1.0,1.0,1.0,1.0,1.0,1.0,1.0,1.0,1.0,1.0,0.6597709103,0.0,1.0],[1.0,1.0,1.0,1.0,1.0,1.0,1.0,1.0,1.0,1.0,1.0,1.0,1.0,1.0,1.0,0.0,1.0,0.0,0.0,0.0]],"outlier_solution":[17,18,15,19,16,14,13,12,11,8,10,9,7,6,5,4,3,2,1,0],"dataset_id":706,"source_dataset_id":753,"options":null,"D":{"0":{"0":0,"1":3,"2":4,"3":4,"4":6,"5":7,"6":2,"7":5,"8":9,"9":6,"10":4,"11":1,"12":8,"13":7,"14":6,"15":7,"16":5,"17":4,"18":4,"19":3},"1":{"0":1,"1":0,"2":5,"3":4,"4":0,"5":2,"6":8,"7":6,"8":9,"9":4,"10":6,"11":3,"12":5,"13":5,"14":2,"15":6,"16":4,"17":4,"18":5,"19":5},"2":{"0":1,"1":1,"2":0,"3":4,"4":0,"5":2,"6":5,"7":8,"8":4,"9":3,"10":7,"11":5,"12":3,"13":8,"14":9,"15":2,"16":3,"17":7,"18":8,"19":8},"3":{"0":4,"1":1,"2":2,"3":0,"4":2,"5":3,"6":3,"7":6,"8":3,"9":3,"10":8,"11":9,"12":5,"13":5,"14":2,"15":8,"16":6,"17":4,"18":5,"19":3},"4":{"0":0,"1":1,"2":2,"3":4,"4":0,"5":4,"6":3,"7":3,"8":12,"9":3,"10":5,"11":0,"12":5,"13":7,"14":2,"15":4,"16":3,"17":4,"18":6,"19":2},"5":{"0":0,"1":0,"2":1,"3":2,"4":5,"5":0,"6":5,"7":5,"8":3,"9":4,"10":2,"11":3,"12":5,"13":5,"14":9,"15":8,"16":4,"17":9,"18":2,"19":9},"6":{"0":0,"1":0,"2":0,"3":2,"4":3,"5":2,"6":0,"7":1,"8":2,"9":1,"10":1,"11":4,"12":8,"13":7,"14":9,"15":4,"16":5,"17":7,"18":5,"19":2},"7":{"0":0,"1":0,"2":0,"3":0,"4":2,"5":2,"6":4,"7":0,"8":2,"9":4,"10":1,"11":8,"12":4,"13":7,"14":7,"15":6,"16":3,"17":8,"18":3,"19":8},"8":{"0":0,"1":0,"2":0,"3":0,"4":0,"5":0,"6":2,"7":5,"8":0,"9":0,"10":1,"11":5,"12":4,"13":5,"14":4,"15":4,"16":7,"17":5,"18":3,"19":4},"9":{"0":0,"1":0,"2":0,"3":0,"4":0,"5":0,"6":4,"7":4,"8":3,"9":0,"10":3,"11":3,"12":3,"13":3,"14":3,"15":8,"16":4,"17":2,"18":7,"19":7},"10":{"0":0,"1":0,"2":0,"3":0,"4":0,"5":0,"6":0,"7":3,"8":3,"9":4,"10":0,"11":5,"12":3,"13":3,"14":8,"15":4,"16":7,"17":7,"18":5,"19":1},"11":{"0":0,"1":0,"2":0,"3":0,"4":0,"5":0,"6":0,"7":0,"8":4,"9":2,"10":6,"11":0,"12":7,"13":4,"14":4,"15":8,"16":4,"17":6,"18":4,"19":7},"12":{"0":0,"1":0,"2":0,"3":0,"4":0,"5":0,"6":0,"7":0,"8":0,"9":3,"10":4,"11":4,"12":0,"13":2,"14":1,"15":1,"16":6,"17":4,"18":5,"19":2},"13":{"0":0,"1":0,"2":0,"3":0,"4":0,"5":0,"6":0,"7":0,"8":0,"9":0,"10":3,"11":5,"12":0,"13":0,"14":4,"15":3,"16":4,"17":1,"18":9,"19":5},"14":{"0":0,"1":0,"2":0,"3":0,"4":0,"5":0,"6":0,"7":0,"8":0,"9":0,"10":0,"11":2,"12":3,"13":2,"14":0,"15":5,"16":1,"17":3,"18":5,"19":4},"15":{"0":0,"1":0,"2":0,"3":0,"4":0,"5":0,"6":0,"7":0,"8":0,"9":0,"10":0,"11":0,"12":2,"13":3,"14":4,"15":0,"16":2,"17":4,"18":1,"19":2},"16":{"0":0,"1":0,"2":0,"3":0,"4":0,"5":0,"6":0,"7":0,"8":0,"9":0,"10":0,"11":0,"12":0,"13":4,"14":0,"15":4,"16":0,"17":2,"18":3,"19":2},"17":{"0":0,"1":0,"2":0,"3":0,"4":0,"5":0,"6":0,"7":0,"8":0,"9":0,"10":0,"11":0,"12":0,"13":0,"14":2,"15":1,"16":1,"17":0,"18":4,"19":1},"18":{"0":0,"1":0,"2":0,"3":0,"4":0,"5":0,"6":0,"7":0,"8":0,"9":0,"10":0,"11":0,"12":0,"13":0,"14":0,"15":2,"16":2,"17":6,"18":0,"19":1},"19":{"0":0,"1":0,"2":0,"3":0,"4":0,"5":0,"6":0,"7":0,"8":0,"9":0,"10":0,"11":0,"12":0,"13":0,"14":0,"15":0,"16":5,"17":5,"18":2,"19":0}},"method":"hillside","closest_pair":[[17,18,15,19,16,14,13,12,11,10,8,9,7,6,5,4,3,2,1,0],[18,17,15,19,16,14,13,12,11,10,8,9,7,6,5,4,3,2,1,0]],"farthest_pair":[[18,17,15,19,16,14,13,12,11,10,8,9,7,6,5,4,3,2,1,0],[17,18,15,19,16,14,13,12,11,8,10,9,7,6,5,4,3,2,1,0]],"tau_farthest_pair":0.9789473684,"tau_closest_pair":0.9894736842,"centroid_solution":[18,17,15,19,16,14,13,12,11,10,8,9,7,6,5,4,3,2,1,0]}