{"solutions":[[0,1,3,4,2,5,6,8,7,9,12,10,11,13,15,14,19,17,16,18],[0,1,3,4,2,5,6,8,7,9,12,10,11,13,15,14,17,19,16,18]],"obj":1052.0,"max_tau_solutions":null,"centroid_x":[[0.0,1.0,1.0,1.0,1.0,1.0,1.0,1.0,1.0,1.0,1.0,1.0,1.0,1.0,1.0,1.0,1.0,1.0,1.0,1.0],[0.0,0.0,1.0,1.0,1.0,1.0,1.0,1.0,1.0,1.0,1.0,1.0,1.0,1.0,1.0,1.0,1.0,1.0,1.0,1.0],[0.0,0.0,0.0,0.0,0.0,1.0,1.0,1.0,1.0,1.0,1.0,1.0,1.0,1.0,1.0,1.0,1.0,1.0,1.0,1.0],[0.0,0.0,1.0,0.0,1.0,1.0,1.0,1.0,1.0,1.0,1.0,1.0,1.0,1.0,1.0,1.0,1.0,1.0,1.0,1.0],[0.0,0.0,1.0,0.0,0.0,1.0,1.0,1.0,1.0,1.0,1.0,1.0,1.0,1.0,1.0,1.0,1.0,1.0,1.0,1.0],[0.0,0.0,0.0,0.0,0.0,0.0,1.0,1.0,1.0,1.0,1.0,1.0,1.0,1.0,1.0,1.0,1.0,1.0,1.0,1.0],[0.0,0.0,0.0,0.0,0.0,0.0,0.0,1.0,1.0,1.0,1.0,1.0,1.0,1.0,1.0,1.0,1.0,1.0,1.0,1.0],[0.0,0.0,0.0,0.0,0.0,0.0,0.0,0.0,0.0,1.0,1.0,1.0,1.0,1.0,1.0,1.0,1.0,1.0,1.0,1.0],[0.0,0.0,0.0,0.0,0.0,0.0,0.0,1.0,0.0,1.0,1.0,1.0,1.0,1.0,1.0,1.0,1.0,1.0,1.0,1.0],[0.0,0.0,0.0,0.0,0.0,0.0,0.0,0.0,0.0,0.0,1.0,1.0,1.0,1.0,1.0,1.0,1.0,1.0,1.0,1.0],[0.0,0.0,0.0,0.0,0.0,0.0,0.0,0.0,0.0,0.0,0.0,1.0,0.0,1.0,1.0,1.0,1.0,1.0,1.0,1.0],[0.0,0.0,0.0,0.0,0.0,0.0,0.0,0.0,0.0,0.0,0.0,0.0,0.0,1.0,1.0,1.0,1.0,1.0,1.0,1.0],[0.0,0.0,0.0,0.0,0.0,0.0,0.0,0.0,0.0,0.0,1.0,1.0,0.0,1.0,1.0,1.0,1.0,1.0,1.0,1.0],[0.0,0.0,0.0,0.0,0.0,0.0,0.0,0.0,0.0,0.0,0.0,0.0,0.0,0.0,1.0,1.0,1.0,1.0,1.0,1.0],[0.0,0.0,0.0,0.0,0.0,0.0,0.0,0.0,0.0,0.0,0.0,0.0,0.0,0.0,0.0,0.0,1.0,1.0,1.0,1.0],[0.0,0.0,0.0,0.0,0.0,0.0,0.0,0.0,0.0,0.0,0.0,0.0,0.0,0.0,1.0,0.0,1.0,1.0,1.0,1.0],[0.0,0.0,0.0,0.0,0.0,0.0,0.0,0.0,0.0,0.0,0.0,0.0,0.0,0.0,0.0,0.0,0.0,0.0,1.0,0.0],[0.0,0.0,0.0,0.0,0.0,0.0,0.0,0.0,0.0,0.0,0.0,0.0,0.0,0.0,0.0,0.0,1.0,0.0,1.0,0.4928294672],[0.0,0.0,0.0,0.0,0.0,0.0,0.0,0.0,0.0,0.0,0.0,0.0,0.0,0.0,0.0,0.0,0.0,0.0,0.0,0.0],[0.0,0.0,0.0,0.0,0.0,0.0,0.0,0.0,0.0,0.0,0.0,0.0,0.0,0.0,0.0,0.0,1.0,0.5071705328,1.0,0.0]],"outlier_solution":[0,1,3,4,2,5,6,8,7,9,12,10,11,13,15,14,17,19,16,18],"dataset_id":707,"source_dataset_id":754,"options":null,"D":{"0":{"0":0,"1":2,"2":0,"3":0,"4":0,"5":0,"6":0,"7":0,"8":0,"9":0,"10":0,"11":0,"12":0,"13":0,"14":0,"15":0,"16":0,"17":0,"18":0,"19":0},"1":{"0":1,"1":0,"2":4,"3":1,"4":2,"5":0,"6":0,"7":0,"8":0,"9":0,"10":0,"11":0,"12":0,"13":0,"14":0,"15":0,"16":0,"17":0,"18":0,"19":0},"2":{"0":2,"1":1,"2":0,"3":3,"4":1,"5":6,"6":0,"7":0,"8":0,"9":0,"10":0,"11":0,"12":0,"13":0,"14":0,"15":0,"16":0,"17":0,"18":0,"19":0},"3":{"0":2,"1":4,"2":2,"3":0,"4":1,"5":0,"6":3,"7":0,"8":0,"9":0,"10":0,"11":0,"12":0,"13":0,"14":0,"15":0,"16":0,"17":0,"18":0,"19":0},"4":{"0":6,"1":4,"2":2,"3":1,"4":0,"5":1,"6":3,"7":2,"8":0,"9":0,"10":0,"11":0,"12":0,"13":0,"14":0,"15":0,"16":0,"17":0,"18":0,"19":0},"5":{"0":5,"1":11,"2":1,"3":0,"4":1,"5":0,"6":5,"7":2,"8":4,"9":0,"10":0,"11":0,"12":0,"13":0,"14":0,"15":0,"16":0,"17":0,"18":0,"19":0},"6":{"0":6,"1":6,"2":5,"3":6,"4":3,"5":5,"6":0,"7":2,"8":3,"9":2,"10":0,"11":0,"12":0,"13":0,"14":0,"15":0,"16":0,"17":0,"18":0,"19":0},"7":{"0":10,"1":6,"2":4,"3":11,"4":7,"5":5,"6":2,"7":0,"8":2,"9":6,"10":3,"11":0,"12":0,"13":0,"14":0,"15":0,"16":0,"17":0,"18":0,"19":0},"8":{"0":4,"1":8,"2":3,"3":4,"4":4,"5":3,"6":1,"7":8,"8":0,"9":0,"10":5,"11":1,"12":0,"13":0,"14":0,"15":0,"16":0,"17":0,"18":0,"19":0},"9":{"0":5,"1":3,"2":5,"3":8,"4":10,"5":9,"6":1,"7":3,"8":2,"9":0,"10":4,"11":3,"12":4,"13":0,"14":0,"15":0,"16":0,"17":0,"18":0,"19":0},"10":{"0":9,"1":5,"2":5,"3":3,"4":7,"5":3,"6":6,"7":5,"8":4,"9":1,"10":0,"11":3,"12":3,"13":1,"14":0,"15":0,"16":0,"17":0,"18":0,"19":0},"11":{"0":6,"1":8,"2":5,"3":6,"4":3,"5":3,"6":3,"7":5,"8":6,"9":2,"10":3,"11":0,"12":4,"13":0,"14":4,"15":0,"16":0,"17":0,"18":0,"19":0},"12":{"0":5,"1":2,"2":3,"3":2,"4":5,"5":8,"6":3,"7":0,"8":3,"9":1,"10":3,"11":3,"12":0,"13":4,"14":2,"15":2,"16":0,"17":0,"18":0,"19":0},"13":{"0":7,"1":9,"2":6,"3":7,"4":6,"5":2,"6":4,"7":3,"8":6,"9":4,"10":4,"11":3,"12":1,"13":0,"14":2,"15":4,"16":2,"17":0,"18":0,"19":0},"14":{"0":4,"1":6,"2":4,"3":4,"4":6,"5":4,"6":1,"7":5,"8":4,"9":4,"10":9,"11":3,"12":2,"13":2,"14":0,"15":2,"16":2,"17":5,"18":0,"19":0},"15":{"0":5,"1":2,"2":3,"3":11,"4":5,"5":4,"6":4,"7":4,"8":5,"9":7,"10":6,"11":2,"12":2,"13":2,"14":0,"15":0,"16":0,"17":1,"18":1,"19":0},"16":{"0":6,"1":5,"2":12,"3":9,"4":6,"5":5,"6":5,"7":2,"8":3,"9":12,"10":6,"11":3,"12":10,"13":6,"14":2,"15":4,"16":0,"17":3,"18":3,"19":4},"17":{"0":5,"1":4,"2":2,"3":5,"4":4,"5":3,"6":9,"7":6,"8":8,"9":7,"10":3,"11":6,"12":2,"13":4,"14":2,"15":1,"16":1,"17":0,"18":2,"19":2},"18":{"0":8,"1":6,"2":5,"3":3,"4":11,"5":7,"6":6,"7":6,"8":5,"9":4,"10":5,"11":7,"12":6,"13":2,"14":6,"15":1,"16":1,"17":0,"18":0,"19":6},"19":{"0":4,"1":4,"2":4,"3":4,"4":3,"5":7,"6":8,"7":4,"8":4,"9":7,"10":1,"11":4,"12":7,"13":7,"14":4,"15":3,"16":6,"17":2,"18":5,"19":0}},"method":"hillside","closest_pair":[[0,1,3,4,2,5,6,8,7,9,12,10,11,13,15,14,17,19,16,18],[0,1,3,4,2,5,6,8,7,9,12,10,11,13,15,14,19,17,16,18]],"farthest_pair":[[0,1,3,4,2,5,6,8,7,9,12,10,11,13,15,14,19,17,16,18],[0,1,3,4,2,5,6,8,7,9,12,10,11,13,15,14,17,19,16,18]],"tau_farthest_pair":0.9894736842,"tau_closest_pair":0.9894736842,"centroid_solution":[0,1,3,4,2,5,6,8,7,9,12,10,11,13,15,14,19,17,16,18]}