{"solutions":[[2,0,1,3,4,5,7,6,8,9,10,11,12,13,16,17,14,15,18,19],[2,0,1,3,4,5,7,6,8,9,10,11,12,16,13,17,14,15,18,19]],"obj":1092.0,"max_tau_solutions":null,"centroid_x":[[0.0,1.0,0.0,1.0,1.0,1.0,1.0,1.0,1.0,1.0,1.0,1.0,1.0,1.0,1.0,1.0,1.0,1.0,1.0,1.0],[0.0,0.0,0.0,1.0,1.0,1.0,1.0,1.0,1.0,1.0,1.0,1.0,1.0,1.0,1.0,1.0,1.0,1.0,1.0,1.0],[1.0,1.0,0.0,1.0,1.0,1.0,1.0,1.0,1.0,1.0,1.0,1.0,1.0,1.0,1.0,1.0,1.0,1.0,1.0,1.0],[0.0,0.0,0.0,0.0,1.0,1.0,1.0,1.0,1.0,1.0,1.0,1.0,1.0,1.0,1.0,1.0,1.0,1.0,1.0,1.0],[0.0,0.0,0.0,0.0,0.0,1.0,1.0,1.0,1.0,1.0,1.0,1.0,1.0,1.0,1.0,1.0,1.0,1.0,1.0,1.0],[0.0,0.0,0.0,0.0,0.0,0.0,1.0,1.0,1.0,1.0,1.0,1.0,1.0,1.0,1.0,1.0,1.0,1.0,1.0,1.0],[0.0,0.0,0.0,0.0,0.0,0.0,0.0,0.0,1.0,1.0,1.0,1.0,1.0,1.0,1.0,1.0,1.0,1.0,1.0,1.0],[0.0,0.0,0.0,0.0,0.0,0.0,1.0,0.0,1.0,1.0,1.0,1.0,1.0,1.0,1.0,1.0,1.0,1.0,1.0,1.0],[0.0,0.0,0.0,0.0,0.0,0.0,0.0,0.0,0.0,1.0,1.0,1.0,1.0,1.0,1.0,1.0,1.0,1.0,1.0,1.0],[0.0,0.0,0.0,0.0,0.0,0.0,0.0,0.0,0.0,0.0,1.0,1.0,1.0,1.0,1.0,1.0,1.0,1.0,1.0,1.0],[0.0,0.0,0.0,0.0,0.0,0.0,0.0,0.0,0.0,0.0,0.0,1.0,1.0,1.0,1.0,1.0,1.0,1.0,1.0,1.0],[0.0,0.0,0.0,0.0,0.0,0.0,0.0,0.0,0.0,0.0,0.0,0.0,1.0,1.0,1.0,1.0,1.0,1.0,1.0,1.0],[0.0,0.0,0.0,0.0,0.0,0.0,0.0,0.0,0.0,0.0,0.0,0.0,0.0,1.0,1.0,1.0,1.0,1.0,1.0,1.0],[0.0,0.0,0.0,0.0,0.0,0.0,0.0,0.0,0.0,0.0,0.0,0.0,0.0,0.0,1.0,1.0,0.4857811094,1.0,1.0,1.0],[0.0,0.0,0.0,0.0,0.0,0.0,0.0,0.0,0.0,0.0,0.0,0.0,0.0,0.0,0.0,1.0,0.0,0.0,1.0,1.0],[0.0,0.0,0.0,0.0,0.0,0.0,0.0,0.0,0.0,0.0,0.0,0.0,0.0,0.0,0.0,0.0,0.0,0.0,1.0,1.0],[0.0,0.0,0.0,0.0,0.0,0.0,0.0,0.0,0.0,0.0,0.0,0.0,0.0,0.5142188906,1.0,1.0,0.0,1.0,1.0,1.0],[0.0,0.0,0.0,0.0,0.0,0.0,0.0,0.0,0.0,0.0,0.0,0.0,0.0,0.0,1.0,1.0,0.0,0.0,1.0,1.0],[0.0,0.0,0.0,0.0,0.0,0.0,0.0,0.0,0.0,0.0,0.0,0.0,0.0,0.0,0.0,0.0,0.0,0.0,0.0,1.0],[0.0,0.0,0.0,0.0,0.0,0.0,0.0,0.0,0.0,0.0,0.0,0.0,0.0,0.0,0.0,0.0,0.0,0.0,0.0,0.0]],"outlier_solution":[2,0,1,3,4,5,7,6,8,9,10,11,12,13,16,17,14,15,18,19],"dataset_id":708,"source_dataset_id":755,"options":null,"D":{"0":{"0":0,"1":4,"2":3,"3":2,"4":0,"5":0,"6":0,"7":0,"8":0,"9":0,"10":0,"11":0,"12":0,"13":0,"14":0,"15":0,"16":0,"17":0,"18":0,"19":0},"1":{"0":2,"1":0,"2":2,"3":0,"4":7,"5":0,"6":0,"7":0,"8":0,"9":0,"10":0,"11":0,"12":0,"13":0,"14":0,"15":0,"16":0,"17":0,"18":0,"19":0},"2":{"0":3,"1":2,"2":0,"3":0,"4":7,"5":3,"6":0,"7":0,"8":0,"9":0,"10":0,"11":0,"12":0,"13":0,"14":0,"15":0,"16":0,"17":0,"18":0,"19":0},"3":{"0":3,"1":2,"2":5,"3":0,"4":5,"5":2,"6":3,"7":0,"8":0,"9":0,"10":0,"11":0,"12":0,"13":0,"14":0,"15":0,"16":0,"17":0,"18":0,"19":0},"4":{"0":7,"1":5,"2":1,"3":4,"4":0,"5":3,"6":1,"7":4,"8":0,"9":0,"10":0,"11":0,"12":0,"13":0,"14":0,"15":0,"16":0,"17":0,"18":0,"19":0},"5":{"0":6,"1":5,"2":3,"3":4,"4":2,"5":0,"6":3,"7":5,"8":1,"9":0,"10":0,"11":0,"12":0,"13":0,"14":0,"15":0,"16":0,"17":0,"18":0,"19":0},"6":{"0":5,"1":7,"2":5,"3":0,"4":4,"5":2,"6":0,"7":2,"8":2,"9":2,"10":0,"11":0,"12":0,"13":0,"14":0,"15":0,"16":0,"17":0,"18":0,"19":0},"7":{"0":8,"1":4,"2":6,"3":5,"4":3,"5":1,"6":3,"7":0,"8":2,"9":4,"10":1,"11":0,"12":0,"13":0,"14":0,"15":0,"16":0,"17":0,"18":0,"19":0},"8":{"0":6,"1":3,"2":7,"3":9,"4":4,"5":8,"6":1,"7":2,"8":0,"9":1,"10":4,"11":3,"12":0,"13":0,"14":0,"15":0,"16":0,"17":0,"18":0,"19":0},"9":{"0":4,"1":4,"2":7,"3":10,"4":10,"5":2,"6":2,"7":0,"8":1,"9":0,"10":3,"11":2,"12":4,"13":0,"14":0,"15":0,"16":0,"17":0,"18":0,"19":0},"10":{"0":3,"1":3,"2":3,"3":6,"4":9,"5":3,"6":3,"7":3,"8":1,"9":2,"10":0,"11":3,"12":2,"13":3,"14":0,"15":0,"16":0,"17":0,"18":0,"19":0},"11":{"0":6,"1":2,"2":5,"3":5,"4":7,"5":3,"6":3,"7":6,"8":3,"9":2,"10":3,"11":0,"12":0,"13":2,"14":3,"15":0,"16":0,"17":0,"18":0,"19":0},"12":{"0":6,"1":2,"2":5,"3":7,"4":5,"5":8,"6":4,"7":6,"8":6,"9":2,"10":1,"11":7,"12":0,"13":3,"14":0,"15":0,"16":0,"17":0,"18":0,"19":0},"13":{"0":4,"1":4,"2":7,"3":4,"4":7,"5":4,"6":4,"7":7,"8":8,"9":4,"10":3,"11":0,"12":6,"13":0,"14":1,"15":3,"16":5,"17":0,"18":0,"19":0},"14":{"0":5,"1":6,"2":6,"3":7,"4":7,"5":6,"6":10,"7":5,"8":6,"9":7,"10":7,"11":4,"12":5,"13":3,"14":0,"15":2,"16":3,"17":4,"18":0,"19":0},"15":{"0":4,"1":9,"2":3,"3":6,"4":8,"5":5,"6":3,"7":6,"8":7,"9":4,"10":1,"11":8,"12":0,"13":3,"14":5,"15":0,"16":4,"17":2,"18":2,"19":0},"16":{"0":3,"1":7,"2":7,"3":4,"4":4,"5":6,"6":4,"7":4,"8":6,"9":2,"10":3,"11":7,"12":5,"13":0,"14":1,"15":0,"16":0,"17":8,"18":3,"19":2},"17":{"0":6,"1":4,"2":6,"3":5,"4":3,"5":3,"6":6,"7":3,"8":8,"9":5,"10":5,"11":4,"12":2,"13":2,"14":4,"15":1,"16":4,"17":0,"18":3,"19":1},"18":{"0":5,"1":1,"2":5,"3":3,"4":5,"5":5,"6":5,"7":4,"8":3,"9":9,"10":2,"11":7,"12":9,"13":3,"14":9,"15":3,"16":2,"17":2,"18":0,"19":2},"19":{"0":2,"1":9,"2":5,"3":6,"4":5,"5":4,"6":3,"7":6,"8":4,"9":9,"10":4,"11":3,"12":5,"13":8,"14":6,"15":4,"16":3,"17":4,"18":3,"19":0}},"method":"hillside","closest_pair":[[2,0,1,3,4,5,7,6,8,9,10,11,12,13,16,17,14,15,18,19],[2,0,1,3,4,5,7,6,8,9,10,11,12,16,13,17,14,15,18,19]],"farthest_pair":[[2,0,1,3,4,5,7,6,8,9,10,11,12,16,13,17,14,15,18,19],[2,0,1,3,4,5,7,6,8,9,10,11,12,13,16,17,14,15,18,19]],"tau_farthest_pair":0.9894736842,"tau_closest_pair":0.9894736842,"centroid_solution":[2,0,1,3,4,5,7,6,8,9,10,11,12,16,13,17,14,15,18,19]}