{"solutions":[[19,18,17,15,16,13,14,11,12,10,9,8,7,6,3,5,4,1,0,2],[19,17,18,15,16,13,14,11,12,10,9,8,7,6,3,5,4,1,0,2]],"obj":1077.0,"max_tau_solutions":null,"centroid_x":[[0.0,0.0,1.0,0.0,0.0,0.0,0.0,0.0,0.0,0.0,0.0,0.0,0.0,0.0,0.0,0.0,0.0,0.0,0.0,0.0],[1.0,0.0,1.0,0.0,0.0,0.0,0.0,0.0,0.0,0.0,0.0,0.0,0.0,0.0,0.0,0.0,0.0,0.0,0.0,0.0],[0.0,0.0,0.0,0.0,0.0,0.0,0.0,0.0,0.0,0.0,0.0,0.0,0.0,0.0,0.0,0.0,0.0,0.0,0.0,0.0],[1.0,1.0,1.0,0.0,1.0,1.0,0.0,0.0,0.0,0.0,0.0,0.0,0.0,0.0,0.0,0.0,0.0,0.0,0.0,0.0],[1.0,1.0,1.0,0.0,0.0,0.0,0.0,0.0,0.0,0.0,0.0,0.0,0.0,0.0,0.0,0.0,0.0,0.0,0.0,0.0],[1.0,1.0,1.0,0.0,1.0,0.0,0.0,0.0,0.0,0.0,0.0,0.0,0.0,0.0,0.0,0.0,0.0,0.0,0.0,0.0],[1.0,1.0,1.0,1.0,1.0,1.0,0.0,0.0,0.0,0.0,0.0,0.0,0.0,0.0,0.0,0.0,0.0,0.0,0.0,0.0],[1.0,1.0,1.0,1.0,1.0,1.0,1.0,0.0,0.0,0.0,0.0,0.0,0.0,0.0,0.0,0.0,0.0,0.0,0.0,0.0],[1.0,1.0,1.0,1.0,1.0,1.0,1.0,1.0,0.0,0.0,0.0,0.0,0.0,0.0,0.0,0.0,0.0,0.0,0.0,0.0],[1.0,1.0,1.0,1.0,1.0,1.0,1.0,1.0,1.0,0.0,0.0,0.0,0.0,0.0,0.0,0.0,0.0,0.0,0.0,0.0],[1.0,1.0,1.0,1.0,1.0,1.0,1.0,1.0,1.0,1.0,0.0,0.0,0.0,0.0,0.0,0.0,0.0,0.0,0.0,0.0],[1.0,1.0,1.0,1.0,1.0,1.0,1.0,1.0,1.0,1.0,1.0,0.0,1.0,0.0,0.0,0.0,0.0,0.0,0.0,0.0],[1.0,1.0,1.0,1.0,1.0,1.0,1.0,1.0,1.0,1.0,1.0,0.0,0.0,0.0,0.0,0.0,0.0,0.0,0.0,0.0],[1.0,1.0,1.0,1.0,1.0,1.0,1.0,1.0,1.0,1.0,1.0,1.0,1.0,0.0,1.0,0.0,0.0,0.0,0.0,0.0],[1.0,1.0,1.0,1.0,1.0,1.0,1.0,1.0,1.0,1.0,1.0,1.0,1.0,0.0,0.0,0.0,0.0,0.0,0.0,0.0],[1.0,1.0,1.0,1.0,1.0,1.0,1.0,1.0,1.0,1.0,1.0,1.0,1.0,1.0,1.0,0.0,1.0,0.0,0.0,0.0],[1.0,1.0,1.0,1.0,1.0,1.0,1.0,1.0,1.0,1.0,1.0,1.0,1.0,1.0,1.0,0.0,0.0,0.0,0.0,0.0],[1.0,1.0,1.0,1.0,1.0,1.0,1.0,1.0,1.0,1.0,1.0,1.0,1.0,1.0,1.0,1.0,1.0,0.0,0.3359553552,0.0],[1.0,1.0,1.0,1.0,1.0,1.0,1.0,1.0,1.0,1.0,1.0,1.0,1.0,1.0,1.0,1.0,1.0,0.6640446448,0.0,0.0],[1.0,1.0,1.0,1.0,1.0,1.0,1.0,1.0,1.0,1.0,1.0,1.0,1.0,1.0,1.0,1.0,1.0,1.0,1.0,0.0]],"outlier_solution":[19,17,18,15,16,13,14,11,12,10,9,8,7,6,3,5,4,1,0,2],"dataset_id":711,"source_dataset_id":758,"options":null,"D":{"0":{"0":0,"1":2,"2":3,"3":4,"4":4,"5":6,"6":5,"7":4,"8":5,"9":2,"10":6,"11":8,"12":10,"13":5,"14":6,"15":6,"16":3,"17":3,"18":9,"19":6},"1":{"0":1,"1":0,"2":0,"3":3,"4":1,"5":5,"6":2,"7":8,"8":6,"9":8,"10":5,"11":7,"12":4,"13":4,"14":4,"15":7,"16":9,"17":6,"18":2,"19":5},"2":{"0":4,"1":3,"2":0,"3":4,"4":5,"5":2,"6":4,"7":7,"8":5,"9":7,"10":7,"11":5,"12":4,"13":7,"14":3,"15":9,"16":4,"17":7,"18":7,"19":2},"3":{"0":4,"1":2,"2":0,"3":0,"4":0,"5":4,"6":1,"7":3,"8":5,"9":8,"10":5,"11":4,"12":4,"13":3,"14":3,"15":3,"16":3,"17":5,"18":1,"19":3},"4":{"0":0,"1":4,"2":2,"3":2,"4":0,"5":1,"6":4,"7":3,"8":7,"9":3,"10":5,"11":7,"12":5,"13":3,"14":8,"15":9,"16":2,"17":7,"18":7,"19":4},"5":{"0":0,"1":0,"2":1,"3":1,"4":4,"5":0,"6":4,"7":3,"8":3,"9":5,"10":7,"11":7,"12":2,"13":6,"14":3,"15":3,"16":4,"17":3,"18":2,"19":7},"6":{"0":0,"1":0,"2":0,"3":2,"4":7,"5":2,"6":0,"7":2,"8":4,"9":2,"10":5,"11":7,"12":4,"13":4,"14":5,"15":5,"16":3,"17":8,"18":5,"19":5},"7":{"0":0,"1":0,"2":0,"3":0,"4":3,"5":2,"6":2,"7":0,"8":2,"9":3,"10":2,"11":6,"12":5,"13":10,"14":2,"15":6,"16":4,"17":7,"18":5,"19":6},"8":{"0":0,"1":0,"2":0,"3":0,"4":0,"5":2,"6":4,"7":1,"8":0,"9":3,"10":5,"11":2,"12":6,"13":7,"14":9,"15":8,"16":2,"17":3,"18":9,"19":5},"9":{"0":0,"1":0,"2":0,"3":0,"4":0,"5":0,"6":2,"7":2,"8":4,"9":0,"10":2,"11":2,"12":5,"13":8,"14":4,"15":7,"16":1,"17":5,"18":6,"19":7},"10":{"0":0,"1":0,"2":0,"3":0,"4":0,"5":0,"6":0,"7":2,"8":7,"9":4,"10":0,"11":2,"12":2,"13":2,"14":5,"15":4,"16":7,"17":3,"18":10,"19":7},"11":{"0":0,"1":0,"2":0,"3":0,"4":0,"5":0,"6":0,"7":0,"8":1,"9":5,"10":0,"11":0,"12":2,"13":3,"14":1,"15":8,"16":8,"17":2,"18":6,"19":3},"12":{"0":0,"1":0,"2":0,"3":0,"4":0,"5":0,"6":0,"7":0,"8":0,"9":1,"10":4,"11":3,"12":0,"13":3,"14":2,"15":1,"16":5,"17":8,"18":4,"19":5},"13":{"0":0,"1":0,"2":0,"3":0,"4":0,"5":0,"6":0,"7":0,"8":0,"9":0,"10":2,"11":1,"12":2,"13":0,"14":4,"15":1,"16":3,"17":6,"18":6,"19":3},"14":{"0":0,"1":0,"2":0,"3":0,"4":0,"5":0,"6":0,"7":0,"8":0,"9":0,"10":0,"11":3,"12":2,"13":1,"14":0,"15":3,"16":4,"17":2,"18":8,"19":9},"15":{"0":0,"1":0,"2":0,"3":0,"4":0,"5":0,"6":0,"7":0,"8":0,"9":0,"10":0,"11":0,"12":1,"13":1,"14":2,"15":0,"16":5,"17":1,"18":1,"19":3},"16":{"0":0,"1":0,"2":0,"3":0,"4":0,"5":0,"6":0,"7":0,"8":0,"9":0,"10":0,"11":0,"12":0,"13":1,"14":5,"15":1,"16":0,"17":3,"18":4,"19":4},"17":{"0":0,"1":0,"2":0,"3":0,"4":0,"5":0,"6":0,"7":0,"8":0,"9":0,"10":0,"11":0,"12":0,"13":0,"14":0,"15":1,"16":2,"17":0,"18":3,"19":5},"18":{"0":0,"1":0,"2":0,"3":0,"4":0,"5":0,"6":0,"7":0,"8":0,"9":0,"10":0,"11":0,"12":0,"13":0,"14":0,"15":1,"16":5,"17":4,"18":0,"19":4},"19":{"0":0,"1":0,"2":0,"3":0,"4":0,"5":0,"6":0,"7":0,"8":0,"9":0,"10":0,"11":0,"12":0,"13":0,"14":0,"15":0,"16":5,"17":2,"18":1,"19":0}},"method":"hillside","closest_pair":[[19,17,18,15,16,13,14,11,12,10,9,8,7,6,3,5,4,1,0,2],[19,18,17,15,16,13,14,11,12,10,9,8,7,6,3,5,4,1,0,2]],"farthest_pair":[[19,18,17,15,16,13,14,11,12,10,9,8,7,6,3,5,4,1,0,2],[19,17,18,15,16,13,14,11,12,10,9,8,7,6,3,5,4,1,0,2]],"tau_farthest_pair":0.9894736842,"tau_closest_pair":0.9894736842,"centroid_solution":[19,18,17,15,16,13,14,11,12,10,9,8,7,6,3,5,4,1,0,2]}