{"solutions":[[15,17,19,18,16,14,13,11,12,10,9,8,6,7,3,4,5,2,1,0],[17,15,19,18,16,14,13,11,12,10,9,8,6,7,3,5,4,1,2,0],[15,17,19,18,16,14,13,11,12,10,9,8,6,7,3,5,4,1,2,0],[17,15,19,18,16,14,13,11,12,10,9,8,6,7,3,4,5,2,1,0],[17,15,19,18,16,14,13,11,12,10,9,8,6,7,3,5,4,1,0,2],[17,15,19,18,16,14,13,11,12,10,9,8,6,7,3,5,1,4,0,2],[15,17,19,18,16,14,13,11,12,10,9,8,6,7,3,5,1,4,0,2],[15,17,19,18,16,14,13,11,12,10,9,8,6,7,3,4,5,1,0,2],[17,15,19,18,16,14,13,11,12,10,9,8,6,7,3,5,1,4,2,0],[15,17,19,18,16,14,13,11,12,10,9,8,6,7,3,4,5,1,2,0],[15,17,19,18,16,14,13,11,12,10,9,8,6,7,3,5,4,2,1,0],[17,15,19,18,16,14,13,11,12,10,9,8,6,7,3,4,5,1,2,0],[15,17,19,18,16,14,13,11,12,10,9,8,6,7,3,5,4,1,0,2],[17,15,19,18,16,14,13,11,12,10,9,8,6,7,3,5,4,2,1,0],[15,17,19,18,16,14,13,11,12,10,9,8,6,7,3,5,1,4,2,0],[17,15,19,18,16,14,13,11,12,10,9,8,6,7,3,4,5,1,0,2]],"obj":1060.0,"max_tau_solutions":null,"centroid_x":[[0.0,0.0,0.3006543924,0.0,0.0,0.0,0.0,0.0,0.0,0.0,0.0,0.0,0.0,0.0,0.0,0.0,0.0,0.0,0.0,0.0],[1.0,0.0,0.4100817386,0.0,0.2989869848,0.0,0.0,0.0,0.0,0.0,0.0,0.0,0.0,0.0,0.0,0.0,0.0,0.0,0.0,0.0],[0.6993456076,0.5899182614,0.0,0.0,0.0,0.0,0.0,0.0,0.0,0.0,0.0,0.0,0.0,0.0,0.0,0.0,0.0,0.0,0.0,0.0],[1.0,1.0,1.0,0.0,1.0,1.0,0.0,0.0,0.0,0.0,0.0,0.0,0.0,0.0,0.0,0.0,0.0,0.0,0.0,0.0],[1.0,0.7010130152,1.0,0.0,0.0,0.3410880286,0.0,0.0,0.0,0.0,0.0,0.0,0.0,0.0,0.0,0.0,0.0,0.0,0.0,0.0],[1.0,1.0,1.0,0.0,0.6589119714,0.0,0.0,0.0,0.0,0.0,0.0,0.0,0.0,0.0,0.0,0.0,0.0,0.0,0.0,0.0],[1.0,1.0,1.0,1.0,1.0,1.0,0.0,1.0,0.0,0.0,0.0,0.0,0.0,0.0,0.0,0.0,0.0,0.0,0.0,0.0],[1.0,1.0,1.0,1.0,1.0,1.0,0.0,0.0,0.0,0.0,0.0,0.0,0.0,0.0,0.0,0.0,0.0,0.0,0.0,0.0],[1.0,1.0,1.0,1.0,1.0,1.0,1.0,1.0,0.0,0.0,0.0,0.0,0.0,0.0,0.0,0.0,0.0,0.0,0.0,0.0],[1.0,1.0,1.0,1.0,1.0,1.0,1.0,1.0,1.0,0.0,0.0,0.0,0.0,0.0,0.0,0.0,0.0,0.0,0.0,0.0],[1.0,1.0,1.0,1.0,1.0,1.0,1.0,1.0,1.0,1.0,0.0,0.0,0.0,0.0,0.0,0.0,0.0,0.0,0.0,0.0],[1.0,1.0,1.0,1.0,1.0,1.0,1.0,1.0,1.0,1.0,1.0,0.0,1.0,0.0,0.0,0.0,0.0,0.0,0.0,0.0],[1.0,1.0,1.0,1.0,1.0,1.0,1.0,1.0,1.0,1.0,1.0,0.0,0.0,0.0,0.0,0.0,0.0,0.0,0.0,0.0],[1.0,1.0,1.0,1.0,1.0,1.0,1.0,1.0,1.0,1.0,1.0,1.0,1.0,0.0,0.0,0.0,0.0,0.0,0.0,0.0],[1.0,1.0,1.0,1.0,1.0,1.0,1.0,1.0,1.0,1.0,1.0,1.0,1.0,1.0,0.0,0.0,0.0,0.0,0.0,0.0],[1.0,1.0,1.0,1.0,1.0,1.0,1.0,1.0,1.0,1.0,1.0,1.0,1.0,1.0,1.0,0.0,1.0,0.3464090538,1.0,1.0],[1.0,1.0,1.0,1.0,1.0,1.0,1.0,1.0,1.0,1.0,1.0,1.0,1.0,1.0,1.0,0.0,0.0,0.0,0.0,0.0],[1.0,1.0,1.0,1.0,1.0,1.0,1.0,1.0,1.0,1.0,1.0,1.0,1.0,1.0,1.0,0.6535909462,1.0,0.0,1.0,1.0],[1.0,1.0,1.0,1.0,1.0,1.0,1.0,1.0,1.0,1.0,1.0,1.0,1.0,1.0,1.0,0.0,1.0,0.0,0.0,0.0],[1.0,1.0,1.0,1.0,1.0,1.0,1.0,1.0,1.0,1.0,1.0,1.0,1.0,1.0,1.0,0.0,1.0,0.0,1.0,0.0]],"outlier_solution":[15,17,19,18,16,14,13,11,12,10,9,8,6,7,3,5,1,4,0,2],"dataset_id":713,"source_dataset_id":760,"options":null,"D":{"0":{"0":0,"1":0,"2":3,"3":3,"4":6,"5":1,"6":7,"7":3,"8":3,"9":8,"10":2,"11":8,"12":4,"13":7,"14":4,"15":8,"16":2,"17":8,"18":3,"19":7},"1":{"0":3,"1":0,"2":2,"3":2,"4":3,"5":9,"6":3,"7":2,"8":6,"9":2,"10":6,"11":5,"12":4,"13":8,"14":7,"15":7,"16":2,"17":4,"18":1,"19":3},"2":{"0":0,"1":2,"2":0,"3":1,"4":1,"5":2,"6":6,"7":5,"8":5,"9":6,"10":5,"11":9,"12":6,"13":7,"14":3,"15":8,"16":7,"17":4,"18":5,"19":4},"3":{"0":4,"1":2,"2":2,"3":0,"4":0,"5":4,"6":5,"7":4,"8":3,"9":2,"10":2,"11":4,"12":9,"13":5,"14":6,"15":5,"16":8,"17":7,"18":3,"19":1},"4":{"0":0,"1":6,"2":2,"3":3,"4":0,"5":3,"6":1,"7":4,"8":5,"9":5,"10":5,"11":5,"12":4,"13":10,"14":3,"15":7,"16":5,"17":8,"18":4,"19":9},"5":{"0":0,"1":0,"2":4,"3":4,"4":1,"5":0,"6":4,"7":2,"8":0,"9":4,"10":3,"11":8,"12":2,"13":10,"14":7,"15":8,"16":6,"17":3,"18":5,"19":6},"6":{"0":0,"1":0,"2":0,"3":4,"4":3,"5":1,"6":0,"7":4,"8":0,"9":3,"10":5,"11":4,"12":4,"13":4,"14":5,"15":8,"16":4,"17":7,"18":7,"19":1},"7":{"0":0,"1":0,"2":0,"3":0,"4":2,"5":1,"6":1,"7":0,"8":2,"9":3,"10":1,"11":7,"12":10,"13":4,"14":8,"15":9,"16":4,"17":5,"18":4,"19":7},"8":{"0":0,"1":0,"2":0,"3":0,"4":0,"5":0,"6":3,"7":2,"8":0,"9":4,"10":2,"11":3,"12":6,"13":3,"14":7,"15":8,"16":8,"17":2,"18":3,"19":5},"9":{"0":0,"1":0,"2":0,"3":0,"4":0,"5":0,"6":3,"7":3,"8":2,"9":0,"10":2,"11":5,"12":2,"13":8,"14":7,"15":5,"16":7,"17":3,"18":4,"19":6},"10":{"0":0,"1":0,"2":0,"3":0,"4":0,"5":0,"6":0,"7":3,"8":2,"9":1,"10":0,"11":5,"12":2,"13":4,"14":5,"15":6,"16":5,"17":11,"18":6,"19":4},"11":{"0":0,"1":0,"2":0,"3":0,"4":0,"5":0,"6":0,"7":0,"8":1,"9":2,"10":2,"11":0,"12":0,"13":3,"14":2,"15":11,"16":6,"17":10,"18":5,"19":6},"12":{"0":0,"1":0,"2":0,"3":0,"4":0,"5":0,"6":0,"7":0,"8":0,"9":2,"10":3,"11":3,"12":0,"13":1,"14":4,"15":0,"16":4,"17":5,"18":7,"19":10},"13":{"0":0,"1":0,"2":0,"3":0,"4":0,"5":0,"6":0,"7":0,"8":0,"9":0,"10":2,"11":5,"12":5,"13":0,"14":2,"15":1,"16":4,"17":10,"18":5,"19":3},"14":{"0":0,"1":0,"2":0,"3":0,"4":0,"5":0,"6":0,"7":0,"8":0,"9":0,"10":0,"11":1,"12":2,"13":1,"14":0,"15":2,"16":0,"17":2,"18":3,"19":5},"15":{"0":0,"1":0,"2":0,"3":0,"4":0,"5":0,"6":0,"7":0,"8":0,"9":0,"10":0,"11":0,"12":1,"13":1,"14":3,"15":0,"16":2,"17":6,"18":3,"19":5},"16":{"0":0,"1":0,"2":0,"3":0,"4":0,"5":0,"6":0,"7":0,"8":0,"9":0,"10":0,"11":0,"12":0,"13":3,"14":4,"15":2,"16":0,"17":3,"18":2,"19":1},"17":{"0":0,"1":0,"2":0,"3":0,"4":0,"5":0,"6":0,"7":0,"8":0,"9":0,"10":0,"11":0,"12":0,"13":0,"14":3,"15":2,"16":2,"17":0,"18":4,"19":3},"18":{"0":0,"1":0,"2":0,"3":0,"4":0,"5":0,"6":0,"7":0,"8":0,"9":0,"10":0,"11":0,"12":0,"13":0,"14":0,"15":3,"16":2,"17":2,"18":0,"19":1},"19":{"0":0,"1":0,"2":0,"3":0,"4":0,"5":0,"6":0,"7":0,"8":0,"9":0,"10":0,"11":0,"12":0,"13":0,"14":0,"15":0,"16":4,"17":2,"18":3,"19":0}},"method":"hillside","closest_pair":[[17,15,19,18,16,14,13,11,12,10,9,8,6,7,3,5,4,1,0,2],[17,15,19,18,16,14,13,11,12,10,9,8,6,7,3,5,4,1,2,0]],"farthest_pair":[[17,15,19,18,16,14,13,11,12,10,9,8,6,7,3,5,1,4,0,2],[15,17,19,18,16,14,13,11,12,10,9,8,6,7,3,4,5,2,1,0]],"tau_farthest_pair":0.9473684211,"tau_closest_pair":0.9894736842,"centroid_solution":[17,15,19,18,16,14,13,11,12,10,9,8,6,7,3,5,4,2,1,0]}