{"solutions":[[0,2,1,4,5,3,7,6,8,9,10,12,11,13,14,16,18,19,17,15],[0,2,1,5,4,3,7,6,8,9,10,12,11,13,14,16,18,19,17,15],[0,1,2,5,4,3,7,6,8,9,10,12,11,13,14,16,18,19,17,15],[0,2,1,5,4,3,7,6,8,9,10,12,11,13,14,16,18,19,15,17],[2,0,1,5,4,3,7,6,8,9,10,12,11,13,14,16,18,19,15,17],[0,2,4,1,5,3,7,6,8,9,10,12,11,13,14,16,18,19,15,17],[2,0,1,4,5,3,7,6,8,9,10,12,11,13,14,16,18,19,17,15],[0,1,2,4,5,3,7,6,8,9,10,12,11,13,14,16,18,19,17,15],[2,0,1,4,5,3,7,6,8,9,10,12,11,13,14,16,18,19,15,17],[0,2,4,1,5,3,7,6,8,9,10,12,11,13,14,16,18,19,17,15],[2,0,1,5,4,3,7,6,8,9,10,12,11,13,14,16,18,19,17,15],[0,1,2,4,5,3,7,6,8,9,10,12,11,13,14,16,18,19,15,17],[0,1,2,5,4,3,7,6,8,9,10,12,11,13,14,16,18,19,15,17],[2,0,4,1,5,3,7,6,8,9,10,12,11,13,14,16,18,19,17,15],[0,2,1,4,5,3,7,6,8,9,10,12,11,13,14,16,18,19,15,17],[2,0,4,1,5,3,7,6,8,9,10,12,11,13,14,16,18,19,15,17]],"obj":1060.0,"max_tau_solutions":null,"centroid_x":[[0.0,1.0,0.5624466235,1.0,1.0,1.0,1.0,1.0,1.0,1.0,1.0,1.0,1.0,1.0,1.0,1.0,1.0,1.0,1.0,1.0],[0.0,0.0,0.4268807907,1.0,0.5953782371,1.0,1.0,1.0,1.0,1.0,1.0,1.0,1.0,1.0,1.0,1.0,1.0,1.0,1.0,1.0],[0.4375533765,0.5731192093,0.0,1.0,1.0,1.0,1.0,1.0,1.0,1.0,1.0,1.0,1.0,1.0,1.0,1.0,1.0,1.0,1.0,1.0],[0.0,0.0,0.0,0.0,0.0,0.0,1.0,1.0,1.0,1.0,1.0,1.0,1.0,1.0,1.0,1.0,1.0,1.0,1.0,1.0],[0.0,0.4046217629,0.0,1.0,0.0,0.5311028043,1.0,1.0,1.0,1.0,1.0,1.0,1.0,1.0,1.0,1.0,1.0,1.0,1.0,1.0],[0.0,0.0,0.0,1.0,0.4688971957,0.0,1.0,1.0,1.0,1.0,1.0,1.0,1.0,1.0,1.0,1.0,1.0,1.0,1.0,1.0],[0.0,0.0,0.0,0.0,0.0,0.0,0.0,0.0,1.0,1.0,1.0,1.0,1.0,1.0,1.0,1.0,1.0,1.0,1.0,1.0],[0.0,0.0,0.0,0.0,0.0,0.0,1.0,0.0,1.0,1.0,1.0,1.0,1.0,1.0,1.0,1.0,1.0,1.0,1.0,1.0],[0.0,0.0,0.0,0.0,0.0,0.0,0.0,0.0,0.0,1.0,1.0,1.0,1.0,1.0,1.0,1.0,1.0,1.0,1.0,1.0],[0.0,0.0,0.0,0.0,0.0,0.0,0.0,0.0,0.0,0.0,1.0,1.0,1.0,1.0,1.0,1.0,1.0,1.0,1.0,1.0],[0.0,0.0,0.0,0.0,0.0,0.0,0.0,0.0,0.0,0.0,0.0,1.0,1.0,1.0,1.0,1.0,1.0,1.0,1.0,1.0],[0.0,0.0,0.0,0.0,0.0,0.0,0.0,0.0,0.0,0.0,0.0,0.0,0.0,1.0,1.0,1.0,1.0,1.0,1.0,1.0],[0.0,0.0,0.0,0.0,0.0,0.0,0.0,0.0,0.0,0.0,0.0,1.0,0.0,1.0,1.0,1.0,1.0,1.0,1.0,1.0],[0.0,0.0,0.0,0.0,0.0,0.0,0.0,0.0,0.0,0.0,0.0,0.0,0.0,0.0,1.0,1.0,1.0,1.0,1.0,1.0],[0.0,0.0,0.0,0.0,0.0,0.0,0.0,0.0,0.0,0.0,0.0,0.0,0.0,0.0,0.0,1.0,1.0,1.0,1.0,1.0],[0.0,0.0,0.0,0.0,0.0,0.0,0.0,0.0,0.0,0.0,0.0,0.0,0.0,0.0,0.0,0.0,0.0,0.4952235231,0.0,0.0],[0.0,0.0,0.0,0.0,0.0,0.0,0.0,0.0,0.0,0.0,0.0,0.0,0.0,0.0,0.0,1.0,0.0,1.0,1.0,1.0],[0.0,0.0,0.0,0.0,0.0,0.0,0.0,0.0,0.0,0.0,0.0,0.0,0.0,0.0,0.0,0.5047764769,0.0,0.0,0.0,0.0],[0.0,0.0,0.0,0.0,0.0,0.0,0.0,0.0,0.0,0.0,0.0,0.0,0.0,0.0,0.0,1.0,0.0,1.0,0.0,1.0],[0.0,0.0,0.0,0.0,0.0,0.0,0.0,0.0,0.0,0.0,0.0,0.0,0.0,0.0,0.0,1.0,0.0,1.0,0.0,0.0]],"outlier_solution":[2,0,4,1,5,3,7,6,8,9,10,12,11,13,14,16,18,19,15,17],"dataset_id":713,"source_dataset_id":760,"options":null,"D":{"0":{"0":0,"1":3,"2":0,"3":4,"4":0,"5":0,"6":0,"7":0,"8":0,"9":0,"10":0,"11":0,"12":0,"13":0,"14":0,"15":0,"16":0,"17":0,"18":0,"19":0},"1":{"0":0,"1":0,"2":2,"3":2,"4":6,"5":0,"6":0,"7":0,"8":0,"9":0,"10":0,"11":0,"12":0,"13":0,"14":0,"15":0,"16":0,"17":0,"18":0,"19":0},"2":{"0":3,"1":2,"2":0,"3":2,"4":2,"5":4,"6":0,"7":0,"8":0,"9":0,"10":0,"11":0,"12":0,"13":0,"14":0,"15":0,"16":0,"17":0,"18":0,"19":0},"3":{"0":3,"1":2,"2":1,"3":0,"4":3,"5":4,"6":4,"7":0,"8":0,"9":0,"10":0,"11":0,"12":0,"13":0,"14":0,"15":0,"16":0,"17":0,"18":0,"19":0},"4":{"0":6,"1":3,"2":1,"3":0,"4":0,"5":1,"6":3,"7":2,"8":0,"9":0,"10":0,"11":0,"12":0,"13":0,"14":0,"15":0,"16":0,"17":0,"18":0,"19":0},"5":{"0":1,"1":9,"2":2,"3":4,"4":3,"5":0,"6":1,"7":1,"8":0,"9":0,"10":0,"11":0,"12":0,"13":0,"14":0,"15":0,"16":0,"17":0,"18":0,"19":0},"6":{"0":7,"1":3,"2":6,"3":5,"4":1,"5":4,"6":0,"7":1,"8":3,"9":3,"10":0,"11":0,"12":0,"13":0,"14":0,"15":0,"16":0,"17":0,"18":0,"19":0},"7":{"0":3,"1":2,"2":5,"3":4,"4":4,"5":2,"6":4,"7":0,"8":2,"9":3,"10":3,"11":0,"12":0,"13":0,"14":0,"15":0,"16":0,"17":0,"18":0,"19":0},"8":{"0":3,"1":6,"2":5,"3":3,"4":5,"5":0,"6":0,"7":2,"8":0,"9":2,"10":2,"11":1,"12":0,"13":0,"14":0,"15":0,"16":0,"17":0,"18":0,"19":0},"9":{"0":8,"1":2,"2":6,"3":2,"4":5,"5":4,"6":3,"7":3,"8":4,"9":0,"10":1,"11":2,"12":2,"13":0,"14":0,"15":0,"16":0,"17":0,"18":0,"19":0},"10":{"0":2,"1":6,"2":5,"3":2,"4":5,"5":3,"6":5,"7":1,"8":2,"9":2,"10":0,"11":2,"12":3,"13":2,"14":0,"15":0,"16":0,"17":0,"18":0,"19":0},"11":{"0":8,"1":5,"2":9,"3":4,"4":5,"5":8,"6":4,"7":7,"8":3,"9":5,"10":5,"11":0,"12":3,"13":5,"14":1,"15":0,"16":0,"17":0,"18":0,"19":0},"12":{"0":4,"1":4,"2":6,"3":9,"4":4,"5":2,"6":4,"7":10,"8":6,"9":2,"10":2,"11":0,"12":0,"13":5,"14":2,"15":1,"16":0,"17":0,"18":0,"19":0},"13":{"0":7,"1":8,"2":7,"3":5,"4":10,"5":10,"6":4,"7":4,"8":3,"9":8,"10":4,"11":3,"12":1,"13":0,"14":1,"15":1,"16":3,"17":0,"18":0,"19":0},"14":{"0":4,"1":7,"2":3,"3":6,"4":3,"5":7,"6":5,"7":8,"8":7,"9":7,"10":5,"11":2,"12":4,"13":2,"14":0,"15":3,"16":4,"17":3,"18":0,"19":0},"15":{"0":8,"1":7,"2":8,"3":5,"4":7,"5":8,"6":8,"7":9,"8":8,"9":5,"10":6,"11":11,"12":0,"13":1,"14":2,"15":0,"16":2,"17":2,"18":3,"19":0},"16":{"0":2,"1":2,"2":7,"3":8,"4":5,"5":6,"6":4,"7":4,"8":8,"9":7,"10":5,"11":6,"12":4,"13":4,"14":0,"15":2,"16":0,"17":2,"18":2,"19":4},"17":{"0":8,"1":4,"2":4,"3":7,"4":8,"5":3,"6":7,"7":5,"8":2,"9":3,"10":11,"11":10,"12":5,"13":10,"14":2,"15":6,"16":3,"17":0,"18":2,"19":2},"18":{"0":3,"1":1,"2":5,"3":3,"4":4,"5":5,"6":7,"7":4,"8":3,"9":4,"10":6,"11":5,"12":7,"13":5,"14":3,"15":3,"16":2,"17":4,"18":0,"19":3},"19":{"0":7,"1":3,"2":4,"3":1,"4":9,"5":6,"6":1,"7":7,"8":5,"9":6,"10":4,"11":6,"12":10,"13":3,"14":5,"15":5,"16":1,"17":3,"18":1,"19":0}},"method":"hillside","closest_pair":[[0,2,1,5,4,3,7,6,8,9,10,12,11,13,14,16,18,19,17,15],[2,0,1,5,4,3,7,6,8,9,10,12,11,13,14,16,18,19,17,15]],"farthest_pair":[[2,0,4,1,5,3,7,6,8,9,10,12,11,13,14,16,18,19,17,15],[0,1,2,5,4,3,7,6,8,9,10,12,11,13,14,16,18,19,15,17]],"tau_farthest_pair":0.9473684211,"tau_closest_pair":0.9894736842,"centroid_solution":[0,2,1,4,5,3,7,6,8,9,10,12,11,13,14,16,18,19,17,15]}