{"solutions":[[19,17,18,16,15,14,13,10,11,12,9,8,7,5,6,3,4,1,2,0],[19,17,18,16,15,13,14,10,11,12,9,8,7,6,5,3,4,1,2,0],[19,17,18,16,15,14,13,10,11,12,9,8,7,6,5,3,4,1,2,0],[19,17,18,16,15,13,14,10,11,12,9,8,7,5,6,3,4,1,2,0]],"obj":1025.0,"max_tau_solutions":null,"centroid_x":[[0.0,0.0,0.0,0.0,0.0,0.0,0.0,0.0,0.0,0.0,0.0,0.0,0.0,0.0,0.0,0.0,0.0,0.0,0.0,0.0],[1.0,0.0,1.0,0.0,0.0,0.0,0.0,0.0,0.0,0.0,0.0,0.0,0.0,0.0,0.0,0.0,0.0,0.0,0.0,0.0],[1.0,0.0,0.0,0.0,0.0,0.0,0.0,0.0,0.0,0.0,0.0,0.0,0.0,0.0,0.0,0.0,0.0,0.0,0.0,0.0],[1.0,1.0,1.0,0.0,1.0,0.0,0.0,0.0,0.0,0.0,0.0,0.0,0.0,0.0,0.0,0.0,0.0,0.0,0.0,0.0],[1.0,1.0,1.0,0.0,0.0,0.0,0.0,0.0,0.0,0.0,0.0,0.0,0.0,0.0,0.0,0.0,0.0,0.0,0.0,0.0],[1.0,1.0,1.0,1.0,1.0,0.0,0.3356792463,0.0,0.0,0.0,0.0,0.0,0.0,0.0,0.0,0.0,0.0,0.0,0.0,0.0],[1.0,1.0,1.0,1.0,1.0,0.6643207537,0.0,0.0,0.0,0.0,0.0,0.0,0.0,0.0,0.0,0.0,0.0,0.0,0.0,0.0],[1.0,1.0,1.0,1.0,1.0,1.0,1.0,0.0,0.0,0.0,0.0,0.0,0.0,0.0,0.0,0.0,0.0,0.0,0.0,0.0],[1.0,1.0,1.0,1.0,1.0,1.0,1.0,1.0,0.0,0.0,0.0,0.0,0.0,0.0,0.0,0.0,0.0,0.0,0.0,0.0],[1.0,1.0,1.0,1.0,1.0,1.0,1.0,1.0,1.0,0.0,0.0,0.0,0.0,0.0,0.0,0.0,0.0,0.0,0.0,0.0],[1.0,1.0,1.0,1.0,1.0,1.0,1.0,1.0,1.0,1.0,0.0,1.0,1.0,0.0,0.0,0.0,0.0,0.0,0.0,0.0],[1.0,1.0,1.0,1.0,1.0,1.0,1.0,1.0,1.0,1.0,0.0,0.0,1.0,0.0,0.0,0.0,0.0,0.0,0.0,0.0],[1.0,1.0,1.0,1.0,1.0,1.0,1.0,1.0,1.0,1.0,0.0,0.0,0.0,0.0,0.0,0.0,0.0,0.0,0.0,0.0],[1.0,1.0,1.0,1.0,1.0,1.0,1.0,1.0,1.0,1.0,1.0,1.0,1.0,0.0,0.3342020158,0.0,0.0,0.0,0.0,0.0],[1.0,1.0,1.0,1.0,1.0,1.0,1.0,1.0,1.0,1.0,1.0,1.0,1.0,0.6657979842,0.0,0.0,0.0,0.0,0.0,0.0],[1.0,1.0,1.0,1.0,1.0,1.0,1.0,1.0,1.0,1.0,1.0,1.0,1.0,1.0,1.0,0.0,0.0,0.0,0.0,0.0],[1.0,1.0,1.0,1.0,1.0,1.0,1.0,1.0,1.0,1.0,1.0,1.0,1.0,1.0,1.0,1.0,0.0,0.0,0.0,0.0],[1.0,1.0,1.0,1.0,1.0,1.0,1.0,1.0,1.0,1.0,1.0,1.0,1.0,1.0,1.0,1.0,1.0,0.0,1.0,0.0],[1.0,1.0,1.0,1.0,1.0,1.0,1.0,1.0,1.0,1.0,1.0,1.0,1.0,1.0,1.0,1.0,1.0,0.0,0.0,0.0],[1.0,1.0,1.0,1.0,1.0,1.0,1.0,1.0,1.0,1.0,1.0,1.0,1.0,1.0,1.0,1.0,1.0,1.0,1.0,0.0]],"outlier_solution":[19,17,18,16,15,13,14,10,11,12,9,8,7,5,6,3,4,1,2,0],"dataset_id":714,"source_dataset_id":761,"options":null,"D":{"0":{"0":0,"1":4,"2":3,"3":7,"4":3,"5":4,"6":3,"7":4,"8":7,"9":9,"10":8,"11":5,"12":4,"13":6,"14":5,"15":8,"16":8,"17":6,"18":6,"19":6},"1":{"0":1,"1":0,"2":4,"3":3,"4":1,"5":9,"6":5,"7":8,"8":6,"9":4,"10":5,"11":3,"12":4,"13":2,"14":5,"15":4,"16":4,"17":5,"18":2,"19":6},"2":{"0":1,"1":4,"2":0,"3":5,"4":2,"5":3,"6":7,"7":6,"8":4,"9":6,"10":2,"11":8,"12":5,"13":4,"14":3,"15":4,"16":3,"17":4,"18":9,"19":4},"3":{"0":0,"1":4,"2":3,"3":0,"4":4,"5":2,"6":1,"7":4,"8":6,"9":9,"10":8,"11":3,"12":3,"13":4,"14":7,"15":3,"16":4,"17":3,"18":5,"19":6},"4":{"0":0,"1":1,"2":0,"3":1,"4":0,"5":3,"6":2,"7":4,"8":12,"9":2,"10":9,"11":6,"12":4,"13":6,"14":5,"15":3,"16":4,"17":5,"18":4,"19":6},"5":{"0":0,"1":0,"2":3,"3":1,"4":4,"5":0,"6":2,"7":2,"8":2,"9":2,"10":6,"11":5,"12":4,"13":4,"14":4,"15":4,"16":5,"17":6,"18":6,"19":9},"6":{"0":0,"1":0,"2":0,"3":2,"4":3,"5":3,"6":0,"7":3,"8":2,"9":3,"10":4,"11":5,"12":4,"13":2,"14":8,"15":1,"16":3,"17":4,"18":6,"19":7},"7":{"0":0,"1":0,"2":0,"3":0,"4":2,"5":2,"6":0,"7":0,"8":3,"9":4,"10":2,"11":7,"12":10,"13":9,"14":9,"15":2,"16":5,"17":3,"18":5,"19":8},"8":{"0":0,"1":0,"2":0,"3":0,"4":0,"5":4,"6":2,"7":5,"8":0,"9":1,"10":4,"11":4,"12":3,"13":8,"14":6,"15":4,"16":4,"17":10,"18":7,"19":4},"9":{"0":0,"1":0,"2":0,"3":0,"4":0,"5":0,"6":4,"7":3,"8":1,"9":0,"10":4,"11":2,"12":1,"13":3,"14":4,"15":10,"16":5,"17":4,"18":2,"19":9},"10":{"0":0,"1":0,"2":0,"3":0,"4":0,"5":0,"6":0,"7":2,"8":1,"9":3,"10":0,"11":1,"12":1,"13":1,"14":8,"15":3,"16":3,"17":5,"18":3,"19":7},"11":{"0":0,"1":0,"2":0,"3":0,"4":0,"5":0,"6":0,"7":0,"8":4,"9":3,"10":3,"11":0,"12":3,"13":5,"14":3,"15":6,"16":6,"17":4,"18":7,"19":5},"12":{"0":0,"1":0,"2":0,"3":0,"4":0,"5":0,"6":0,"7":0,"8":0,"9":2,"10":4,"11":5,"12":0,"13":5,"14":4,"15":3,"16":7,"17":11,"18":5,"19":3},"13":{"0":0,"1":0,"2":0,"3":0,"4":0,"5":0,"6":0,"7":0,"8":0,"9":0,"10":0,"11":2,"12":4,"13":0,"14":3,"15":3,"16":2,"17":4,"18":4,"19":8},"14":{"0":0,"1":0,"2":0,"3":0,"4":0,"5":0,"6":0,"7":0,"8":0,"9":0,"10":0,"11":5,"12":0,"13":3,"14":0,"15":3,"16":2,"17":4,"18":13,"19":3},"15":{"0":0,"1":0,"2":0,"3":0,"4":0,"5":0,"6":0,"7":0,"8":0,"9":0,"10":0,"11":0,"12":1,"13":1,"14":0,"15":0,"16":2,"17":3,"18":2,"19":5},"16":{"0":0,"1":0,"2":0,"3":0,"4":0,"5":0,"6":0,"7":0,"8":0,"9":0,"10":0,"11":0,"12":0,"13":1,"14":2,"15":4,"16":0,"17":4,"18":3,"19":1},"17":{"0":0,"1":0,"2":0,"3":0,"4":0,"5":0,"6":0,"7":0,"8":0,"9":0,"10":0,"11":0,"12":0,"13":0,"14":3,"15":2,"16":1,"17":0,"18":3,"19":1},"18":{"0":0,"1":0,"2":0,"3":0,"4":0,"5":0,"6":0,"7":0,"8":0,"9":0,"10":0,"11":0,"12":0,"13":0,"14":0,"15":1,"16":2,"17":2,"18":0,"19":0},"19":{"0":0,"1":0,"2":0,"3":0,"4":0,"5":0,"6":0,"7":0,"8":0,"9":0,"10":0,"11":0,"12":0,"13":0,"14":0,"15":0,"16":3,"17":7,"18":2,"19":0}},"method":"hillside","closest_pair":[[19,17,18,16,15,13,14,10,11,12,9,8,7,6,5,3,4,1,2,0],[19,17,18,16,15,14,13,10,11,12,9,8,7,6,5,3,4,1,2,0]],"farthest_pair":[[19,17,18,16,15,14,13,10,11,12,9,8,7,6,5,3,4,1,2,0],[19,17,18,16,15,13,14,10,11,12,9,8,7,5,6,3,4,1,2,0]],"tau_farthest_pair":0.9789473684,"tau_closest_pair":0.9894736842,"centroid_solution":[19,17,18,16,15,14,13,10,11,12,9,8,7,6,5,3,4,1,2,0]}