{"solutions":[[1,2,0,4,3,5,6,9,7,8,11,10,12,14,15,13,18,16,17,19],[1,2,0,4,3,5,6,7,9,8,11,10,12,14,15,13,18,16,17,19],[1,2,0,4,3,5,7,6,8,9,11,12,10,14,15,13,18,16,17,19],[1,2,0,4,3,5,6,7,9,8,11,12,10,14,15,13,18,16,17,19],[1,2,0,4,3,5,7,6,9,8,11,12,10,14,15,13,18,16,17,19],[1,2,0,4,3,5,7,6,9,8,11,10,12,14,15,13,18,16,17,19],[1,2,0,4,3,5,6,9,7,8,11,12,10,14,15,13,18,16,17,19],[1,2,0,4,3,5,6,7,8,9,11,12,10,14,15,13,18,16,17,19],[1,2,0,4,3,5,6,7,8,9,11,10,12,14,15,13,18,16,17,19],[1,2,0,4,3,5,7,6,8,9,11,10,12,14,15,13,18,16,17,19]],"obj":1015.0,"max_tau_solutions":null,"centroid_x":[[0.0,0.0,0.0,1.0,1.0,1.0,1.0,1.0,1.0,1.0,1.0,1.0,1.0,1.0,1.0,1.0,1.0,1.0,1.0,1.0],[1.0,0.0,1.0,1.0,1.0,1.0,1.0,1.0,1.0,1.0,1.0,1.0,1.0,1.0,1.0,1.0,1.0,1.0,1.0,1.0],[1.0,0.0,0.0,1.0,1.0,1.0,1.0,1.0,1.0,1.0,1.0,1.0,1.0,1.0,1.0,1.0,1.0,1.0,1.0,1.0],[0.0,0.0,0.0,0.0,0.0,1.0,1.0,1.0,1.0,1.0,1.0,1.0,1.0,1.0,1.0,1.0,1.0,1.0,1.0,1.0],[0.0,0.0,0.0,1.0,0.0,1.0,1.0,1.0,1.0,1.0,1.0,1.0,1.0,1.0,1.0,1.0,1.0,1.0,1.0,1.0],[0.0,0.0,0.0,0.0,0.0,0.0,1.0,1.0,1.0,1.0,1.0,1.0,1.0,1.0,1.0,1.0,1.0,1.0,1.0,1.0],[0.0,0.0,0.0,0.0,0.0,0.0,0.0,0.5460623477,1.0,1.0,1.0,1.0,1.0,1.0,1.0,1.0,1.0,1.0,1.0,1.0],[0.0,0.0,0.0,0.0,0.0,0.0,0.4539376523,0.0,1.0,0.5905047203,1.0,1.0,1.0,1.0,1.0,1.0,1.0,1.0,1.0,1.0],[0.0,0.0,0.0,0.0,0.0,0.0,0.0,0.0,0.0,0.4481595799,1.0,1.0,1.0,1.0,1.0,1.0,1.0,1.0,1.0,1.0],[0.0,0.0,0.0,0.0,0.0,0.0,0.0,0.4094952797,0.5518404201,0.0,1.0,1.0,1.0,1.0,1.0,1.0,1.0,1.0,1.0,1.0],[0.0,0.0,0.0,0.0,0.0,0.0,0.0,0.0,0.0,0.0,0.0,0.0,0.5001625475,1.0,1.0,1.0,1.0,1.0,1.0,1.0],[0.0,0.0,0.0,0.0,0.0,0.0,0.0,0.0,0.0,0.0,1.0,0.0,1.0,1.0,1.0,1.0,1.0,1.0,1.0,1.0],[0.0,0.0,0.0,0.0,0.0,0.0,0.0,0.0,0.0,0.0,0.4998374525,0.0,0.0,1.0,1.0,1.0,1.0,1.0,1.0,1.0],[0.0,0.0,0.0,0.0,0.0,0.0,0.0,0.0,0.0,0.0,0.0,0.0,0.0,0.0,0.0,0.0,1.0,1.0,1.0,1.0],[0.0,0.0,0.0,0.0,0.0,0.0,0.0,0.0,0.0,0.0,0.0,0.0,0.0,1.0,0.0,1.0,1.0,1.0,1.0,1.0],[0.0,0.0,0.0,0.0,0.0,0.0,0.0,0.0,0.0,0.0,0.0,0.0,0.0,1.0,0.0,0.0,1.0,1.0,1.0,1.0],[0.0,0.0,0.0,0.0,0.0,0.0,0.0,0.0,0.0,0.0,0.0,0.0,0.0,0.0,0.0,0.0,0.0,1.0,0.0,1.0],[0.0,0.0,0.0,0.0,0.0,0.0,0.0,0.0,0.0,0.0,0.0,0.0,0.0,0.0,0.0,0.0,0.0,0.0,0.0,1.0],[0.0,0.0,0.0,0.0,0.0,0.0,0.0,0.0,0.0,0.0,0.0,0.0,0.0,0.0,0.0,0.0,1.0,1.0,0.0,1.0],[0.0,0.0,0.0,0.0,0.0,0.0,0.0,0.0,0.0,0.0,0.0,0.0,0.0,0.0,0.0,0.0,0.0,0.0,0.0,0.0]],"outlier_solution":[1,2,0,4,3,5,7,6,8,9,11,12,10,14,15,13,18,16,17,19],"dataset_id":716,"source_dataset_id":763,"options":null,"D":{"0":{"0":0,"1":3,"2":2,"3":2,"4":0,"5":0,"6":0,"7":0,"8":0,"9":0,"10":0,"11":0,"12":0,"13":0,"14":0,"15":0,"16":0,"17":0,"18":0,"19":0},"1":{"0":3,"1":0,"2":2,"3":1,"4":4,"5":0,"6":0,"7":0,"8":0,"9":0,"10":0,"11":0,"12":0,"13":0,"14":0,"15":0,"16":0,"17":0,"18":0,"19":0},"2":{"0":1,"1":1,"2":0,"3":1,"4":3,"5":3,"6":0,"7":0,"8":0,"9":0,"10":0,"11":0,"12":0,"13":0,"14":0,"15":0,"16":0,"17":0,"18":0,"19":0},"3":{"0":1,"1":3,"2":1,"3":0,"4":3,"5":5,"6":0,"7":0,"8":0,"9":0,"10":0,"11":0,"12":0,"13":0,"14":0,"15":0,"16":0,"17":0,"18":0,"19":0},"4":{"0":1,"1":5,"2":6,"3":2,"4":0,"5":2,"6":4,"7":0,"8":0,"9":0,"10":0,"11":0,"12":0,"13":0,"14":0,"15":0,"16":0,"17":0,"18":0,"19":0},"5":{"0":4,"1":6,"2":3,"3":3,"4":2,"5":0,"6":2,"7":3,"8":5,"9":0,"10":0,"11":0,"12":0,"13":0,"14":0,"15":0,"16":0,"17":0,"18":0,"19":0},"6":{"0":7,"1":9,"2":10,"3":2,"4":4,"5":1,"6":0,"7":2,"8":0,"9":2,"10":0,"11":0,"12":0,"13":0,"14":0,"15":0,"16":0,"17":0,"18":0,"19":0},"7":{"0":3,"1":5,"2":3,"3":7,"4":1,"5":6,"6":4,"7":0,"8":4,"9":2,"10":2,"11":0,"12":0,"13":0,"14":0,"15":0,"16":0,"17":0,"18":0,"19":0},"8":{"0":6,"1":6,"2":5,"3":6,"4":6,"5":0,"6":4,"7":4,"8":0,"9":4,"10":2,"11":3,"12":0,"13":0,"14":0,"15":0,"16":0,"17":0,"18":0,"19":0},"9":{"0":5,"1":4,"2":4,"3":2,"4":9,"5":5,"6":1,"7":5,"8":2,"9":0,"10":4,"11":3,"12":3,"13":0,"14":0,"15":0,"16":0,"17":0,"18":0,"19":0},"10":{"0":6,"1":6,"2":6,"3":10,"4":3,"5":6,"6":4,"7":4,"8":3,"9":5,"10":0,"11":5,"12":2,"13":3,"14":0,"15":0,"16":0,"17":0,"18":0,"19":0},"11":{"0":3,"1":5,"2":2,"3":2,"4":5,"5":6,"6":8,"7":2,"8":3,"9":2,"10":2,"11":0,"12":0,"13":3,"14":3,"15":0,"16":0,"17":0,"18":0,"19":0},"12":{"0":1,"1":5,"2":5,"3":4,"4":5,"5":5,"6":7,"7":7,"8":7,"9":4,"10":5,"11":1,"12":0,"13":1,"14":3,"15":2,"16":0,"17":0,"18":0,"19":0},"13":{"0":6,"1":10,"2":9,"3":7,"4":6,"5":7,"6":5,"7":2,"8":4,"9":7,"10":1,"11":3,"12":5,"13":0,"14":3,"15":4,"16":3,"17":0,"18":0,"19":0},"14":{"0":7,"1":5,"2":8,"3":2,"4":7,"5":2,"6":5,"7":3,"8":4,"9":4,"10":2,"11":3,"12":2,"13":1,"14":0,"15":3,"16":2,"17":6,"18":0,"19":0},"15":{"0":2,"1":8,"2":5,"3":5,"4":6,"5":2,"6":4,"7":4,"8":4,"9":3,"10":5,"11":4,"12":2,"13":8,"14":0,"15":0,"16":0,"17":1,"18":3,"19":0},"16":{"0":8,"1":5,"2":7,"3":6,"4":6,"5":9,"6":3,"7":6,"8":3,"9":6,"10":4,"11":1,"12":3,"13":2,"14":5,"15":3,"16":0,"17":5,"18":1,"19":0},"17":{"0":2,"1":8,"2":5,"3":3,"4":4,"5":3,"6":4,"7":5,"8":5,"9":6,"10":6,"11":3,"12":9,"13":3,"14":5,"15":3,"16":5,"17":0,"18":2,"19":3},"18":{"0":5,"1":4,"2":5,"3":4,"4":4,"5":6,"6":6,"7":4,"8":4,"9":5,"10":4,"11":3,"12":11,"13":11,"14":4,"15":3,"16":4,"17":5,"18":0,"19":1},"19":{"0":5,"1":4,"2":5,"3":9,"4":8,"5":7,"6":5,"7":7,"8":11,"9":5,"10":3,"11":6,"12":5,"13":9,"14":3,"15":3,"16":2,"17":2,"18":2,"19":0}},"method":"hillside","closest_pair":[[1,2,0,4,3,5,6,7,9,8,11,12,10,14,15,13,18,16,17,19],[1,2,0,4,3,5,7,6,9,8,11,12,10,14,15,13,18,16,17,19]],"farthest_pair":[[1,2,0,4,3,5,6,9,7,8,11,12,10,14,15,13,18,16,17,19],[1,2,0,4,3,5,7,6,8,9,11,10,12,14,15,13,18,16,17,19]],"tau_farthest_pair":0.9578947368,"tau_closest_pair":0.9894736842,"centroid_solution":[1,2,0,4,3,5,6,7,9,8,11,10,12,14,15,13,18,16,17,19]}