{"solutions":[[19,17,16,18,13,15,14,10,12,11,8,9,6,7,5,3,4,0,2,1],[19,17,16,18,13,15,14,12,10,11,8,7,9,6,5,3,4,0,2,1],[19,17,16,18,13,15,14,12,10,11,8,9,7,6,5,3,4,0,2,1],[19,17,16,18,13,15,14,12,10,11,8,9,6,7,5,3,4,0,2,1],[19,17,16,18,13,15,14,10,12,11,9,8,7,6,5,3,4,0,2,1],[19,17,16,18,13,15,14,12,10,11,9,8,7,6,5,3,4,0,2,1],[19,17,16,18,13,15,14,10,12,11,8,7,9,6,5,3,4,0,2,1],[19,17,16,18,13,15,14,10,12,11,8,9,7,6,5,3,4,0,2,1],[19,17,16,18,13,15,14,10,12,11,9,8,6,7,5,3,4,0,2,1],[19,17,16,18,13,15,14,12,10,11,9,8,6,7,5,3,4,0,2,1]],"obj":1015.0,"max_tau_solutions":null,"centroid_x":[[0.0,1.0,1.0,0.0,0.0,0.0,0.0,0.0,0.0,0.0,0.0,0.0,0.0,0.0,0.0,0.0,0.0,0.0,0.0,0.0],[0.0,0.0,0.0,0.0,0.0,0.0,0.0,0.0,0.0,0.0,0.0,0.0,0.0,0.0,0.0,0.0,0.0,0.0,0.0,0.0],[0.0,1.0,0.0,0.0,0.0,0.0,0.0,0.0,0.0,0.0,0.0,0.0,0.0,0.0,0.0,0.0,0.0,0.0,0.0,0.0],[1.0,1.0,1.0,0.0,1.0,0.0,0.0,0.0,0.0,0.0,0.0,0.0,0.0,0.0,0.0,0.0,0.0,0.0,0.0,0.0],[1.0,1.0,1.0,0.0,0.0,0.0,0.0,0.0,0.0,0.0,0.0,0.0,0.0,0.0,0.0,0.0,0.0,0.0,0.0,0.0],[1.0,1.0,1.0,1.0,1.0,0.0,0.0,0.0,0.0,0.0,0.0,0.0,0.0,0.0,0.0,0.0,0.0,0.0,0.0,0.0],[1.0,1.0,1.0,1.0,1.0,1.0,0.0,0.3210071885,0.0,0.0,0.0,0.0,0.0,0.0,0.0,0.0,0.0,0.0,0.0,0.0],[1.0,1.0,1.0,1.0,1.0,1.0,0.6789928115,0.0,0.0,0.2829723191,0.0,0.0,0.0,0.0,0.0,0.0,0.0,0.0,0.0,0.0],[1.0,1.0,1.0,1.0,1.0,1.0,1.0,1.0,0.0,0.3850853963,0.0,0.0,0.0,0.0,0.0,0.0,0.0,0.0,0.0,0.0],[1.0,1.0,1.0,1.0,1.0,1.0,1.0,0.7170276809,0.6149146037,0.0,0.0,0.0,0.0,0.0,0.0,0.0,0.0,0.0,0.0,0.0],[1.0,1.0,1.0,1.0,1.0,1.0,1.0,1.0,1.0,1.0,0.0,1.0,0.3826151014,0.0,0.0,0.0,0.0,0.0,0.0,0.0],[1.0,1.0,1.0,1.0,1.0,1.0,1.0,1.0,1.0,1.0,0.0,0.0,0.0,0.0,0.0,0.0,0.0,0.0,0.0,0.0],[1.0,1.0,1.0,1.0,1.0,1.0,1.0,1.0,1.0,1.0,0.6173848986,1.0,0.0,0.0,0.0,0.0,0.0,0.0,0.0,0.0],[1.0,1.0,1.0,1.0,1.0,1.0,1.0,1.0,1.0,1.0,1.0,1.0,1.0,0.0,1.0,1.0,0.0,0.0,0.0,0.0],[1.0,1.0,1.0,1.0,1.0,1.0,1.0,1.0,1.0,1.0,1.0,1.0,1.0,0.0,0.0,0.0,0.0,0.0,0.0,0.0],[1.0,1.0,1.0,1.0,1.0,1.0,1.0,1.0,1.0,1.0,1.0,1.0,1.0,0.0,1.0,0.0,0.0,0.0,0.0,0.0],[1.0,1.0,1.0,1.0,1.0,1.0,1.0,1.0,1.0,1.0,1.0,1.0,1.0,1.0,1.0,1.0,0.0,0.0,1.0,0.0],[1.0,1.0,1.0,1.0,1.0,1.0,1.0,1.0,1.0,1.0,1.0,1.0,1.0,1.0,1.0,1.0,1.0,0.0,1.0,0.0],[1.0,1.0,1.0,1.0,1.0,1.0,1.0,1.0,1.0,1.0,1.0,1.0,1.0,1.0,1.0,1.0,0.0,0.0,0.0,0.0],[1.0,1.0,1.0,1.0,1.0,1.0,1.0,1.0,1.0,1.0,1.0,1.0,1.0,1.0,1.0,1.0,1.0,1.0,1.0,0.0]],"outlier_solution":[19,17,16,18,13,15,14,10,12,11,8,7,9,6,5,3,4,0,2,1],"dataset_id":716,"source_dataset_id":763,"options":null,"D":{"0":{"0":0,"1":3,"2":1,"3":1,"4":1,"5":4,"6":7,"7":3,"8":6,"9":5,"10":6,"11":3,"12":1,"13":6,"14":7,"15":2,"16":8,"17":2,"18":5,"19":5},"1":{"0":3,"1":0,"2":1,"3":3,"4":5,"5":6,"6":9,"7":5,"8":6,"9":4,"10":6,"11":5,"12":5,"13":10,"14":5,"15":8,"16":5,"17":8,"18":4,"19":4},"2":{"0":2,"1":2,"2":0,"3":1,"4":6,"5":3,"6":10,"7":3,"8":5,"9":4,"10":6,"11":2,"12":5,"13":9,"14":8,"15":5,"16":7,"17":5,"18":5,"19":5},"3":{"0":2,"1":1,"2":1,"3":0,"4":2,"5":3,"6":2,"7":7,"8":6,"9":2,"10":10,"11":2,"12":4,"13":7,"14":2,"15":5,"16":6,"17":3,"18":4,"19":9},"4":{"0":0,"1":4,"2":3,"3":3,"4":0,"5":2,"6":4,"7":1,"8":6,"9":9,"10":3,"11":5,"12":5,"13":6,"14":7,"15":6,"16":6,"17":4,"18":4,"19":8},"5":{"0":0,"1":0,"2":3,"3":5,"4":2,"5":0,"6":1,"7":6,"8":0,"9":5,"10":6,"11":6,"12":5,"13":7,"14":2,"15":2,"16":9,"17":3,"18":6,"19":7},"6":{"0":0,"1":0,"2":0,"3":0,"4":4,"5":2,"6":0,"7":4,"8":4,"9":1,"10":4,"11":8,"12":7,"13":5,"14":5,"15":4,"16":3,"17":4,"18":6,"19":5},"7":{"0":0,"1":0,"2":0,"3":0,"4":0,"5":3,"6":2,"7":0,"8":4,"9":5,"10":4,"11":2,"12":7,"13":2,"14":3,"15":4,"16":6,"17":5,"18":4,"19":7},"8":{"0":0,"1":0,"2":0,"3":0,"4":0,"5":5,"6":0,"7":4,"8":0,"9":2,"10":3,"11":3,"12":7,"13":4,"14":4,"15":4,"16":3,"17":5,"18":4,"19":11},"9":{"0":0,"1":0,"2":0,"3":0,"4":0,"5":0,"6":2,"7":2,"8":4,"9":0,"10":5,"11":2,"12":4,"13":7,"14":4,"15":3,"16":6,"17":6,"18":5,"19":5},"10":{"0":0,"1":0,"2":0,"3":0,"4":0,"5":0,"6":0,"7":2,"8":2,"9":4,"10":0,"11":2,"12":5,"13":1,"14":2,"15":5,"16":4,"17":6,"18":4,"19":3},"11":{"0":0,"1":0,"2":0,"3":0,"4":0,"5":0,"6":0,"7":0,"8":3,"9":3,"10":5,"11":0,"12":1,"13":3,"14":3,"15":4,"16":1,"17":3,"18":3,"19":6},"12":{"0":0,"1":0,"2":0,"3":0,"4":0,"5":0,"6":0,"7":0,"8":0,"9":3,"10":2,"11":0,"12":0,"13":5,"14":2,"15":2,"16":3,"17":9,"18":11,"19":5},"13":{"0":0,"1":0,"2":0,"3":0,"4":0,"5":0,"6":0,"7":0,"8":0,"9":0,"10":3,"11":3,"12":1,"13":0,"14":1,"15":8,"16":2,"17":3,"18":11,"19":9},"14":{"0":0,"1":0,"2":0,"3":0,"4":0,"5":0,"6":0,"7":0,"8":0,"9":0,"10":0,"11":3,"12":3,"13":3,"14":0,"15":0,"16":5,"17":5,"18":4,"19":3},"15":{"0":0,"1":0,"2":0,"3":0,"4":0,"5":0,"6":0,"7":0,"8":0,"9":0,"10":0,"11":0,"12":2,"13":4,"14":3,"15":0,"16":3,"17":3,"18":3,"19":3},"16":{"0":0,"1":0,"2":0,"3":0,"4":0,"5":0,"6":0,"7":0,"8":0,"9":0,"10":0,"11":0,"12":0,"13":3,"14":2,"15":0,"16":0,"17":5,"18":4,"19":2},"17":{"0":0,"1":0,"2":0,"3":0,"4":0,"5":0,"6":0,"7":0,"8":0,"9":0,"10":0,"11":0,"12":0,"13":0,"14":6,"15":1,"16":5,"17":0,"18":5,"19":2},"18":{"0":0,"1":0,"2":0,"3":0,"4":0,"5":0,"6":0,"7":0,"8":0,"9":0,"10":0,"11":0,"12":0,"13":0,"14":0,"15":3,"16":1,"17":2,"18":0,"19":2},"19":{"0":0,"1":0,"2":0,"3":0,"4":0,"5":0,"6":0,"7":0,"8":0,"9":0,"10":0,"11":0,"12":0,"13":0,"14":0,"15":0,"16":0,"17":3,"18":1,"19":0}},"method":"hillside","closest_pair":[[19,17,16,18,13,15,14,12,10,11,8,9,7,6,5,3,4,0,2,1],[19,17,16,18,13,15,14,12,10,11,8,7,9,6,5,3,4,0,2,1]],"farthest_pair":[[19,17,16,18,13,15,14,12,10,11,8,7,9,6,5,3,4,0,2,1],[19,17,16,18,13,15,14,10,12,11,9,8,6,7,5,3,4,0,2,1]],"tau_farthest_pair":0.9578947368,"tau_closest_pair":0.9894736842,"centroid_solution":[19,17,16,18,13,15,14,12,10,11,9,8,7,6,5,3,4,0,2,1]}