{"solutions":[[18,19,17,15,14,16,13,10,12,11,9,7,8,6,5,4,3,1,2,0],[18,19,17,15,14,16,13,10,12,11,9,8,7,6,5,4,3,1,2,0],[18,19,17,15,16,14,13,10,12,11,9,7,8,6,5,4,3,1,2,0],[18,19,17,15,16,14,13,10,12,11,9,8,7,6,5,4,3,1,2,0]],"obj":1049.0,"max_tau_solutions":null,"centroid_x":[[0.0,0.0,0.0,0.0,0.0,0.0,0.0,0.0,0.0,0.0,0.0,0.0,0.0,0.0,0.0,0.0,0.0,0.0,0.0,0.0],[1.0,0.0,1.0,0.0,0.0,0.0,0.0,0.0,0.0,0.0,0.0,0.0,0.0,0.0,0.0,0.0,0.0,0.0,0.0,0.0],[1.0,0.0,0.0,0.0,0.0,0.0,0.0,0.0,0.0,0.0,0.0,0.0,0.0,0.0,0.0,0.0,0.0,0.0,0.0,0.0],[1.0,1.0,1.0,0.0,0.0,0.0,0.0,0.0,0.0,0.0,0.0,0.0,0.0,0.0,0.0,0.0,0.0,0.0,0.0,0.0],[1.0,1.0,1.0,1.0,0.0,0.0,0.0,0.0,0.0,0.0,0.0,0.0,0.0,0.0,0.0,0.0,0.0,0.0,0.0,0.0],[1.0,1.0,1.0,1.0,1.0,0.0,0.0,0.0,0.0,0.0,0.0,0.0,0.0,0.0,0.0,0.0,0.0,0.0,0.0,0.0],[1.0,1.0,1.0,1.0,1.0,1.0,0.0,0.0,0.0,0.0,0.0,0.0,0.0,0.0,0.0,0.0,0.0,0.0,0.0,0.0],[1.0,1.0,1.0,1.0,1.0,1.0,1.0,0.0,0.3360622903,0.0,0.0,0.0,0.0,0.0,0.0,0.0,0.0,0.0,0.0,0.0],[1.0,1.0,1.0,1.0,1.0,1.0,1.0,0.6639377097,0.0,0.0,0.0,0.0,0.0,0.0,0.0,0.0,0.0,0.0,0.0,0.0],[1.0,1.0,1.0,1.0,1.0,1.0,1.0,1.0,1.0,0.0,0.0,0.0,0.0,0.0,0.0,0.0,0.0,0.0,0.0,0.0],[1.0,1.0,1.0,1.0,1.0,1.0,1.0,1.0,1.0,1.0,0.0,1.0,1.0,0.0,0.0,0.0,0.0,0.0,0.0,0.0],[1.0,1.0,1.0,1.0,1.0,1.0,1.0,1.0,1.0,1.0,0.0,0.0,0.0,0.0,0.0,0.0,0.0,0.0,0.0,0.0],[1.0,1.0,1.0,1.0,1.0,1.0,1.0,1.0,1.0,1.0,0.0,1.0,0.0,0.0,0.0,0.0,0.0,0.0,0.0,0.0],[1.0,1.0,1.0,1.0,1.0,1.0,1.0,1.0,1.0,1.0,1.0,1.0,1.0,0.0,0.0,0.0,0.0,0.0,0.0,0.0],[1.0,1.0,1.0,1.0,1.0,1.0,1.0,1.0,1.0,1.0,1.0,1.0,1.0,1.0,0.0,0.0,0.3691828272,0.0,0.0,0.0],[1.0,1.0,1.0,1.0,1.0,1.0,1.0,1.0,1.0,1.0,1.0,1.0,1.0,1.0,1.0,0.0,1.0,0.0,0.0,0.0],[1.0,1.0,1.0,1.0,1.0,1.0,1.0,1.0,1.0,1.0,1.0,1.0,1.0,1.0,0.6308171728,0.0,0.0,0.0,0.0,0.0],[1.0,1.0,1.0,1.0,1.0,1.0,1.0,1.0,1.0,1.0,1.0,1.0,1.0,1.0,1.0,1.0,1.0,0.0,0.0,0.0],[1.0,1.0,1.0,1.0,1.0,1.0,1.0,1.0,1.0,1.0,1.0,1.0,1.0,1.0,1.0,1.0,1.0,1.0,0.0,1.0],[1.0,1.0,1.0,1.0,1.0,1.0,1.0,1.0,1.0,1.0,1.0,1.0,1.0,1.0,1.0,1.0,1.0,1.0,0.0,0.0]],"outlier_solution":[18,19,17,15,14,16,13,10,12,11,9,7,8,6,5,4,3,1,2,0],"dataset_id":717,"source_dataset_id":764,"options":null,"D":{"0":{"0":0,"1":4,"2":1,"3":1,"4":6,"5":7,"6":5,"7":4,"8":10,"9":8,"10":7,"11":8,"12":3,"13":4,"14":7,"15":6,"16":3,"17":7,"18":8,"19":4},"1":{"0":1,"1":0,"2":2,"3":1,"4":0,"5":4,"6":5,"7":6,"8":1,"9":2,"10":3,"11":6,"12":9,"13":9,"14":5,"15":5,"16":4,"17":8,"18":4,"19":3},"2":{"0":0,"1":2,"2":0,"3":3,"4":5,"5":5,"6":7,"7":8,"8":11,"9":4,"10":7,"11":5,"12":6,"13":4,"14":5,"15":6,"16":4,"17":3,"18":11,"19":8},"3":{"0":5,"1":1,"2":3,"3":0,"4":2,"5":3,"6":3,"7":3,"8":6,"9":9,"10":6,"11":4,"12":4,"13":3,"14":5,"15":5,"16":3,"17":4,"18":5,"19":6},"4":{"0":0,"1":5,"2":2,"3":3,"4":0,"5":2,"6":1,"7":4,"8":4,"9":8,"10":11,"11":3,"12":3,"13":8,"14":9,"15":4,"16":5,"17":6,"18":4,"19":2},"5":{"0":0,"1":0,"2":2,"3":1,"4":6,"5":0,"6":2,"7":1,"8":3,"9":8,"10":4,"11":4,"12":10,"13":4,"14":9,"15":8,"16":3,"17":4,"18":4,"19":4},"6":{"0":0,"1":0,"2":0,"3":7,"4":4,"5":3,"6":0,"7":4,"8":2,"9":1,"10":4,"11":7,"12":3,"13":3,"14":5,"15":7,"16":7,"17":3,"18":5,"19":5},"7":{"0":0,"1":0,"2":0,"3":0,"4":2,"5":3,"6":2,"7":0,"8":2,"9":1,"10":2,"11":5,"12":7,"13":2,"14":6,"15":3,"16":4,"17":7,"18":2,"19":6},"8":{"0":0,"1":0,"2":0,"3":0,"4":0,"5":1,"6":2,"7":3,"8":0,"9":4,"10":2,"11":5,"12":2,"13":5,"14":7,"15":4,"16":5,"17":6,"18":8,"19":4},"9":{"0":0,"1":0,"2":0,"3":0,"4":0,"5":0,"6":2,"7":3,"8":2,"9":0,"10":2,"11":0,"12":2,"13":3,"14":2,"15":9,"16":5,"17":3,"18":6,"19":6},"10":{"0":0,"1":0,"2":0,"3":0,"4":0,"5":0,"6":0,"7":4,"8":3,"9":2,"10":0,"11":1,"12":3,"13":2,"14":7,"15":4,"16":3,"17":2,"18":5,"19":5},"11":{"0":0,"1":0,"2":0,"3":0,"4":0,"5":0,"6":0,"7":0,"8":1,"9":3,"10":3,"11":0,"12":3,"13":3,"14":0,"15":6,"16":3,"17":7,"18":8,"19":3},"12":{"0":0,"1":0,"2":0,"3":0,"4":0,"5":0,"6":0,"7":0,"8":0,"9":2,"10":6,"11":5,"12":0,"13":2,"14":3,"15":4,"16":10,"17":6,"18":8,"19":4},"13":{"0":0,"1":0,"2":0,"3":0,"4":0,"5":0,"6":0,"7":0,"8":0,"9":0,"10":3,"11":3,"12":2,"13":0,"14":0,"15":1,"16":0,"17":5,"18":3,"19":7},"14":{"0":0,"1":0,"2":0,"3":0,"4":0,"5":0,"6":0,"7":0,"8":0,"9":0,"10":0,"11":1,"12":0,"13":2,"14":0,"15":6,"16":2,"17":4,"18":3,"19":5},"15":{"0":0,"1":0,"2":0,"3":0,"4":0,"5":0,"6":0,"7":0,"8":0,"9":0,"10":0,"11":0,"12":2,"13":2,"14":5,"15":0,"16":1,"17":0,"18":2,"19":6},"16":{"0":0,"1":0,"2":0,"3":0,"4":0,"5":0,"6":0,"7":0,"8":0,"9":0,"10":0,"11":0,"12":0,"13":4,"14":2,"15":1,"16":0,"17":4,"18":2,"19":1},"17":{"0":0,"1":0,"2":0,"3":0,"4":0,"5":0,"6":0,"7":0,"8":0,"9":0,"10":0,"11":0,"12":0,"13":0,"14":3,"15":0,"16":6,"17":0,"18":4,"19":3},"18":{"0":0,"1":0,"2":0,"3":0,"4":0,"5":0,"6":0,"7":0,"8":0,"9":0,"10":0,"11":0,"12":0,"13":0,"14":0,"15":4,"16":2,"17":2,"18":0,"19":3},"19":{"0":0,"1":0,"2":0,"3":0,"4":0,"5":0,"6":0,"7":0,"8":0,"9":0,"10":0,"11":0,"12":0,"13":0,"14":0,"15":0,"16":5,"17":3,"18":2,"19":0}},"method":"hillside","closest_pair":[[18,19,17,15,14,16,13,10,12,11,9,8,7,6,5,4,3,1,2,0],[18,19,17,15,16,14,13,10,12,11,9,8,7,6,5,4,3,1,2,0]],"farthest_pair":[[18,19,17,15,16,14,13,10,12,11,9,8,7,6,5,4,3,1,2,0],[18,19,17,15,14,16,13,10,12,11,9,7,8,6,5,4,3,1,2,0]],"tau_farthest_pair":0.9789473684,"tau_closest_pair":0.9894736842,"centroid_solution":[18,19,17,15,16,14,13,10,12,11,9,8,7,6,5,4,3,1,2,0]}