{"solutions":[[19,18,17,15,16,13,14,12,9,11,10,8,6,7,5,4,1,2,3,0],[19,18,17,15,16,13,14,12,9,11,10,8,6,7,5,4,1,3,2,0]],"obj":1051.0,"max_tau_solutions":null,"centroid_x":[[0.0,0.0,0.0,0.0,0.0,0.0,0.0,0.0,0.0,0.0,0.0,0.0,0.0,0.0,0.0,0.0,0.0,0.0,0.0,0.0],[1.0,0.0,1.0,1.0,0.0,0.0,0.0,0.0,0.0,0.0,0.0,0.0,0.0,0.0,0.0,0.0,0.0,0.0,0.0,0.0],[1.0,0.0,0.0,0.3495871579,0.0,0.0,0.0,0.0,0.0,0.0,0.0,0.0,0.0,0.0,0.0,0.0,0.0,0.0,0.0,0.0],[1.0,0.0,0.6504128421,0.0,0.0,0.0,0.0,0.0,0.0,0.0,0.0,0.0,0.0,0.0,0.0,0.0,0.0,0.0,0.0,0.0],[1.0,1.0,1.0,1.0,0.0,0.0,0.0,0.0,0.0,0.0,0.0,0.0,0.0,0.0,0.0,0.0,0.0,0.0,0.0,0.0],[1.0,1.0,1.0,1.0,1.0,0.0,0.0,0.0,0.0,0.0,0.0,0.0,0.0,0.0,0.0,0.0,0.0,0.0,0.0,0.0],[1.0,1.0,1.0,1.0,1.0,1.0,0.0,1.0,0.0,0.0,0.0,0.0,0.0,0.0,0.0,0.0,0.0,0.0,0.0,0.0],[1.0,1.0,1.0,1.0,1.0,1.0,0.0,0.0,0.0,0.0,0.0,0.0,0.0,0.0,0.0,0.0,0.0,0.0,0.0,0.0],[1.0,1.0,1.0,1.0,1.0,1.0,1.0,1.0,0.0,0.0,0.0,0.0,0.0,0.0,0.0,0.0,0.0,0.0,0.0,0.0],[1.0,1.0,1.0,1.0,1.0,1.0,1.0,1.0,1.0,0.0,1.0,1.0,0.0,0.0,0.0,0.0,0.0,0.0,0.0,0.0],[1.0,1.0,1.0,1.0,1.0,1.0,1.0,1.0,1.0,0.0,0.0,0.0,0.0,0.0,0.0,0.0,0.0,0.0,0.0,0.0],[1.0,1.0,1.0,1.0,1.0,1.0,1.0,1.0,1.0,0.0,1.0,0.0,0.0,0.0,0.0,0.0,0.0,0.0,0.0,0.0],[1.0,1.0,1.0,1.0,1.0,1.0,1.0,1.0,1.0,1.0,1.0,1.0,0.0,0.0,0.0,0.0,0.0,0.0,0.0,0.0],[1.0,1.0,1.0,1.0,1.0,1.0,1.0,1.0,1.0,1.0,1.0,1.0,1.0,0.0,1.0,0.0,0.0,0.0,0.0,0.0],[1.0,1.0,1.0,1.0,1.0,1.0,1.0,1.0,1.0,1.0,1.0,1.0,1.0,0.0,0.0,0.0,0.0,0.0,0.0,0.0],[1.0,1.0,1.0,1.0,1.0,1.0,1.0,1.0,1.0,1.0,1.0,1.0,1.0,1.0,1.0,0.0,1.0,0.0,0.0,0.0],[1.0,1.0,1.0,1.0,1.0,1.0,1.0,1.0,1.0,1.0,1.0,1.0,1.0,1.0,1.0,0.0,0.0,0.0,0.0,0.0],[1.0,1.0,1.0,1.0,1.0,1.0,1.0,1.0,1.0,1.0,1.0,1.0,1.0,1.0,1.0,1.0,1.0,0.0,0.0,0.0],[1.0,1.0,1.0,1.0,1.0,1.0,1.0,1.0,1.0,1.0,1.0,1.0,1.0,1.0,1.0,1.0,1.0,1.0,0.0,0.0],[1.0,1.0,1.0,1.0,1.0,1.0,1.0,1.0,1.0,1.0,1.0,1.0,1.0,1.0,1.0,1.0,1.0,1.0,1.0,0.0]],"outlier_solution":[19,18,17,15,16,13,14,12,9,11,10,8,6,7,5,4,1,2,3,0],"dataset_id":723,"source_dataset_id":770,"options":null,"D":{"0":{"0":0,"1":9,"2":2,"3":2,"4":6,"5":8,"6":3,"7":7,"8":4,"9":3,"10":5,"11":7,"12":2,"13":11,"14":7,"15":5,"16":2,"17":2,"18":6,"19":9},"1":{"0":3,"1":0,"2":4,"3":2,"4":2,"5":4,"6":8,"7":6,"8":0,"9":8,"10":6,"11":5,"12":3,"13":15,"14":6,"15":6,"16":2,"17":3,"18":6,"19":4},"2":{"0":3,"1":1,"2":0,"3":3,"4":4,"5":1,"6":7,"7":6,"8":3,"9":5,"10":5,"11":5,"12":6,"13":8,"14":6,"15":8,"16":5,"17":11,"18":3,"19":3},"3":{"0":1,"1":1,"2":0,"3":0,"4":6,"5":1,"6":2,"7":7,"8":4,"9":4,"10":3,"11":6,"12":6,"13":10,"14":6,"15":8,"16":4,"17":4,"18":8,"19":5},"4":{"0":0,"1":0,"2":0,"3":1,"4":0,"5":2,"6":3,"7":2,"8":6,"9":6,"10":2,"11":8,"12":6,"13":3,"14":4,"15":4,"16":7,"17":3,"18":11,"19":5},"5":{"0":0,"1":0,"2":2,"3":0,"4":1,"5":0,"6":0,"7":0,"8":0,"9":10,"10":6,"11":6,"12":4,"13":6,"14":2,"15":4,"16":9,"17":3,"18":4,"19":5},"6":{"0":0,"1":0,"2":0,"3":0,"4":3,"5":5,"6":0,"7":1,"8":1,"9":4,"10":2,"11":2,"12":7,"13":2,"14":5,"15":10,"16":4,"17":5,"18":2,"19":3},"7":{"0":0,"1":0,"2":0,"3":0,"4":2,"5":1,"6":4,"7":0,"8":1,"9":4,"10":2,"11":2,"12":9,"13":8,"14":7,"15":3,"16":5,"17":9,"18":4,"19":4},"8":{"0":0,"1":0,"2":0,"3":0,"4":0,"5":2,"6":4,"7":2,"8":0,"9":3,"10":1,"11":4,"12":5,"13":5,"14":4,"15":3,"16":4,"17":7,"18":5,"19":6},"9":{"0":0,"1":0,"2":0,"3":0,"4":0,"5":0,"6":2,"7":2,"8":2,"9":0,"10":2,"11":3,"12":0,"13":4,"14":4,"15":6,"16":7,"17":4,"18":6,"19":6},"10":{"0":0,"1":0,"2":0,"3":0,"4":0,"5":0,"6":0,"7":3,"8":7,"9":1,"10":0,"11":4,"12":1,"13":6,"14":4,"15":4,"16":5,"17":6,"18":6,"19":3},"11":{"0":0,"1":0,"2":0,"3":0,"4":0,"5":0,"6":0,"7":0,"8":4,"9":2,"10":5,"11":0,"12":3,"13":2,"14":5,"15":6,"16":8,"17":7,"18":3,"19":8},"12":{"0":0,"1":0,"2":0,"3":0,"4":0,"5":0,"6":0,"7":0,"8":0,"9":3,"10":9,"11":2,"12":0,"13":0,"14":5,"15":2,"16":8,"17":4,"18":4,"19":6},"13":{"0":0,"1":0,"2":0,"3":0,"4":0,"5":0,"6":0,"7":0,"8":0,"9":0,"10":2,"11":4,"12":4,"13":0,"14":4,"15":3,"16":2,"17":6,"18":9,"19":5},"14":{"0":0,"1":0,"2":0,"3":0,"4":0,"5":0,"6":0,"7":0,"8":0,"9":0,"10":0,"11":0,"12":3,"13":3,"14":0,"15":6,"16":3,"17":5,"18":4,"19":6},"15":{"0":0,"1":0,"2":0,"3":0,"4":0,"5":0,"6":0,"7":0,"8":0,"9":0,"10":0,"11":0,"12":1,"13":1,"14":1,"15":0,"16":3,"17":1,"18":2,"19":6},"16":{"0":0,"1":0,"2":0,"3":0,"4":0,"5":0,"6":0,"7":0,"8":0,"9":0,"10":0,"11":0,"12":0,"13":4,"14":3,"15":2,"16":0,"17":5,"18":3,"19":2},"17":{"0":0,"1":0,"2":0,"3":0,"4":0,"5":0,"6":0,"7":0,"8":0,"9":0,"10":0,"11":0,"12":0,"13":0,"14":2,"15":3,"16":1,"17":0,"18":2,"19":1},"18":{"0":0,"1":0,"2":0,"3":0,"4":0,"5":0,"6":0,"7":0,"8":0,"9":0,"10":0,"11":0,"12":0,"13":0,"14":0,"15":1,"16":3,"17":3,"18":0,"19":0},"19":{"0":0,"1":0,"2":0,"3":0,"4":0,"5":0,"6":0,"7":0,"8":0,"9":0,"10":0,"11":0,"12":0,"13":0,"14":0,"15":0,"16":0,"17":2,"18":2,"19":0}},"method":"hillside","closest_pair":[[19,18,17,15,16,13,14,12,9,11,10,8,6,7,5,4,1,2,3,0],[19,18,17,15,16,13,14,12,9,11,10,8,6,7,5,4,1,3,2,0]],"farthest_pair":[[19,18,17,15,16,13,14,12,9,11,10,8,6,7,5,4,1,3,2,0],[19,18,17,15,16,13,14,12,9,11,10,8,6,7,5,4,1,2,3,0]],"tau_farthest_pair":0.9894736842,"tau_closest_pair":0.9894736842,"centroid_solution":[19,18,17,15,16,13,14,12,9,11,10,8,6,7,5,4,1,3,2,0]}