{"solutions":[[0,1,3,2,5,4,6,8,9,7,10,13,11,12,14,15,17,16,18,19],[0,1,3,2,5,4,6,8,7,9,10,13,11,12,14,15,17,16,18,19]],"obj":1115.0,"max_tau_solutions":null,"centroid_x":[[0.0,1.0,1.0,1.0,1.0,1.0,1.0,1.0,1.0,1.0,1.0,1.0,1.0,1.0,1.0,1.0,1.0,1.0,1.0,1.0],[0.0,0.0,1.0,1.0,1.0,1.0,1.0,1.0,1.0,1.0,1.0,1.0,1.0,1.0,1.0,1.0,1.0,1.0,1.0,1.0],[0.0,0.0,0.0,0.0,1.0,1.0,1.0,1.0,1.0,1.0,1.0,1.0,1.0,1.0,1.0,1.0,1.0,1.0,1.0,1.0],[0.0,0.0,1.0,0.0,1.0,1.0,1.0,1.0,1.0,1.0,1.0,1.0,1.0,1.0,1.0,1.0,1.0,1.0,1.0,1.0],[0.0,0.0,0.0,0.0,0.0,0.0,1.0,1.0,1.0,1.0,1.0,1.0,1.0,1.0,1.0,1.0,1.0,1.0,1.0,1.0],[0.0,0.0,0.0,0.0,1.0,0.0,1.0,1.0,1.0,1.0,1.0,1.0,1.0,1.0,1.0,1.0,1.0,1.0,1.0,1.0],[0.0,0.0,0.0,0.0,0.0,0.0,0.0,1.0,1.0,1.0,1.0,1.0,1.0,1.0,1.0,1.0,1.0,1.0,1.0,1.0],[0.0,0.0,0.0,0.0,0.0,0.0,0.0,0.0,0.0,0.4756193081,1.0,1.0,1.0,1.0,1.0,1.0,1.0,1.0,1.0,1.0],[0.0,0.0,0.0,0.0,0.0,0.0,0.0,1.0,0.0,1.0,1.0,1.0,1.0,1.0,1.0,1.0,1.0,1.0,1.0,1.0],[0.0,0.0,0.0,0.0,0.0,0.0,0.0,0.5243806919,0.0,0.0,1.0,1.0,1.0,1.0,1.0,1.0,1.0,1.0,1.0,1.0],[0.0,0.0,0.0,0.0,0.0,0.0,0.0,0.0,0.0,0.0,0.0,1.0,1.0,1.0,1.0,1.0,1.0,1.0,1.0,1.0],[0.0,0.0,0.0,0.0,0.0,0.0,0.0,0.0,0.0,0.0,0.0,0.0,1.0,0.0,1.0,1.0,1.0,1.0,1.0,1.0],[0.0,0.0,0.0,0.0,0.0,0.0,0.0,0.0,0.0,0.0,0.0,0.0,0.0,0.0,1.0,1.0,1.0,1.0,1.0,1.0],[0.0,0.0,0.0,0.0,0.0,0.0,0.0,0.0,0.0,0.0,0.0,1.0,1.0,0.0,1.0,1.0,1.0,1.0,1.0,1.0],[0.0,0.0,0.0,0.0,0.0,0.0,0.0,0.0,0.0,0.0,0.0,0.0,0.0,0.0,0.0,1.0,1.0,1.0,1.0,1.0],[0.0,0.0,0.0,0.0,0.0,0.0,0.0,0.0,0.0,0.0,0.0,0.0,0.0,0.0,0.0,0.0,1.0,1.0,1.0,1.0],[0.0,0.0,0.0,0.0,0.0,0.0,0.0,0.0,0.0,0.0,0.0,0.0,0.0,0.0,0.0,0.0,0.0,0.0,1.0,1.0],[0.0,0.0,0.0,0.0,0.0,0.0,0.0,0.0,0.0,0.0,0.0,0.0,0.0,0.0,0.0,0.0,1.0,0.0,1.0,1.0],[0.0,0.0,0.0,0.0,0.0,0.0,0.0,0.0,0.0,0.0,0.0,0.0,0.0,0.0,0.0,0.0,0.0,0.0,0.0,1.0],[0.0,0.0,0.0,0.0,0.0,0.0,0.0,0.0,0.0,0.0,0.0,0.0,0.0,0.0,0.0,0.0,0.0,0.0,0.0,0.0]],"outlier_solution":[0,1,3,2,5,4,6,8,7,9,10,13,11,12,14,15,17,16,18,19],"dataset_id":724,"source_dataset_id":771,"options":null,"D":{"0":{"0":0,"1":4,"2":2,"3":3,"4":0,"5":0,"6":0,"7":0,"8":0,"9":0,"10":0,"11":0,"12":0,"13":0,"14":0,"15":0,"16":0,"17":0,"18":0,"19":0},"1":{"0":2,"1":0,"2":3,"3":2,"4":1,"5":0,"6":0,"7":0,"8":0,"9":0,"10":0,"11":0,"12":0,"13":0,"14":0,"15":0,"16":0,"17":0,"18":0,"19":0},"2":{"0":6,"1":5,"2":0,"3":2,"4":5,"5":3,"6":0,"7":0,"8":0,"9":0,"10":0,"11":0,"12":0,"13":0,"14":0,"15":0,"16":0,"17":0,"18":0,"19":0},"3":{"0":1,"1":2,"2":3,"3":0,"4":0,"5":2,"6":4,"7":0,"8":0,"9":0,"10":0,"11":0,"12":0,"13":0,"14":0,"15":0,"16":0,"17":0,"18":0,"19":0},"4":{"0":7,"1":3,"2":3,"3":3,"4":0,"5":3,"6":2,"7":3,"8":0,"9":0,"10":0,"11":0,"12":0,"13":0,"14":0,"15":0,"16":0,"17":0,"18":0,"19":0},"5":{"0":4,"1":0,"2":2,"3":0,"4":2,"5":0,"6":1,"7":1,"8":4,"9":0,"10":0,"11":0,"12":0,"13":0,"14":0,"15":0,"16":0,"17":0,"18":0,"19":0},"6":{"0":5,"1":3,"2":7,"3":2,"4":3,"5":3,"6":0,"7":2,"8":3,"9":1,"10":0,"11":0,"12":0,"13":0,"14":0,"15":0,"16":0,"17":0,"18":0,"19":0},"7":{"0":6,"1":6,"2":4,"3":10,"4":5,"5":0,"6":2,"7":0,"8":2,"9":2,"10":2,"11":0,"12":0,"13":0,"14":0,"15":0,"16":0,"17":0,"18":0,"19":0},"8":{"0":10,"1":3,"2":2,"3":5,"4":3,"5":2,"6":5,"7":2,"8":0,"9":4,"10":1,"11":4,"12":0,"13":0,"14":0,"15":0,"16":0,"17":0,"18":0,"19":0},"9":{"0":5,"1":3,"2":3,"3":7,"4":3,"5":4,"6":4,"7":6,"8":1,"9":0,"10":3,"11":5,"12":4,"13":0,"14":0,"15":0,"16":0,"17":0,"18":0,"19":0},"10":{"0":4,"1":7,"2":6,"3":4,"4":8,"5":6,"6":5,"7":2,"8":3,"9":4,"10":0,"11":3,"12":1,"13":2,"14":0,"15":0,"16":0,"17":0,"18":0,"19":0},"11":{"0":6,"1":9,"2":4,"3":7,"4":7,"5":5,"6":5,"7":7,"8":5,"9":4,"10":3,"11":0,"12":1,"13":4,"14":6,"15":0,"16":0,"17":0,"18":0,"19":0},"12":{"0":5,"1":3,"2":9,"3":2,"4":4,"5":7,"6":5,"7":9,"8":4,"9":3,"10":5,"11":1,"12":0,"13":4,"14":5,"15":3,"16":0,"17":0,"18":0,"19":0},"13":{"0":4,"1":3,"2":4,"3":4,"4":5,"5":3,"6":2,"7":7,"8":6,"9":5,"10":1,"11":5,"12":3,"13":0,"14":2,"15":2,"16":2,"17":0,"18":0,"19":0},"14":{"0":4,"1":3,"2":7,"3":5,"4":4,"5":5,"6":1,"7":7,"8":7,"9":4,"10":4,"11":2,"12":2,"13":5,"14":0,"15":3,"16":2,"17":1,"18":0,"19":0},"15":{"0":2,"1":5,"2":4,"3":4,"4":6,"5":2,"6":2,"7":2,"8":7,"9":7,"10":4,"11":2,"12":1,"13":3,"14":4,"15":0,"16":2,"17":5,"18":1,"19":0},"16":{"0":13,"1":6,"2":5,"3":7,"4":4,"5":4,"6":3,"7":4,"8":7,"9":5,"10":4,"11":4,"12":6,"13":4,"14":3,"15":7,"16":0,"17":2,"18":4,"19":1},"17":{"0":7,"1":5,"2":2,"3":3,"4":3,"5":1,"6":4,"7":5,"8":6,"9":6,"10":9,"11":4,"12":5,"13":3,"14":3,"15":4,"16":2,"17":0,"18":3,"19":3},"18":{"0":4,"1":7,"2":5,"3":1,"4":4,"5":11,"6":4,"7":2,"8":9,"9":8,"10":6,"11":10,"12":6,"13":8,"14":7,"15":2,"16":0,"17":3,"18":0,"19":3},"19":{"0":4,"1":7,"2":5,"3":5,"4":4,"5":5,"6":11,"7":6,"8":8,"9":6,"10":1,"11":5,"12":7,"13":5,"14":7,"15":6,"16":3,"17":1,"18":4,"19":0}},"method":"hillside","closest_pair":[[0,1,3,2,5,4,6,8,7,9,10,13,11,12,14,15,17,16,18,19],[0,1,3,2,5,4,6,8,9,7,10,13,11,12,14,15,17,16,18,19]],"farthest_pair":[[0,1,3,2,5,4,6,8,9,7,10,13,11,12,14,15,17,16,18,19],[0,1,3,2,5,4,6,8,7,9,10,13,11,12,14,15,17,16,18,19]],"tau_farthest_pair":0.9894736842,"tau_closest_pair":0.9894736842,"centroid_solution":[0,1,3,2,5,4,6,8,9,7,10,13,11,12,14,15,17,16,18,19]}