{"solutions":[[18,17,19,16,15,14,13,12,11,9,10,8,7,6,4,5,3,0,2,1],[18,17,19,15,16,14,13,12,11,9,10,8,7,6,4,5,3,0,1,2],[18,17,19,15,16,14,13,12,9,11,10,8,7,6,4,5,3,0,2,1],[18,17,19,15,16,14,13,12,11,9,10,8,7,6,4,5,3,0,2,1],[18,17,19,15,16,14,13,12,9,11,10,8,7,6,4,5,3,0,1,2],[17,18,19,15,16,14,13,12,9,11,10,8,7,6,4,5,3,0,2,1],[17,18,19,15,16,14,13,12,11,9,10,8,7,6,4,5,3,0,1,2],[18,17,19,16,15,14,13,12,9,11,10,8,7,6,4,5,3,0,2,1],[17,18,19,15,16,14,13,12,9,11,10,8,7,6,4,5,3,0,1,2],[17,18,19,16,15,14,13,12,9,11,10,8,7,6,4,5,3,0,1,2],[17,18,19,16,15,14,13,12,11,9,10,8,7,6,4,5,3,0,1,2],[18,17,19,16,15,14,13,12,11,9,10,8,7,6,4,5,3,0,1,2],[17,18,19,16,15,14,13,12,11,9,10,8,7,6,4,5,3,0,2,1],[17,18,19,15,16,14,13,12,11,9,10,8,7,6,4,5,3,0,2,1],[17,18,19,16,15,14,13,12,9,11,10,8,7,6,4,5,3,0,2,1],[18,17,19,16,15,14,13,12,9,11,10,8,7,6,4,5,3,0,1,2]],"obj":1129.0,"max_tau_solutions":null,"centroid_x":[[0.0,1.0,1.0,0.0,0.0,0.0,0.0,0.0,0.0,0.0,0.0,0.0,0.0,0.0,0.0,0.0,0.0,0.0,0.0,0.0],[0.0,0.0,0.3364360127,0.0,0.0,0.0,0.0,0.0,0.0,0.0,0.0,0.0,0.0,0.0,0.0,0.0,0.0,0.0,0.0,0.0],[0.0,0.6635639873,0.0,0.0,0.0,0.0,0.0,0.0,0.0,0.0,0.0,0.0,0.0,0.0,0.0,0.0,0.0,0.0,0.0,0.0],[1.0,1.0,1.0,0.0,0.0,0.0,0.0,0.0,0.0,0.0,0.0,0.0,0.0,0.0,0.0,0.0,0.0,0.0,0.0,0.0],[1.0,1.0,1.0,1.0,0.0,1.0,0.0,0.0,0.0,0.0,0.0,0.0,0.0,0.0,0.0,0.0,0.0,0.0,0.0,0.0],[1.0,1.0,1.0,1.0,0.0,0.0,0.0,0.0,0.0,0.0,0.0,0.0,0.0,0.0,0.0,0.0,0.0,0.0,0.0,0.0],[1.0,1.0,1.0,1.0,1.0,1.0,0.0,0.0,0.0,0.0,0.0,0.0,0.0,0.0,0.0,0.0,0.0,0.0,0.0,0.0],[1.0,1.0,1.0,1.0,1.0,1.0,1.0,0.0,0.0,0.0,0.0,0.0,0.0,0.0,0.0,0.0,0.0,0.0,0.0,0.0],[1.0,1.0,1.0,1.0,1.0,1.0,1.0,1.0,0.0,0.0,0.0,0.0,0.0,0.0,0.0,0.0,0.0,0.0,0.0,0.0],[1.0,1.0,1.0,1.0,1.0,1.0,1.0,1.0,1.0,0.0,1.0,0.3527030853,0.0,0.0,0.0,0.0,0.0,0.0,0.0,0.0],[1.0,1.0,1.0,1.0,1.0,1.0,1.0,1.0,1.0,0.0,0.0,0.0,0.0,0.0,0.0,0.0,0.0,0.0,0.0,0.0],[1.0,1.0,1.0,1.0,1.0,1.0,1.0,1.0,1.0,0.6472969147,1.0,0.0,0.0,0.0,0.0,0.0,0.0,0.0,0.0,0.0],[1.0,1.0,1.0,1.0,1.0,1.0,1.0,1.0,1.0,1.0,1.0,1.0,0.0,0.0,0.0,0.0,0.0,0.0,0.0,0.0],[1.0,1.0,1.0,1.0,1.0,1.0,1.0,1.0,1.0,1.0,1.0,1.0,1.0,0.0,0.0,0.0,0.0,0.0,0.0,0.0],[1.0,1.0,1.0,1.0,1.0,1.0,1.0,1.0,1.0,1.0,1.0,1.0,1.0,1.0,0.0,0.0,0.0,0.0,0.0,0.0],[1.0,1.0,1.0,1.0,1.0,1.0,1.0,1.0,1.0,1.0,1.0,1.0,1.0,1.0,1.0,0.0,0.3198547125,0.0,0.0,0.0],[1.0,1.0,1.0,1.0,1.0,1.0,1.0,1.0,1.0,1.0,1.0,1.0,1.0,1.0,1.0,0.6801452875,0.0,0.0,0.0,0.0],[1.0,1.0,1.0,1.0,1.0,1.0,1.0,1.0,1.0,1.0,1.0,1.0,1.0,1.0,1.0,1.0,1.0,0.0,0.3327582766,1.0],[1.0,1.0,1.0,1.0,1.0,1.0,1.0,1.0,1.0,1.0,1.0,1.0,1.0,1.0,1.0,1.0,1.0,0.6672417234,0.0,1.0],[1.0,1.0,1.0,1.0,1.0,1.0,1.0,1.0,1.0,1.0,1.0,1.0,1.0,1.0,1.0,1.0,1.0,0.0,0.0,0.0]],"outlier_solution":[17,18,19,15,16,14,13,12,9,11,10,8,7,6,4,5,3,0,1,2],"dataset_id":726,"source_dataset_id":773,"options":null,"D":{"0":{"0":0,"1":2,"2":2,"3":4,"4":5,"5":6,"6":3,"7":6,"8":8,"9":7,"10":5,"11":7,"12":3,"13":3,"14":2,"15":5,"16":2,"17":6,"18":4,"19":7},"1":{"0":6,"1":0,"2":5,"3":2,"4":4,"5":7,"6":4,"7":8,"8":7,"9":5,"10":4,"11":8,"12":11,"13":5,"14":5,"15":5,"16":7,"17":2,"18":6,"19":4},"2":{"0":0,"1":3,"2":0,"3":3,"4":7,"5":1,"6":3,"7":10,"8":7,"9":7,"10":8,"11":5,"12":4,"13":1,"14":6,"15":7,"16":7,"17":4,"18":5,"19":8},"3":{"0":4,"1":2,"2":2,"3":0,"4":4,"5":1,"6":5,"7":4,"8":5,"9":7,"10":1,"11":3,"12":5,"13":2,"14":4,"15":5,"16":2,"17":9,"18":5,"19":3},"4":{"0":0,"1":1,"2":3,"3":1,"4":0,"5":4,"6":3,"7":1,"8":6,"9":7,"10":6,"11":6,"12":5,"13":4,"14":4,"15":7,"16":6,"17":4,"18":3,"19":3},"5":{"0":0,"1":0,"2":4,"3":3,"4":4,"5":0,"6":4,"7":1,"8":2,"9":4,"10":8,"11":3,"12":5,"13":7,"14":3,"15":3,"16":6,"17":6,"18":4,"19":4},"6":{"0":0,"1":0,"2":0,"3":2,"4":4,"5":1,"6":0,"7":3,"8":1,"9":4,"10":2,"11":4,"12":5,"13":5,"14":8,"15":13,"16":5,"17":1,"18":9,"19":8},"7":{"0":0,"1":0,"2":0,"3":0,"4":3,"5":1,"6":6,"7":0,"8":2,"9":1,"10":2,"11":4,"12":4,"13":5,"14":4,"15":5,"16":5,"17":5,"18":3,"19":2},"8":{"0":0,"1":0,"2":0,"3":0,"4":0,"5":4,"6":4,"7":4,"8":0,"9":2,"10":0,"11":2,"12":3,"13":9,"14":7,"15":5,"16":2,"17":5,"18":2,"19":4},"9":{"0":0,"1":0,"2":0,"3":0,"4":0,"5":0,"6":2,"7":2,"8":2,"9":0,"10":4,"11":2,"12":1,"13":7,"14":4,"15":5,"16":8,"17":6,"18":3,"19":3},"10":{"0":0,"1":0,"2":0,"3":0,"4":0,"5":0,"6":0,"7":4,"8":5,"9":1,"10":0,"11":3,"12":3,"13":3,"14":4,"15":5,"16":4,"17":6,"18":5,"19":3},"11":{"0":0,"1":0,"2":0,"3":0,"4":0,"5":0,"6":0,"7":0,"8":4,"9":2,"10":5,"11":0,"12":2,"13":2,"14":5,"15":3,"16":7,"17":7,"18":10,"19":4},"12":{"0":0,"1":0,"2":0,"3":0,"4":0,"5":0,"6":0,"7":0,"8":0,"9":1,"10":2,"11":2,"12":0,"13":1,"14":1,"15":1,"16":5,"17":5,"18":4,"19":9},"13":{"0":0,"1":0,"2":0,"3":0,"4":0,"5":0,"6":0,"7":0,"8":0,"9":0,"10":1,"11":2,"12":3,"13":0,"14":2,"15":6,"16":2,"17":5,"18":5,"19":4},"14":{"0":0,"1":0,"2":0,"3":0,"4":0,"5":0,"6":0,"7":0,"8":0,"9":0,"10":0,"11":2,"12":2,"13":3,"14":0,"15":4,"16":0,"17":7,"18":2,"19":5},"15":{"0":0,"1":0,"2":0,"3":0,"4":0,"5":0,"6":0,"7":0,"8":0,"9":0,"10":0,"11":0,"12":3,"13":5,"14":1,"15":0,"16":4,"17":2,"18":2,"19":4},"16":{"0":0,"1":0,"2":0,"3":0,"4":0,"5":0,"6":0,"7":0,"8":0,"9":0,"10":0,"11":0,"12":0,"13":3,"14":3,"15":3,"16":0,"17":4,"18":4,"19":3},"17":{"0":0,"1":0,"2":0,"3":0,"4":0,"5":0,"6":0,"7":0,"8":0,"9":0,"10":0,"11":0,"12":0,"13":0,"14":1,"15":3,"16":4,"17":0,"18":2,"19":6},"18":{"0":0,"1":0,"2":0,"3":0,"4":0,"5":0,"6":0,"7":0,"8":0,"9":0,"10":0,"11":0,"12":0,"13":0,"14":0,"15":2,"16":3,"17":0,"18":0,"19":6},"19":{"0":0,"1":0,"2":0,"3":0,"4":0,"5":0,"6":0,"7":0,"8":0,"9":0,"10":0,"11":0,"12":0,"13":0,"14":0,"15":0,"16":7,"17":3,"18":4,"19":0}},"method":"hillside","closest_pair":[[17,18,19,16,15,14,13,12,11,9,10,8,7,6,4,5,3,0,2,1],[18,17,19,16,15,14,13,12,11,9,10,8,7,6,4,5,3,0,2,1]],"farthest_pair":[[18,17,19,16,15,14,13,12,11,9,10,8,7,6,4,5,3,0,2,1],[17,18,19,15,16,14,13,12,9,11,10,8,7,6,4,5,3,0,1,2]],"tau_farthest_pair":0.9578947368,"tau_closest_pair":0.9894736842,"centroid_solution":[18,17,19,16,15,14,13,12,11,9,10,8,7,6,4,5,3,0,2,1]}