{"solutions":[[19,17,16,15,14,18,13,12,10,11,9,7,8,6,5,3,4,1,0,2],[19,17,16,15,14,18,13,12,10,11,9,7,8,6,3,5,4,1,0,2],[19,17,15,18,16,14,13,12,11,10,9,7,8,6,3,5,4,1,0,2],[19,17,18,16,15,14,13,12,10,11,9,7,8,6,5,3,4,1,0,2],[19,17,16,15,14,18,13,12,11,10,9,7,8,6,3,5,4,1,0,2],[19,17,18,16,15,14,13,12,11,10,9,7,8,6,3,5,4,1,0,2],[19,17,18,15,16,14,13,12,11,10,9,7,8,6,3,5,4,1,0,2],[19,17,15,16,14,18,13,12,11,10,9,7,8,6,3,5,4,1,0,2],[19,17,18,16,15,14,13,12,11,10,9,7,8,6,5,3,4,1,0,2],[19,17,15,16,14,18,13,12,11,10,9,7,8,6,5,3,4,1,0,2],[19,17,16,15,14,18,13,12,11,10,9,7,8,6,5,3,4,1,0,2],[19,17,15,18,16,14,13,12,11,10,9,7,8,6,5,3,4,1,0,2],[19,17,15,16,14,18,13,12,10,11,9,7,8,6,5,3,4,1,0,2],[19,17,18,15,16,14,13,12,11,10,9,7,8,6,5,3,4,1,0,2],[19,17,18,15,16,14,13,12,10,11,9,7,8,6,5,3,4,1,0,2],[19,17,15,18,16,14,13,12,10,11,9,7,8,6,5,3,4,1,0,2],[19,17,18,15,16,14,13,12,10,11,9,7,8,6,3,5,4,1,0,2],[19,17,15,18,16,14,13,12,10,11,9,7,8,6,3,5,4,1,0,2],[19,17,18,16,15,14,13,12,10,11,9,7,8,6,3,5,4,1,0,2],[19,17,15,16,14,18,13,12,10,11,9,7,8,6,3,5,4,1,0,2]],"obj":1051.0,"max_tau_solutions":null,"centroid_x":[[0.0,0.0,1.0,0.0,0.0,0.0,0.0,0.0,0.0,0.0,0.0,0.0,0.0,0.0,0.0,0.0,0.0,0.0,0.0,0.0],[1.0,0.0,1.0,0.0,0.0,0.0,0.0,0.0,0.0,0.0,0.0,0.0,0.0,0.0,0.0,0.0,0.0,0.0,0.0,0.0],[0.0,0.0,0.0,0.0,0.0,0.0,0.0,0.0,0.0,0.0,0.0,0.0,0.0,0.0,0.0,0.0,0.0,0.0,0.0,0.0],[1.0,1.0,1.0,0.0,1.0,0.3542561744,0.0,0.0,0.0,0.0,0.0,0.0,0.0,0.0,0.0,0.0,0.0,0.0,0.0,0.0],[1.0,1.0,1.0,0.0,0.0,0.0,0.0,0.0,0.0,0.0,0.0,0.0,0.0,0.0,0.0,0.0,0.0,0.0,0.0,0.0],[1.0,1.0,1.0,0.6457438256,1.0,0.0,0.0,0.0,0.0,0.0,0.0,0.0,0.0,0.0,0.0,0.0,0.0,0.0,0.0,0.0],[1.0,1.0,1.0,1.0,1.0,1.0,0.0,0.0,0.0,0.0,0.0,0.0,0.0,0.0,0.0,0.0,0.0,0.0,0.0,0.0],[1.0,1.0,1.0,1.0,1.0,1.0,1.0,0.0,1.0,0.0,0.0,0.0,0.0,0.0,0.0,0.0,0.0,0.0,0.0,0.0],[1.0,1.0,1.0,1.0,1.0,1.0,1.0,0.0,0.0,0.0,0.0,0.0,0.0,0.0,0.0,0.0,0.0,0.0,0.0,0.0],[1.0,1.0,1.0,1.0,1.0,1.0,1.0,1.0,1.0,0.0,0.0,0.0,0.0,0.0,0.0,0.0,0.0,0.0,0.0,0.0],[1.0,1.0,1.0,1.0,1.0,1.0,1.0,1.0,1.0,1.0,0.0,0.3357341048,0.0,0.0,0.0,0.0,0.0,0.0,0.0,0.0],[1.0,1.0,1.0,1.0,1.0,1.0,1.0,1.0,1.0,1.0,0.6642658952,0.0,0.0,0.0,0.0,0.0,0.0,0.0,0.0,0.0],[1.0,1.0,1.0,1.0,1.0,1.0,1.0,1.0,1.0,1.0,1.0,1.0,0.0,0.0,0.0,0.0,0.0,0.0,0.0,0.0],[1.0,1.0,1.0,1.0,1.0,1.0,1.0,1.0,1.0,1.0,1.0,1.0,1.0,0.0,0.0,0.0,0.0,0.0,0.0,0.0],[1.0,1.0,1.0,1.0,1.0,1.0,1.0,1.0,1.0,1.0,1.0,1.0,1.0,1.0,0.0,0.0,0.0,0.0,0.3398461122,0.0],[1.0,1.0,1.0,1.0,1.0,1.0,1.0,1.0,1.0,1.0,1.0,1.0,1.0,1.0,1.0,0.0,0.3496795265,0.0,0.4252793144,0.0],[1.0,1.0,1.0,1.0,1.0,1.0,1.0,1.0,1.0,1.0,1.0,1.0,1.0,1.0,1.0,0.6503204735,0.0,0.0,0.339846112,0.0],[1.0,1.0,1.0,1.0,1.0,1.0,1.0,1.0,1.0,1.0,1.0,1.0,1.0,1.0,1.0,1.0,1.0,0.0,1.0,0.0],[1.0,1.0,1.0,1.0,1.0,1.0,1.0,1.0,1.0,1.0,1.0,1.0,1.0,1.0,0.6601538878,0.5747206856,0.660153888,0.0,0.0,0.0],[1.0,1.0,1.0,1.0,1.0,1.0,1.0,1.0,1.0,1.0,1.0,1.0,1.0,1.0,1.0,1.0,1.0,1.0,1.0,0.0]],"outlier_solution":[19,17,15,16,14,18,13,12,10,11,9,7,8,6,3,5,4,1,0,2],"dataset_id":727,"source_dataset_id":774,"options":null,"D":{"0":{"0":0,"1":3,"2":1,"3":4,"4":7,"5":8,"6":3,"7":4,"8":3,"9":9,"10":5,"11":5,"12":5,"13":5,"14":3,"15":8,"16":5,"17":4,"18":11,"19":4},"1":{"0":3,"1":0,"2":2,"3":4,"4":2,"5":5,"6":8,"7":8,"8":4,"9":7,"10":5,"11":7,"12":2,"13":5,"14":6,"15":7,"16":4,"17":4,"18":4,"19":3},"2":{"0":2,"1":3,"2":0,"3":1,"4":3,"5":1,"6":11,"7":8,"8":5,"9":3,"10":5,"11":6,"12":6,"13":5,"14":3,"15":8,"16":8,"17":3,"18":6,"19":7},"3":{"0":5,"1":4,"2":2,"3":0,"4":4,"5":2,"6":5,"7":3,"8":2,"9":4,"10":3,"11":5,"12":2,"13":5,"14":6,"15":2,"16":2,"17":2,"18":5,"19":4},"4":{"0":0,"1":2,"2":2,"3":2,"4":0,"5":5,"6":2,"7":4,"8":3,"9":10,"10":7,"11":4,"12":5,"13":2,"14":6,"15":4,"16":7,"17":8,"18":2,"19":6},"5":{"0":0,"1":0,"2":2,"3":4,"4":0,"5":0,"6":2,"7":4,"8":3,"9":4,"10":4,"11":6,"12":6,"13":6,"14":7,"15":4,"16":3,"17":12,"18":2,"19":4},"6":{"0":0,"1":0,"2":0,"3":0,"4":1,"5":0,"6":0,"7":6,"8":5,"9":2,"10":7,"11":5,"12":6,"13":3,"14":5,"15":5,"16":9,"17":8,"18":3,"19":9},"7":{"0":0,"1":0,"2":0,"3":0,"4":2,"5":4,"6":2,"7":0,"8":1,"9":5,"10":3,"11":12,"12":6,"13":1,"14":6,"15":4,"16":4,"17":6,"18":5,"19":7},"8":{"0":0,"1":0,"2":0,"3":0,"4":0,"5":1,"6":2,"7":2,"8":0,"9":4,"10":4,"11":4,"12":2,"13":6,"14":14,"15":10,"16":6,"17":5,"18":2,"19":4},"9":{"0":0,"1":0,"2":0,"3":0,"4":0,"5":0,"6":1,"7":3,"8":4,"9":0,"10":2,"11":0,"12":2,"13":5,"14":6,"15":5,"16":7,"17":5,"18":5,"19":7},"10":{"0":0,"1":0,"2":0,"3":0,"4":0,"5":0,"6":0,"7":3,"8":1,"9":3,"10":0,"11":3,"12":2,"13":4,"14":1,"15":5,"16":5,"17":7,"18":8,"19":6},"11":{"0":0,"1":0,"2":0,"3":0,"4":0,"5":0,"6":0,"7":0,"8":3,"9":4,"10":5,"11":0,"12":3,"13":1,"14":5,"15":6,"16":6,"17":6,"18":1,"19":11},"12":{"0":0,"1":0,"2":0,"3":0,"4":0,"5":0,"6":0,"7":0,"8":0,"9":2,"10":3,"11":0,"12":0,"13":3,"14":3,"15":3,"16":7,"17":3,"18":3,"19":9},"13":{"0":0,"1":0,"2":0,"3":0,"4":0,"5":0,"6":0,"7":0,"8":0,"9":0,"10":2,"11":7,"12":3,"13":0,"14":2,"15":2,"16":2,"17":0,"18":5,"19":3},"14":{"0":0,"1":0,"2":0,"3":0,"4":0,"5":0,"6":0,"7":0,"8":0,"9":0,"10":0,"11":2,"12":2,"13":4,"14":0,"15":1,"16":1,"17":3,"18":1,"19":4},"15":{"0":0,"1":0,"2":0,"3":0,"4":0,"5":0,"6":0,"7":0,"8":0,"9":0,"10":0,"11":0,"12":1,"13":1,"14":5,"15":0,"16":0,"17":0,"18":0,"19":6},"16":{"0":0,"1":0,"2":0,"3":0,"4":0,"5":0,"6":0,"7":0,"8":0,"9":0,"10":0,"11":0,"12":0,"13":3,"14":4,"15":3,"16":0,"17":5,"18":3,"19":1},"17":{"0":0,"1":0,"2":0,"3":0,"4":0,"5":0,"6":0,"7":0,"8":0,"9":0,"10":0,"11":0,"12":0,"13":0,"14":4,"15":1,"16":3,"17":0,"18":3,"19":3},"18":{"0":0,"1":0,"2":0,"3":0,"4":0,"5":0,"6":0,"7":0,"8":0,"9":0,"10":0,"11":0,"12":0,"13":0,"14":0,"15":1,"16":2,"17":3,"18":0,"19":1},"19":{"0":0,"1":0,"2":0,"3":0,"4":0,"5":0,"6":0,"7":0,"8":0,"9":0,"10":0,"11":0,"12":0,"13":0,"14":0,"15":0,"16":0,"17":4,"18":2,"19":0}},"method":"hillside","closest_pair":[[19,17,18,16,15,14,13,12,10,11,9,7,8,6,5,3,4,1,0,2],[19,17,18,16,15,14,13,12,11,10,9,7,8,6,5,3,4,1,0,2]],"farthest_pair":[[19,17,15,16,14,18,13,12,11,10,9,7,8,6,5,3,4,1,0,2],[19,17,18,16,15,14,13,12,10,11,9,7,8,6,3,5,4,1,0,2]],"tau_farthest_pair":0.9368421053,"tau_closest_pair":0.9894736842,"centroid_solution":[19,17,18,16,15,14,13,12,11,10,9,7,8,6,5,3,4,1,0,2]}