{"solutions":[[19,16,17,18,15,14,13,12,11,9,10,7,8,5,6,4,3,2,0,1],[19,17,18,16,15,14,13,12,11,9,10,7,8,6,4,5,3,2,0,1],[19,16,17,18,15,14,13,12,11,9,10,7,8,6,5,4,3,2,0,1],[19,17,18,16,15,14,13,12,11,9,10,7,8,5,6,4,3,2,0,1],[19,17,18,16,15,14,13,12,11,9,10,7,8,6,5,4,3,2,0,1],[19,16,17,18,15,14,13,12,11,9,10,7,8,6,4,5,3,2,0,1]],"obj":1130.0,"max_tau_solutions":null,"centroid_x":[[0.0,1.0,0.0,0.0,0.0,0.0,0.0,0.0,0.0,0.0,0.0,0.0,0.0,0.0,0.0,0.0,0.0,0.0,0.0,0.0],[0.0,0.0,0.0,0.0,0.0,0.0,0.0,0.0,0.0,0.0,0.0,0.0,0.0,0.0,0.0,0.0,0.0,0.0,0.0,0.0],[1.0,1.0,0.0,0.0,0.0,0.0,0.0,0.0,0.0,0.0,0.0,0.0,0.0,0.0,0.0,0.0,0.0,0.0,0.0,0.0],[1.0,1.0,1.0,0.0,0.0,0.0,0.0,0.0,0.0,0.0,0.0,0.0,0.0,0.0,0.0,0.0,0.0,0.0,0.0,0.0],[1.0,1.0,1.0,1.0,0.0,0.3214856395,0.0,0.0,0.0,0.0,0.0,0.0,0.0,0.0,0.0,0.0,0.0,0.0,0.0,0.0],[1.0,1.0,1.0,1.0,0.6785143605,0.0,0.3176425311,0.0,0.0,0.0,0.0,0.0,0.0,0.0,0.0,0.0,0.0,0.0,0.0,0.0],[1.0,1.0,1.0,1.0,1.0,0.6823574689,0.0,0.0,0.0,0.0,0.0,0.0,0.0,0.0,0.0,0.0,0.0,0.0,0.0,0.0],[1.0,1.0,1.0,1.0,1.0,1.0,1.0,0.0,1.0,0.0,0.0,0.0,0.0,0.0,0.0,0.0,0.0,0.0,0.0,0.0],[1.0,1.0,1.0,1.0,1.0,1.0,1.0,0.0,0.0,0.0,0.0,0.0,0.0,0.0,0.0,0.0,0.0,0.0,0.0,0.0],[1.0,1.0,1.0,1.0,1.0,1.0,1.0,1.0,1.0,0.0,1.0,0.0,0.0,0.0,0.0,0.0,0.0,0.0,0.0,0.0],[1.0,1.0,1.0,1.0,1.0,1.0,1.0,1.0,1.0,0.0,0.0,0.0,0.0,0.0,0.0,0.0,0.0,0.0,0.0,0.0],[1.0,1.0,1.0,1.0,1.0,1.0,1.0,1.0,1.0,1.0,1.0,0.0,0.0,0.0,0.0,0.0,0.0,0.0,0.0,0.0],[1.0,1.0,1.0,1.0,1.0,1.0,1.0,1.0,1.0,1.0,1.0,1.0,0.0,0.0,0.0,0.0,0.0,0.0,0.0,0.0],[1.0,1.0,1.0,1.0,1.0,1.0,1.0,1.0,1.0,1.0,1.0,1.0,1.0,0.0,0.0,0.0,0.0,0.0,0.0,0.0],[1.0,1.0,1.0,1.0,1.0,1.0,1.0,1.0,1.0,1.0,1.0,1.0,1.0,1.0,0.0,0.0,0.0,0.0,0.0,0.0],[1.0,1.0,1.0,1.0,1.0,1.0,1.0,1.0,1.0,1.0,1.0,1.0,1.0,1.0,1.0,0.0,0.0,0.0,0.0,0.0],[1.0,1.0,1.0,1.0,1.0,1.0,1.0,1.0,1.0,1.0,1.0,1.0,1.0,1.0,1.0,1.0,0.0,0.3402570853,0.3402570853,0.0],[1.0,1.0,1.0,1.0,1.0,1.0,1.0,1.0,1.0,1.0,1.0,1.0,1.0,1.0,1.0,1.0,0.6597429147,0.0,1.0,0.0],[1.0,1.0,1.0,1.0,1.0,1.0,1.0,1.0,1.0,1.0,1.0,1.0,1.0,1.0,1.0,1.0,0.6597429147,0.0,0.0,0.0],[1.0,1.0,1.0,1.0,1.0,1.0,1.0,1.0,1.0,1.0,1.0,1.0,1.0,1.0,1.0,1.0,1.0,1.0,1.0,0.0]],"outlier_solution":[19,16,17,18,15,14,13,12,11,9,10,7,8,5,6,4,3,2,0,1],"dataset_id":730,"source_dataset_id":777,"options":null,"D":{"0":{"0":0,"1":0,"2":2,"3":0,"4":2,"5":3,"6":1,"7":5,"8":2,"9":4,"10":8,"11":5,"12":9,"13":8,"14":3,"15":8,"16":4,"17":9,"18":5,"19":5},"1":{"0":1,"1":0,"2":3,"3":5,"4":2,"5":1,"6":4,"7":2,"8":4,"9":4,"10":3,"11":11,"12":6,"13":11,"14":1,"15":6,"16":6,"17":5,"18":7,"19":5},"2":{"0":0,"1":1,"2":0,"3":2,"4":4,"5":4,"6":4,"7":5,"8":4,"9":2,"10":4,"11":2,"12":4,"13":4,"14":7,"15":3,"16":5,"17":8,"18":5,"19":7},"3":{"0":7,"1":2,"2":3,"3":0,"4":2,"5":2,"6":2,"7":2,"8":5,"9":4,"10":3,"11":10,"12":6,"13":5,"14":4,"15":8,"16":4,"17":9,"18":4,"19":3},"4":{"0":4,"1":3,"2":2,"3":1,"4":0,"5":2,"6":2,"7":4,"8":1,"9":8,"10":4,"11":4,"12":5,"13":6,"14":3,"15":4,"16":3,"17":6,"18":5,"19":8},"5":{"0":0,"1":4,"2":1,"3":3,"4":2,"5":0,"6":4,"7":1,"8":2,"9":3,"10":11,"11":3,"12":7,"13":6,"14":6,"15":6,"16":7,"17":6,"18":1,"19":4},"6":{"0":0,"1":0,"2":4,"3":6,"4":1,"5":3,"6":0,"7":0,"8":3,"9":2,"10":5,"11":7,"12":8,"13":8,"14":7,"15":6,"16":3,"17":3,"18":3,"19":7},"7":{"0":0,"1":0,"2":0,"3":4,"4":1,"5":2,"6":2,"7":0,"8":4,"9":2,"10":3,"11":0,"12":4,"13":4,"14":7,"15":3,"16":0,"17":4,"18":4,"19":7},"8":{"0":0,"1":0,"2":0,"3":0,"4":3,"5":1,"6":4,"7":2,"8":0,"9":4,"10":0,"11":4,"12":3,"13":5,"14":6,"15":10,"16":3,"17":7,"18":9,"19":10},"9":{"0":0,"1":0,"2":0,"3":0,"4":0,"5":4,"6":4,"7":1,"8":2,"9":0,"10":2,"11":2,"12":2,"13":5,"14":1,"15":3,"16":4,"17":5,"18":3,"19":5},"10":{"0":0,"1":0,"2":0,"3":0,"4":0,"5":0,"6":2,"7":2,"8":0,"9":4,"10":0,"11":4,"12":3,"13":1,"14":5,"15":5,"16":6,"17":6,"18":11,"19":5},"11":{"0":0,"1":0,"2":0,"3":0,"4":0,"5":0,"6":0,"7":4,"8":4,"9":2,"10":5,"11":0,"12":2,"13":2,"14":3,"15":0,"16":4,"17":4,"18":3,"19":4},"12":{"0":0,"1":0,"2":0,"3":0,"4":0,"5":0,"6":0,"7":0,"8":3,"9":3,"10":5,"11":5,"12":0,"13":5,"14":2,"15":2,"16":4,"17":4,"18":3,"19":6},"13":{"0":0,"1":0,"2":0,"3":0,"4":0,"5":0,"6":0,"7":0,"8":0,"9":2,"10":1,"11":5,"12":4,"13":0,"14":5,"15":3,"16":3,"17":3,"18":5,"19":5},"14":{"0":0,"1":0,"2":0,"3":0,"4":0,"5":0,"6":0,"7":0,"8":0,"9":0,"10":4,"11":4,"12":3,"13":3,"14":0,"15":2,"16":3,"17":2,"18":1,"19":7},"15":{"0":0,"1":0,"2":0,"3":0,"4":0,"5":0,"6":0,"7":0,"8":0,"9":0,"10":0,"11":1,"12":4,"13":2,"14":2,"15":0,"16":3,"17":3,"18":3,"19":3},"16":{"0":0,"1":0,"2":0,"3":0,"4":0,"5":0,"6":0,"7":0,"8":0,"9":0,"10":0,"11":0,"12":5,"13":2,"14":0,"15":1,"16":0,"17":2,"18":1,"19":3},"17":{"0":0,"1":0,"2":0,"3":0,"4":0,"5":0,"6":0,"7":0,"8":0,"9":0,"10":0,"11":0,"12":0,"13":3,"14":2,"15":2,"16":2,"17":0,"18":4,"19":4},"18":{"0":0,"1":0,"2":0,"3":0,"4":0,"5":0,"6":0,"7":0,"8":0,"9":0,"10":0,"11":0,"12":0,"13":0,"14":3,"15":5,"16":2,"17":1,"18":0,"19":4},"19":{"0":0,"1":0,"2":0,"3":0,"4":0,"5":0,"6":0,"7":0,"8":0,"9":0,"10":0,"11":0,"12":0,"13":0,"14":0,"15":2,"16":5,"17":3,"18":2,"19":0}},"method":"hillside","closest_pair":[[19,17,18,16,15,14,13,12,11,9,10,7,8,6,4,5,3,2,0,1],[19,17,18,16,15,14,13,12,11,9,10,7,8,6,5,4,3,2,0,1]],"farthest_pair":[[19,16,17,18,15,14,13,12,11,9,10,7,8,6,4,5,3,2,0,1],[19,17,18,16,15,14,13,12,11,9,10,7,8,5,6,4,3,2,0,1]],"tau_farthest_pair":0.9578947368,"tau_closest_pair":0.9894736842,"centroid_solution":[19,17,18,16,15,14,13,12,11,9,10,7,8,6,5,4,3,2,0,1]}