{"solutions":[[18,19,17,16,15,14,13,11,10,12,8,9,6,7,3,5,4,2,0,1],[18,19,17,16,15,14,13,11,12,10,8,9,6,7,3,5,4,2,0,1]],"obj":1099.0,"max_tau_solutions":null,"centroid_x":[[0.0,1.0,0.0,0.0,0.0,0.0,0.0,0.0,0.0,0.0,0.0,0.0,0.0,0.0,0.0,0.0,0.0,0.0,0.0,0.0],[0.0,0.0,0.0,0.0,0.0,0.0,0.0,0.0,0.0,0.0,0.0,0.0,0.0,0.0,0.0,0.0,0.0,0.0,0.0,0.0],[1.0,1.0,0.0,0.0,0.0,0.0,0.0,0.0,0.0,0.0,0.0,0.0,0.0,0.0,0.0,0.0,0.0,0.0,0.0,0.0],[1.0,1.0,1.0,0.0,1.0,1.0,0.0,0.0,0.0,0.0,0.0,0.0,0.0,0.0,0.0,0.0,0.0,0.0,0.0,0.0],[1.0,1.0,1.0,0.0,0.0,0.0,0.0,0.0,0.0,0.0,0.0,0.0,0.0,0.0,0.0,0.0,0.0,0.0,0.0,0.0],[1.0,1.0,1.0,0.0,1.0,0.0,0.0,0.0,0.0,0.0,0.0,0.0,0.0,0.0,0.0,0.0,0.0,0.0,0.0,0.0],[1.0,1.0,1.0,1.0,1.0,1.0,0.0,1.0,0.0,0.0,0.0,0.0,0.0,0.0,0.0,0.0,0.0,0.0,0.0,0.0],[1.0,1.0,1.0,1.0,1.0,1.0,0.0,0.0,0.0,0.0,0.0,0.0,0.0,0.0,0.0,0.0,0.0,0.0,0.0,0.0],[1.0,1.0,1.0,1.0,1.0,1.0,1.0,1.0,0.0,1.0,0.0,0.0,0.0,0.0,0.0,0.0,0.0,0.0,0.0,0.0],[1.0,1.0,1.0,1.0,1.0,1.0,1.0,1.0,0.0,0.0,0.0,0.0,0.0,0.0,0.0,0.0,0.0,0.0,0.0,0.0],[1.0,1.0,1.0,1.0,1.0,1.0,1.0,1.0,1.0,1.0,0.0,0.0,0.3530194168,0.0,0.0,0.0,0.0,0.0,0.0,0.0],[1.0,1.0,1.0,1.0,1.0,1.0,1.0,1.0,1.0,1.0,1.0,0.0,1.0,0.0,0.0,0.0,0.0,0.0,0.0,0.0],[1.0,1.0,1.0,1.0,1.0,1.0,1.0,1.0,1.0,1.0,0.6469805832,0.0,0.0,0.0,0.0,0.0,0.0,0.0,0.0,0.0],[1.0,1.0,1.0,1.0,1.0,1.0,1.0,1.0,1.0,1.0,1.0,1.0,1.0,0.0,0.0,0.0,0.0,0.0,0.0,0.0],[1.0,1.0,1.0,1.0,1.0,1.0,1.0,1.0,1.0,1.0,1.0,1.0,1.0,1.0,0.0,0.0,0.0,0.0,0.0,0.0],[1.0,1.0,1.0,1.0,1.0,1.0,1.0,1.0,1.0,1.0,1.0,1.0,1.0,1.0,1.0,0.0,0.0,0.0,0.0,0.0],[1.0,1.0,1.0,1.0,1.0,1.0,1.0,1.0,1.0,1.0,1.0,1.0,1.0,1.0,1.0,1.0,0.0,0.0,0.0,0.0],[1.0,1.0,1.0,1.0,1.0,1.0,1.0,1.0,1.0,1.0,1.0,1.0,1.0,1.0,1.0,1.0,1.0,0.0,0.0,0.0],[1.0,1.0,1.0,1.0,1.0,1.0,1.0,1.0,1.0,1.0,1.0,1.0,1.0,1.0,1.0,1.0,1.0,1.0,0.0,1.0],[1.0,1.0,1.0,1.0,1.0,1.0,1.0,1.0,1.0,1.0,1.0,1.0,1.0,1.0,1.0,1.0,1.0,1.0,0.0,0.0]],"outlier_solution":[18,19,17,16,15,14,13,11,10,12,8,9,6,7,3,5,4,2,0,1],"dataset_id":731,"source_dataset_id":778,"options":null,"D":{"0":{"0":0,"1":2,"2":1,"3":2,"4":2,"5":3,"6":7,"7":9,"8":6,"9":1,"10":5,"11":6,"12":4,"13":5,"14":5,"15":6,"16":8,"17":5,"18":12,"19":4},"1":{"0":2,"1":0,"2":2,"3":3,"4":2,"5":0,"6":1,"7":7,"8":9,"9":4,"10":7,"11":8,"12":7,"13":5,"14":6,"15":3,"16":7,"17":4,"18":1,"19":4},"2":{"0":3,"1":1,"2":0,"3":3,"4":0,"5":0,"6":4,"7":2,"8":4,"9":2,"10":12,"11":9,"12":3,"13":4,"14":5,"15":6,"16":6,"17":5,"18":9,"19":7},"3":{"0":3,"1":2,"2":3,"3":0,"4":2,"5":2,"6":3,"7":2,"8":1,"9":2,"10":6,"11":5,"12":4,"13":7,"14":5,"15":5,"16":2,"17":3,"18":6,"19":7},"4":{"0":0,"1":0,"2":2,"3":3,"4":0,"5":3,"6":3,"7":2,"8":3,"9":7,"10":2,"11":6,"12":7,"13":4,"14":8,"15":5,"16":7,"17":3,"18":5,"19":9},"5":{"0":0,"1":1,"2":3,"3":3,"4":2,"5":0,"6":0,"7":6,"8":1,"9":3,"10":9,"11":3,"12":5,"13":10,"14":4,"15":12,"16":6,"17":9,"18":4,"19":7},"6":{"0":0,"1":0,"2":2,"3":2,"4":4,"5":2,"6":0,"7":0,"8":6,"9":3,"10":1,"11":4,"12":5,"13":8,"14":3,"15":3,"16":4,"17":5,"18":6,"19":5},"7":{"0":0,"1":0,"2":0,"3":2,"4":5,"5":1,"6":1,"7":0,"8":5,"9":4,"10":2,"11":2,"12":7,"13":5,"14":6,"15":2,"16":6,"17":5,"18":3,"19":7},"8":{"0":0,"1":0,"2":0,"3":0,"4":0,"5":1,"6":4,"7":2,"8":0,"9":3,"10":3,"11":2,"12":2,"13":3,"14":7,"15":6,"16":6,"17":6,"18":6,"19":4},"9":{"0":0,"1":0,"2":0,"3":0,"4":0,"5":3,"6":4,"7":1,"8":2,"9":0,"10":3,"11":4,"12":1,"13":2,"14":6,"15":4,"16":8,"17":4,"18":6,"19":5},"10":{"0":0,"1":0,"2":0,"3":0,"4":0,"5":0,"6":3,"7":4,"8":2,"9":0,"10":0,"11":2,"12":1,"13":5,"14":3,"15":2,"16":5,"17":8,"18":5,"19":5},"11":{"0":0,"1":0,"2":0,"3":0,"4":0,"5":0,"6":0,"7":4,"8":5,"9":4,"10":2,"11":0,"12":1,"13":0,"14":2,"15":4,"16":3,"17":5,"18":4,"19":4},"12":{"0":0,"1":0,"2":0,"3":0,"4":0,"5":0,"6":0,"7":0,"8":5,"9":5,"10":1,"11":3,"12":0,"13":0,"14":1,"15":1,"16":4,"17":7,"18":7,"19":5},"13":{"0":0,"1":0,"2":0,"3":0,"4":0,"5":0,"6":0,"7":0,"8":0,"9":2,"10":2,"11":4,"12":1,"13":0,"14":2,"15":5,"16":5,"17":2,"18":6,"19":9},"14":{"0":0,"1":0,"2":0,"3":0,"4":0,"5":0,"6":0,"7":0,"8":0,"9":0,"10":3,"11":2,"12":3,"13":4,"14":0,"15":3,"16":5,"17":6,"18":2,"19":5},"15":{"0":0,"1":0,"2":0,"3":0,"4":0,"5":0,"6":0,"7":0,"8":0,"9":0,"10":0,"11":2,"12":2,"13":2,"14":1,"15":0,"16":3,"17":2,"18":4,"19":2},"16":{"0":0,"1":0,"2":0,"3":0,"4":0,"5":0,"6":0,"7":0,"8":0,"9":0,"10":0,"11":0,"12":1,"13":4,"14":1,"15":1,"16":0,"17":3,"18":4,"19":3},"17":{"0":0,"1":0,"2":0,"3":0,"4":0,"5":0,"6":0,"7":0,"8":0,"9":0,"10":0,"11":0,"12":0,"13":2,"14":3,"15":4,"16":3,"17":0,"18":1,"19":1},"18":{"0":0,"1":0,"2":0,"3":0,"4":0,"5":0,"6":0,"7":0,"8":0,"9":0,"10":0,"11":0,"12":0,"13":0,"14":4,"15":4,"16":1,"17":2,"18":0,"19":2},"19":{"0":0,"1":0,"2":0,"3":0,"4":0,"5":0,"6":0,"7":0,"8":0,"9":0,"10":0,"11":0,"12":0,"13":0,"14":0,"15":3,"16":2,"17":3,"18":6,"19":0}},"method":"hillside","closest_pair":[[18,19,17,16,15,14,13,11,10,12,8,9,6,7,3,5,4,2,0,1],[18,19,17,16,15,14,13,11,12,10,8,9,6,7,3,5,4,2,0,1]],"farthest_pair":[[18,19,17,16,15,14,13,11,12,10,8,9,6,7,3,5,4,2,0,1],[18,19,17,16,15,14,13,11,10,12,8,9,6,7,3,5,4,2,0,1]],"tau_farthest_pair":0.9894736842,"tau_closest_pair":0.9894736842,"centroid_solution":[18,19,17,16,15,14,13,11,12,10,8,9,6,7,3,5,4,2,0,1]}