{"solutions":[[0,1,4,3,2,5,6,7,8,10,11,9,14,12,13,15,16,17,18,19],[0,1,4,3,2,5,7,6,8,10,11,9,14,12,13,15,16,17,18,19]],"obj":1120.0,"max_tau_solutions":null,"centroid_x":[[0.0,1.0,1.0,1.0,1.0,1.0,1.0,1.0,1.0,1.0,1.0,1.0,1.0,1.0,1.0,1.0,1.0,1.0,1.0,1.0],[0.0,0.0,1.0,1.0,1.0,1.0,1.0,1.0,1.0,1.0,1.0,1.0,1.0,1.0,1.0,1.0,1.0,1.0,1.0,1.0],[0.0,0.0,0.0,0.0,0.0,1.0,1.0,1.0,1.0,1.0,1.0,1.0,1.0,1.0,1.0,1.0,1.0,1.0,1.0,1.0],[0.0,0.0,1.0,0.0,0.0,1.0,1.0,1.0,1.0,1.0,1.0,1.0,1.0,1.0,1.0,1.0,1.0,1.0,1.0,1.0],[0.0,0.0,1.0,1.0,0.0,1.0,1.0,1.0,1.0,1.0,1.0,1.0,1.0,1.0,1.0,1.0,1.0,1.0,1.0,1.0],[0.0,0.0,0.0,0.0,0.0,0.0,1.0,1.0,1.0,1.0,1.0,1.0,1.0,1.0,1.0,1.0,1.0,1.0,1.0,1.0],[0.0,0.0,0.0,0.0,0.0,0.0,0.0,0.4888370647,1.0,1.0,1.0,1.0,1.0,1.0,1.0,1.0,1.0,1.0,1.0,1.0],[0.0,0.0,0.0,0.0,0.0,0.0,0.5111629353,0.0,1.0,1.0,1.0,1.0,1.0,1.0,1.0,1.0,1.0,1.0,1.0,1.0],[0.0,0.0,0.0,0.0,0.0,0.0,0.0,0.0,0.0,1.0,1.0,1.0,1.0,1.0,1.0,1.0,1.0,1.0,1.0,1.0],[0.0,0.0,0.0,0.0,0.0,0.0,0.0,0.0,0.0,0.0,0.0,0.0,1.0,1.0,1.0,1.0,1.0,1.0,1.0,1.0],[0.0,0.0,0.0,0.0,0.0,0.0,0.0,0.0,0.0,1.0,0.0,1.0,1.0,1.0,1.0,1.0,1.0,1.0,1.0,1.0],[0.0,0.0,0.0,0.0,0.0,0.0,0.0,0.0,0.0,1.0,0.0,0.0,1.0,1.0,1.0,1.0,1.0,1.0,1.0,1.0],[0.0,0.0,0.0,0.0,0.0,0.0,0.0,0.0,0.0,0.0,0.0,0.0,0.0,1.0,0.0,1.0,1.0,1.0,1.0,1.0],[0.0,0.0,0.0,0.0,0.0,0.0,0.0,0.0,0.0,0.0,0.0,0.0,0.0,0.0,0.0,1.0,1.0,1.0,1.0,1.0],[0.0,0.0,0.0,0.0,0.0,0.0,0.0,0.0,0.0,0.0,0.0,0.0,1.0,1.0,0.0,1.0,1.0,1.0,1.0,1.0],[0.0,0.0,0.0,0.0,0.0,0.0,0.0,0.0,0.0,0.0,0.0,0.0,0.0,0.0,0.0,0.0,1.0,1.0,1.0,1.0],[0.0,0.0,0.0,0.0,0.0,0.0,0.0,0.0,0.0,0.0,0.0,0.0,0.0,0.0,0.0,0.0,0.0,1.0,1.0,1.0],[0.0,0.0,0.0,0.0,0.0,0.0,0.0,0.0,0.0,0.0,0.0,0.0,0.0,0.0,0.0,0.0,0.0,0.0,1.0,1.0],[0.0,0.0,0.0,0.0,0.0,0.0,0.0,0.0,0.0,0.0,0.0,0.0,0.0,0.0,0.0,0.0,0.0,0.0,0.0,1.0],[0.0,0.0,0.0,0.0,0.0,0.0,0.0,0.0,0.0,0.0,0.0,0.0,0.0,0.0,0.0,0.0,0.0,0.0,0.0,0.0]],"outlier_solution":[0,1,4,3,2,5,6,7,8,10,11,9,14,12,13,15,16,17,18,19],"dataset_id":732,"source_dataset_id":779,"options":null,"D":{"0":{"0":0,"1":4,"2":3,"3":0,"4":7,"5":0,"6":0,"7":0,"8":0,"9":0,"10":0,"11":0,"12":0,"13":0,"14":0,"15":0,"16":0,"17":0,"18":0,"19":0},"1":{"0":0,"1":0,"2":1,"3":3,"4":3,"5":1,"6":0,"7":0,"8":0,"9":0,"10":0,"11":0,"12":0,"13":0,"14":0,"15":0,"16":0,"17":0,"18":0,"19":0},"2":{"0":4,"1":4,"2":0,"3":2,"4":3,"5":3,"6":2,"7":0,"8":0,"9":0,"10":0,"11":0,"12":0,"13":0,"14":0,"15":0,"16":0,"17":0,"18":0,"19":0},"3":{"0":2,"1":1,"2":1,"3":0,"4":3,"5":3,"6":3,"7":5,"8":0,"9":0,"10":0,"11":0,"12":0,"13":0,"14":0,"15":0,"16":0,"17":0,"18":0,"19":0},"4":{"0":2,"1":1,"2":4,"3":4,"4":0,"5":2,"6":1,"7":2,"8":4,"9":0,"10":0,"11":0,"12":0,"13":0,"14":0,"15":0,"16":0,"17":0,"18":0,"19":0},"5":{"0":10,"1":4,"2":2,"3":4,"4":4,"5":0,"6":2,"7":3,"8":2,"9":3,"10":0,"11":0,"12":0,"13":0,"14":0,"15":0,"16":0,"17":0,"18":0,"19":0},"6":{"0":5,"1":6,"2":2,"3":2,"4":2,"5":5,"6":0,"7":4,"8":3,"9":2,"10":3,"11":0,"12":0,"13":0,"14":0,"15":0,"16":0,"17":0,"18":0,"19":0},"7":{"0":7,"1":8,"2":8,"3":3,"4":4,"5":1,"6":1,"7":0,"8":2,"9":3,"10":2,"11":0,"12":0,"13":0,"14":0,"15":0,"16":0,"17":0,"18":0,"19":0},"8":{"0":9,"1":4,"2":6,"3":9,"4":1,"5":3,"6":7,"7":3,"8":0,"9":1,"10":2,"11":1,"12":2,"13":0,"14":0,"15":0,"16":0,"17":0,"18":0,"19":0},"9":{"0":6,"1":8,"2":6,"3":4,"4":5,"5":3,"6":3,"7":4,"8":3,"9":0,"10":1,"11":3,"12":4,"13":2,"14":0,"15":0,"16":0,"17":0,"18":0,"19":0},"10":{"0":6,"1":4,"2":5,"3":6,"4":6,"5":5,"6":4,"7":4,"8":2,"9":2,"10":0,"11":2,"12":1,"13":3,"14":4,"15":0,"16":0,"17":0,"18":0,"19":0},"11":{"0":8,"1":4,"2":3,"3":3,"4":4,"5":7,"6":5,"7":3,"8":2,"9":3,"10":3,"11":0,"12":4,"13":1,"14":6,"15":1,"16":0,"17":0,"18":0,"19":0},"12":{"0":7,"1":5,"2":4,"3":4,"4":6,"5":6,"6":7,"7":6,"8":5,"9":6,"10":4,"11":3,"12":0,"13":3,"14":2,"15":3,"16":1,"17":0,"18":0,"19":0},"13":{"0":5,"1":3,"2":6,"3":10,"4":8,"5":5,"6":2,"7":3,"8":3,"9":1,"10":0,"11":3,"12":2,"13":0,"14":4,"15":4,"16":3,"17":3,"18":0,"19":0},"14":{"0":1,"1":3,"2":4,"3":1,"4":5,"5":4,"6":6,"7":2,"8":8,"9":0,"10":3,"11":1,"12":1,"13":1,"14":0,"15":0,"16":2,"17":0,"18":1,"19":0},"15":{"0":7,"1":3,"2":2,"3":11,"4":9,"5":5,"6":5,"7":6,"8":3,"9":2,"10":4,"11":2,"12":3,"13":2,"14":5,"15":0,"16":4,"17":3,"18":1,"19":4},"16":{"0":4,"1":8,"2":2,"3":0,"4":3,"5":5,"6":6,"7":8,"8":2,"9":3,"10":4,"11":6,"12":4,"13":4,"14":3,"15":2,"16":0,"17":5,"18":0,"19":1},"17":{"0":10,"1":3,"2":4,"3":7,"4":6,"5":7,"6":3,"7":4,"8":4,"9":5,"10":5,"11":8,"12":4,"13":3,"14":1,"15":5,"16":3,"17":0,"18":5,"19":2},"18":{"0":6,"1":7,"2":10,"3":7,"4":6,"5":3,"6":7,"7":3,"8":5,"9":3,"10":1,"11":7,"12":6,"13":6,"14":1,"15":3,"16":3,"17":1,"18":0,"19":2},"19":{"0":7,"1":7,"2":3,"3":6,"4":11,"5":9,"6":3,"7":6,"8":9,"9":4,"10":6,"11":9,"12":4,"13":2,"14":4,"15":1,"16":5,"17":1,"18":0,"19":0}},"method":"hillside","closest_pair":[[0,1,4,3,2,5,6,7,8,10,11,9,14,12,13,15,16,17,18,19],[0,1,4,3,2,5,7,6,8,10,11,9,14,12,13,15,16,17,18,19]],"farthest_pair":[[0,1,4,3,2,5,7,6,8,10,11,9,14,12,13,15,16,17,18,19],[0,1,4,3,2,5,6,7,8,10,11,9,14,12,13,15,16,17,18,19]],"tau_farthest_pair":0.9894736842,"tau_closest_pair":0.9894736842,"centroid_solution":[0,1,4,3,2,5,7,6,8,10,11,9,14,12,13,15,16,17,18,19]}