{"solutions":[[18,19,17,15,16,14,12,13,10,11,9,7,8,6,5,2,4,1,0,3],[18,19,17,15,16,14,13,12,10,11,9,8,7,6,5,2,4,1,0,3],[18,19,17,15,16,14,13,12,10,9,11,8,7,6,5,2,4,1,0,3],[18,19,17,15,16,14,12,13,10,9,11,7,8,6,5,2,4,1,0,3],[19,18,17,15,16,14,13,12,10,11,9,8,7,6,5,2,4,1,0,3],[19,18,17,15,16,14,13,12,10,11,9,7,8,6,5,2,4,1,0,3],[19,18,17,15,16,14,12,13,10,11,9,7,8,6,5,2,4,1,0,3],[18,19,17,15,16,14,13,12,10,11,9,7,8,6,5,2,4,1,0,3],[19,18,17,15,16,14,12,13,10,9,11,8,7,6,5,2,4,1,0,3],[18,19,17,15,16,14,12,13,10,11,9,8,7,6,5,2,4,1,0,3],[19,18,17,15,16,14,13,12,10,9,11,8,7,6,5,2,4,1,0,3],[19,18,17,15,16,14,13,12,10,9,11,7,8,6,5,2,4,1,0,3],[18,19,17,15,16,14,13,12,10,9,11,7,8,6,5,2,4,1,0,3],[19,18,17,15,16,14,12,13,10,9,11,7,8,6,5,2,4,1,0,3],[18,19,17,15,16,14,12,13,10,9,11,8,7,6,5,2,4,1,0,3],[19,18,17,15,16,14,12,13,10,11,9,8,7,6,5,2,4,1,0,3]],"obj":1090.0,"max_tau_solutions":null,"centroid_x":[[0.0,0.0,0.0,1.0,0.0,0.0,0.0,0.0,0.0,0.0,0.0,0.0,0.0,0.0,0.0,0.0,0.0,0.0,0.0,0.0],[1.0,0.0,0.0,1.0,0.0,0.0,0.0,0.0,0.0,0.0,0.0,0.0,0.0,0.0,0.0,0.0,0.0,0.0,0.0,0.0],[1.0,1.0,0.0,1.0,1.0,0.0,0.0,0.0,0.0,0.0,0.0,0.0,0.0,0.0,0.0,0.0,0.0,0.0,0.0,0.0],[0.0,0.0,0.0,0.0,0.0,0.0,0.0,0.0,0.0,0.0,0.0,0.0,0.0,0.0,0.0,0.0,0.0,0.0,0.0,0.0],[1.0,1.0,0.0,1.0,0.0,0.0,0.0,0.0,0.0,0.0,0.0,0.0,0.0,0.0,0.0,0.0,0.0,0.0,0.0,0.0],[1.0,1.0,1.0,1.0,1.0,0.0,0.0,0.0,0.0,0.0,0.0,0.0,0.0,0.0,0.0,0.0,0.0,0.0,0.0,0.0],[1.0,1.0,1.0,1.0,1.0,1.0,0.0,0.0,0.0,0.0,0.0,0.0,0.0,0.0,0.0,0.0,0.0,0.0,0.0,0.0],[1.0,1.0,1.0,1.0,1.0,1.0,1.0,0.0,0.3355429707,0.0,0.0,0.0,0.0,0.0,0.0,0.0,0.0,0.0,0.0,0.0],[1.0,1.0,1.0,1.0,1.0,1.0,1.0,0.6644570293,0.0,0.0,0.0,0.0,0.0,0.0,0.0,0.0,0.0,0.0,0.0,0.0],[1.0,1.0,1.0,1.0,1.0,1.0,1.0,1.0,1.0,0.0,0.0,0.3521946214,0.0,0.0,0.0,0.0,0.0,0.0,0.0,0.0],[1.0,1.0,1.0,1.0,1.0,1.0,1.0,1.0,1.0,1.0,0.0,1.0,0.0,0.0,0.0,0.0,0.0,0.0,0.0,0.0],[1.0,1.0,1.0,1.0,1.0,1.0,1.0,1.0,1.0,0.6478053786,0.0,0.0,0.0,0.0,0.0,0.0,0.0,0.0,0.0,0.0],[1.0,1.0,1.0,1.0,1.0,1.0,1.0,1.0,1.0,1.0,1.0,1.0,0.0,0.3336348614,0.0,0.0,0.0,0.0,0.0,0.0],[1.0,1.0,1.0,1.0,1.0,1.0,1.0,1.0,1.0,1.0,1.0,1.0,0.6663651386,0.0,0.0,0.0,0.0,0.0,0.0,0.0],[1.0,1.0,1.0,1.0,1.0,1.0,1.0,1.0,1.0,1.0,1.0,1.0,1.0,1.0,0.0,0.0,0.0,0.0,0.0,0.0],[1.0,1.0,1.0,1.0,1.0,1.0,1.0,1.0,1.0,1.0,1.0,1.0,1.0,1.0,1.0,0.0,1.0,0.0,0.0,0.0],[1.0,1.0,1.0,1.0,1.0,1.0,1.0,1.0,1.0,1.0,1.0,1.0,1.0,1.0,1.0,0.0,0.0,0.0,0.0,0.0],[1.0,1.0,1.0,1.0,1.0,1.0,1.0,1.0,1.0,1.0,1.0,1.0,1.0,1.0,1.0,1.0,1.0,0.0,0.0,0.0],[1.0,1.0,1.0,1.0,1.0,1.0,1.0,1.0,1.0,1.0,1.0,1.0,1.0,1.0,1.0,1.0,1.0,1.0,0.0,0.3301365982],[1.0,1.0,1.0,1.0,1.0,1.0,1.0,1.0,1.0,1.0,1.0,1.0,1.0,1.0,1.0,1.0,1.0,1.0,0.6698634018,0.0]],"outlier_solution":[18,19,17,15,16,14,12,13,10,9,11,7,8,6,5,2,4,1,0,3],"dataset_id":734,"source_dataset_id":781,"options":null,"D":{"0":{"0":0,"1":3,"2":2,"3":8,"4":1,"5":8,"6":2,"7":4,"8":6,"9":7,"10":1,"11":4,"12":7,"13":5,"14":6,"15":7,"16":6,"17":4,"18":4,"19":4},"1":{"0":5,"1":0,"2":2,"3":2,"4":0,"5":2,"6":4,"7":9,"8":0,"9":8,"10":4,"11":3,"12":4,"13":3,"14":5,"15":5,"16":8,"17":7,"18":9,"19":4},"2":{"0":2,"1":1,"2":0,"3":2,"4":2,"5":1,"6":2,"7":5,"8":8,"9":7,"10":2,"11":5,"12":4,"13":3,"14":5,"15":5,"16":5,"17":6,"18":5,"19":3},"3":{"0":5,"1":2,"2":3,"3":0,"4":5,"5":2,"6":2,"7":3,"8":10,"9":5,"10":10,"11":3,"12":2,"13":6,"14":6,"15":5,"16":8,"17":10,"18":8,"19":5},"4":{"0":2,"1":2,"2":1,"3":2,"4":0,"5":2,"6":4,"7":7,"8":4,"9":10,"10":3,"11":3,"12":5,"13":2,"14":2,"15":7,"16":3,"17":8,"18":7,"19":8},"5":{"0":0,"1":3,"2":2,"3":3,"4":2,"5":0,"6":0,"7":2,"8":8,"9":5,"10":6,"11":4,"12":7,"13":5,"14":7,"15":7,"16":5,"17":4,"18":5,"19":2},"6":{"0":0,"1":0,"2":1,"3":0,"4":1,"5":2,"6":0,"7":4,"8":4,"9":4,"10":0,"11":3,"12":8,"13":3,"14":9,"15":9,"16":6,"17":3,"18":5,"19":4},"7":{"0":0,"1":0,"2":0,"3":1,"4":2,"5":1,"6":4,"7":0,"8":5,"9":0,"10":8,"11":3,"12":2,"13":7,"14":6,"15":4,"16":4,"17":5,"18":5,"19":8},"8":{"0":0,"1":0,"2":0,"3":0,"4":2,"5":5,"6":3,"7":4,"8":0,"9":3,"10":2,"11":3,"12":4,"13":6,"14":2,"15":6,"16":5,"17":6,"18":9,"19":5},"9":{"0":0,"1":0,"2":0,"3":0,"4":0,"5":3,"6":1,"7":1,"8":2,"9":0,"10":4,"11":4,"12":2,"13":1,"14":7,"15":5,"16":4,"17":4,"18":4,"19":6},"10":{"0":0,"1":0,"2":0,"3":0,"4":0,"5":0,"6":0,"7":2,"8":1,"9":0,"10":0,"11":1,"12":6,"13":0,"14":3,"15":3,"16":5,"17":6,"18":6,"19":8},"11":{"0":0,"1":0,"2":0,"3":0,"4":0,"5":0,"6":0,"7":4,"8":2,"9":1,"10":2,"11":0,"12":1,"13":2,"14":5,"15":3,"16":4,"17":7,"18":6,"19":5},"12":{"0":0,"1":0,"2":0,"3":0,"4":0,"5":0,"6":0,"7":0,"8":0,"9":1,"10":1,"11":2,"12":0,"13":5,"14":7,"15":3,"16":4,"17":5,"18":2,"19":4},"13":{"0":0,"1":0,"2":0,"3":0,"4":0,"5":0,"6":0,"7":0,"8":0,"9":3,"10":4,"11":1,"12":0,"13":0,"14":3,"15":1,"16":6,"17":2,"18":3,"19":4},"14":{"0":0,"1":0,"2":0,"3":0,"4":0,"5":0,"6":0,"7":0,"8":0,"9":0,"10":1,"11":6,"12":2,"13":3,"14":0,"15":4,"16":3,"17":5,"18":3,"19":6},"15":{"0":0,"1":0,"2":0,"3":0,"4":0,"5":0,"6":0,"7":0,"8":0,"9":0,"10":0,"11":4,"12":3,"13":2,"14":2,"15":0,"16":2,"17":2,"18":4,"19":2},"16":{"0":0,"1":0,"2":0,"3":0,"4":0,"5":0,"6":0,"7":0,"8":0,"9":0,"10":0,"11":0,"12":1,"13":2,"14":2,"15":2,"16":0,"17":2,"18":6,"19":4},"17":{"0":0,"1":0,"2":0,"3":0,"4":0,"5":0,"6":0,"7":0,"8":0,"9":0,"10":0,"11":0,"12":0,"13":2,"14":2,"15":3,"16":3,"17":0,"18":1,"19":1},"18":{"0":0,"1":0,"2":0,"3":0,"4":0,"5":0,"6":0,"7":0,"8":0,"9":0,"10":0,"11":0,"12":0,"13":0,"14":1,"15":3,"16":5,"17":2,"18":0,"19":2},"19":{"0":0,"1":0,"2":0,"3":0,"4":0,"5":0,"6":0,"7":0,"8":0,"9":0,"10":0,"11":0,"12":0,"13":0,"14":0,"15":4,"16":2,"17":1,"18":2,"19":0}},"method":"hillside","closest_pair":[[18,19,17,15,16,14,13,12,10,11,9,8,7,6,5,2,4,1,0,3],[19,18,17,15,16,14,13,12,10,11,9,8,7,6,5,2,4,1,0,3]],"farthest_pair":[[19,18,17,15,16,14,13,12,10,11,9,8,7,6,5,2,4,1,0,3],[18,19,17,15,16,14,12,13,10,9,11,7,8,6,5,2,4,1,0,3]],"tau_farthest_pair":0.9578947368,"tau_closest_pair":0.9894736842,"centroid_solution":[19,18,17,15,16,14,13,12,10,11,9,8,7,6,5,2,4,1,0,3]}