{"solutions":[[19,17,16,18,14,15,13,12,10,11,9,8,7,5,6,2,4,3,0,1],[19,17,16,18,14,15,13,12,10,11,9,8,7,5,6,2,4,3,1,0],[19,17,16,18,14,13,15,12,10,11,9,8,7,5,6,2,4,3,1,0],[19,17,16,18,14,13,15,12,11,10,9,8,7,5,6,2,4,3,1,0],[19,17,16,18,14,13,15,12,11,10,9,8,7,5,6,2,4,3,0,1],[19,17,16,18,14,13,15,12,10,11,9,8,7,5,6,2,4,3,0,1],[19,17,16,18,14,15,13,12,11,10,9,8,7,5,6,2,4,3,0,1],[19,17,16,18,14,15,13,12,11,10,9,8,7,5,6,2,4,3,1,0]],"obj":1282.0,"max_tau_solutions":null,"centroid_x":[[0.0,0.3357096074,0.0,0.0,0.0,0.0,0.0,0.0,0.0,0.0,0.0,0.0,0.0,0.0,0.0,0.0,0.0,0.0,0.0,0.0],[0.6642903926,0.0,0.0,0.0,0.0,0.0,0.0,0.0,0.0,0.0,0.0,0.0,0.0,0.0,0.0,0.0,0.0,0.0,0.0,0.0],[1.0,1.0,0.0,1.0,1.0,0.0,0.0,0.0,0.0,0.0,0.0,0.0,0.0,0.0,0.0,0.0,0.0,0.0,0.0,0.0],[1.0,1.0,0.0,0.0,0.0,0.0,0.0,0.0,0.0,0.0,0.0,0.0,0.0,0.0,0.0,0.0,0.0,0.0,0.0,0.0],[1.0,1.0,0.0,1.0,0.0,0.0,0.0,0.0,0.0,0.0,0.0,0.0,0.0,0.0,0.0,0.0,0.0,0.0,0.0,0.0],[1.0,1.0,1.0,1.0,1.0,0.0,1.0,0.0,0.0,0.0,0.0,0.0,0.0,0.0,0.0,0.0,0.0,0.0,0.0,0.0],[1.0,1.0,1.0,1.0,1.0,0.0,0.0,0.0,0.0,0.0,0.0,0.0,0.0,0.0,0.0,0.0,0.0,0.0,0.0,0.0],[1.0,1.0,1.0,1.0,1.0,1.0,1.0,0.0,0.0,0.0,0.0,0.0,0.0,0.0,0.0,0.0,0.0,0.0,0.0,0.0],[1.0,1.0,1.0,1.0,1.0,1.0,1.0,1.0,0.0,0.0,0.0,0.0,0.0,0.0,0.0,0.0,0.0,0.0,0.0,0.0],[1.0,1.0,1.0,1.0,1.0,1.0,1.0,1.0,1.0,0.0,0.0,0.0,0.0,0.0,0.0,0.0,0.0,0.0,0.0,0.0],[1.0,1.0,1.0,1.0,1.0,1.0,1.0,1.0,1.0,1.0,0.0,0.3312746818,0.0,0.0,0.0,0.0,0.0,0.0,0.0,0.0],[1.0,1.0,1.0,1.0,1.0,1.0,1.0,1.0,1.0,1.0,0.6687253182,0.0,0.0,0.0,0.0,0.0,0.0,0.0,0.0,0.0],[1.0,1.0,1.0,1.0,1.0,1.0,1.0,1.0,1.0,1.0,1.0,1.0,0.0,0.0,0.0,0.0,0.0,0.0,0.0,0.0],[1.0,1.0,1.0,1.0,1.0,1.0,1.0,1.0,1.0,1.0,1.0,1.0,1.0,0.0,0.0,0.3463899492,0.0,0.0,0.0,0.0],[1.0,1.0,1.0,1.0,1.0,1.0,1.0,1.0,1.0,1.0,1.0,1.0,1.0,1.0,0.0,1.0,0.0,0.0,0.0,0.0],[1.0,1.0,1.0,1.0,1.0,1.0,1.0,1.0,1.0,1.0,1.0,1.0,1.0,0.6536100508,0.0,0.0,0.0,0.0,0.0,0.0],[1.0,1.0,1.0,1.0,1.0,1.0,1.0,1.0,1.0,1.0,1.0,1.0,1.0,1.0,1.0,1.0,0.0,0.0,1.0,0.0],[1.0,1.0,1.0,1.0,1.0,1.0,1.0,1.0,1.0,1.0,1.0,1.0,1.0,1.0,1.0,1.0,1.0,0.0,1.0,0.0],[1.0,1.0,1.0,1.0,1.0,1.0,1.0,1.0,1.0,1.0,1.0,1.0,1.0,1.0,1.0,1.0,0.0,0.0,0.0,0.0],[1.0,1.0,1.0,1.0,1.0,1.0,1.0,1.0,1.0,1.0,1.0,1.0,1.0,1.0,1.0,1.0,1.0,1.0,1.0,0.0]],"outlier_solution":[19,17,16,18,14,13,15,12,10,11,9,8,7,5,6,2,4,3,0,1],"dataset_id":736,"source_dataset_id":783,"options":null,"D":{"0":{"0":0,"1":1,"2":4,"3":6,"4":1,"5":7,"6":5,"7":6,"8":4,"9":3,"10":4,"11":6,"12":4,"13":10,"14":3,"15":9,"16":7,"17":2,"18":4,"19":9},"1":{"0":0,"1":0,"2":3,"3":3,"4":4,"5":2,"6":7,"7":2,"8":14,"9":7,"10":5,"11":7,"12":7,"13":4,"14":4,"15":3,"16":9,"17":8,"18":5,"19":5},"2":{"0":1,"1":2,"2":0,"3":2,"4":2,"5":2,"6":1,"7":7,"8":1,"9":7,"10":3,"11":6,"12":6,"13":3,"14":1,"15":4,"16":3,"17":9,"18":5,"19":1},"3":{"0":3,"1":2,"2":1,"3":0,"4":1,"5":2,"6":2,"7":1,"8":7,"9":9,"10":5,"11":4,"12":4,"13":4,"14":9,"15":7,"16":4,"17":3,"18":4,"19":6},"4":{"0":2,"1":3,"2":4,"3":6,"4":0,"5":0,"6":3,"7":4,"8":2,"9":4,"10":8,"11":3,"12":8,"13":4,"14":3,"15":2,"16":4,"17":9,"18":5,"19":3},"5":{"0":0,"1":3,"2":3,"3":2,"4":2,"5":0,"6":3,"7":2,"8":3,"9":4,"10":6,"11":2,"12":3,"13":4,"14":5,"15":3,"16":7,"17":3,"18":4,"19":8},"6":{"0":0,"1":0,"2":3,"3":1,"4":6,"5":3,"6":0,"7":6,"8":6,"9":2,"10":4,"11":4,"12":3,"13":9,"14":6,"15":1,"16":4,"17":5,"18":7,"19":3},"7":{"0":0,"1":0,"2":0,"3":2,"4":2,"5":5,"6":4,"7":0,"8":1,"9":1,"10":4,"11":4,"12":4,"13":8,"14":2,"15":6,"16":6,"17":4,"18":3,"19":4},"8":{"0":0,"1":0,"2":0,"3":0,"4":3,"5":6,"6":1,"7":2,"8":0,"9":5,"10":4,"11":0,"12":2,"13":7,"14":3,"15":2,"16":5,"17":7,"18":7,"19":10},"9":{"0":0,"1":0,"2":0,"3":0,"4":0,"5":0,"6":4,"7":4,"8":5,"9":0,"10":3,"11":3,"12":4,"13":4,"14":2,"15":7,"16":4,"17":1,"18":4,"19":8},"10":{"0":0,"1":0,"2":0,"3":0,"4":0,"5":0,"6":1,"7":1,"8":3,"9":1,"10":0,"11":4,"12":2,"13":2,"14":3,"15":4,"16":1,"17":5,"18":5,"19":6},"11":{"0":0,"1":0,"2":0,"3":0,"4":0,"5":0,"6":0,"7":5,"8":6,"9":1,"10":3,"11":0,"12":0,"13":3,"14":5,"15":2,"16":3,"17":9,"18":2,"19":3},"12":{"0":0,"1":0,"2":0,"3":0,"4":0,"5":0,"6":0,"7":0,"8":10,"9":2,"10":3,"11":4,"12":0,"13":1,"14":3,"15":2,"16":1,"17":5,"18":7,"19":0},"13":{"0":0,"1":0,"2":0,"3":0,"4":0,"5":0,"6":0,"7":0,"8":0,"9":2,"10":9,"11":4,"12":4,"13":0,"14":2,"15":2,"16":4,"17":3,"18":3,"19":3},"14":{"0":0,"1":0,"2":0,"3":0,"4":0,"5":0,"6":0,"7":0,"8":0,"9":0,"10":1,"11":4,"12":5,"13":1,"14":0,"15":0,"16":3,"17":0,"18":2,"19":5},"15":{"0":0,"1":0,"2":0,"3":0,"4":0,"5":0,"6":0,"7":0,"8":0,"9":0,"10":0,"11":2,"12":0,"13":3,"14":3,"15":0,"16":0,"17":7,"18":6,"19":5},"16":{"0":0,"1":0,"2":0,"3":0,"4":0,"5":0,"6":0,"7":0,"8":0,"9":0,"10":0,"11":0,"12":5,"13":3,"14":2,"15":3,"16":0,"17":3,"18":1,"19":5},"17":{"0":0,"1":0,"2":0,"3":0,"4":0,"5":0,"6":0,"7":0,"8":0,"9":0,"10":0,"11":0,"12":0,"13":1,"14":3,"15":3,"16":2,"17":0,"18":2,"19":2},"18":{"0":0,"1":0,"2":0,"3":0,"4":0,"5":0,"6":0,"7":0,"8":0,"9":0,"10":0,"11":0,"12":0,"13":0,"14":6,"15":4,"16":3,"17":4,"18":0,"19":4},"19":{"0":0,"1":0,"2":0,"3":0,"4":0,"5":0,"6":0,"7":0,"8":0,"9":0,"10":0,"11":0,"12":0,"13":0,"14":0,"15":1,"16":3,"17":7,"18":0,"19":0}},"method":"hillside","closest_pair":[[19,17,16,18,14,13,15,12,11,10,9,8,7,5,6,2,4,3,1,0],[19,17,16,18,14,15,13,12,11,10,9,8,7,5,6,2,4,3,1,0]],"farthest_pair":[[19,17,16,18,14,15,13,12,11,10,9,8,7,5,6,2,4,3,1,0],[19,17,16,18,14,13,15,12,10,11,9,8,7,5,6,2,4,3,0,1]],"tau_farthest_pair":0.9684210526,"tau_closest_pair":0.9894736842,"centroid_solution":[19,17,16,18,14,15,13,12,11,10,9,8,7,5,6,2,4,3,1,0]}