{"solutions":[[2,3,0,1,4,5,6,7,8,9,10,11,12,14,13,15,16,17,19,18],[2,3,0,1,4,5,7,6,9,8,10,11,12,14,13,15,16,17,19,18],[2,3,0,1,4,5,6,7,8,9,10,11,12,14,13,15,19,16,17,18],[2,3,0,1,4,5,6,7,9,8,10,11,12,14,13,15,19,16,17,18],[2,3,0,1,4,5,6,7,9,8,10,11,12,14,13,15,16,17,19,18],[2,3,0,1,4,5,7,6,9,8,10,11,12,14,13,15,19,16,17,18],[2,3,0,1,4,5,7,6,8,9,10,11,12,14,13,15,19,16,17,18],[2,3,0,1,4,5,7,6,8,9,10,11,12,14,13,15,16,17,19,18]],"obj":1204.0,"max_tau_solutions":null,"centroid_x":[[0.0,1.0,0.0,0.0,1.0,1.0,1.0,1.0,1.0,1.0,1.0,1.0,1.0,1.0,1.0,1.0,1.0,1.0,1.0,1.0],[0.0,0.0,0.0,0.0,1.0,1.0,1.0,1.0,1.0,1.0,1.0,1.0,1.0,1.0,1.0,1.0,1.0,1.0,1.0,1.0],[1.0,1.0,0.0,1.0,1.0,1.0,1.0,1.0,1.0,1.0,1.0,1.0,1.0,1.0,1.0,1.0,1.0,1.0,1.0,1.0],[1.0,1.0,0.0,0.0,1.0,1.0,1.0,1.0,1.0,1.0,1.0,1.0,1.0,1.0,1.0,1.0,1.0,1.0,1.0,1.0],[0.0,0.0,0.0,0.0,0.0,1.0,1.0,1.0,1.0,1.0,1.0,1.0,1.0,1.0,1.0,1.0,1.0,1.0,1.0,1.0],[0.0,0.0,0.0,0.0,0.0,0.0,1.0,1.0,1.0,1.0,1.0,1.0,1.0,1.0,1.0,1.0,1.0,1.0,1.0,1.0],[0.0,0.0,0.0,0.0,0.0,0.0,0.0,0.5067683001,1.0,1.0,1.0,1.0,1.0,1.0,1.0,1.0,1.0,1.0,1.0,1.0],[0.0,0.0,0.0,0.0,0.0,0.0,0.4932316999,0.0,1.0,1.0,1.0,1.0,1.0,1.0,1.0,1.0,1.0,1.0,1.0,1.0],[0.0,0.0,0.0,0.0,0.0,0.0,0.0,0.0,0.0,0.5073866714,1.0,1.0,1.0,1.0,1.0,1.0,1.0,1.0,1.0,1.0],[0.0,0.0,0.0,0.0,0.0,0.0,0.0,0.0,0.4926133286,0.0,1.0,1.0,1.0,1.0,1.0,1.0,1.0,1.0,1.0,1.0],[0.0,0.0,0.0,0.0,0.0,0.0,0.0,0.0,0.0,0.0,0.0,1.0,1.0,1.0,1.0,1.0,1.0,1.0,1.0,1.0],[0.0,0.0,0.0,0.0,0.0,0.0,0.0,0.0,0.0,0.0,0.0,0.0,1.0,1.0,1.0,1.0,1.0,1.0,1.0,1.0],[0.0,0.0,0.0,0.0,0.0,0.0,0.0,0.0,0.0,0.0,0.0,0.0,0.0,1.0,1.0,1.0,1.0,1.0,1.0,1.0],[0.0,0.0,0.0,0.0,0.0,0.0,0.0,0.0,0.0,0.0,0.0,0.0,0.0,0.0,0.0,1.0,1.0,1.0,1.0,1.0],[0.0,0.0,0.0,0.0,0.0,0.0,0.0,0.0,0.0,0.0,0.0,0.0,0.0,1.0,0.0,1.0,1.0,1.0,1.0,1.0],[0.0,0.0,0.0,0.0,0.0,0.0,0.0,0.0,0.0,0.0,0.0,0.0,0.0,0.0,0.0,0.0,1.0,1.0,1.0,1.0],[0.0,0.0,0.0,0.0,0.0,0.0,0.0,0.0,0.0,0.0,0.0,0.0,0.0,0.0,0.0,0.0,0.0,1.0,1.0,0.4806500304],[0.0,0.0,0.0,0.0,0.0,0.0,0.0,0.0,0.0,0.0,0.0,0.0,0.0,0.0,0.0,0.0,0.0,0.0,1.0,0.4806500305],[0.0,0.0,0.0,0.0,0.0,0.0,0.0,0.0,0.0,0.0,0.0,0.0,0.0,0.0,0.0,0.0,0.0,0.0,0.0,0.0],[0.0,0.0,0.0,0.0,0.0,0.0,0.0,0.0,0.0,0.0,0.0,0.0,0.0,0.0,0.0,0.0,0.5193499696,0.5193499695,1.0,0.0]],"outlier_solution":[2,3,0,1,4,5,7,6,9,8,10,11,12,14,13,15,16,17,19,18],"dataset_id":738,"source_dataset_id":785,"options":null,"D":{"0":{"0":0,"1":2,"2":4,"3":3,"4":0,"5":0,"6":0,"7":0,"8":0,"9":0,"10":0,"11":0,"12":0,"13":0,"14":0,"15":0,"16":0,"17":0,"18":0,"19":0},"1":{"0":1,"1":0,"2":4,"3":1,"4":3,"5":0,"6":0,"7":0,"8":0,"9":0,"10":0,"11":0,"12":0,"13":0,"14":0,"15":0,"16":0,"17":0,"18":0,"19":0},"2":{"0":1,"1":1,"2":0,"3":2,"4":3,"5":4,"6":2,"7":0,"8":0,"9":0,"10":0,"11":0,"12":0,"13":0,"14":0,"15":0,"16":0,"17":0,"18":0,"19":0},"3":{"0":5,"1":3,"2":0,"3":0,"4":3,"5":8,"6":1,"7":3,"8":0,"9":0,"10":0,"11":0,"12":0,"13":0,"14":0,"15":0,"16":0,"17":0,"18":0,"19":0},"4":{"0":1,"1":4,"2":3,"3":2,"4":0,"5":8,"6":2,"7":2,"8":1,"9":0,"10":0,"11":0,"12":0,"13":0,"14":0,"15":0,"16":0,"17":0,"18":0,"19":0},"5":{"0":5,"1":2,"2":4,"3":6,"4":2,"5":0,"6":4,"7":4,"8":3,"9":2,"10":0,"11":0,"12":0,"13":0,"14":0,"15":0,"16":0,"17":0,"18":0,"19":0},"6":{"0":7,"1":6,"2":4,"3":5,"4":2,"5":2,"6":0,"7":3,"8":3,"9":4,"10":3,"11":0,"12":0,"13":0,"14":0,"15":0,"16":0,"17":0,"18":0,"19":0},"7":{"0":2,"1":7,"2":4,"3":4,"4":1,"5":1,"6":3,"7":0,"8":6,"9":5,"10":5,"11":2,"12":0,"13":0,"14":0,"15":0,"16":0,"17":0,"18":0,"19":0},"8":{"0":4,"1":7,"2":3,"3":8,"4":1,"5":2,"6":4,"7":4,"8":0,"9":5,"10":5,"11":3,"12":3,"13":0,"14":0,"15":0,"16":0,"17":0,"18":0,"19":0},"9":{"0":2,"1":4,"2":6,"3":5,"4":4,"5":1,"6":3,"7":2,"8":2,"9":0,"10":5,"11":3,"12":4,"13":2,"14":0,"15":0,"16":0,"17":0,"18":0,"19":0},"10":{"0":7,"1":3,"2":7,"3":8,"4":3,"5":2,"6":1,"7":4,"8":4,"9":2,"10":0,"11":3,"12":4,"13":2,"14":1,"15":0,"16":0,"17":0,"18":0,"19":0},"11":{"0":3,"1":2,"2":8,"3":4,"4":4,"5":10,"6":5,"7":3,"8":4,"9":1,"10":1,"11":0,"12":1,"13":2,"14":1,"15":2,"16":0,"17":0,"18":0,"19":0},"12":{"0":2,"1":7,"2":8,"3":7,"4":2,"5":8,"6":7,"7":6,"8":0,"9":2,"10":5,"11":0,"12":0,"13":0,"14":2,"15":1,"16":1,"17":0,"18":0,"19":0},"13":{"0":10,"1":5,"2":6,"3":6,"4":5,"5":2,"6":5,"7":9,"8":5,"9":0,"10":1,"11":2,"12":1,"13":0,"14":5,"15":1,"16":4,"17":3,"18":0,"19":0},"14":{"0":2,"1":4,"2":5,"3":4,"4":7,"5":6,"6":4,"7":3,"8":1,"9":4,"10":3,"11":0,"12":1,"13":3,"14":0,"15":4,"16":2,"17":1,"18":5,"19":0},"15":{"0":7,"1":4,"2":3,"3":7,"4":1,"5":5,"6":9,"7":5,"8":6,"9":3,"10":3,"11":2,"12":1,"13":8,"14":3,"15":0,"16":3,"17":4,"18":0,"19":0},"16":{"0":6,"1":4,"2":6,"3":5,"4":6,"5":7,"6":4,"7":6,"8":6,"9":4,"10":6,"11":6,"12":2,"13":2,"14":2,"15":2,"16":0,"17":1,"18":6,"19":2},"17":{"0":6,"1":6,"2":6,"3":5,"4":11,"5":2,"6":5,"7":9,"8":4,"9":5,"10":4,"11":11,"12":7,"13":0,"14":1,"15":2,"16":0,"17":0,"18":2,"19":3},"18":{"0":3,"1":9,"2":7,"3":6,"4":7,"5":4,"6":6,"7":8,"8":4,"9":9,"10":10,"11":2,"12":3,"13":5,"14":7,"15":3,"16":3,"17":2,"18":0,"19":6},"19":{"0":3,"1":2,"2":4,"3":8,"4":3,"5":5,"6":1,"7":4,"8":4,"9":5,"10":5,"11":6,"12":6,"13":5,"14":9,"15":3,"16":2,"17":3,"18":3,"19":0}},"method":"hillside","closest_pair":[[2,3,0,1,4,5,6,7,9,8,10,11,12,14,13,15,19,16,17,18],[2,3,0,1,4,5,7,6,9,8,10,11,12,14,13,15,19,16,17,18]],"farthest_pair":[[2,3,0,1,4,5,7,6,9,8,10,11,12,14,13,15,16,17,19,18],[2,3,0,1,4,5,6,7,8,9,10,11,12,14,13,15,19,16,17,18]],"tau_farthest_pair":0.9578947368,"tau_closest_pair":0.9894736842,"centroid_solution":[2,3,0,1,4,5,6,7,8,9,10,11,12,14,13,15,19,16,17,18]}