{"solutions":[[18,17,16,19,15,13,14,12,11,10,8,9,7,6,5,4,1,0,3,2],[18,19,17,16,15,13,14,12,11,10,8,9,6,7,5,4,1,0,3,2],[18,17,16,19,15,13,14,12,11,10,9,8,7,6,5,4,1,0,3,2],[18,19,17,16,15,13,14,12,11,10,8,9,7,6,5,4,1,0,3,2],[18,19,17,16,15,13,14,12,11,10,9,8,7,6,5,4,1,0,3,2],[18,17,16,19,15,13,14,12,11,10,9,8,6,7,5,4,1,0,3,2],[18,17,16,19,15,13,14,12,11,10,8,9,6,7,5,4,1,0,3,2],[18,19,17,16,15,13,14,12,11,10,9,8,6,7,5,4,1,0,3,2]],"obj":1204.0,"max_tau_solutions":null,"centroid_x":[[0.0,0.0,1.0,1.0,0.0,0.0,0.0,0.0,0.0,0.0,0.0,0.0,0.0,0.0,0.0,0.0,0.0,0.0,0.0,0.0],[1.0,0.0,1.0,1.0,0.0,0.0,0.0,0.0,0.0,0.0,0.0,0.0,0.0,0.0,0.0,0.0,0.0,0.0,0.0,0.0],[0.0,0.0,0.0,0.0,0.0,0.0,0.0,0.0,0.0,0.0,0.0,0.0,0.0,0.0,0.0,0.0,0.0,0.0,0.0,0.0],[0.0,0.0,1.0,0.0,0.0,0.0,0.0,0.0,0.0,0.0,0.0,0.0,0.0,0.0,0.0,0.0,0.0,0.0,0.0,0.0],[1.0,1.0,1.0,1.0,0.0,0.0,0.0,0.0,0.0,0.0,0.0,0.0,0.0,0.0,0.0,0.0,0.0,0.0,0.0,0.0],[1.0,1.0,1.0,1.0,1.0,0.0,0.0,0.0,0.0,0.0,0.0,0.0,0.0,0.0,0.0,0.0,0.0,0.0,0.0,0.0],[1.0,1.0,1.0,1.0,1.0,1.0,0.0,0.3382201581,0.0,0.0,0.0,0.0,0.0,0.0,0.0,0.0,0.0,0.0,0.0,0.0],[1.0,1.0,1.0,1.0,1.0,1.0,0.6617798419,0.0,0.0,0.0,0.0,0.0,0.0,0.0,0.0,0.0,0.0,0.0,0.0,0.0],[1.0,1.0,1.0,1.0,1.0,1.0,1.0,1.0,0.0,0.3389009266,0.0,0.0,0.0,0.0,0.0,0.0,0.0,0.0,0.0,0.0],[1.0,1.0,1.0,1.0,1.0,1.0,1.0,1.0,0.6610990734,0.0,0.0,0.0,0.0,0.0,0.0,0.0,0.0,0.0,0.0,0.0],[1.0,1.0,1.0,1.0,1.0,1.0,1.0,1.0,1.0,1.0,0.0,0.0,0.0,0.0,0.0,0.0,0.0,0.0,0.0,0.0],[1.0,1.0,1.0,1.0,1.0,1.0,1.0,1.0,1.0,1.0,1.0,0.0,0.0,0.0,0.0,0.0,0.0,0.0,0.0,0.0],[1.0,1.0,1.0,1.0,1.0,1.0,1.0,1.0,1.0,1.0,1.0,1.0,0.0,0.0,0.0,0.0,0.0,0.0,0.0,0.0],[1.0,1.0,1.0,1.0,1.0,1.0,1.0,1.0,1.0,1.0,1.0,1.0,1.0,0.0,1.0,0.0,0.0,0.0,0.0,0.0],[1.0,1.0,1.0,1.0,1.0,1.0,1.0,1.0,1.0,1.0,1.0,1.0,1.0,0.0,0.0,0.0,0.0,0.0,0.0,0.0],[1.0,1.0,1.0,1.0,1.0,1.0,1.0,1.0,1.0,1.0,1.0,1.0,1.0,1.0,1.0,0.0,0.0,0.0,0.0,0.0],[1.0,1.0,1.0,1.0,1.0,1.0,1.0,1.0,1.0,1.0,1.0,1.0,1.0,1.0,1.0,1.0,0.0,0.0,0.0,0.3936751634],[1.0,1.0,1.0,1.0,1.0,1.0,1.0,1.0,1.0,1.0,1.0,1.0,1.0,1.0,1.0,1.0,1.0,0.0,0.0,0.3936751634],[1.0,1.0,1.0,1.0,1.0,1.0,1.0,1.0,1.0,1.0,1.0,1.0,1.0,1.0,1.0,1.0,1.0,1.0,0.0,1.0],[1.0,1.0,1.0,1.0,1.0,1.0,1.0,1.0,1.0,1.0,1.0,1.0,1.0,1.0,1.0,1.0,0.6063248366,0.6063248366,0.0,0.0]],"outlier_solution":[18,17,16,19,15,13,14,12,11,10,8,9,6,7,5,4,1,0,3,2],"dataset_id":738,"source_dataset_id":785,"options":null,"D":{"0":{"0":0,"1":1,"2":1,"3":5,"4":1,"5":5,"6":7,"7":2,"8":4,"9":2,"10":7,"11":3,"12":2,"13":10,"14":2,"15":7,"16":6,"17":6,"18":3,"19":3},"1":{"0":2,"1":0,"2":1,"3":3,"4":4,"5":2,"6":6,"7":7,"8":7,"9":4,"10":3,"11":2,"12":7,"13":5,"14":4,"15":4,"16":4,"17":6,"18":9,"19":2},"2":{"0":4,"1":4,"2":0,"3":0,"4":3,"5":4,"6":4,"7":4,"8":3,"9":6,"10":7,"11":8,"12":8,"13":6,"14":5,"15":3,"16":6,"17":6,"18":7,"19":4},"3":{"0":3,"1":1,"2":2,"3":0,"4":2,"5":6,"6":5,"7":4,"8":8,"9":5,"10":8,"11":4,"12":7,"13":6,"14":4,"15":7,"16":5,"17":5,"18":6,"19":8},"4":{"0":0,"1":3,"2":3,"3":3,"4":0,"5":2,"6":2,"7":1,"8":1,"9":4,"10":3,"11":4,"12":2,"13":5,"14":7,"15":1,"16":6,"17":11,"18":7,"19":3},"5":{"0":0,"1":0,"2":4,"3":8,"4":8,"5":0,"6":2,"7":1,"8":2,"9":1,"10":2,"11":10,"12":8,"13":2,"14":6,"15":5,"16":7,"17":2,"18":4,"19":5},"6":{"0":0,"1":0,"2":2,"3":1,"4":2,"5":4,"6":0,"7":3,"8":4,"9":3,"10":1,"11":5,"12":7,"13":5,"14":4,"15":9,"16":4,"17":5,"18":6,"19":1},"7":{"0":0,"1":0,"2":0,"3":3,"4":2,"5":4,"6":3,"7":0,"8":4,"9":2,"10":4,"11":3,"12":6,"13":9,"14":3,"15":5,"16":6,"17":9,"18":8,"19":4},"8":{"0":0,"1":0,"2":0,"3":0,"4":1,"5":3,"6":3,"7":6,"8":0,"9":2,"10":4,"11":4,"12":0,"13":5,"14":1,"15":6,"16":6,"17":4,"18":4,"19":4},"9":{"0":0,"1":0,"2":0,"3":0,"4":0,"5":2,"6":4,"7":5,"8":5,"9":0,"10":2,"11":1,"12":2,"13":0,"14":4,"15":3,"16":4,"17":5,"18":9,"19":5},"10":{"0":0,"1":0,"2":0,"3":0,"4":0,"5":0,"6":3,"7":5,"8":5,"9":5,"10":0,"11":1,"12":5,"13":1,"14":3,"15":3,"16":6,"17":4,"18":10,"19":5},"11":{"0":0,"1":0,"2":0,"3":0,"4":0,"5":0,"6":0,"7":2,"8":3,"9":3,"10":3,"11":0,"12":0,"13":2,"14":0,"15":2,"16":6,"17":11,"18":2,"19":6},"12":{"0":0,"1":0,"2":0,"3":0,"4":0,"5":0,"6":0,"7":0,"8":3,"9":4,"10":4,"11":1,"12":0,"13":1,"14":1,"15":1,"16":2,"17":7,"18":3,"19":6},"13":{"0":0,"1":0,"2":0,"3":0,"4":0,"5":0,"6":0,"7":0,"8":0,"9":2,"10":2,"11":2,"12":0,"13":0,"14":3,"15":8,"16":2,"17":0,"18":5,"19":5},"14":{"0":0,"1":0,"2":0,"3":0,"4":0,"5":0,"6":0,"7":0,"8":0,"9":0,"10":1,"11":1,"12":2,"13":5,"14":0,"15":3,"16":2,"17":1,"18":7,"19":9},"15":{"0":0,"1":0,"2":0,"3":0,"4":0,"5":0,"6":0,"7":0,"8":0,"9":0,"10":0,"11":2,"12":1,"13":1,"14":4,"15":0,"16":2,"17":2,"18":3,"19":3},"16":{"0":0,"1":0,"2":0,"3":0,"4":0,"5":0,"6":0,"7":0,"8":0,"9":0,"10":0,"11":0,"12":1,"13":4,"14":2,"15":3,"16":0,"17":0,"18":3,"19":2},"17":{"0":0,"1":0,"2":0,"3":0,"4":0,"5":0,"6":0,"7":0,"8":0,"9":0,"10":0,"11":0,"12":0,"13":3,"14":1,"15":4,"16":1,"17":0,"18":2,"19":3},"18":{"0":0,"1":0,"2":0,"3":0,"4":0,"5":0,"6":0,"7":0,"8":0,"9":0,"10":0,"11":0,"12":0,"13":0,"14":5,"15":0,"16":6,"17":2,"18":0,"19":3},"19":{"0":0,"1":0,"2":0,"3":0,"4":0,"5":0,"6":0,"7":0,"8":0,"9":0,"10":0,"11":0,"12":0,"13":0,"14":0,"15":0,"16":2,"17":3,"18":6,"19":0}},"method":"hillside","closest_pair":[[18,19,17,16,15,13,14,12,11,10,9,8,6,7,5,4,1,0,3,2],[18,19,17,16,15,13,14,12,11,10,9,8,7,6,5,4,1,0,3,2]],"farthest_pair":[[18,17,16,19,15,13,14,12,11,10,9,8,7,6,5,4,1,0,3,2],[18,19,17,16,15,13,14,12,11,10,8,9,6,7,5,4,1,0,3,2]],"tau_farthest_pair":0.9578947368,"tau_closest_pair":0.9894736842,"centroid_solution":[18,19,17,16,15,13,14,12,11,10,9,8,7,6,5,4,1,0,3,2]}