{"solutions":[[0,5,1,3,4,2,6,8,7,10,11,9,13,12,14,15,17,16,19,18],[0,5,1,3,4,2,8,7,6,10,11,9,13,12,14,15,17,16,19,18],[1,0,5,4,3,2,8,6,7,10,11,9,13,12,14,15,17,16,19,18],[1,0,5,3,4,2,8,6,7,10,11,9,13,12,14,15,17,16,19,18],[1,0,5,4,3,2,6,8,7,10,11,9,13,12,14,15,17,16,19,18],[1,0,5,3,4,2,8,7,6,10,11,9,13,12,14,15,17,16,19,18],[0,5,1,4,3,2,8,7,6,10,11,9,13,12,14,15,17,16,19,18],[1,0,5,3,4,2,6,8,7,10,11,9,13,12,14,15,17,16,19,18],[0,5,1,4,3,2,6,8,7,10,11,9,13,12,14,15,17,16,19,18],[1,0,5,4,3,2,8,7,6,10,11,9,13,12,14,15,17,16,19,18],[0,5,1,4,3,2,8,6,7,10,11,9,13,12,14,15,17,16,19,18],[0,5,1,3,4,2,8,6,7,10,11,9,13,12,14,15,17,16,19,18]],"obj":1172.0,"max_tau_solutions":null,"centroid_x":[[0.0,0.503428881,1.0,1.0,1.0,1.0,1.0,1.0,1.0,1.0,1.0,1.0,1.0,1.0,1.0,1.0,1.0,1.0,1.0,1.0],[0.496571119,0.0,1.0,1.0,1.0,0.496571119,1.0,1.0,1.0,1.0,1.0,1.0,1.0,1.0,1.0,1.0,1.0,1.0,1.0,1.0],[0.0,0.0,0.0,0.0,0.0,0.0,1.0,1.0,1.0,1.0,1.0,1.0,1.0,1.0,1.0,1.0,1.0,1.0,1.0,1.0],[0.0,0.0,1.0,0.0,0.4906320095,0.0,1.0,1.0,1.0,1.0,1.0,1.0,1.0,1.0,1.0,1.0,1.0,1.0,1.0,1.0],[0.0,0.0,1.0,0.5093679905,0.0,0.0,1.0,1.0,1.0,1.0,1.0,1.0,1.0,1.0,1.0,1.0,1.0,1.0,1.0,1.0],[0.0,0.503428881,1.0,1.0,1.0,0.0,1.0,1.0,1.0,1.0,1.0,1.0,1.0,1.0,1.0,1.0,1.0,1.0,1.0,1.0],[0.0,0.0,0.0,0.0,0.0,0.0,0.0,0.5492016346,0.4487969644,1.0,1.0,1.0,1.0,1.0,1.0,1.0,1.0,1.0,1.0,1.0],[0.0,0.0,0.0,0.0,0.0,0.0,0.4507983654,0.0,0.0,1.0,1.0,1.0,1.0,1.0,1.0,1.0,1.0,1.0,1.0,1.0],[0.0,0.0,0.0,0.0,0.0,0.0,0.5512030356,1.0,0.0,1.0,1.0,1.0,1.0,1.0,1.0,1.0,1.0,1.0,1.0,1.0],[0.0,0.0,0.0,0.0,0.0,0.0,0.0,0.0,0.0,0.0,0.0,0.0,1.0,1.0,1.0,1.0,1.0,1.0,1.0,1.0],[0.0,0.0,0.0,0.0,0.0,0.0,0.0,0.0,0.0,1.0,0.0,1.0,1.0,1.0,1.0,1.0,1.0,1.0,1.0,1.0],[0.0,0.0,0.0,0.0,0.0,0.0,0.0,0.0,0.0,1.0,0.0,0.0,1.0,1.0,1.0,1.0,1.0,1.0,1.0,1.0],[0.0,0.0,0.0,0.0,0.0,0.0,0.0,0.0,0.0,0.0,0.0,0.0,0.0,0.0,1.0,1.0,1.0,1.0,1.0,1.0],[0.0,0.0,0.0,0.0,0.0,0.0,0.0,0.0,0.0,0.0,0.0,0.0,1.0,0.0,1.0,1.0,1.0,1.0,1.0,1.0],[0.0,0.0,0.0,0.0,0.0,0.0,0.0,0.0,0.0,0.0,0.0,0.0,0.0,0.0,0.0,1.0,1.0,1.0,1.0,1.0],[0.0,0.0,0.0,0.0,0.0,0.0,0.0,0.0,0.0,0.0,0.0,0.0,0.0,0.0,0.0,0.0,1.0,1.0,1.0,1.0],[0.0,0.0,0.0,0.0,0.0,0.0,0.0,0.0,0.0,0.0,0.0,0.0,0.0,0.0,0.0,0.0,0.0,0.0,1.0,1.0],[0.0,0.0,0.0,0.0,0.0,0.0,0.0,0.0,0.0,0.0,0.0,0.0,0.0,0.0,0.0,0.0,1.0,0.0,1.0,1.0],[0.0,0.0,0.0,0.0,0.0,0.0,0.0,0.0,0.0,0.0,0.0,0.0,0.0,0.0,0.0,0.0,0.0,0.0,0.0,0.0],[0.0,0.0,0.0,0.0,0.0,0.0,0.0,0.0,0.0,0.0,0.0,0.0,0.0,0.0,0.0,0.0,0.0,0.0,1.0,0.0]],"outlier_solution":[1,0,5,3,4,2,6,8,7,10,11,9,13,12,14,15,17,16,19,18],"dataset_id":739,"source_dataset_id":786,"options":null,"D":{"0":{"0":0,"1":2,"2":1,"3":1,"4":5,"5":0,"6":0,"7":0,"8":0,"9":0,"10":0,"11":0,"12":0,"13":0,"14":0,"15":0,"16":0,"17":0,"18":0,"19":0},"1":{"0":5,"1":0,"2":3,"3":1,"4":4,"5":5,"6":0,"7":0,"8":0,"9":0,"10":0,"11":0,"12":0,"13":0,"14":0,"15":0,"16":0,"17":0,"18":0,"19":0},"2":{"0":3,"1":3,"2":0,"3":4,"4":3,"5":6,"6":3,"7":0,"8":0,"9":0,"10":0,"11":0,"12":0,"13":0,"14":0,"15":0,"16":0,"17":0,"18":0,"19":0},"3":{"0":2,"1":5,"2":2,"3":0,"4":3,"5":0,"6":2,"7":7,"8":0,"9":0,"10":0,"11":0,"12":0,"13":0,"14":0,"15":0,"16":0,"17":0,"18":0,"19":0},"4":{"0":2,"1":2,"2":5,"3":3,"4":0,"5":4,"6":4,"7":0,"8":4,"9":0,"10":0,"11":0,"12":0,"13":0,"14":0,"15":0,"16":0,"17":0,"18":0,"19":0},"5":{"0":4,"1":5,"2":2,"3":2,"4":1,"5":0,"6":1,"7":2,"8":3,"9":4,"10":0,"11":0,"12":0,"13":0,"14":0,"15":0,"16":0,"17":0,"18":0,"19":0},"6":{"0":2,"1":4,"2":1,"3":4,"4":0,"5":4,"6":0,"7":6,"8":2,"9":4,"10":5,"11":0,"12":0,"13":0,"14":0,"15":0,"16":0,"17":0,"18":0,"19":0},"7":{"0":4,"1":4,"2":2,"3":2,"4":3,"5":4,"6":3,"7":0,"8":1,"9":0,"10":3,"11":4,"12":0,"13":0,"14":0,"15":0,"16":0,"17":0,"18":0,"19":0},"8":{"0":6,"1":7,"2":4,"3":6,"4":2,"5":3,"6":3,"7":1,"8":0,"9":3,"10":4,"11":3,"12":2,"13":0,"14":0,"15":0,"16":0,"17":0,"18":0,"19":0},"9":{"0":5,"1":9,"2":5,"3":7,"4":2,"5":3,"6":2,"7":4,"8":0,"9":0,"10":0,"11":3,"12":3,"13":4,"14":0,"15":0,"16":0,"17":0,"18":0,"19":0},"10":{"0":4,"1":4,"2":9,"3":0,"4":5,"5":5,"6":0,"7":3,"8":4,"9":0,"10":0,"11":3,"12":2,"13":3,"14":6,"15":0,"16":0,"17":0,"18":0,"19":0},"11":{"0":5,"1":4,"2":2,"3":7,"4":4,"5":5,"6":1,"7":1,"8":2,"9":0,"10":3,"11":0,"12":2,"13":3,"14":3,"15":2,"16":0,"17":0,"18":0,"19":0},"12":{"0":2,"1":1,"2":5,"3":10,"4":8,"5":5,"6":5,"7":5,"8":2,"9":3,"10":2,"11":0,"12":0,"13":3,"14":3,"15":3,"16":4,"17":0,"18":0,"19":0},"13":{"0":7,"1":4,"2":3,"3":4,"4":7,"5":5,"6":7,"7":5,"8":7,"9":4,"10":4,"11":4,"12":5,"13":0,"14":1,"15":9,"16":1,"17":0,"18":0,"19":0},"14":{"0":5,"1":6,"2":6,"3":4,"4":8,"5":9,"6":3,"7":6,"8":6,"9":1,"10":2,"11":1,"12":3,"13":2,"14":0,"15":1,"16":2,"17":2,"18":2,"19":0},"15":{"0":3,"1":7,"2":4,"3":5,"4":6,"5":6,"6":4,"7":4,"8":5,"9":2,"10":4,"11":4,"12":2,"13":5,"14":4,"15":0,"16":3,"17":4,"18":2,"19":3},"16":{"0":4,"1":1,"2":4,"3":9,"4":11,"5":5,"6":8,"7":7,"8":11,"9":6,"10":9,"11":3,"12":2,"13":3,"14":4,"15":2,"16":0,"17":1,"18":4,"19":1},"17":{"0":9,"1":5,"2":1,"3":4,"4":4,"5":10,"6":5,"7":5,"8":7,"9":4,"10":6,"11":4,"12":4,"13":2,"14":1,"15":7,"16":4,"17":0,"18":2,"19":2},"18":{"0":6,"1":7,"2":2,"3":3,"4":5,"5":5,"6":7,"7":4,"8":7,"9":4,"10":9,"11":7,"12":4,"13":6,"14":3,"15":3,"16":1,"17":4,"18":0,"19":1},"19":{"0":5,"1":5,"2":6,"3":6,"4":6,"5":7,"6":3,"7":4,"8":6,"9":3,"10":3,"11":4,"12":3,"13":10,"14":4,"15":2,"16":3,"17":2,"18":2,"19":0}},"method":"hillside","closest_pair":[[0,5,1,4,3,2,8,7,6,10,11,9,13,12,14,15,17,16,19,18],[0,5,1,3,4,2,8,7,6,10,11,9,13,12,14,15,17,16,19,18]],"farthest_pair":[[1,0,5,4,3,2,6,8,7,10,11,9,13,12,14,15,17,16,19,18],[0,5,1,3,4,2,8,7,6,10,11,9,13,12,14,15,17,16,19,18]],"tau_farthest_pair":0.9473684211,"tau_closest_pair":0.9894736842,"centroid_solution":[0,5,1,4,3,2,8,6,7,10,11,9,13,12,14,15,17,16,19,18]}