{"solutions":[[18,17,19,15,16,14,12,11,13,9,10,8,7,6,5,3,2,4,1,0],[18,17,19,15,16,14,12,13,11,9,10,8,7,6,5,3,2,4,1,0]],"obj":1173.0,"max_tau_solutions":null,"centroid_x":[[0.0,0.0,0.0,0.0,0.0,0.0,0.0,0.0,0.0,0.0,0.0,0.0,0.0,0.0,0.0,0.0,0.0,0.0,0.0,0.0],[1.0,0.0,0.0,0.0,0.0,0.0,0.0,0.0,0.0,0.0,0.0,0.0,0.0,0.0,0.0,0.0,0.0,0.0,0.0,0.0],[1.0,1.0,0.0,0.0,1.0,0.0,0.0,0.0,0.0,0.0,0.0,0.0,0.0,0.0,0.0,0.0,0.0,0.0,0.0,0.0],[1.0,1.0,1.0,0.0,1.0,0.0,0.0,0.0,0.0,0.0,0.0,0.0,0.0,0.0,0.0,0.0,0.0,0.0,0.0,0.0],[1.0,1.0,0.0,0.0,0.0,0.0,0.0,0.0,0.0,0.0,0.0,0.0,0.0,0.0,0.0,0.0,0.0,0.0,0.0,0.0],[1.0,1.0,1.0,1.0,1.0,0.0,0.0,0.0,0.0,0.0,0.0,0.0,0.0,0.0,0.0,0.0,0.0,0.0,0.0,0.0],[1.0,1.0,1.0,1.0,1.0,1.0,0.0,0.0,0.0,0.0,0.0,0.0,0.0,0.0,0.0,0.0,0.0,0.0,0.0,0.0],[1.0,1.0,1.0,1.0,1.0,1.0,1.0,0.0,0.0,0.0,0.0,0.0,0.0,0.0,0.0,0.0,0.0,0.0,0.0,0.0],[1.0,1.0,1.0,1.0,1.0,1.0,1.0,1.0,0.0,0.0,0.0,0.0,0.0,0.0,0.0,0.0,0.0,0.0,0.0,0.0],[1.0,1.0,1.0,1.0,1.0,1.0,1.0,1.0,1.0,0.0,1.0,0.0,0.0,0.0,0.0,0.0,0.0,0.0,0.0,0.0],[1.0,1.0,1.0,1.0,1.0,1.0,1.0,1.0,1.0,0.0,0.0,0.0,0.0,0.0,0.0,0.0,0.0,0.0,0.0,0.0],[1.0,1.0,1.0,1.0,1.0,1.0,1.0,1.0,1.0,1.0,1.0,0.0,0.0,0.3480033157,0.0,0.0,0.0,0.0,0.0,0.0],[1.0,1.0,1.0,1.0,1.0,1.0,1.0,1.0,1.0,1.0,1.0,1.0,0.0,1.0,0.0,0.0,0.0,0.0,0.0,0.0],[1.0,1.0,1.0,1.0,1.0,1.0,1.0,1.0,1.0,1.0,1.0,0.6519966843,0.0,0.0,0.0,0.0,0.0,0.0,0.0,0.0],[1.0,1.0,1.0,1.0,1.0,1.0,1.0,1.0,1.0,1.0,1.0,1.0,1.0,1.0,0.0,0.0,0.0,0.0,0.0,0.0],[1.0,1.0,1.0,1.0,1.0,1.0,1.0,1.0,1.0,1.0,1.0,1.0,1.0,1.0,1.0,0.0,1.0,0.0,0.0,0.0],[1.0,1.0,1.0,1.0,1.0,1.0,1.0,1.0,1.0,1.0,1.0,1.0,1.0,1.0,1.0,0.0,0.0,0.0,0.0,0.0],[1.0,1.0,1.0,1.0,1.0,1.0,1.0,1.0,1.0,1.0,1.0,1.0,1.0,1.0,1.0,1.0,1.0,0.0,0.0,1.0],[1.0,1.0,1.0,1.0,1.0,1.0,1.0,1.0,1.0,1.0,1.0,1.0,1.0,1.0,1.0,1.0,1.0,1.0,0.0,1.0],[1.0,1.0,1.0,1.0,1.0,1.0,1.0,1.0,1.0,1.0,1.0,1.0,1.0,1.0,1.0,1.0,1.0,0.0,0.0,0.0]],"outlier_solution":[18,17,19,15,16,14,12,11,13,9,10,8,7,6,5,3,2,4,1,0],"dataset_id":740,"source_dataset_id":787,"options":null,"D":{"0":{"0":0,"1":8,"2":1,"3":4,"4":4,"5":3,"6":9,"7":7,"8":3,"9":5,"10":2,"11":8,"12":7,"13":5,"14":6,"15":4,"16":7,"17":4,"18":7,"19":8},"1":{"0":3,"1":0,"2":7,"3":3,"4":2,"5":6,"6":5,"7":6,"8":6,"9":7,"10":6,"11":4,"12":4,"13":5,"14":2,"15":2,"16":3,"17":2,"18":8,"19":4},"2":{"0":4,"1":2,"2":0,"3":0,"4":3,"5":4,"6":1,"7":3,"8":6,"9":5,"10":4,"11":6,"12":8,"13":5,"14":4,"15":6,"16":8,"17":5,"18":3,"19":2},"3":{"0":2,"1":1,"2":2,"3":0,"4":2,"5":0,"6":1,"7":7,"8":4,"9":5,"10":5,"11":5,"12":6,"13":4,"14":5,"15":7,"16":6,"17":3,"18":1,"19":11},"4":{"0":6,"1":1,"2":2,"3":1,"4":0,"5":1,"6":2,"7":3,"8":2,"9":4,"10":6,"11":3,"12":8,"13":7,"14":6,"15":7,"16":9,"17":11,"18":5,"19":4},"5":{"0":0,"1":4,"2":0,"3":4,"4":1,"5":0,"6":3,"7":5,"8":2,"9":5,"10":6,"11":8,"12":3,"13":5,"14":3,"15":7,"16":4,"17":6,"18":6,"19":5},"6":{"0":0,"1":0,"2":2,"3":3,"4":2,"5":4,"6":0,"7":1,"8":2,"9":5,"10":3,"11":5,"12":2,"13":4,"14":8,"15":7,"16":4,"17":5,"18":7,"19":5},"7":{"0":0,"1":0,"2":0,"3":3,"4":4,"5":1,"6":1,"7":0,"8":4,"9":3,"10":2,"11":3,"12":6,"13":3,"14":5,"15":4,"16":5,"17":11,"18":4,"19":8},"8":{"0":0,"1":0,"2":0,"3":0,"4":2,"5":2,"6":2,"7":2,"8":0,"9":1,"10":0,"11":3,"12":0,"13":5,"14":3,"15":5,"16":3,"17":12,"18":6,"19":2},"9":{"0":0,"1":0,"2":0,"3":0,"4":0,"5":2,"6":5,"7":2,"8":2,"9":0,"10":3,"11":3,"12":3,"13":2,"14":5,"15":2,"16":2,"17":3,"18":4,"19":6},"10":{"0":0,"1":0,"2":0,"3":0,"4":0,"5":0,"6":4,"7":2,"8":3,"9":1,"10":0,"11":2,"12":0,"13":1,"14":5,"15":9,"16":2,"17":6,"18":12,"19":5},"11":{"0":0,"1":0,"2":0,"3":0,"4":0,"5":0,"6":0,"7":4,"8":0,"9":4,"10":3,"11":0,"12":1,"13":1,"14":3,"15":4,"16":7,"17":4,"18":3,"19":12},"12":{"0":0,"1":0,"2":0,"3":0,"4":0,"5":0,"6":0,"7":0,"8":1,"9":4,"10":2,"11":0,"12":0,"13":1,"14":6,"15":5,"16":4,"17":4,"18":6,"19":5},"13":{"0":0,"1":0,"2":0,"3":0,"4":0,"5":0,"6":0,"7":0,"8":0,"9":1,"10":3,"11":4,"12":3,"13":0,"14":0,"15":6,"16":5,"17":2,"18":5,"19":1},"14":{"0":0,"1":0,"2":0,"3":0,"4":0,"5":0,"6":0,"7":0,"8":0,"9":0,"10":2,"11":3,"12":4,"13":2,"14":0,"15":4,"16":0,"17":0,"18":2,"19":0},"15":{"0":0,"1":0,"2":0,"3":0,"4":0,"5":0,"6":0,"7":0,"8":0,"9":0,"10":0,"11":2,"12":2,"13":1,"14":4,"15":0,"16":1,"17":2,"18":2,"19":4},"16":{"0":0,"1":0,"2":0,"3":0,"4":0,"5":0,"6":0,"7":0,"8":0,"9":0,"10":0,"11":0,"12":7,"13":2,"14":5,"15":1,"16":0,"17":4,"18":0,"19":3},"17":{"0":0,"1":0,"2":0,"3":0,"4":0,"5":0,"6":0,"7":0,"8":0,"9":0,"10":0,"11":0,"12":0,"13":4,"14":1,"15":2,"16":1,"17":0,"18":4,"19":3},"18":{"0":0,"1":0,"2":0,"3":0,"4":0,"5":0,"6":0,"7":0,"8":0,"9":0,"10":0,"11":0,"12":0,"13":0,"14":3,"15":0,"16":2,"17":4,"18":0,"19":2},"19":{"0":0,"1":0,"2":0,"3":0,"4":0,"5":0,"6":0,"7":0,"8":0,"9":0,"10":0,"11":0,"12":0,"13":0,"14":0,"15":5,"16":2,"17":4,"18":4,"19":0}},"method":"hillside","closest_pair":[[18,17,19,15,16,14,12,11,13,9,10,8,7,6,5,3,2,4,1,0],[18,17,19,15,16,14,12,13,11,9,10,8,7,6,5,3,2,4,1,0]],"farthest_pair":[[18,17,19,15,16,14,12,13,11,9,10,8,7,6,5,3,2,4,1,0],[18,17,19,15,16,14,12,11,13,9,10,8,7,6,5,3,2,4,1,0]],"tau_farthest_pair":0.9894736842,"tau_closest_pair":0.9894736842,"centroid_solution":[18,17,19,15,16,14,12,13,11,9,10,8,7,6,5,3,2,4,1,0]}