{"solutions":[[17,19,18,16,14,15,13,12,10,11,7,8,9,6,5,3,4,1,2,0],[17,18,19,16,14,15,13,12,10,11,7,8,9,6,5,3,4,1,2,0]],"obj":1169.0,"max_tau_solutions":null,"centroid_x":[[0.0,0.0,0.0,0.0,0.0,0.0,0.0,0.0,0.0,0.0,0.0,0.0,0.0,0.0,0.0,0.0,0.0,0.0,0.0,0.0],[1.0,0.0,1.0,0.0,0.0,0.0,0.0,0.0,0.0,0.0,0.0,0.0,0.0,0.0,0.0,0.0,0.0,0.0,0.0,0.0],[1.0,0.0,0.0,0.0,0.0,0.0,0.0,0.0,0.0,0.0,0.0,0.0,0.0,0.0,0.0,0.0,0.0,0.0,0.0,0.0],[1.0,1.0,1.0,0.0,1.0,0.0,0.0,0.0,0.0,0.0,0.0,0.0,0.0,0.0,0.0,0.0,0.0,0.0,0.0,0.0],[1.0,1.0,1.0,0.0,0.0,0.0,0.0,0.0,0.0,0.0,0.0,0.0,0.0,0.0,0.0,0.0,0.0,0.0,0.0,0.0],[1.0,1.0,1.0,1.0,1.0,0.0,0.0,0.0,0.0,0.0,0.0,0.0,0.0,0.0,0.0,0.0,0.0,0.0,0.0,0.0],[1.0,1.0,1.0,1.0,1.0,1.0,0.0,0.0,0.0,0.0,0.0,0.0,0.0,0.0,0.0,0.0,0.0,0.0,0.0,0.0],[1.0,1.0,1.0,1.0,1.0,1.0,1.0,0.0,1.0,1.0,0.0,0.0,0.0,0.0,0.0,0.0,0.0,0.0,0.0,0.0],[1.0,1.0,1.0,1.0,1.0,1.0,1.0,0.0,0.0,1.0,0.0,0.0,0.0,0.0,0.0,0.0,0.0,0.0,0.0,0.0],[1.0,1.0,1.0,1.0,1.0,1.0,1.0,0.0,0.0,0.0,0.0,0.0,0.0,0.0,0.0,0.0,0.0,0.0,0.0,0.0],[1.0,1.0,1.0,1.0,1.0,1.0,1.0,1.0,1.0,1.0,0.0,1.0,0.0,0.0,0.0,0.0,0.0,0.0,0.0,0.0],[1.0,1.0,1.0,1.0,1.0,1.0,1.0,1.0,1.0,1.0,0.0,0.0,0.0,0.0,0.0,0.0,0.0,0.0,0.0,0.0],[1.0,1.0,1.0,1.0,1.0,1.0,1.0,1.0,1.0,1.0,1.0,1.0,0.0,0.0,0.0,0.0,0.0,0.0,0.0,0.0],[1.0,1.0,1.0,1.0,1.0,1.0,1.0,1.0,1.0,1.0,1.0,1.0,1.0,0.0,0.0,0.0,0.0,0.0,0.0,0.0],[1.0,1.0,1.0,1.0,1.0,1.0,1.0,1.0,1.0,1.0,1.0,1.0,1.0,1.0,0.0,1.0,0.0,0.0,0.0,0.0],[1.0,1.0,1.0,1.0,1.0,1.0,1.0,1.0,1.0,1.0,1.0,1.0,1.0,1.0,0.0,0.0,0.0,0.0,0.0,0.0],[1.0,1.0,1.0,1.0,1.0,1.0,1.0,1.0,1.0,1.0,1.0,1.0,1.0,1.0,1.0,1.0,0.0,0.0,0.0,0.0],[1.0,1.0,1.0,1.0,1.0,1.0,1.0,1.0,1.0,1.0,1.0,1.0,1.0,1.0,1.0,1.0,1.0,0.0,1.0,1.0],[1.0,1.0,1.0,1.0,1.0,1.0,1.0,1.0,1.0,1.0,1.0,1.0,1.0,1.0,1.0,1.0,1.0,0.0,0.0,0.3482600499],[1.0,1.0,1.0,1.0,1.0,1.0,1.0,1.0,1.0,1.0,1.0,1.0,1.0,1.0,1.0,1.0,1.0,0.0,0.6517399501,0.0]],"outlier_solution":[17,18,19,16,14,15,13,12,10,11,7,8,9,6,5,3,4,1,2,0],"dataset_id":741,"source_dataset_id":788,"options":null,"D":{"0":{"0":0,"1":0,"2":2,"3":5,"4":2,"5":8,"6":6,"7":6,"8":5,"9":3,"10":5,"11":4,"12":5,"13":3,"14":7,"15":3,"16":7,"17":4,"18":7,"19":6},"1":{"0":3,"1":0,"2":2,"3":2,"4":2,"5":4,"6":2,"7":4,"8":4,"9":3,"10":7,"11":4,"12":3,"13":4,"14":9,"15":2,"16":6,"17":7,"18":2,"19":8},"2":{"0":4,"1":3,"2":0,"3":4,"4":4,"5":7,"6":3,"7":9,"8":8,"9":6,"10":7,"11":3,"12":3,"13":7,"14":0,"15":9,"16":5,"17":7,"18":5,"19":3},"3":{"0":1,"1":2,"2":1,"3":0,"4":1,"5":3,"6":5,"7":4,"8":7,"9":5,"10":5,"11":4,"12":5,"13":9,"14":7,"15":2,"16":2,"17":4,"18":4,"19":3},"4":{"0":2,"1":1,"2":2,"3":2,"4":0,"5":4,"6":1,"7":3,"8":3,"9":5,"10":3,"11":4,"12":5,"13":5,"14":7,"15":3,"16":7,"17":9,"18":5,"19":5},"5":{"0":0,"1":3,"2":3,"3":3,"4":4,"5":0,"6":1,"7":3,"8":2,"9":3,"10":4,"11":4,"12":5,"13":3,"14":8,"15":5,"16":8,"17":4,"18":5,"19":3},"6":{"0":0,"1":0,"2":5,"3":3,"4":1,"5":2,"6":0,"7":2,"8":1,"9":2,"10":3,"11":7,"12":7,"13":4,"14":3,"15":5,"16":7,"17":6,"18":3,"19":9},"7":{"0":0,"1":0,"2":0,"3":1,"4":4,"5":0,"6":6,"7":0,"8":4,"9":4,"10":5,"11":2,"12":5,"13":2,"14":7,"15":4,"16":4,"17":5,"18":5,"19":3},"8":{"0":0,"1":0,"2":0,"3":0,"4":3,"5":3,"6":3,"7":2,"8":0,"9":1,"10":3,"11":2,"12":7,"13":8,"14":9,"15":8,"16":5,"17":8,"18":6,"19":3},"9":{"0":0,"1":0,"2":0,"3":0,"4":0,"5":4,"6":5,"7":5,"8":2,"9":0,"10":4,"11":4,"12":2,"13":0,"14":8,"15":6,"16":8,"17":5,"18":4,"19":4},"10":{"0":0,"1":0,"2":0,"3":0,"4":0,"5":0,"6":2,"7":3,"8":4,"9":1,"10":0,"11":2,"12":4,"13":1,"14":0,"15":5,"16":5,"17":4,"18":12,"19":9},"11":{"0":0,"1":0,"2":0,"3":0,"4":0,"5":0,"6":0,"7":1,"8":4,"9":2,"10":0,"11":0,"12":1,"13":4,"14":1,"15":4,"16":5,"17":6,"18":6,"19":6},"12":{"0":0,"1":0,"2":0,"3":0,"4":0,"5":0,"6":0,"7":0,"8":6,"9":5,"10":4,"11":1,"12":0,"13":1,"14":1,"15":3,"16":3,"17":3,"18":6,"19":1},"13":{"0":0,"1":0,"2":0,"3":0,"4":0,"5":0,"6":0,"7":0,"8":0,"9":1,"10":3,"11":2,"12":3,"13":0,"14":1,"15":1,"16":2,"17":2,"18":5,"19":5},"14":{"0":0,"1":0,"2":0,"3":0,"4":0,"5":0,"6":0,"7":0,"8":0,"9":0,"10":3,"11":3,"12":1,"13":1,"14":0,"15":4,"16":0,"17":3,"18":1,"19":3},"15":{"0":0,"1":0,"2":0,"3":0,"4":0,"5":0,"6":0,"7":0,"8":0,"9":0,"10":0,"11":4,"12":3,"13":3,"14":2,"15":0,"16":4,"17":4,"18":1,"19":5},"16":{"0":0,"1":0,"2":0,"3":0,"4":0,"5":0,"6":0,"7":0,"8":0,"9":0,"10":0,"11":0,"12":3,"13":3,"14":5,"15":1,"16":0,"17":4,"18":4,"19":2},"17":{"0":0,"1":0,"2":0,"3":0,"4":0,"5":0,"6":0,"7":0,"8":0,"9":0,"10":0,"11":0,"12":0,"13":4,"14":2,"15":1,"16":0,"17":0,"18":1,"19":3},"18":{"0":0,"1":0,"2":0,"3":0,"4":0,"5":0,"6":0,"7":0,"8":0,"9":0,"10":0,"11":0,"12":0,"13":0,"14":3,"15":3,"16":4,"17":2,"18":0,"19":5},"19":{"0":0,"1":0,"2":0,"3":0,"4":0,"5":0,"6":0,"7":0,"8":0,"9":0,"10":0,"11":0,"12":0,"13":0,"14":0,"15":2,"16":3,"17":1,"18":1,"19":0}},"method":"hillside","closest_pair":[[17,18,19,16,14,15,13,12,10,11,7,8,9,6,5,3,4,1,2,0],[17,19,18,16,14,15,13,12,10,11,7,8,9,6,5,3,4,1,2,0]],"farthest_pair":[[17,19,18,16,14,15,13,12,10,11,7,8,9,6,5,3,4,1,2,0],[17,18,19,16,14,15,13,12,10,11,7,8,9,6,5,3,4,1,2,0]],"tau_farthest_pair":0.9894736842,"tau_closest_pair":0.9894736842,"centroid_solution":[17,19,18,16,14,15,13,12,10,11,7,8,9,6,5,3,4,1,2,0]}