{"solutions":[[1,0,2,4,3,6,5,7,8,9,10,11,12,13,14,15,16,17,19,18],[1,0,2,4,3,6,5,7,8,9,10,11,13,14,12,15,16,17,19,18]],"obj":1148.0,"max_tau_solutions":null,"centroid_x":[[0.0,0.0,1.0,1.0,1.0,1.0,1.0,1.0,1.0,1.0,1.0,1.0,1.0,1.0,1.0,1.0,1.0,1.0,1.0,1.0],[1.0,0.0,1.0,1.0,1.0,1.0,1.0,1.0,1.0,1.0,1.0,1.0,1.0,1.0,1.0,1.0,1.0,1.0,1.0,1.0],[0.0,0.0,0.0,1.0,1.0,1.0,1.0,1.0,1.0,1.0,1.0,1.0,1.0,1.0,1.0,1.0,1.0,1.0,1.0,1.0],[0.0,0.0,0.0,0.0,0.0,1.0,1.0,1.0,1.0,1.0,1.0,1.0,1.0,1.0,1.0,1.0,1.0,1.0,1.0,1.0],[0.0,0.0,0.0,1.0,0.0,1.0,1.0,1.0,1.0,1.0,1.0,1.0,1.0,1.0,1.0,1.0,1.0,1.0,1.0,1.0],[0.0,0.0,0.0,0.0,0.0,0.0,0.0,1.0,1.0,1.0,1.0,1.0,1.0,1.0,1.0,1.0,1.0,1.0,1.0,1.0],[0.0,0.0,0.0,0.0,0.0,1.0,0.0,1.0,1.0,1.0,1.0,1.0,1.0,1.0,1.0,1.0,1.0,1.0,1.0,1.0],[0.0,0.0,0.0,0.0,0.0,0.0,0.0,0.0,1.0,1.0,1.0,1.0,1.0,1.0,1.0,1.0,1.0,1.0,1.0,1.0],[0.0,0.0,0.0,0.0,0.0,0.0,0.0,0.0,0.0,1.0,1.0,1.0,1.0,1.0,1.0,1.0,1.0,1.0,1.0,1.0],[0.0,0.0,0.0,0.0,0.0,0.0,0.0,0.0,0.0,0.0,1.0,1.0,1.0,1.0,1.0,1.0,1.0,1.0,1.0,1.0],[0.0,0.0,0.0,0.0,0.0,0.0,0.0,0.0,0.0,0.0,0.0,1.0,1.0,1.0,1.0,1.0,1.0,1.0,1.0,1.0],[0.0,0.0,0.0,0.0,0.0,0.0,0.0,0.0,0.0,0.0,0.0,0.0,1.0,1.0,1.0,1.0,1.0,1.0,1.0,1.0],[0.0,0.0,0.0,0.0,0.0,0.0,0.0,0.0,0.0,0.0,0.0,0.0,0.0,0.5061549874,0.5061549771,1.0,1.0,1.0,1.0,1.0],[0.0,0.0,0.0,0.0,0.0,0.0,0.0,0.0,0.0,0.0,0.0,0.0,0.4938450126,0.0,1.0,1.0,1.0,1.0,1.0,1.0],[0.0,0.0,0.0,0.0,0.0,0.0,0.0,0.0,0.0,0.0,0.0,0.0,0.4938450229,0.0,0.0,1.0,1.0,1.0,1.0,1.0],[0.0,0.0,0.0,0.0,0.0,0.0,0.0,0.0,0.0,0.0,0.0,0.0,0.0,0.0,0.0,0.0,1.0,1.0,1.0,1.0],[0.0,0.0,0.0,0.0,0.0,0.0,0.0,0.0,0.0,0.0,0.0,0.0,0.0,0.0,0.0,0.0,0.0,1.0,1.0,1.0],[0.0,0.0,0.0,0.0,0.0,0.0,0.0,0.0,0.0,0.0,0.0,0.0,0.0,0.0,0.0,0.0,0.0,0.0,1.0,1.0],[0.0,0.0,0.0,0.0,0.0,0.0,0.0,0.0,0.0,0.0,0.0,0.0,0.0,0.0,0.0,0.0,0.0,0.0,0.0,0.0],[0.0,0.0,0.0,0.0,0.0,0.0,0.0,0.0,0.0,0.0,0.0,0.0,0.0,0.0,0.0,0.0,0.0,0.0,1.0,0.0]],"outlier_solution":[1,0,2,4,3,6,5,7,8,9,10,11,13,14,12,15,16,17,19,18],"dataset_id":747,"source_dataset_id":794,"options":null,"D":{"0":{"0":0,"1":1,"2":2,"3":4,"4":3,"5":0,"6":0,"7":0,"8":0,"9":0,"10":0,"11":0,"12":0,"13":0,"14":0,"15":0,"16":0,"17":0,"18":0,"19":0},"1":{"0":3,"1":0,"2":1,"3":2,"4":0,"5":3,"6":0,"7":0,"8":0,"9":0,"10":0,"11":0,"12":0,"13":0,"14":0,"15":0,"16":0,"17":0,"18":0,"19":0},"2":{"0":6,"1":5,"2":0,"3":1,"4":4,"5":2,"6":2,"7":0,"8":0,"9":0,"10":0,"11":0,"12":0,"13":0,"14":0,"15":0,"16":0,"17":0,"18":0,"19":0},"3":{"0":2,"1":4,"2":1,"3":0,"4":5,"5":2,"6":3,"7":3,"8":0,"9":0,"10":0,"11":0,"12":0,"13":0,"14":0,"15":0,"16":0,"17":0,"18":0,"19":0},"4":{"0":0,"1":7,"2":1,"3":5,"4":0,"5":4,"6":3,"7":1,"8":1,"9":0,"10":0,"11":0,"12":0,"13":0,"14":0,"15":0,"16":0,"17":0,"18":0,"19":0},"5":{"0":8,"1":5,"2":3,"3":0,"4":2,"5":0,"6":2,"7":2,"8":1,"9":3,"10":0,"11":0,"12":0,"13":0,"14":0,"15":0,"16":0,"17":0,"18":0,"19":0},"6":{"0":6,"1":4,"2":2,"3":2,"4":2,"5":0,"6":0,"7":4,"8":2,"9":1,"10":2,"11":0,"12":0,"13":0,"14":0,"15":0,"16":0,"17":0,"18":0,"19":0},"7":{"0":4,"1":3,"2":5,"3":3,"4":3,"5":0,"6":3,"7":0,"8":4,"9":2,"10":3,"11":4,"12":0,"13":0,"14":0,"15":0,"16":0,"17":0,"18":0,"19":0},"8":{"0":5,"1":9,"2":3,"3":4,"4":1,"5":4,"6":1,"7":3,"8":0,"9":2,"10":4,"11":5,"12":1,"13":0,"14":0,"15":0,"16":0,"17":0,"18":0,"19":0},"9":{"0":5,"1":5,"2":5,"3":5,"4":7,"5":3,"6":6,"7":7,"8":2,"9":0,"10":5,"11":2,"12":2,"13":1,"14":0,"15":0,"16":0,"17":0,"18":0,"19":0},"10":{"0":5,"1":5,"2":6,"3":8,"4":4,"5":5,"6":1,"7":2,"8":3,"9":2,"10":0,"11":5,"12":1,"13":4,"14":3,"15":0,"16":0,"17":0,"18":0,"19":0},"11":{"0":7,"1":8,"2":6,"3":2,"4":4,"5":4,"6":7,"7":4,"8":5,"9":2,"10":1,"11":0,"12":7,"13":0,"14":1,"15":2,"16":0,"17":0,"18":0,"19":0},"12":{"0":6,"1":10,"2":3,"3":2,"4":8,"5":7,"6":5,"7":4,"8":4,"9":7,"10":3,"11":3,"12":0,"13":3,"14":3,"15":5,"16":5,"17":0,"18":0,"19":0},"13":{"0":6,"1":2,"2":4,"3":4,"4":4,"5":6,"6":1,"7":6,"8":12,"9":3,"10":5,"11":0,"12":4,"13":0,"14":3,"15":2,"16":2,"17":1,"18":0,"19":0},"14":{"0":3,"1":8,"2":8,"3":6,"4":7,"5":3,"6":6,"7":6,"8":3,"9":3,"10":5,"11":2,"12":1,"13":1,"14":0,"15":2,"16":1,"17":3,"18":2,"19":0},"15":{"0":6,"1":4,"2":5,"3":7,"4":4,"5":6,"6":2,"7":5,"8":3,"9":6,"10":7,"11":3,"12":3,"13":3,"14":4,"15":0,"16":2,"17":2,"18":4,"19":3},"16":{"0":4,"1":6,"2":6,"3":4,"4":9,"5":1,"6":3,"7":4,"8":6,"9":4,"10":2,"11":8,"12":2,"13":2,"14":5,"15":1,"16":0,"17":5,"18":1,"19":4},"17":{"0":6,"1":5,"2":8,"3":3,"4":5,"5":1,"6":6,"7":6,"8":4,"9":7,"10":4,"11":2,"12":3,"13":2,"14":1,"15":1,"16":3,"17":0,"18":2,"19":2},"18":{"0":6,"1":3,"2":5,"3":7,"4":3,"5":6,"6":7,"7":6,"8":5,"9":7,"10":9,"11":3,"12":5,"13":10,"14":6,"15":3,"16":6,"17":1,"18":0,"19":3},"19":{"0":6,"1":10,"2":7,"3":5,"4":5,"5":7,"6":1,"7":8,"8":1,"9":5,"10":2,"11":6,"12":6,"13":4,"14":1,"15":3,"16":2,"17":0,"18":3,"19":0}},"method":"hillside","closest_pair":[[1,0,2,4,3,6,5,7,8,9,10,11,13,14,12,15,16,17,19,18],[1,0,2,4,3,6,5,7,8,9,10,11,12,13,14,15,16,17,19,18]],"farthest_pair":[[1,0,2,4,3,6,5,7,8,9,10,11,12,13,14,15,16,17,19,18],[1,0,2,4,3,6,5,7,8,9,10,11,13,14,12,15,16,17,19,18]],"tau_farthest_pair":0.9789473684,"tau_closest_pair":0.9789473684,"centroid_solution":[1,0,2,4,3,6,5,7,8,9,10,11,12,13,14,15,16,17,19,18]}