{"solutions":[[0,2,4,1,3,5,6,8,7,9,10,11,12,14,13,17,16,15,18,19],[0,2,4,1,3,5,6,7,8,10,9,11,12,14,13,17,16,15,18,19],[0,2,4,1,3,5,6,7,8,9,10,11,12,14,13,17,16,15,18,19],[0,2,4,1,3,5,6,8,7,10,9,11,12,14,13,17,16,15,18,19]],"obj":1198.0,"max_tau_solutions":null,"centroid_x":[[0.0,1.0,1.0,1.0,1.0,1.0,1.0,1.0,1.0,1.0,1.0,1.0,1.0,1.0,1.0,1.0,1.0,1.0,1.0,1.0],[0.0,0.0,0.0,1.0,0.0,1.0,1.0,1.0,1.0,1.0,1.0,1.0,1.0,1.0,1.0,1.0,1.0,1.0,1.0,1.0],[0.0,1.0,0.0,1.0,1.0,1.0,1.0,1.0,1.0,1.0,1.0,1.0,1.0,1.0,1.0,1.0,1.0,1.0,1.0,1.0],[0.0,0.0,0.0,0.0,0.0,1.0,1.0,1.0,1.0,1.0,1.0,1.0,1.0,1.0,1.0,1.0,1.0,1.0,1.0,1.0],[0.0,1.0,0.0,1.0,0.0,1.0,1.0,1.0,1.0,1.0,1.0,1.0,1.0,1.0,1.0,1.0,1.0,1.0,1.0,1.0],[0.0,0.0,0.0,0.0,0.0,0.0,1.0,1.0,1.0,1.0,1.0,1.0,1.0,1.0,1.0,1.0,1.0,1.0,1.0,1.0],[0.0,0.0,0.0,0.0,0.0,0.0,0.0,1.0,1.0,1.0,1.0,1.0,1.0,1.0,1.0,1.0,1.0,1.0,1.0,1.0],[0.0,0.0,0.0,0.0,0.0,0.0,0.0,0.0,0.5038248684,1.0,1.0,1.0,1.0,1.0,1.0,1.0,1.0,1.0,1.0,1.0],[0.0,0.0,0.0,0.0,0.0,0.0,0.0,0.4961751316,0.0,1.0,1.0,1.0,1.0,1.0,1.0,1.0,1.0,1.0,1.0,1.0],[0.0,0.0,0.0,0.0,0.0,0.0,0.0,0.0,0.0,0.0,0.499683425,1.0,1.0,1.0,1.0,1.0,1.0,1.0,1.0,1.0],[0.0,0.0,0.0,0.0,0.0,0.0,0.0,0.0,0.0,0.500316575,0.0,1.0,1.0,1.0,1.0,1.0,1.0,1.0,1.0,1.0],[0.0,0.0,0.0,0.0,0.0,0.0,0.0,0.0,0.0,0.0,0.0,0.0,1.0,1.0,1.0,1.0,1.0,1.0,1.0,1.0],[0.0,0.0,0.0,0.0,0.0,0.0,0.0,0.0,0.0,0.0,0.0,0.0,0.0,1.0,1.0,1.0,1.0,1.0,1.0,1.0],[0.0,0.0,0.0,0.0,0.0,0.0,0.0,0.0,0.0,0.0,0.0,0.0,0.0,0.0,0.0,1.0,1.0,1.0,1.0,1.0],[0.0,0.0,0.0,0.0,0.0,0.0,0.0,0.0,0.0,0.0,0.0,0.0,0.0,1.0,0.0,1.0,1.0,1.0,1.0,1.0],[0.0,0.0,0.0,0.0,0.0,0.0,0.0,0.0,0.0,0.0,0.0,0.0,0.0,0.0,0.0,0.0,0.0,0.0,1.0,1.0],[0.0,0.0,0.0,0.0,0.0,0.0,0.0,0.0,0.0,0.0,0.0,0.0,0.0,0.0,0.0,1.0,0.0,0.0,1.0,1.0],[0.0,0.0,0.0,0.0,0.0,0.0,0.0,0.0,0.0,0.0,0.0,0.0,0.0,0.0,0.0,1.0,1.0,0.0,1.0,1.0],[0.0,0.0,0.0,0.0,0.0,0.0,0.0,0.0,0.0,0.0,0.0,0.0,0.0,0.0,0.0,0.0,0.0,0.0,0.0,1.0],[0.0,0.0,0.0,0.0,0.0,0.0,0.0,0.0,0.0,0.0,0.0,0.0,0.0,0.0,0.0,0.0,0.0,0.0,0.0,0.0]],"outlier_solution":[0,2,4,1,3,5,6,8,7,9,10,11,12,14,13,17,16,15,18,19],"dataset_id":748,"source_dataset_id":795,"options":null,"D":{"0":{"0":0,"1":5,"2":2,"3":2,"4":6,"5":0,"6":0,"7":0,"8":0,"9":0,"10":0,"11":0,"12":0,"13":0,"14":0,"15":0,"16":0,"17":0,"18":0,"19":0},"1":{"0":3,"1":0,"2":2,"3":1,"4":1,"5":4,"6":0,"7":0,"8":0,"9":0,"10":0,"11":0,"12":0,"13":0,"14":0,"15":0,"16":0,"17":0,"18":0,"19":0},"2":{"0":1,"1":8,"2":0,"3":0,"4":3,"5":5,"6":4,"7":0,"8":0,"9":0,"10":0,"11":0,"12":0,"13":0,"14":0,"15":0,"16":0,"17":0,"18":0,"19":0},"3":{"0":2,"1":3,"2":4,"3":0,"4":2,"5":6,"6":5,"7":2,"8":0,"9":0,"10":0,"11":0,"12":0,"13":0,"14":0,"15":0,"16":0,"17":0,"18":0,"19":0},"4":{"0":0,"1":6,"2":1,"3":2,"4":0,"5":2,"6":3,"7":0,"8":0,"9":0,"10":0,"11":0,"12":0,"13":0,"14":0,"15":0,"16":0,"17":0,"18":0,"19":0},"5":{"0":3,"1":3,"2":4,"3":0,"4":5,"5":0,"6":3,"7":2,"8":4,"9":3,"10":0,"11":0,"12":0,"13":0,"14":0,"15":0,"16":0,"17":0,"18":0,"19":0},"6":{"0":5,"1":9,"2":1,"3":2,"4":0,"5":2,"6":0,"7":4,"8":5,"9":3,"10":3,"11":0,"12":0,"13":0,"14":0,"15":0,"16":0,"17":0,"18":0,"19":0},"7":{"0":6,"1":7,"2":5,"3":3,"4":2,"5":1,"6":0,"7":0,"8":6,"9":4,"10":1,"11":2,"12":0,"13":0,"14":0,"15":0,"16":0,"17":0,"18":0,"19":0},"8":{"0":5,"1":8,"2":9,"3":4,"4":4,"5":3,"6":0,"7":3,"8":0,"9":2,"10":2,"11":1,"12":2,"13":0,"14":0,"15":0,"16":0,"17":0,"18":0,"19":0},"9":{"0":6,"1":2,"2":5,"3":5,"4":3,"5":0,"6":4,"7":6,"8":2,"9":0,"10":3,"11":3,"12":4,"13":2,"14":0,"15":0,"16":0,"17":0,"18":0,"19":0},"10":{"0":4,"1":1,"2":6,"3":2,"4":5,"5":6,"6":2,"7":0,"8":2,"9":2,"10":0,"11":3,"12":2,"13":2,"14":2,"15":0,"16":0,"17":0,"18":0,"19":0},"11":{"0":8,"1":4,"2":2,"3":4,"4":8,"5":4,"6":6,"7":2,"8":6,"9":5,"10":1,"11":0,"12":5,"13":3,"14":3,"15":0,"16":0,"17":0,"18":0,"19":0},"12":{"0":5,"1":0,"2":8,"3":5,"4":11,"5":3,"6":5,"7":2,"8":2,"9":2,"10":3,"11":3,"12":0,"13":3,"14":3,"15":2,"16":2,"17":0,"18":0,"19":0},"13":{"0":10,"1":4,"2":6,"3":4,"4":5,"5":5,"6":6,"7":7,"8":3,"9":5,"10":9,"11":5,"12":1,"13":0,"14":1,"15":4,"16":4,"17":3,"18":0,"19":0},"14":{"0":6,"1":10,"2":4,"3":8,"4":2,"5":3,"6":4,"7":2,"8":7,"9":3,"10":3,"11":1,"12":6,"13":1,"14":0,"15":2,"16":4,"17":2,"18":2,"19":0},"15":{"0":4,"1":10,"2":6,"3":7,"4":4,"5":3,"6":7,"7":10,"8":4,"9":9,"10":4,"11":3,"12":2,"13":1,"14":0,"15":0,"16":1,"17":4,"18":3,"19":2},"16":{"0":3,"1":7,"2":3,"3":6,"4":7,"5":6,"6":6,"7":2,"8":5,"9":6,"10":7,"11":3,"12":0,"13":2,"14":3,"15":1,"16":0,"17":2,"18":5,"19":2},"17":{"0":6,"1":2,"2":3,"3":5,"4":4,"5":5,"6":3,"7":4,"8":4,"9":2,"10":3,"11":5,"12":9,"13":1,"14":1,"15":6,"16":1,"17":0,"18":3,"19":2},"18":{"0":8,"1":4,"2":8,"3":8,"4":9,"5":8,"6":2,"7":6,"8":7,"9":6,"10":1,"11":3,"12":10,"13":5,"14":1,"15":1,"16":2,"17":3,"18":0,"19":7},"19":{"0":6,"1":5,"2":7,"3":3,"4":6,"5":7,"6":3,"7":2,"8":5,"9":6,"10":4,"11":7,"12":1,"13":9,"14":7,"15":2,"16":5,"17":4,"18":1,"19":0}},"method":"hillside","closest_pair":[[0,2,4,1,3,5,6,7,8,10,9,11,12,14,13,17,16,15,18,19],[0,2,4,1,3,5,6,8,7,10,9,11,12,14,13,17,16,15,18,19]],"farthest_pair":[[0,2,4,1,3,5,6,8,7,10,9,11,12,14,13,17,16,15,18,19],[0,2,4,1,3,5,6,7,8,9,10,11,12,14,13,17,16,15,18,19]],"tau_farthest_pair":0.9789473684,"tau_closest_pair":0.9894736842,"centroid_solution":[0,2,4,1,3,5,6,7,8,10,9,11,12,14,13,17,16,15,18,19]}