{"solutions":[[19,18,15,16,17,13,14,12,11,9,10,7,8,6,5,3,1,4,2,0],[19,18,15,16,17,13,14,12,11,10,9,8,7,6,5,3,1,4,2,0],[19,18,15,16,17,13,14,12,11,10,9,7,8,6,5,3,1,4,2,0],[19,18,15,16,17,13,14,12,11,9,10,8,7,6,5,3,1,4,2,0]],"obj":1198.0,"max_tau_solutions":null,"centroid_x":[[0.0,0.0,0.0,0.0,0.0,0.0,0.0,0.0,0.0,0.0,0.0,0.0,0.0,0.0,0.0,0.0,0.0,0.0,0.0,0.0],[1.0,0.0,1.0,0.0,1.0,0.0,0.0,0.0,0.0,0.0,0.0,0.0,0.0,0.0,0.0,0.0,0.0,0.0,0.0,0.0],[1.0,0.0,0.0,0.0,0.0,0.0,0.0,0.0,0.0,0.0,0.0,0.0,0.0,0.0,0.0,0.0,0.0,0.0,0.0,0.0],[1.0,1.0,1.0,0.0,1.0,0.0,0.0,0.0,0.0,0.0,0.0,0.0,0.0,0.0,0.0,0.0,0.0,0.0,0.0,0.0],[1.0,0.0,1.0,0.0,0.0,0.0,0.0,0.0,0.0,0.0,0.0,0.0,0.0,0.0,0.0,0.0,0.0,0.0,0.0,0.0],[1.0,1.0,1.0,1.0,1.0,0.0,0.0,0.0,0.0,0.0,0.0,0.0,0.0,0.0,0.0,0.0,0.0,0.0,0.0,0.0],[1.0,1.0,1.0,1.0,1.0,1.0,0.0,0.0,0.0,0.0,0.0,0.0,0.0,0.0,0.0,0.0,0.0,0.0,0.0,0.0],[1.0,1.0,1.0,1.0,1.0,1.0,1.0,0.0,0.3380044211,0.0,0.0,0.0,0.0,0.0,0.0,0.0,0.0,0.0,0.0,0.0],[1.0,1.0,1.0,1.0,1.0,1.0,1.0,0.6619955789,0.0,0.0,0.0,0.0,0.0,0.0,0.0,0.0,0.0,0.0,0.0,0.0],[1.0,1.0,1.0,1.0,1.0,1.0,1.0,1.0,1.0,0.0,0.3432119043,0.0,0.0,0.0,0.0,0.0,0.0,0.0,0.0,0.0],[1.0,1.0,1.0,1.0,1.0,1.0,1.0,1.0,1.0,0.6567880957,0.0,0.0,0.0,0.0,0.0,0.0,0.0,0.0,0.0,0.0],[1.0,1.0,1.0,1.0,1.0,1.0,1.0,1.0,1.0,1.0,1.0,0.0,0.0,0.0,0.0,0.0,0.0,0.0,0.0,0.0],[1.0,1.0,1.0,1.0,1.0,1.0,1.0,1.0,1.0,1.0,1.0,1.0,0.0,0.0,0.0,0.0,0.0,0.0,0.0,0.0],[1.0,1.0,1.0,1.0,1.0,1.0,1.0,1.0,1.0,1.0,1.0,1.0,1.0,0.0,1.0,0.0,0.0,0.0,0.0,0.0],[1.0,1.0,1.0,1.0,1.0,1.0,1.0,1.0,1.0,1.0,1.0,1.0,1.0,0.0,0.0,0.0,0.0,0.0,0.0,0.0],[1.0,1.0,1.0,1.0,1.0,1.0,1.0,1.0,1.0,1.0,1.0,1.0,1.0,1.0,1.0,0.0,1.0,1.0,0.0,0.0],[1.0,1.0,1.0,1.0,1.0,1.0,1.0,1.0,1.0,1.0,1.0,1.0,1.0,1.0,1.0,0.0,0.0,1.0,0.0,0.0],[1.0,1.0,1.0,1.0,1.0,1.0,1.0,1.0,1.0,1.0,1.0,1.0,1.0,1.0,1.0,0.0,0.0,0.0,0.0,0.0],[1.0,1.0,1.0,1.0,1.0,1.0,1.0,1.0,1.0,1.0,1.0,1.0,1.0,1.0,1.0,1.0,1.0,1.0,0.0,0.0],[1.0,1.0,1.0,1.0,1.0,1.0,1.0,1.0,1.0,1.0,1.0,1.0,1.0,1.0,1.0,1.0,1.0,1.0,1.0,0.0]],"outlier_solution":[19,18,15,16,17,13,14,12,11,9,10,7,8,6,5,3,1,4,2,0],"dataset_id":748,"source_dataset_id":795,"options":null,"D":{"0":{"0":0,"1":3,"2":1,"3":2,"4":0,"5":3,"6":5,"7":6,"8":5,"9":6,"10":4,"11":8,"12":5,"13":10,"14":6,"15":4,"16":3,"17":6,"18":8,"19":6},"1":{"0":5,"1":0,"2":8,"3":3,"4":6,"5":3,"6":9,"7":7,"8":8,"9":2,"10":1,"11":4,"12":0,"13":4,"14":10,"15":10,"16":7,"17":2,"18":4,"19":5},"2":{"0":2,"1":2,"2":0,"3":4,"4":1,"5":4,"6":1,"7":5,"8":9,"9":5,"10":6,"11":2,"12":8,"13":6,"14":4,"15":6,"16":3,"17":3,"18":8,"19":7},"3":{"0":2,"1":1,"2":0,"3":0,"4":2,"5":0,"6":2,"7":3,"8":4,"9":5,"10":2,"11":4,"12":5,"13":4,"14":8,"15":7,"16":6,"17":5,"18":8,"19":3},"4":{"0":6,"1":1,"2":3,"3":2,"4":0,"5":5,"6":0,"7":2,"8":4,"9":3,"10":5,"11":8,"12":11,"13":5,"14":2,"15":4,"16":7,"17":4,"18":9,"19":6},"5":{"0":0,"1":4,"2":5,"3":6,"4":2,"5":0,"6":2,"7":1,"8":3,"9":0,"10":6,"11":4,"12":3,"13":5,"14":3,"15":3,"16":6,"17":5,"18":8,"19":7},"6":{"0":0,"1":0,"2":4,"3":5,"4":3,"5":3,"6":0,"7":0,"8":0,"9":4,"10":2,"11":6,"12":5,"13":6,"14":4,"15":7,"16":6,"17":3,"18":2,"19":3},"7":{"0":0,"1":0,"2":0,"3":2,"4":0,"5":2,"6":4,"7":0,"8":3,"9":6,"10":0,"11":2,"12":2,"13":7,"14":2,"15":10,"16":2,"17":4,"18":6,"19":2},"8":{"0":0,"1":0,"2":0,"3":0,"4":0,"5":4,"6":5,"7":6,"8":0,"9":2,"10":2,"11":6,"12":2,"13":3,"14":7,"15":4,"16":5,"17":4,"18":7,"19":5},"9":{"0":0,"1":0,"2":0,"3":0,"4":0,"5":3,"6":3,"7":4,"8":2,"9":0,"10":2,"11":5,"12":2,"13":5,"14":3,"15":9,"16":6,"17":2,"18":6,"19":6},"10":{"0":0,"1":0,"2":0,"3":0,"4":0,"5":0,"6":3,"7":1,"8":2,"9":3,"10":0,"11":1,"12":3,"13":9,"14":3,"15":4,"16":7,"17":3,"18":1,"19":4},"11":{"0":0,"1":0,"2":0,"3":0,"4":0,"5":0,"6":0,"7":2,"8":1,"9":3,"10":3,"11":0,"12":3,"13":5,"14":1,"15":3,"16":3,"17":5,"18":3,"19":7},"12":{"0":0,"1":0,"2":0,"3":0,"4":0,"5":0,"6":0,"7":0,"8":2,"9":4,"10":2,"11":5,"12":0,"13":1,"14":6,"15":2,"16":0,"17":9,"18":10,"19":1},"13":{"0":0,"1":0,"2":0,"3":0,"4":0,"5":0,"6":0,"7":0,"8":0,"9":2,"10":2,"11":3,"12":3,"13":0,"14":1,"15":1,"16":2,"17":1,"18":5,"19":9},"14":{"0":0,"1":0,"2":0,"3":0,"4":0,"5":0,"6":0,"7":0,"8":0,"9":0,"10":2,"11":3,"12":3,"13":1,"14":0,"15":0,"16":3,"17":1,"18":1,"19":7},"15":{"0":0,"1":0,"2":0,"3":0,"4":0,"5":0,"6":0,"7":0,"8":0,"9":0,"10":0,"11":0,"12":2,"13":4,"14":2,"15":0,"16":1,"17":6,"18":1,"19":2},"16":{"0":0,"1":0,"2":0,"3":0,"4":0,"5":0,"6":0,"7":0,"8":0,"9":0,"10":0,"11":0,"12":2,"13":4,"14":4,"15":1,"16":0,"17":1,"18":2,"19":5},"17":{"0":0,"1":0,"2":0,"3":0,"4":0,"5":0,"6":0,"7":0,"8":0,"9":0,"10":0,"11":0,"12":0,"13":3,"14":2,"15":4,"16":2,"17":0,"18":3,"19":4},"18":{"0":0,"1":0,"2":0,"3":0,"4":0,"5":0,"6":0,"7":0,"8":0,"9":0,"10":0,"11":0,"12":0,"13":0,"14":2,"15":3,"16":5,"17":3,"18":0,"19":1},"19":{"0":0,"1":0,"2":0,"3":0,"4":0,"5":0,"6":0,"7":0,"8":0,"9":0,"10":0,"11":0,"12":0,"13":0,"14":0,"15":2,"16":2,"17":2,"18":7,"19":0}},"method":"hillside","closest_pair":[[19,18,15,16,17,13,14,12,11,10,9,7,8,6,5,3,1,4,2,0],[19,18,15,16,17,13,14,12,11,10,9,8,7,6,5,3,1,4,2,0]],"farthest_pair":[[19,18,15,16,17,13,14,12,11,10,9,8,7,6,5,3,1,4,2,0],[19,18,15,16,17,13,14,12,11,9,10,7,8,6,5,3,1,4,2,0]],"tau_farthest_pair":0.9789473684,"tau_closest_pair":0.9894736842,"centroid_solution":[19,18,15,16,17,13,14,12,11,10,9,8,7,6,5,3,1,4,2,0]}