{"solutions":[[19,18,17,15,14,16,13,12,10,11,9,7,8,6,5,3,4,2,1,0],[19,18,17,15,14,16,13,12,10,11,9,7,8,6,5,3,0,4,2,1]],"obj":1047.0,"max_tau_solutions":null,"centroid_x":[[0.0,0.3674778873,0.3674778877,0.0,0.3674778879,0.0,0.0,0.0,0.0,0.0,0.0,0.0,0.0,0.0,0.0,0.0,0.0,0.0,0.0,0.0],[0.6325221127,0.0,0.0,0.0,0.0,0.0,0.0,0.0,0.0,0.0,0.0,0.0,0.0,0.0,0.0,0.0,0.0,0.0,0.0,0.0],[0.6325221123,1.0,0.0,0.0,0.0,0.0,0.0,0.0,0.0,0.0,0.0,0.0,0.0,0.0,0.0,0.0,0.0,0.0,0.0,0.0],[1.0,1.0,1.0,0.0,1.0,0.0,0.0,0.0,0.0,0.0,0.0,0.0,0.0,0.0,0.0,0.0,0.0,0.0,0.0,0.0],[0.6325221121,1.0,1.0,0.0,0.0,0.0,0.0,0.0,0.0,0.0,0.0,0.0,0.0,0.0,0.0,0.0,0.0,0.0,0.0,0.0],[1.0,1.0,1.0,1.0,1.0,0.0,0.0,0.0,0.0,0.0,0.0,0.0,0.0,0.0,0.0,0.0,0.0,0.0,0.0,0.0],[1.0,1.0,1.0,1.0,1.0,1.0,0.0,0.0,0.0,0.0,0.0,0.0,0.0,0.0,0.0,0.0,0.0,0.0,0.0,0.0],[1.0,1.0,1.0,1.0,1.0,1.0,1.0,0.0,1.0,0.0,0.0,0.0,0.0,0.0,0.0,0.0,0.0,0.0,0.0,0.0],[1.0,1.0,1.0,1.0,1.0,1.0,1.0,0.0,0.0,0.0,0.0,0.0,0.0,0.0,0.0,0.0,0.0,0.0,0.0,0.0],[1.0,1.0,1.0,1.0,1.0,1.0,1.0,1.0,1.0,0.0,0.0,0.0,0.0,0.0,0.0,0.0,0.0,0.0,0.0,0.0],[1.0,1.0,1.0,1.0,1.0,1.0,1.0,1.0,1.0,1.0,0.0,1.0,0.0,0.0,0.0,0.0,0.0,0.0,0.0,0.0],[1.0,1.0,1.0,1.0,1.0,1.0,1.0,1.0,1.0,1.0,0.0,0.0,0.0,0.0,0.0,0.0,0.0,0.0,0.0,0.0],[1.0,1.0,1.0,1.0,1.0,1.0,1.0,1.0,1.0,1.0,1.0,1.0,0.0,0.0,0.0,0.0,0.0,0.0,0.0,0.0],[1.0,1.0,1.0,1.0,1.0,1.0,1.0,1.0,1.0,1.0,1.0,1.0,1.0,0.0,0.0,0.0,0.0,0.0,0.0,0.0],[1.0,1.0,1.0,1.0,1.0,1.0,1.0,1.0,1.0,1.0,1.0,1.0,1.0,1.0,0.0,0.0,1.0,0.0,0.0,0.0],[1.0,1.0,1.0,1.0,1.0,1.0,1.0,1.0,1.0,1.0,1.0,1.0,1.0,1.0,1.0,0.0,1.0,0.0,0.0,0.0],[1.0,1.0,1.0,1.0,1.0,1.0,1.0,1.0,1.0,1.0,1.0,1.0,1.0,1.0,0.0,0.0,0.0,0.0,0.0,0.0],[1.0,1.0,1.0,1.0,1.0,1.0,1.0,1.0,1.0,1.0,1.0,1.0,1.0,1.0,1.0,1.0,1.0,0.0,0.0,0.0],[1.0,1.0,1.0,1.0,1.0,1.0,1.0,1.0,1.0,1.0,1.0,1.0,1.0,1.0,1.0,1.0,1.0,1.0,0.0,0.0],[1.0,1.0,1.0,1.0,1.0,1.0,1.0,1.0,1.0,1.0,1.0,1.0,1.0,1.0,1.0,1.0,1.0,1.0,1.0,0.0]],"outlier_solution":[19,18,17,15,14,16,13,12,10,11,9,7,8,6,5,3,0,4,2,1],"dataset_id":750,"source_dataset_id":797,"options":null,"D":{"0":{"0":0,"1":1,"2":3,"3":3,"4":2,"5":2,"6":4,"7":3,"8":6,"9":4,"10":4,"11":8,"12":9,"13":4,"14":6,"15":4,"16":5,"17":6,"18":4,"19":8},"1":{"0":2,"1":0,"2":2,"3":3,"4":0,"5":3,"6":4,"7":5,"8":6,"9":8,"10":6,"11":4,"12":8,"13":5,"14":2,"15":7,"16":7,"17":12,"18":7,"19":3},"2":{"0":2,"1":3,"2":0,"3":1,"4":1,"5":2,"6":4,"7":6,"8":8,"9":6,"10":8,"11":5,"12":8,"13":4,"14":3,"15":6,"16":6,"17":5,"18":8,"19":2},"3":{"0":2,"1":3,"2":1,"3":0,"4":2,"5":1,"6":2,"7":3,"8":2,"9":3,"10":4,"11":4,"12":3,"13":6,"14":2,"15":7,"16":4,"17":4,"18":4,"19":11},"4":{"0":2,"1":3,"2":3,"3":5,"4":0,"5":4,"6":2,"7":1,"8":2,"9":8,"10":5,"11":3,"12":6,"13":7,"14":7,"15":4,"16":3,"17":8,"18":5,"19":11},"5":{"0":0,"1":2,"2":3,"3":3,"4":1,"5":0,"6":1,"7":2,"8":1,"9":2,"10":4,"11":3,"12":5,"13":6,"14":4,"15":3,"16":8,"17":4,"18":4,"19":8},"6":{"0":0,"1":0,"2":2,"3":1,"4":2,"5":5,"6":0,"7":4,"8":1,"9":3,"10":5,"11":4,"12":6,"13":4,"14":6,"15":4,"16":2,"17":7,"18":7,"19":2},"7":{"0":0,"1":0,"2":0,"3":3,"4":1,"5":1,"6":3,"7":0,"8":0,"9":2,"10":1,"11":4,"12":5,"13":4,"14":10,"15":10,"16":5,"17":3,"18":5,"19":7},"8":{"0":0,"1":0,"2":0,"3":0,"4":3,"5":2,"6":7,"7":2,"8":0,"9":3,"10":2,"11":2,"12":3,"13":3,"14":7,"15":10,"16":6,"17":7,"18":11,"19":5},"9":{"0":0,"1":0,"2":0,"3":0,"4":0,"5":2,"6":2,"7":0,"8":2,"9":0,"10":7,"11":1,"12":2,"13":3,"14":6,"15":7,"16":5,"17":6,"18":7,"19":5},"10":{"0":0,"1":0,"2":0,"3":0,"4":0,"5":0,"6":3,"7":4,"8":0,"9":3,"10":0,"11":2,"12":1,"13":1,"14":2,"15":6,"16":9,"17":6,"18":3,"19":1},"11":{"0":0,"1":0,"2":0,"3":0,"4":0,"5":0,"6":0,"7":3,"8":1,"9":1,"10":3,"11":0,"12":2,"13":4,"14":0,"15":2,"16":7,"17":4,"18":6,"19":8},"12":{"0":0,"1":0,"2":0,"3":0,"4":0,"5":0,"6":0,"7":0,"8":2,"9":0,"10":3,"11":3,"12":0,"13":4,"14":4,"15":4,"16":2,"17":4,"18":3,"19":6},"13":{"0":0,"1":0,"2":0,"3":0,"4":0,"5":0,"6":0,"7":0,"8":0,"9":2,"10":5,"11":4,"12":2,"13":0,"14":1,"15":2,"16":2,"17":1,"18":8,"19":4},"14":{"0":0,"1":0,"2":0,"3":0,"4":0,"5":0,"6":0,"7":0,"8":0,"9":0,"10":5,"11":2,"12":3,"13":2,"14":0,"15":0,"16":1,"17":3,"18":3,"19":5},"15":{"0":0,"1":0,"2":0,"3":0,"4":0,"5":0,"6":0,"7":0,"8":0,"9":0,"10":0,"11":3,"12":2,"13":5,"14":2,"15":0,"16":2,"17":2,"18":5,"19":1},"16":{"0":0,"1":0,"2":0,"3":0,"4":0,"5":0,"6":0,"7":0,"8":0,"9":0,"10":0,"11":0,"12":6,"13":7,"14":2,"15":3,"16":0,"17":5,"18":4,"19":2},"17":{"0":0,"1":0,"2":0,"3":0,"4":0,"5":0,"6":0,"7":0,"8":0,"9":0,"10":0,"11":0,"12":0,"13":2,"14":1,"15":1,"16":6,"17":0,"18":1,"19":1},"18":{"0":0,"1":0,"2":0,"3":0,"4":0,"5":0,"6":0,"7":0,"8":0,"9":0,"10":0,"11":0,"12":0,"13":0,"14":4,"15":3,"16":0,"17":3,"18":0,"19":1},"19":{"0":0,"1":0,"2":0,"3":0,"4":0,"5":0,"6":0,"7":0,"8":0,"9":0,"10":0,"11":0,"12":0,"13":0,"14":0,"15":1,"16":0,"17":3,"18":4,"19":0}},"method":"hillside","closest_pair":[[19,18,17,15,14,16,13,12,10,11,9,7,8,6,5,3,0,4,2,1],[19,18,17,15,14,16,13,12,10,11,9,7,8,6,5,3,4,2,1,0]],"farthest_pair":[[19,18,17,15,14,16,13,12,10,11,9,7,8,6,5,3,4,2,1,0],[19,18,17,15,14,16,13,12,10,11,9,7,8,6,5,3,0,4,2,1]],"tau_farthest_pair":0.9684210526,"tau_closest_pair":0.9684210526,"centroid_solution":[19,18,17,15,14,16,13,12,10,11,9,7,8,6,5,3,4,2,1,0]}