{"solutions":[[17,19,18,16,15,14,13,12,11,9,10,7,8,6,5,4,0,3,1,2],[17,19,18,16,15,13,14,12,11,9,10,7,8,4,6,5,0,3,1,2],[17,19,18,16,15,13,14,12,11,9,10,7,8,6,5,4,0,3,1,2],[17,19,18,16,15,14,13,12,11,9,10,7,8,4,6,5,0,3,1,2]],"obj":1230.0,"max_tau_solutions":null,"centroid_x":[[0.0,1.0,1.0,1.0,0.0,0.0,0.0,0.0,0.0,0.0,0.0,0.0,0.0,0.0,0.0,0.0,0.0,0.0,0.0,0.0],[0.0,0.0,1.0,0.0,0.0,0.0,0.0,0.0,0.0,0.0,0.0,0.0,0.0,0.0,0.0,0.0,0.0,0.0,0.0,0.0],[0.0,0.0,0.0,0.0,0.0,0.0,0.0,0.0,0.0,0.0,0.0,0.0,0.0,0.0,0.0,0.0,0.0,0.0,0.0,0.0],[0.0,1.0,1.0,0.0,0.0,0.0,0.0,0.0,0.0,0.0,0.0,0.0,0.0,0.0,0.0,0.0,0.0,0.0,0.0,0.0],[1.0,1.0,1.0,1.0,0.0,0.3426509094,0.3426509095,0.0,0.0,0.0,0.0,0.0,0.0,0.0,0.0,0.0,0.0,0.0,0.0,0.0],[1.0,1.0,1.0,1.0,0.6573490906,0.0,0.0,0.0,0.0,0.0,0.0,0.0,0.0,0.0,0.0,0.0,0.0,0.0,0.0,0.0],[1.0,1.0,1.0,1.0,0.6573490905,1.0,0.0,0.0,0.0,0.0,0.0,0.0,0.0,0.0,0.0,0.0,0.0,0.0,0.0,0.0],[1.0,1.0,1.0,1.0,1.0,1.0,1.0,0.0,1.0,0.0,0.0,0.0,0.0,0.0,0.0,0.0,0.0,0.0,0.0,0.0],[1.0,1.0,1.0,1.0,1.0,1.0,1.0,0.0,0.0,0.0,0.0,0.0,0.0,0.0,0.0,0.0,0.0,0.0,0.0,0.0],[1.0,1.0,1.0,1.0,1.0,1.0,1.0,1.0,1.0,0.0,1.0,0.0,0.0,0.0,0.0,0.0,0.0,0.0,0.0,0.0],[1.0,1.0,1.0,1.0,1.0,1.0,1.0,1.0,1.0,0.0,0.0,0.0,0.0,0.0,0.0,0.0,0.0,0.0,0.0,0.0],[1.0,1.0,1.0,1.0,1.0,1.0,1.0,1.0,1.0,1.0,1.0,0.0,0.0,0.0,0.0,0.0,0.0,0.0,0.0,0.0],[1.0,1.0,1.0,1.0,1.0,1.0,1.0,1.0,1.0,1.0,1.0,1.0,0.0,0.0,0.0,0.0,0.0,0.0,0.0,0.0],[1.0,1.0,1.0,1.0,1.0,1.0,1.0,1.0,1.0,1.0,1.0,1.0,1.0,0.0,0.3377475324,0.0,0.0,0.0,0.0,0.0],[1.0,1.0,1.0,1.0,1.0,1.0,1.0,1.0,1.0,1.0,1.0,1.0,1.0,0.6622524676,0.0,0.0,0.0,0.0,0.0,0.0],[1.0,1.0,1.0,1.0,1.0,1.0,1.0,1.0,1.0,1.0,1.0,1.0,1.0,1.0,1.0,0.0,0.0,0.0,0.0,0.0],[1.0,1.0,1.0,1.0,1.0,1.0,1.0,1.0,1.0,1.0,1.0,1.0,1.0,1.0,1.0,1.0,0.0,0.0,0.0,0.0],[1.0,1.0,1.0,1.0,1.0,1.0,1.0,1.0,1.0,1.0,1.0,1.0,1.0,1.0,1.0,1.0,1.0,0.0,1.0,1.0],[1.0,1.0,1.0,1.0,1.0,1.0,1.0,1.0,1.0,1.0,1.0,1.0,1.0,1.0,1.0,1.0,1.0,0.0,0.0,0.0],[1.0,1.0,1.0,1.0,1.0,1.0,1.0,1.0,1.0,1.0,1.0,1.0,1.0,1.0,1.0,1.0,1.0,0.0,1.0,0.0]],"outlier_solution":[17,19,18,16,15,13,14,12,11,9,10,7,8,4,6,5,0,3,1,2],"dataset_id":752,"source_dataset_id":799,"options":null,"D":{"0":{"0":0,"1":4,"2":2,"3":5,"4":0,"5":2,"6":2,"7":7,"8":6,"9":6,"10":5,"11":4,"12":5,"13":8,"14":3,"15":1,"16":4,"17":4,"18":1,"19":4},"1":{"0":2,"1":0,"2":3,"3":2,"4":3,"5":2,"6":5,"7":8,"8":3,"9":7,"10":3,"11":4,"12":3,"13":7,"14":6,"15":4,"16":5,"17":6,"18":12,"19":5},"2":{"0":6,"1":2,"2":0,"3":2,"4":6,"5":1,"6":3,"7":0,"8":3,"9":3,"10":6,"11":7,"12":4,"13":6,"14":4,"15":2,"16":6,"17":8,"18":4,"19":5},"3":{"0":4,"1":5,"2":3,"3":0,"4":1,"5":3,"6":2,"7":1,"8":3,"9":5,"10":5,"11":9,"12":6,"13":6,"14":5,"15":4,"16":6,"17":4,"18":1,"19":3},"4":{"0":3,"1":5,"2":2,"3":1,"4":0,"5":4,"6":0,"7":1,"8":2,"9":2,"10":6,"11":7,"12":4,"13":8,"14":5,"15":7,"16":3,"17":4,"18":5,"19":4},"5":{"0":0,"1":4,"2":1,"3":2,"4":4,"5":0,"6":3,"7":4,"8":2,"9":1,"10":4,"11":9,"12":6,"13":4,"14":5,"15":3,"16":4,"17":8,"18":5,"19":7},"6":{"0":0,"1":0,"2":4,"3":1,"4":0,"5":5,"6":0,"7":3,"8":5,"9":4,"10":2,"11":4,"12":6,"13":4,"14":6,"15":7,"16":7,"17":7,"18":3,"19":6},"7":{"0":0,"1":0,"2":0,"3":6,"4":2,"5":3,"6":4,"7":0,"8":2,"9":3,"10":4,"11":0,"12":5,"13":6,"14":4,"15":4,"16":7,"17":4,"18":2,"19":8},"8":{"0":0,"1":0,"2":0,"3":0,"4":5,"5":2,"6":3,"7":3,"8":0,"9":4,"10":2,"11":3,"12":4,"13":6,"14":4,"15":6,"16":10,"17":7,"18":8,"19":4},"9":{"0":0,"1":0,"2":0,"3":0,"4":0,"5":4,"6":3,"7":2,"8":1,"9":0,"10":1,"11":1,"12":4,"13":2,"14":5,"15":7,"16":5,"17":5,"18":7,"19":7},"10":{"0":0,"1":0,"2":0,"3":0,"4":0,"5":0,"6":4,"7":3,"8":1,"9":3,"10":0,"11":3,"12":1,"13":4,"14":5,"15":8,"16":5,"17":12,"18":9,"19":3},"11":{"0":0,"1":0,"2":0,"3":0,"4":0,"5":0,"6":0,"7":2,"8":0,"9":1,"10":3,"11":0,"12":4,"13":2,"14":3,"15":3,"16":3,"17":8,"18":6,"19":5},"12":{"0":0,"1":0,"2":0,"3":0,"4":0,"5":0,"6":0,"7":0,"8":6,"9":1,"10":1,"11":5,"12":0,"13":3,"14":3,"15":0,"16":4,"17":2,"18":6,"19":2},"13":{"0":0,"1":0,"2":0,"3":0,"4":0,"5":0,"6":0,"7":0,"8":0,"9":4,"10":5,"11":1,"12":3,"13":0,"14":4,"15":0,"16":1,"17":3,"18":3,"19":8},"14":{"0":0,"1":0,"2":0,"3":0,"4":0,"5":0,"6":0,"7":0,"8":0,"9":0,"10":5,"11":3,"12":3,"13":3,"14":0,"15":3,"16":2,"17":1,"18":2,"19":3},"15":{"0":0,"1":0,"2":0,"3":0,"4":0,"5":0,"6":0,"7":0,"8":0,"9":0,"10":0,"11":1,"12":2,"13":3,"14":3,"15":0,"16":1,"17":3,"18":2,"19":4},"16":{"0":0,"1":0,"2":0,"3":0,"4":0,"5":0,"6":0,"7":0,"8":0,"9":0,"10":0,"11":0,"12":4,"13":2,"14":5,"15":4,"16":0,"17":3,"18":2,"19":2},"17":{"0":0,"1":0,"2":0,"3":0,"4":0,"5":0,"6":0,"7":0,"8":0,"9":0,"10":0,"11":0,"12":0,"13":2,"14":1,"15":4,"16":2,"17":0,"18":3,"19":5},"18":{"0":0,"1":0,"2":0,"3":0,"4":0,"5":0,"6":0,"7":0,"8":0,"9":0,"10":0,"11":0,"12":0,"13":0,"14":2,"15":3,"16":2,"17":3,"18":0,"19":2},"19":{"0":0,"1":0,"2":0,"3":0,"4":0,"5":0,"6":0,"7":0,"8":0,"9":0,"10":0,"11":0,"12":0,"13":0,"14":0,"15":2,"16":3,"17":2,"18":3,"19":0}},"method":"hillside","closest_pair":[[17,19,18,16,15,13,14,12,11,9,10,7,8,6,5,4,0,3,1,2],[17,19,18,16,15,14,13,12,11,9,10,7,8,6,5,4,0,3,1,2]],"farthest_pair":[[17,19,18,16,15,14,13,12,11,9,10,7,8,4,6,5,0,3,1,2],[17,19,18,16,15,13,14,12,11,9,10,7,8,6,5,4,0,3,1,2]],"tau_farthest_pair":0.9684210526,"tau_closest_pair":0.9894736842,"centroid_solution":[17,19,18,16,15,14,13,12,11,9,10,7,8,6,5,4,0,3,1,2]}