{"solutions":[[0,1,2,5,3,4,6,8,7,10,9,11,12,13,15,14,18,19,16,17],[0,1,2,5,3,4,6,8,7,10,9,11,12,13,15,14,19,16,17,18],[0,1,2,5,3,4,6,8,7,10,9,11,12,13,15,19,14,16,17,18],[0,1,2,5,3,4,6,8,7,10,9,11,12,13,15,14,19,16,18,17],[0,1,2,5,3,4,6,8,7,10,9,11,12,13,15,19,14,16,18,17]],"obj":1201.0,"max_tau_solutions":null,"centroid_x":[[0.0,1.0,1.0,1.0,1.0,1.0,1.0,1.0,1.0,1.0,1.0,1.0,1.0,1.0,1.0,1.0,1.0,1.0,1.0,1.0],[0.0,0.0,1.0,1.0,1.0,1.0,1.0,1.0,1.0,1.0,1.0,1.0,1.0,1.0,1.0,1.0,1.0,1.0,1.0,1.0],[0.0,0.0,0.0,1.0,1.0,1.0,1.0,1.0,1.0,1.0,1.0,1.0,1.0,1.0,1.0,1.0,1.0,1.0,1.0,1.0],[0.0,0.0,0.0,0.0,1.0,0.0,1.0,1.0,1.0,1.0,1.0,1.0,1.0,1.0,1.0,1.0,1.0,1.0,1.0,1.0],[0.0,0.0,0.0,0.0,0.0,0.0,1.0,1.0,1.0,1.0,1.0,1.0,1.0,1.0,1.0,1.0,1.0,1.0,1.0,1.0],[0.0,0.0,0.0,1.0,1.0,0.0,1.0,1.0,1.0,1.0,1.0,1.0,1.0,1.0,1.0,1.0,1.0,1.0,1.0,1.0],[0.0,0.0,0.0,0.0,0.0,0.0,0.0,1.0,1.0,1.0,1.0,1.0,1.0,1.0,1.0,1.0,1.0,1.0,1.0,1.0],[0.0,0.0,0.0,0.0,0.0,0.0,0.0,0.0,0.0,1.0,1.0,1.0,1.0,1.0,1.0,1.0,1.0,1.0,1.0,1.0],[0.0,0.0,0.0,0.0,0.0,0.0,0.0,1.0,0.0,1.0,1.0,1.0,1.0,1.0,1.0,1.0,1.0,1.0,1.0,1.0],[0.0,0.0,0.0,0.0,0.0,0.0,0.0,0.0,0.0,0.0,0.0,1.0,1.0,1.0,1.0,1.0,1.0,1.0,1.0,1.0],[0.0,0.0,0.0,0.0,0.0,0.0,0.0,0.0,0.0,1.0,0.0,1.0,1.0,1.0,1.0,1.0,1.0,1.0,1.0,1.0],[0.0,0.0,0.0,0.0,0.0,0.0,0.0,0.0,0.0,0.0,0.0,0.0,1.0,1.0,1.0,1.0,1.0,1.0,1.0,1.0],[0.0,0.0,0.0,0.0,0.0,0.0,0.0,0.0,0.0,0.0,0.0,0.0,0.0,1.0,1.0,1.0,1.0,1.0,1.0,1.0],[0.0,0.0,0.0,0.0,0.0,0.0,0.0,0.0,0.0,0.0,0.0,0.0,0.0,0.0,1.0,1.0,1.0,1.0,1.0,1.0],[0.0,0.0,0.0,0.0,0.0,0.0,0.0,0.0,0.0,0.0,0.0,0.0,0.0,0.0,0.0,0.0,1.0,1.0,1.0,0.5613551752],[0.0,0.0,0.0,0.0,0.0,0.0,0.0,0.0,0.0,0.0,0.0,0.0,0.0,0.0,1.0,0.0,1.0,1.0,1.0,1.0],[0.0,0.0,0.0,0.0,0.0,0.0,0.0,0.0,0.0,0.0,0.0,0.0,0.0,0.0,0.0,0.0,0.0,1.0,0.5753818457,0.0],[0.0,0.0,0.0,0.0,0.0,0.0,0.0,0.0,0.0,0.0,0.0,0.0,0.0,0.0,0.0,0.0,0.0,0.0,0.4080125645,0.0],[0.0,0.0,0.0,0.0,0.0,0.0,0.0,0.0,0.0,0.0,0.0,0.0,0.0,0.0,0.0,0.0,0.4246181543,0.5919874355,0.0,0.4246181543],[0.0,0.0,0.0,0.0,0.0,0.0,0.0,0.0,0.0,0.0,0.0,0.0,0.0,0.0,0.4386448248,0.0,1.0,1.0,0.5753818457,0.0]],"outlier_solution":[0,1,2,5,3,4,6,8,7,10,9,11,12,13,15,19,14,16,17,18],"dataset_id":753,"source_dataset_id":800,"options":null,"D":{"0":{"0":0,"1":2,"2":2,"3":0,"4":4,"5":0,"6":0,"7":0,"8":0,"9":0,"10":0,"11":0,"12":0,"13":0,"14":0,"15":0,"16":0,"17":0,"18":0,"19":0},"1":{"0":1,"1":0,"2":3,"3":1,"4":3,"5":3,"6":0,"7":0,"8":0,"9":0,"10":0,"11":0,"12":0,"13":0,"14":0,"15":0,"16":0,"17":0,"18":0,"19":0},"2":{"0":2,"1":1,"2":0,"3":2,"4":2,"5":3,"6":1,"7":0,"8":0,"9":0,"10":0,"11":0,"12":0,"13":0,"14":0,"15":0,"16":0,"17":0,"18":0,"19":0},"3":{"0":2,"1":2,"2":1,"3":0,"4":4,"5":4,"6":1,"7":1,"8":0,"9":0,"10":0,"11":0,"12":0,"13":0,"14":0,"15":0,"16":0,"17":0,"18":0,"19":0},"4":{"0":2,"1":3,"2":1,"3":2,"4":0,"5":2,"6":7,"7":4,"8":1,"9":0,"10":0,"11":0,"12":0,"13":0,"14":0,"15":0,"16":0,"17":0,"18":0,"19":0},"5":{"0":3,"1":2,"2":2,"3":2,"4":1,"5":0,"6":2,"7":3,"8":3,"9":0,"10":0,"11":0,"12":0,"13":0,"14":0,"15":0,"16":0,"17":0,"18":0,"19":0},"6":{"0":6,"1":5,"2":4,"3":2,"4":3,"5":1,"6":0,"7":4,"8":0,"9":2,"10":6,"11":0,"12":0,"13":0,"14":0,"15":0,"16":0,"17":0,"18":0,"19":0},"7":{"0":4,"1":9,"2":6,"3":2,"4":4,"5":2,"6":0,"7":0,"8":5,"9":2,"10":4,"11":4,"12":0,"13":0,"14":0,"15":0,"16":0,"17":0,"18":0,"19":0},"8":{"0":11,"1":8,"2":5,"3":7,"4":2,"5":0,"6":3,"7":4,"8":0,"9":3,"10":3,"11":2,"12":3,"13":0,"14":0,"15":0,"16":0,"17":0,"18":0,"19":0},"9":{"0":6,"1":8,"2":3,"3":7,"4":1,"5":2,"6":2,"7":0,"8":2,"9":0,"10":4,"11":6,"12":4,"13":6,"14":0,"15":0,"16":0,"17":0,"18":0,"19":0},"10":{"0":4,"1":8,"2":4,"3":4,"4":4,"5":7,"6":2,"7":0,"8":4,"9":3,"10":0,"11":0,"12":3,"13":3,"14":1,"15":0,"16":0,"17":0,"18":0,"19":0},"11":{"0":4,"1":6,"2":5,"3":3,"4":3,"5":6,"6":4,"7":0,"8":9,"9":1,"10":2,"11":0,"12":1,"13":4,"14":3,"15":1,"16":0,"17":0,"18":0,"19":0},"12":{"0":3,"1":4,"2":7,"3":3,"4":7,"5":8,"6":4,"7":1,"8":1,"9":3,"10":1,"11":3,"12":0,"13":0,"14":2,"15":3,"16":2,"17":0,"18":0,"19":0},"13":{"0":9,"1":4,"2":6,"3":4,"4":5,"5":6,"6":3,"7":8,"8":6,"9":6,"10":5,"11":2,"12":3,"13":0,"14":0,"15":6,"16":4,"17":2,"18":0,"19":0},"14":{"0":5,"1":6,"2":4,"3":3,"4":6,"5":7,"6":7,"7":2,"8":4,"9":5,"10":6,"11":7,"12":2,"13":2,"14":0,"15":1,"16":4,"17":5,"18":5,"19":0},"15":{"0":7,"1":3,"2":5,"3":6,"4":4,"5":8,"6":6,"7":3,"8":6,"9":2,"10":4,"11":2,"12":3,"13":2,"14":2,"15":0,"16":1,"17":1,"18":3,"19":4},"16":{"0":7,"1":5,"2":6,"3":3,"4":3,"5":8,"6":6,"7":3,"8":4,"9":7,"10":4,"11":5,"12":3,"13":2,"14":3,"15":4,"16":0,"17":4,"18":6,"19":2},"17":{"0":8,"1":7,"2":5,"3":9,"4":6,"5":4,"6":4,"7":9,"8":6,"9":4,"10":5,"11":8,"12":1,"13":4,"14":0,"15":3,"16":2,"17":0,"18":0,"19":3},"18":{"0":7,"1":3,"2":3,"3":8,"4":2,"5":3,"6":4,"7":6,"8":7,"9":11,"10":2,"11":10,"12":6,"13":6,"14":3,"15":4,"16":2,"17":1,"18":0,"19":4},"19":{"0":5,"1":3,"2":5,"3":3,"4":1,"5":6,"6":5,"7":2,"8":4,"9":7,"10":5,"11":4,"12":10,"13":7,"14":9,"15":4,"16":4,"17":2,"18":4,"19":0}},"method":"hillside","closest_pair":[[0,1,2,5,3,4,6,8,7,10,9,11,12,13,15,19,14,16,17,18],[0,1,2,5,3,4,6,8,7,10,9,11,12,13,15,19,14,16,18,17]],"farthest_pair":[[0,1,2,5,3,4,6,8,7,10,9,11,12,13,15,14,18,19,16,17],[0,1,2,5,3,4,6,8,7,10,9,11,12,13,15,19,14,16,17,18]],"tau_farthest_pair":0.9578947368,"tau_closest_pair":0.9894736842,"centroid_solution":[0,1,2,5,3,4,6,8,7,10,9,11,12,13,15,14,19,16,18,17]}