{"solutions":[[19,18,17,16,15,13,14,12,11,10,9,7,8,6,5,4,2,0,1,3],[19,18,17,16,15,13,14,12,11,10,9,7,8,6,5,2,4,0,1,3],[19,18,17,16,15,13,14,12,11,10,9,7,8,6,5,2,4,0,3,1],[19,18,17,16,15,13,14,12,11,10,9,7,8,6,5,4,2,0,3,1]],"obj":1069.0,"max_tau_solutions":null,"centroid_x":[[0.0,1.0,0.0,1.0,0.0,0.0,0.0,0.0,0.0,0.0,0.0,0.0,0.0,0.0,0.0,0.0,0.0,0.0,0.0,0.0],[0.0,0.0,0.0,0.3439910567,0.0,0.0,0.0,0.0,0.0,0.0,0.0,0.0,0.0,0.0,0.0,0.0,0.0,0.0,0.0,0.0],[1.0,1.0,0.0,1.0,0.3551962619,0.0,0.0,0.0,0.0,0.0,0.0,0.0,0.0,0.0,0.0,0.0,0.0,0.0,0.0,0.0],[0.0,0.6560089433,0.0,0.0,0.0,0.0,0.0,0.0,0.0,0.0,0.0,0.0,0.0,0.0,0.0,0.0,0.0,0.0,0.0,0.0],[1.0,1.0,0.6448037381,1.0,0.0,0.0,0.0,0.0,0.0,0.0,0.0,0.0,0.0,0.0,0.0,0.0,0.0,0.0,0.0,0.0],[1.0,1.0,1.0,1.0,1.0,0.0,0.0,0.0,0.0,0.0,0.0,0.0,0.0,0.0,0.0,0.0,0.0,0.0,0.0,0.0],[1.0,1.0,1.0,1.0,1.0,1.0,0.0,0.0,0.0,0.0,0.0,0.0,0.0,0.0,0.0,0.0,0.0,0.0,0.0,0.0],[1.0,1.0,1.0,1.0,1.0,1.0,1.0,0.0,1.0,0.0,0.0,0.0,0.0,0.0,0.0,0.0,0.0,0.0,0.0,0.0],[1.0,1.0,1.0,1.0,1.0,1.0,1.0,0.0,0.0,0.0,0.0,0.0,0.0,0.0,0.0,0.0,0.0,0.0,0.0,0.0],[1.0,1.0,1.0,1.0,1.0,1.0,1.0,1.0,1.0,0.0,0.0,0.0,0.0,0.0,0.0,0.0,0.0,0.0,0.0,0.0],[1.0,1.0,1.0,1.0,1.0,1.0,1.0,1.0,1.0,1.0,0.0,0.0,0.0,0.0,0.0,0.0,0.0,0.0,0.0,0.0],[1.0,1.0,1.0,1.0,1.0,1.0,1.0,1.0,1.0,1.0,1.0,0.0,0.0,0.0,0.0,0.0,0.0,0.0,0.0,0.0],[1.0,1.0,1.0,1.0,1.0,1.0,1.0,1.0,1.0,1.0,1.0,1.0,0.0,0.0,0.0,0.0,0.0,0.0,0.0,0.0],[1.0,1.0,1.0,1.0,1.0,1.0,1.0,1.0,1.0,1.0,1.0,1.0,1.0,0.0,1.0,0.0,0.0,0.0,0.0,0.0],[1.0,1.0,1.0,1.0,1.0,1.0,1.0,1.0,1.0,1.0,1.0,1.0,1.0,0.0,0.0,0.0,0.0,0.0,0.0,0.0],[1.0,1.0,1.0,1.0,1.0,1.0,1.0,1.0,1.0,1.0,1.0,1.0,1.0,1.0,1.0,0.0,0.0,0.0,0.0,0.0],[1.0,1.0,1.0,1.0,1.0,1.0,1.0,1.0,1.0,1.0,1.0,1.0,1.0,1.0,1.0,1.0,0.0,0.0,0.0,0.0],[1.0,1.0,1.0,1.0,1.0,1.0,1.0,1.0,1.0,1.0,1.0,1.0,1.0,1.0,1.0,1.0,1.0,0.0,0.0,0.0],[1.0,1.0,1.0,1.0,1.0,1.0,1.0,1.0,1.0,1.0,1.0,1.0,1.0,1.0,1.0,1.0,1.0,1.0,0.0,0.0],[1.0,1.0,1.0,1.0,1.0,1.0,1.0,1.0,1.0,1.0,1.0,1.0,1.0,1.0,1.0,1.0,1.0,1.0,1.0,0.0]],"outlier_solution":[19,18,17,16,15,13,14,12,11,10,9,7,8,6,5,2,4,0,1,3],"dataset_id":754,"source_dataset_id":801,"options":null,"D":{"0":{"0":0,"1":2,"2":1,"3":3,"4":3,"5":4,"6":4,"7":3,"8":6,"9":4,"10":6,"11":3,"12":5,"13":6,"14":4,"15":5,"16":5,"17":13,"18":4,"19":5},"1":{"0":4,"1":0,"2":1,"3":1,"4":1,"5":4,"6":3,"7":7,"8":4,"9":6,"10":5,"11":6,"12":6,"13":2,"14":4,"15":5,"16":5,"17":3,"18":5,"19":6},"2":{"0":3,"1":2,"2":0,"3":2,"4":2,"5":5,"6":6,"7":7,"8":2,"9":8,"10":1,"11":2,"12":5,"13":3,"14":2,"15":4,"16":5,"17":5,"18":7,"19":5},"3":{"0":5,"1":3,"2":1,"3":0,"4":6,"5":2,"6":1,"7":3,"8":6,"9":7,"10":7,"11":6,"12":6,"13":6,"14":6,"15":10,"16":3,"17":5,"18":8,"19":3},"4":{"0":2,"1":1,"2":2,"3":6,"4":0,"5":2,"6":4,"7":0,"8":4,"9":7,"10":3,"11":6,"12":6,"13":5,"14":6,"15":6,"16":6,"17":10,"18":4,"19":4},"5":{"0":0,"1":2,"2":5,"3":6,"4":3,"5":0,"6":3,"7":1,"8":1,"9":4,"10":5,"11":5,"12":4,"13":7,"14":3,"15":4,"16":9,"17":3,"18":7,"19":2},"6":{"0":0,"1":0,"2":2,"3":1,"4":2,"5":1,"6":0,"7":3,"8":3,"9":2,"10":4,"11":6,"12":10,"13":4,"14":2,"15":6,"16":3,"17":6,"18":7,"19":8},"7":{"0":0,"1":0,"2":0,"3":2,"4":0,"5":1,"6":2,"7":0,"8":2,"9":2,"10":3,"11":2,"12":2,"13":5,"14":2,"15":3,"16":4,"17":6,"18":9,"19":5},"8":{"0":0,"1":0,"2":0,"3":0,"4":4,"5":2,"6":2,"7":2,"8":0,"9":3,"10":3,"11":5,"12":4,"13":6,"14":10,"15":3,"16":5,"17":6,"18":3,"19":6},"9":{"0":0,"1":0,"2":0,"3":0,"4":0,"5":6,"6":2,"7":2,"8":5,"9":0,"10":3,"11":2,"12":2,"13":3,"14":2,"15":5,"16":6,"17":7,"18":5,"19":11},"10":{"0":0,"1":0,"2":0,"3":0,"4":0,"5":0,"6":2,"7":1,"8":3,"9":2,"10":0,"11":3,"12":4,"13":5,"14":3,"15":5,"16":4,"17":5,"18":5,"19":4},"11":{"0":0,"1":0,"2":0,"3":0,"4":0,"5":0,"6":0,"7":2,"8":3,"9":1,"10":3,"11":0,"12":0,"13":4,"14":4,"15":1,"16":3,"17":6,"18":4,"19":6},"12":{"0":0,"1":0,"2":0,"3":0,"4":0,"5":0,"6":0,"7":0,"8":4,"9":3,"10":2,"11":2,"12":0,"13":5,"14":0,"15":3,"16":3,"17":5,"18":3,"19":8},"13":{"0":0,"1":0,"2":0,"3":0,"4":0,"5":0,"6":0,"7":0,"8":0,"9":0,"10":4,"11":3,"12":4,"13":0,"14":2,"15":3,"16":3,"17":3,"18":5,"19":4},"14":{"0":0,"1":0,"2":0,"3":0,"4":0,"5":0,"6":0,"7":0,"8":0,"9":0,"10":1,"11":1,"12":4,"13":3,"14":0,"15":3,"16":1,"17":3,"18":2,"19":7},"15":{"0":0,"1":0,"2":0,"3":0,"4":0,"5":0,"6":0,"7":0,"8":0,"9":0,"10":0,"11":3,"12":1,"13":0,"14":4,"15":0,"16":4,"17":1,"18":4,"19":6},"16":{"0":0,"1":0,"2":0,"3":0,"4":0,"5":0,"6":0,"7":0,"8":0,"9":0,"10":0,"11":0,"12":0,"13":6,"14":1,"15":2,"16":0,"17":4,"18":2,"19":2},"17":{"0":0,"1":0,"2":0,"3":0,"4":0,"5":0,"6":0,"7":0,"8":0,"9":0,"10":0,"11":0,"12":0,"13":1,"14":3,"15":6,"16":4,"17":0,"18":5,"19":4},"18":{"0":0,"1":0,"2":0,"3":0,"4":0,"5":0,"6":0,"7":0,"8":0,"9":0,"10":0,"11":0,"12":0,"13":0,"14":0,"15":2,"16":4,"17":2,"18":0,"19":3},"19":{"0":0,"1":0,"2":0,"3":0,"4":0,"5":0,"6":0,"7":0,"8":0,"9":0,"10":0,"11":0,"12":0,"13":0,"14":0,"15":2,"16":1,"17":6,"18":3,"19":0}},"method":"hillside","closest_pair":[[19,18,17,16,15,13,14,12,11,10,9,7,8,6,5,2,4,0,3,1],[19,18,17,16,15,13,14,12,11,10,9,7,8,6,5,4,2,0,3,1]],"farthest_pair":[[19,18,17,16,15,13,14,12,11,10,9,7,8,6,5,4,2,0,3,1],[19,18,17,16,15,13,14,12,11,10,9,7,8,6,5,2,4,0,1,3]],"tau_farthest_pair":0.9789473684,"tau_closest_pair":0.9894736842,"centroid_solution":[19,18,17,16,15,13,14,12,11,10,9,7,8,6,5,4,2,0,3,1]}