{"solutions":[[15,17,18,19,16,14,13,10,12,11,9,7,8,6,3,4,5,2,0,1],[17,18,19,15,16,14,13,12,10,11,9,7,8,6,3,4,5,2,0,1],[15,17,18,19,16,14,13,10,12,11,9,7,8,6,3,5,4,2,0,1],[17,18,19,15,16,14,13,10,12,11,9,7,8,6,3,5,4,2,0,1],[15,17,18,19,16,14,13,12,10,11,9,7,8,6,3,5,4,2,0,1],[17,18,19,15,16,14,13,10,12,11,9,7,8,6,3,4,5,2,0,1],[17,18,19,15,16,14,13,12,10,11,9,7,8,6,3,5,4,2,0,1],[15,17,18,19,16,14,13,12,10,11,9,7,8,6,3,4,5,2,0,1]],"obj":1251.0,"max_tau_solutions":null,"centroid_x":[[0.0,1.0,0.0,0.0,0.0,0.0,0.0,0.0,0.0,0.0,0.0,0.0,0.0,0.0,0.0,0.0,0.0,0.0,0.0,0.0],[0.0,0.0,0.0,0.0,0.0,0.0,0.0,0.0,0.0,0.0,0.0,0.0,0.0,0.0,0.0,0.0,0.0,0.0,0.0,0.0],[1.0,1.0,0.0,0.0,0.0,0.0,0.0,0.0,0.0,0.0,0.0,0.0,0.0,0.0,0.0,0.0,0.0,0.0,0.0,0.0],[1.0,1.0,1.0,0.0,1.0,1.0,0.0,0.0,0.0,0.0,0.0,0.0,0.0,0.0,0.0,0.0,0.0,0.0,0.0,0.0],[1.0,1.0,1.0,0.0,0.0,0.3531220164,0.0,0.0,0.0,0.0,0.0,0.0,0.0,0.0,0.0,0.0,0.0,0.0,0.0,0.0],[1.0,1.0,1.0,0.0,0.6468779836,0.0,0.0,0.0,0.0,0.0,0.0,0.0,0.0,0.0,0.0,0.0,0.0,0.0,0.0,0.0],[1.0,1.0,1.0,1.0,1.0,1.0,0.0,0.0,0.0,0.0,0.0,0.0,0.0,0.0,0.0,0.0,0.0,0.0,0.0,0.0],[1.0,1.0,1.0,1.0,1.0,1.0,1.0,0.0,1.0,0.0,0.0,0.0,0.0,0.0,0.0,0.0,0.0,0.0,0.0,0.0],[1.0,1.0,1.0,1.0,1.0,1.0,1.0,0.0,0.0,0.0,0.0,0.0,0.0,0.0,0.0,0.0,0.0,0.0,0.0,0.0],[1.0,1.0,1.0,1.0,1.0,1.0,1.0,1.0,1.0,0.0,0.0,0.0,0.0,0.0,0.0,0.0,0.0,0.0,0.0,0.0],[1.0,1.0,1.0,1.0,1.0,1.0,1.0,1.0,1.0,1.0,0.0,1.0,0.3595786342,0.0,0.0,0.0,0.0,0.0,0.0,0.0],[1.0,1.0,1.0,1.0,1.0,1.0,1.0,1.0,1.0,1.0,0.0,0.0,0.0,0.0,0.0,0.0,0.0,0.0,0.0,0.0],[1.0,1.0,1.0,1.0,1.0,1.0,1.0,1.0,1.0,1.0,0.6404213658,1.0,0.0,0.0,0.0,0.0,0.0,0.0,0.0,0.0],[1.0,1.0,1.0,1.0,1.0,1.0,1.0,1.0,1.0,1.0,1.0,1.0,1.0,0.0,0.0,0.0,0.0,0.0,0.0,0.0],[1.0,1.0,1.0,1.0,1.0,1.0,1.0,1.0,1.0,1.0,1.0,1.0,1.0,1.0,0.0,0.0,0.0,0.0,0.0,0.0],[1.0,1.0,1.0,1.0,1.0,1.0,1.0,1.0,1.0,1.0,1.0,1.0,1.0,1.0,1.0,0.0,1.0,0.2852988928,0.2852988928,0.2852988927],[1.0,1.0,1.0,1.0,1.0,1.0,1.0,1.0,1.0,1.0,1.0,1.0,1.0,1.0,1.0,0.0,0.0,0.0,0.0,0.0],[1.0,1.0,1.0,1.0,1.0,1.0,1.0,1.0,1.0,1.0,1.0,1.0,1.0,1.0,1.0,0.7147011072,1.0,0.0,1.0,1.0],[1.0,1.0,1.0,1.0,1.0,1.0,1.0,1.0,1.0,1.0,1.0,1.0,1.0,1.0,1.0,0.7147011072,1.0,0.0,0.0,1.0],[1.0,1.0,1.0,1.0,1.0,1.0,1.0,1.0,1.0,1.0,1.0,1.0,1.0,1.0,1.0,0.7147011073,1.0,0.0,0.0,0.0]],"outlier_solution":[15,17,18,19,16,14,13,10,12,11,9,7,8,6,3,4,5,2,0,1],"dataset_id":756,"source_dataset_id":803,"options":null,"D":{"0":{"0":0,"1":2,"2":2,"3":2,"4":3,"5":1,"6":3,"7":7,"8":1,"9":4,"10":8,"11":4,"12":6,"13":9,"14":5,"15":5,"16":5,"17":3,"18":1,"19":8},"1":{"0":4,"1":0,"2":4,"3":2,"4":3,"5":3,"6":10,"7":3,"8":8,"9":7,"10":9,"11":10,"12":6,"13":4,"14":9,"15":8,"16":6,"17":2,"18":4,"19":2},"2":{"0":3,"1":2,"2":0,"3":4,"4":2,"5":1,"6":3,"7":7,"8":4,"9":6,"10":4,"11":8,"12":6,"13":3,"14":5,"15":1,"16":3,"17":9,"18":5,"19":3},"3":{"0":1,"1":1,"2":1,"3":0,"4":0,"5":4,"6":0,"7":7,"8":0,"9":7,"10":5,"11":2,"12":6,"13":10,"14":2,"15":3,"16":5,"17":5,"18":2,"19":4},"4":{"0":6,"1":2,"2":3,"3":3,"4":0,"5":1,"6":1,"7":5,"8":2,"9":4,"10":6,"11":7,"12":1,"13":3,"14":3,"15":10,"16":7,"17":7,"18":6,"19":4},"5":{"0":0,"1":1,"2":3,"3":3,"4":1,"5":0,"6":5,"7":1,"8":4,"9":3,"10":9,"11":6,"12":5,"13":6,"14":5,"15":5,"16":9,"17":1,"18":9,"19":6},"6":{"0":0,"1":0,"2":3,"3":4,"4":2,"5":3,"6":0,"7":6,"8":2,"9":3,"10":4,"11":2,"12":3,"13":7,"14":8,"15":13,"16":3,"17":3,"18":3,"19":8},"7":{"0":0,"1":0,"2":0,"3":4,"4":2,"5":2,"6":4,"7":0,"8":0,"9":2,"10":3,"11":1,"12":6,"13":4,"14":1,"15":7,"16":7,"17":4,"18":3,"19":6},"8":{"0":0,"1":0,"2":0,"3":0,"4":3,"5":5,"6":2,"7":3,"8":0,"9":3,"10":6,"11":2,"12":1,"13":6,"14":4,"15":6,"16":5,"17":5,"18":10,"19":6},"9":{"0":0,"1":0,"2":0,"3":0,"4":0,"5":3,"6":6,"7":1,"8":0,"9":0,"10":6,"11":2,"12":1,"13":2,"14":7,"15":5,"16":5,"17":6,"18":3,"19":5},"10":{"0":0,"1":0,"2":0,"3":0,"4":0,"5":0,"6":2,"7":0,"8":2,"9":3,"10":0,"11":1,"12":3,"13":5,"14":1,"15":3,"16":4,"17":7,"18":4,"19":0},"11":{"0":0,"1":0,"2":0,"3":0,"4":0,"5":0,"6":0,"7":3,"8":1,"9":4,"10":4,"11":0,"12":4,"13":2,"14":2,"15":3,"16":8,"17":3,"18":6,"19":4},"12":{"0":0,"1":0,"2":0,"3":0,"4":0,"5":0,"6":0,"7":0,"8":1,"9":3,"10":2,"11":4,"12":0,"13":1,"14":6,"15":2,"16":2,"17":3,"18":5,"19":7},"13":{"0":0,"1":0,"2":0,"3":0,"4":0,"5":0,"6":0,"7":0,"8":0,"9":2,"10":3,"11":3,"12":2,"13":0,"14":4,"15":8,"16":0,"17":7,"18":5,"19":4},"14":{"0":0,"1":0,"2":0,"3":0,"4":0,"5":0,"6":0,"7":0,"8":0,"9":0,"10":3,"11":4,"12":5,"13":4,"14":0,"15":5,"16":2,"17":2,"18":2,"19":4},"15":{"0":0,"1":0,"2":0,"3":0,"4":0,"5":0,"6":0,"7":0,"8":0,"9":0,"10":0,"11":3,"12":1,"13":2,"14":4,"15":0,"16":4,"17":0,"18":1,"19":4},"16":{"0":0,"1":0,"2":0,"3":0,"4":0,"5":0,"6":0,"7":0,"8":0,"9":0,"10":0,"11":0,"12":2,"13":3,"14":1,"15":4,"16":0,"17":4,"18":2,"19":1},"17":{"0":0,"1":0,"2":0,"3":0,"4":0,"5":0,"6":0,"7":0,"8":0,"9":0,"10":0,"11":0,"12":0,"13":3,"14":3,"15":1,"16":0,"17":0,"18":2,"19":2},"18":{"0":0,"1":0,"2":0,"3":0,"4":0,"5":0,"6":0,"7":0,"8":0,"9":0,"10":0,"11":0,"12":0,"13":0,"14":4,"15":6,"16":1,"17":1,"18":0,"19":0},"19":{"0":0,"1":0,"2":0,"3":0,"4":0,"5":0,"6":0,"7":0,"8":0,"9":0,"10":0,"11":0,"12":0,"13":0,"14":0,"15":3,"16":2,"17":5,"18":5,"19":0}},"method":"hillside","closest_pair":[[17,18,19,15,16,14,13,12,10,11,9,7,8,6,3,5,4,2,0,1],[17,18,19,15,16,14,13,10,12,11,9,7,8,6,3,5,4,2,0,1]],"farthest_pair":[[15,17,18,19,16,14,13,12,10,11,9,7,8,6,3,5,4,2,0,1],[17,18,19,15,16,14,13,10,12,11,9,7,8,6,3,4,5,2,0,1]],"tau_farthest_pair":0.9473684211,"tau_closest_pair":0.9894736842,"centroid_solution":[17,18,19,15,16,14,13,12,10,11,9,7,8,6,3,5,4,2,0,1]}