{"solutions":[[18,19,17,15,16,13,14,12,10,11,8,9,6,7,5,4,3,2,0,1],[18,19,17,15,16,14,13,12,10,11,8,9,6,7,5,4,3,2,0,1],[19,18,17,15,16,14,13,12,10,11,8,9,6,7,5,4,3,2,0,1],[19,18,17,15,16,13,14,12,10,11,8,9,6,7,5,3,4,2,0,1],[18,19,17,15,13,16,14,12,10,11,8,9,6,7,5,3,4,2,0,1],[19,18,17,15,13,16,14,12,10,11,8,9,6,7,5,3,4,2,0,1],[18,19,17,15,16,13,14,12,10,11,8,9,6,7,5,3,4,2,0,1],[19,18,17,15,13,16,14,12,10,11,8,9,6,7,5,4,3,2,0,1],[19,18,17,15,16,13,14,12,10,11,8,9,6,7,5,4,3,2,0,1],[18,19,17,15,16,14,13,12,10,11,8,9,6,7,5,3,4,2,0,1],[19,18,17,15,16,14,13,12,10,11,8,9,6,7,5,3,4,2,0,1],[18,19,17,15,13,16,14,12,10,11,8,9,6,7,5,4,3,2,0,1]],"obj":1131.0,"max_tau_solutions":null,"centroid_x":[[0.0,1.0,0.0,0.0,0.0,0.0,0.0,0.0,0.0,0.0,0.0,0.0,0.0,0.0,0.0,0.0,0.0,0.0,0.0,0.0],[0.0,0.0,0.0,0.0,0.0,0.0,0.0,0.0,0.0,0.0,0.0,0.0,0.0,0.0,0.0,0.0,0.0,0.0,0.0,0.0],[1.0,1.0,0.0,0.0,0.0,0.0,0.0,0.0,0.0,0.0,0.0,0.0,0.0,0.0,0.0,0.0,0.0,0.0,0.0,0.0],[1.0,1.0,1.0,0.0,0.3291470865,0.0,0.0,0.0,0.0,0.0,0.0,0.0,0.0,0.0,0.0,0.0,0.0,0.0,0.0,0.0],[1.0,1.0,1.0,0.6708529135,0.0,0.0,0.0,0.0,0.0,0.0,0.0,0.0,0.0,0.0,0.0,0.0,0.0,0.0,0.0,0.0],[1.0,1.0,1.0,1.0,1.0,0.0,0.0,0.0,0.0,0.0,0.0,0.0,0.0,0.0,0.0,0.0,0.0,0.0,0.0,0.0],[1.0,1.0,1.0,1.0,1.0,1.0,0.0,1.0,0.0,0.0,0.0,0.0,0.0,0.0,0.0,0.0,0.0,0.0,0.0,0.0],[1.0,1.0,1.0,1.0,1.0,1.0,0.0,0.0,0.0,0.0,0.0,0.0,0.0,0.0,0.0,0.0,0.0,0.0,0.0,0.0],[1.0,1.0,1.0,1.0,1.0,1.0,1.0,1.0,0.0,1.0,0.0,0.0,0.0,0.0,0.0,0.0,0.0,0.0,0.0,0.0],[1.0,1.0,1.0,1.0,1.0,1.0,1.0,1.0,0.0,0.0,0.0,0.0,0.0,0.0,0.0,0.0,0.0,0.0,0.0,0.0],[1.0,1.0,1.0,1.0,1.0,1.0,1.0,1.0,1.0,1.0,0.0,1.0,0.0,0.0,0.0,0.0,0.0,0.0,0.0,0.0],[1.0,1.0,1.0,1.0,1.0,1.0,1.0,1.0,1.0,1.0,0.0,0.0,0.0,0.0,0.0,0.0,0.0,0.0,0.0,0.0],[1.0,1.0,1.0,1.0,1.0,1.0,1.0,1.0,1.0,1.0,1.0,1.0,0.0,0.0,0.0,0.0,0.0,0.0,0.0,0.0],[1.0,1.0,1.0,1.0,1.0,1.0,1.0,1.0,1.0,1.0,1.0,1.0,1.0,0.0,0.3845643153,0.0,0.3027168609,0.0,0.0,0.0],[1.0,1.0,1.0,1.0,1.0,1.0,1.0,1.0,1.0,1.0,1.0,1.0,1.0,0.6154356847,0.0,0.0,0.0,0.0,0.0,0.0],[1.0,1.0,1.0,1.0,1.0,1.0,1.0,1.0,1.0,1.0,1.0,1.0,1.0,1.0,1.0,0.0,1.0,0.0,0.0,0.0],[1.0,1.0,1.0,1.0,1.0,1.0,1.0,1.0,1.0,1.0,1.0,1.0,1.0,0.6972831391,1.0,0.0,0.0,0.0,0.0,0.0],[1.0,1.0,1.0,1.0,1.0,1.0,1.0,1.0,1.0,1.0,1.0,1.0,1.0,1.0,1.0,1.0,1.0,0.0,0.0,0.0],[1.0,1.0,1.0,1.0,1.0,1.0,1.0,1.0,1.0,1.0,1.0,1.0,1.0,1.0,1.0,1.0,1.0,1.0,0.0,0.3338997824],[1.0,1.0,1.0,1.0,1.0,1.0,1.0,1.0,1.0,1.0,1.0,1.0,1.0,1.0,1.0,1.0,1.0,1.0,0.6661002176,0.0]],"outlier_solution":[18,19,17,15,13,16,14,12,10,11,8,9,6,7,5,3,4,2,0,1],"dataset_id":757,"source_dataset_id":804,"options":null,"D":{"0":{"0":0,"1":1,"2":1,"3":2,"4":1,"5":5,"6":7,"7":3,"8":7,"9":6,"10":3,"11":4,"12":4,"13":3,"14":3,"15":8,"16":5,"17":8,"18":9,"19":4},"1":{"0":4,"1":0,"2":2,"3":4,"4":1,"5":1,"6":6,"7":6,"8":5,"9":6,"10":5,"11":4,"12":5,"13":5,"14":7,"15":5,"16":4,"17":2,"18":9,"19":5},"2":{"0":3,"1":1,"2":0,"3":4,"4":4,"5":1,"6":3,"7":5,"8":4,"9":2,"10":8,"11":5,"12":4,"13":11,"14":7,"15":9,"16":4,"17":5,"18":6,"19":6},"3":{"0":5,"1":0,"2":6,"3":0,"4":3,"5":3,"6":0,"7":3,"8":6,"9":3,"10":6,"11":7,"12":5,"13":9,"14":6,"15":3,"16":2,"17":6,"18":7,"19":4},"4":{"0":1,"1":2,"2":3,"3":4,"4":0,"5":3,"6":5,"7":5,"8":1,"9":6,"10":5,"11":4,"12":6,"13":3,"14":4,"15":7,"16":5,"17":5,"18":6,"19":5},"5":{"0":0,"1":1,"2":3,"3":3,"4":4,"5":0,"6":1,"7":4,"8":3,"9":4,"10":5,"11":2,"12":8,"13":7,"14":5,"15":3,"16":2,"17":8,"18":6,"19":9},"6":{"0":0,"1":0,"2":2,"3":4,"4":1,"5":4,"6":0,"7":4,"8":2,"9":1,"10":2,"11":6,"12":5,"13":9,"14":2,"15":6,"16":2,"17":8,"18":3,"19":1},"7":{"0":0,"1":0,"2":0,"3":2,"4":2,"5":5,"6":1,"7":0,"8":3,"9":2,"10":3,"11":5,"12":5,"13":7,"14":8,"15":7,"16":4,"17":15,"18":4,"19":4},"8":{"0":0,"1":0,"2":0,"3":0,"4":2,"5":1,"6":0,"7":4,"8":0,"9":2,"10":7,"11":2,"12":3,"13":5,"14":0,"15":2,"16":3,"17":4,"18":5,"19":5},"9":{"0":0,"1":0,"2":0,"3":0,"4":0,"5":1,"6":2,"7":5,"8":4,"9":0,"10":3,"11":3,"12":2,"13":2,"14":3,"15":5,"16":6,"17":3,"18":4,"19":4},"10":{"0":0,"1":0,"2":0,"3":0,"4":0,"5":0,"6":2,"7":1,"8":2,"9":1,"10":0,"11":5,"12":1,"13":1,"14":3,"15":8,"16":10,"17":4,"18":3,"19":2},"11":{"0":0,"1":0,"2":0,"3":0,"4":0,"5":0,"6":0,"7":3,"8":2,"9":3,"10":6,"11":0,"12":1,"13":3,"14":4,"15":2,"16":6,"17":6,"18":4,"19":6},"12":{"0":0,"1":0,"2":0,"3":0,"4":0,"5":0,"6":0,"7":0,"8":5,"9":2,"10":1,"11":2,"12":0,"13":4,"14":0,"15":2,"16":1,"17":4,"18":4,"19":9},"13":{"0":0,"1":0,"2":0,"3":0,"4":0,"5":0,"6":0,"7":0,"8":0,"9":2,"10":1,"11":2,"12":4,"13":0,"14":1,"15":1,"16":1,"17":2,"18":4,"19":8},"14":{"0":0,"1":0,"2":0,"3":0,"4":0,"5":0,"6":0,"7":0,"8":0,"9":0,"10":0,"11":1,"12":3,"13":3,"14":0,"15":4,"16":1,"17":2,"18":7,"19":9},"15":{"0":0,"1":0,"2":0,"3":0,"4":0,"5":0,"6":0,"7":0,"8":0,"9":0,"10":0,"11":0,"12":2,"13":6,"14":1,"15":0,"16":4,"17":3,"18":2,"19":3},"16":{"0":0,"1":0,"2":0,"3":0,"4":0,"5":0,"6":0,"7":0,"8":0,"9":0,"10":0,"11":0,"12":1,"13":2,"14":2,"15":5,"16":0,"17":3,"18":2,"19":3},"17":{"0":0,"1":0,"2":0,"3":0,"4":0,"5":0,"6":0,"7":0,"8":0,"9":0,"10":0,"11":0,"12":0,"13":4,"14":2,"15":3,"16":4,"17":0,"18":3,"19":0},"18":{"0":0,"1":0,"2":0,"3":0,"4":0,"5":0,"6":0,"7":0,"8":0,"9":0,"10":0,"11":0,"12":0,"13":0,"14":2,"15":1,"16":4,"17":4,"18":0,"19":9},"19":{"0":0,"1":0,"2":0,"3":0,"4":0,"5":0,"6":0,"7":0,"8":0,"9":0,"10":0,"11":0,"12":0,"13":0,"14":0,"15":2,"16":5,"17":2,"18":2,"19":0}},"method":"hillside","closest_pair":[[19,18,17,15,16,14,13,12,10,11,8,9,6,7,5,4,3,2,0,1],[19,18,17,15,16,13,14,12,10,11,8,9,6,7,5,4,3,2,0,1]],"farthest_pair":[[19,18,17,15,13,16,14,12,10,11,8,9,6,7,5,4,3,2,0,1],[18,19,17,15,16,14,13,12,10,11,8,9,6,7,5,3,4,2,0,1]],"tau_farthest_pair":0.9578947368,"tau_closest_pair":0.9894736842,"centroid_solution":[19,18,17,15,16,14,13,12,10,11,8,9,6,7,5,4,3,2,0,1]}