{"solutions":[[18,19,17,16,15,14,13,12,11,10,9,8,6,7,5,4,1,3,2,0],[18,19,17,16,15,14,13,12,11,9,10,8,6,7,4,5,1,3,2,0],[18,19,17,16,15,14,13,12,11,9,10,8,6,7,5,4,1,3,2,0],[18,19,17,16,15,14,13,12,11,10,9,8,6,7,4,5,1,3,2,0]],"obj":1180.0,"max_tau_solutions":null,"centroid_x":[[0.0,0.0,0.0,0.0,0.0,0.0,0.0,0.0,0.0,0.0,0.0,0.0,0.0,0.0,0.0,0.0,0.0,0.0,0.0,0.0],[1.0,0.0,1.0,1.0,0.0,0.0,0.0,0.0,0.0,0.0,0.0,0.0,0.0,0.0,0.0,0.0,0.0,0.0,0.0,0.0],[1.0,0.0,0.0,0.0,0.0,0.0,0.0,0.0,0.0,0.0,0.0,0.0,0.0,0.0,0.0,0.0,0.0,0.0,0.0,0.0],[1.0,0.0,1.0,0.0,0.0,0.0,0.0,0.0,0.0,0.0,0.0,0.0,0.0,0.0,0.0,0.0,0.0,0.0,0.0,0.0],[1.0,1.0,1.0,1.0,0.0,0.3394989254,0.0,0.0,0.0,0.0,0.0,0.0,0.0,0.0,0.0,0.0,0.0,0.0,0.0,0.0],[1.0,1.0,1.0,1.0,0.6605010746,0.0,0.0,0.0,0.0,0.0,0.0,0.0,0.0,0.0,0.0,0.0,0.0,0.0,0.0,0.0],[1.0,1.0,1.0,1.0,1.0,1.0,0.0,1.0,0.0,0.0,0.0,0.0,0.0,0.0,0.0,0.0,0.0,0.0,0.0,0.0],[1.0,1.0,1.0,1.0,1.0,1.0,0.0,0.0,0.0,0.0,0.0,0.0,0.0,0.0,0.0,0.0,0.0,0.0,0.0,0.0],[1.0,1.0,1.0,1.0,1.0,1.0,1.0,1.0,0.0,0.0,0.0,0.0,0.0,0.0,0.0,0.0,0.0,0.0,0.0,0.0],[1.0,1.0,1.0,1.0,1.0,1.0,1.0,1.0,1.0,0.0,0.3399082959,0.0,0.0,0.0,0.0,0.0,0.0,0.0,0.0,0.0],[1.0,1.0,1.0,1.0,1.0,1.0,1.0,1.0,1.0,0.6600917041,0.0,0.0,0.0,0.0,0.0,0.0,0.0,0.0,0.0,0.0],[1.0,1.0,1.0,1.0,1.0,1.0,1.0,1.0,1.0,1.0,1.0,0.0,0.0,0.0,0.0,0.0,0.0,0.0,0.0,0.0],[1.0,1.0,1.0,1.0,1.0,1.0,1.0,1.0,1.0,1.0,1.0,1.0,0.0,0.0,0.0,0.0,0.0,0.0,0.0,0.0],[1.0,1.0,1.0,1.0,1.0,1.0,1.0,1.0,1.0,1.0,1.0,1.0,1.0,0.0,0.0,0.0,0.0,0.0,0.0,0.0],[1.0,1.0,1.0,1.0,1.0,1.0,1.0,1.0,1.0,1.0,1.0,1.0,1.0,1.0,0.0,0.0,0.0,0.0,0.0,0.0],[1.0,1.0,1.0,1.0,1.0,1.0,1.0,1.0,1.0,1.0,1.0,1.0,1.0,1.0,1.0,0.0,0.0,0.0,0.0,0.0],[1.0,1.0,1.0,1.0,1.0,1.0,1.0,1.0,1.0,1.0,1.0,1.0,1.0,1.0,1.0,1.0,0.0,0.0,0.0,0.0],[1.0,1.0,1.0,1.0,1.0,1.0,1.0,1.0,1.0,1.0,1.0,1.0,1.0,1.0,1.0,1.0,1.0,0.0,0.0,0.0],[1.0,1.0,1.0,1.0,1.0,1.0,1.0,1.0,1.0,1.0,1.0,1.0,1.0,1.0,1.0,1.0,1.0,1.0,0.0,1.0],[1.0,1.0,1.0,1.0,1.0,1.0,1.0,1.0,1.0,1.0,1.0,1.0,1.0,1.0,1.0,1.0,1.0,1.0,0.0,0.0]],"outlier_solution":[18,19,17,16,15,14,13,12,11,9,10,8,6,7,4,5,1,3,2,0],"dataset_id":758,"source_dataset_id":805,"options":null,"D":{"0":{"0":0,"1":4,"2":3,"3":5,"4":1,"5":3,"6":5,"7":4,"8":3,"9":5,"10":5,"11":9,"12":2,"13":3,"14":8,"15":6,"16":9,"17":6,"18":8,"19":7},"1":{"0":2,"1":0,"2":1,"3":3,"4":3,"5":1,"6":4,"7":4,"8":2,"9":3,"10":6,"11":4,"12":7,"13":4,"14":6,"15":3,"16":7,"17":2,"18":6,"19":3},"2":{"0":5,"1":0,"2":0,"3":3,"4":1,"5":5,"6":1,"7":8,"8":6,"9":2,"10":5,"11":6,"12":4,"13":6,"14":9,"15":5,"16":10,"17":10,"18":5,"19":4},"3":{"0":3,"1":4,"2":6,"3":0,"4":1,"5":4,"6":0,"7":3,"8":3,"9":3,"10":3,"11":4,"12":6,"13":5,"14":7,"15":7,"16":7,"17":6,"18":4,"19":11},"4":{"0":6,"1":4,"2":3,"3":1,"4":0,"5":3,"6":1,"7":2,"8":3,"9":2,"10":4,"11":4,"12":3,"13":4,"14":6,"15":6,"16":4,"17":12,"18":8,"19":2},"5":{"0":0,"1":5,"2":2,"3":4,"4":4,"5":0,"6":1,"7":1,"8":3,"9":3,"10":2,"11":5,"12":5,"13":8,"14":7,"15":1,"16":6,"17":4,"18":5,"19":4},"6":{"0":0,"1":0,"2":2,"3":1,"4":2,"5":1,"6":0,"7":3,"8":2,"9":3,"10":2,"11":6,"12":2,"13":4,"14":5,"15":4,"16":3,"17":8,"18":2,"19":7},"7":{"0":0,"1":0,"2":0,"3":1,"4":5,"5":1,"6":6,"7":0,"8":8,"9":3,"10":2,"11":1,"12":5,"13":5,"14":7,"15":8,"16":6,"17":4,"18":5,"19":2},"8":{"0":0,"1":0,"2":0,"3":0,"4":2,"5":5,"6":6,"7":0,"8":0,"9":2,"10":4,"11":3,"12":6,"13":2,"14":9,"15":5,"16":2,"17":4,"18":8,"19":0},"9":{"0":0,"1":0,"2":0,"3":0,"4":0,"5":2,"6":3,"7":2,"8":0,"9":0,"10":2,"11":3,"12":4,"13":1,"14":3,"15":4,"16":1,"17":8,"18":4,"19":8},"10":{"0":0,"1":0,"2":0,"3":0,"4":0,"5":0,"6":3,"7":1,"8":4,"9":3,"10":0,"11":1,"12":6,"13":5,"14":2,"15":4,"16":5,"17":5,"18":5,"19":4},"11":{"0":0,"1":0,"2":0,"3":0,"4":0,"5":0,"6":0,"7":4,"8":6,"9":5,"10":2,"11":0,"12":3,"13":4,"14":2,"15":2,"16":2,"17":3,"18":7,"19":6},"12":{"0":0,"1":0,"2":0,"3":0,"4":0,"5":0,"6":0,"7":0,"8":1,"9":5,"10":2,"11":4,"12":0,"13":2,"14":1,"15":2,"16":3,"17":5,"18":3,"19":8},"13":{"0":0,"1":0,"2":0,"3":0,"4":0,"5":0,"6":0,"7":0,"8":0,"9":2,"10":1,"11":5,"12":0,"13":0,"14":1,"15":1,"16":4,"17":4,"18":9,"19":5},"14":{"0":0,"1":0,"2":0,"3":0,"4":0,"5":0,"6":0,"7":0,"8":0,"9":0,"10":1,"11":2,"12":2,"13":1,"14":0,"15":7,"16":5,"17":7,"18":2,"19":6},"15":{"0":0,"1":0,"2":0,"3":0,"4":0,"5":0,"6":0,"7":0,"8":0,"9":0,"10":0,"11":3,"12":2,"13":4,"14":2,"15":0,"16":1,"17":3,"18":2,"19":5},"16":{"0":0,"1":0,"2":0,"3":0,"4":0,"5":0,"6":0,"7":0,"8":0,"9":0,"10":0,"11":0,"12":4,"13":4,"14":3,"15":4,"16":0,"17":2,"18":1,"19":1},"17":{"0":0,"1":0,"2":0,"3":0,"4":0,"5":0,"6":0,"7":0,"8":0,"9":0,"10":0,"11":0,"12":0,"13":1,"14":4,"15":4,"16":5,"17":0,"18":1,"19":2},"18":{"0":0,"1":0,"2":0,"3":0,"4":0,"5":0,"6":0,"7":0,"8":0,"9":0,"10":0,"11":0,"12":0,"13":0,"14":4,"15":2,"16":3,"17":1,"18":0,"19":2},"19":{"0":0,"1":0,"2":0,"3":0,"4":0,"5":0,"6":0,"7":0,"8":0,"9":0,"10":0,"11":0,"12":0,"13":0,"14":0,"15":2,"16":4,"17":0,"18":3,"19":0}},"method":"hillside","closest_pair":[[18,19,17,16,15,14,13,12,11,10,9,8,6,7,4,5,1,3,2,0],[18,19,17,16,15,14,13,12,11,10,9,8,6,7,5,4,1,3,2,0]],"farthest_pair":[[18,19,17,16,15,14,13,12,11,10,9,8,6,7,5,4,1,3,2,0],[18,19,17,16,15,14,13,12,11,9,10,8,6,7,4,5,1,3,2,0]],"tau_farthest_pair":0.9789473684,"tau_closest_pair":0.9894736842,"centroid_solution":[18,19,17,16,15,14,13,12,11,10,9,8,6,7,5,4,1,3,2,0]}