{"solutions":[[19,17,16,15,18,14,13,12,10,11,8,9,6,7,5,2,4,3,1,0],[19,17,16,15,18,14,13,12,10,11,8,9,7,5,6,2,4,3,1,0],[19,17,16,15,18,14,12,13,10,11,8,9,7,5,6,2,4,3,1,0],[19,17,16,15,18,14,12,13,10,11,8,9,7,6,5,2,4,3,1,0],[19,17,16,15,18,14,12,13,10,11,8,9,6,7,5,2,4,3,1,0],[19,17,16,15,18,14,13,12,10,11,8,9,7,6,5,2,4,3,1,0]],"obj":1284.0,"max_tau_solutions":null,"centroid_x":[[0.0,0.0,0.0,0.0,0.0,0.0,0.0,0.0,0.0,0.0,0.0,0.0,0.0,0.0,0.0,0.0,0.0,0.0,0.0,0.0],[1.0,0.0,0.0,0.0,0.0,0.0,0.0,0.0,0.0,0.0,0.0,0.0,0.0,0.0,0.0,0.0,0.0,0.0,0.0,0.0],[1.0,1.0,0.0,1.0,1.0,0.0,0.0,0.0,0.0,0.0,0.0,0.0,0.0,0.0,0.0,0.0,0.0,0.0,0.0,0.0],[1.0,1.0,0.0,0.0,0.0,0.0,0.0,0.0,0.0,0.0,0.0,0.0,0.0,0.0,0.0,0.0,0.0,0.0,0.0,0.0],[1.0,1.0,0.0,1.0,0.0,0.0,0.0,0.0,0.0,0.0,0.0,0.0,0.0,0.0,0.0,0.0,0.0,0.0,0.0,0.0],[1.0,1.0,1.0,1.0,1.0,0.0,0.3186357545,0.0,0.0,0.0,0.0,0.0,0.0,0.0,0.0,0.0,0.0,0.0,0.0,0.0],[1.0,1.0,1.0,1.0,1.0,0.6813642455,0.0,0.3166726245,0.0,0.0,0.0,0.0,0.0,0.0,0.0,0.0,0.0,0.0,0.0,0.0],[1.0,1.0,1.0,1.0,1.0,1.0,0.6833273755,0.0,0.0,0.0,0.0,0.0,0.0,0.0,0.0,0.0,0.0,0.0,0.0,0.0],[1.0,1.0,1.0,1.0,1.0,1.0,1.0,1.0,0.0,1.0,0.0,0.0,0.0,0.0,0.0,0.0,0.0,0.0,0.0,0.0],[1.0,1.0,1.0,1.0,1.0,1.0,1.0,1.0,0.0,0.0,0.0,0.0,0.0,0.0,0.0,0.0,0.0,0.0,0.0,0.0],[1.0,1.0,1.0,1.0,1.0,1.0,1.0,1.0,1.0,1.0,0.0,1.0,0.0,0.0,0.0,0.0,0.0,0.0,0.0,0.0],[1.0,1.0,1.0,1.0,1.0,1.0,1.0,1.0,1.0,1.0,0.0,0.0,0.0,0.0,0.0,0.0,0.0,0.0,0.0,0.0],[1.0,1.0,1.0,1.0,1.0,1.0,1.0,1.0,1.0,1.0,1.0,1.0,0.0,0.3368067187,0.0,0.0,0.0,0.0,0.0,0.0],[1.0,1.0,1.0,1.0,1.0,1.0,1.0,1.0,1.0,1.0,1.0,1.0,0.6631932813,0.0,0.0,0.0,0.0,0.0,0.0,0.0],[1.0,1.0,1.0,1.0,1.0,1.0,1.0,1.0,1.0,1.0,1.0,1.0,1.0,1.0,0.0,0.0,0.0,0.0,0.0,0.0],[1.0,1.0,1.0,1.0,1.0,1.0,1.0,1.0,1.0,1.0,1.0,1.0,1.0,1.0,1.0,0.0,0.0,0.0,1.0,0.0],[1.0,1.0,1.0,1.0,1.0,1.0,1.0,1.0,1.0,1.0,1.0,1.0,1.0,1.0,1.0,1.0,0.0,0.0,1.0,0.0],[1.0,1.0,1.0,1.0,1.0,1.0,1.0,1.0,1.0,1.0,1.0,1.0,1.0,1.0,1.0,1.0,1.0,0.0,1.0,0.0],[1.0,1.0,1.0,1.0,1.0,1.0,1.0,1.0,1.0,1.0,1.0,1.0,1.0,1.0,1.0,0.0,0.0,0.0,0.0,0.0],[1.0,1.0,1.0,1.0,1.0,1.0,1.0,1.0,1.0,1.0,1.0,1.0,1.0,1.0,1.0,1.0,1.0,1.0,1.0,0.0]],"outlier_solution":[19,17,16,15,18,14,12,13,10,11,8,9,6,7,5,2,4,3,1,0],"dataset_id":762,"source_dataset_id":809,"options":null,"D":{"0":{"0":0,"1":1,"2":1,"3":2,"4":3,"5":0,"6":9,"7":6,"8":9,"9":5,"10":9,"11":5,"12":5,"13":6,"14":6,"15":7,"16":4,"17":10,"18":6,"19":7},"1":{"0":2,"1":0,"2":5,"3":4,"4":2,"5":2,"6":2,"7":4,"8":9,"9":4,"10":7,"11":3,"12":5,"13":6,"14":6,"15":4,"16":2,"17":7,"18":3,"19":6},"2":{"0":5,"1":3,"2":0,"3":6,"4":0,"5":2,"6":2,"7":1,"8":3,"9":3,"10":3,"11":8,"12":5,"13":3,"14":3,"15":5,"16":4,"17":5,"18":5,"19":3},"3":{"0":2,"1":5,"2":5,"3":0,"4":4,"5":0,"6":3,"7":1,"8":7,"9":4,"10":9,"11":7,"12":11,"13":6,"14":4,"15":3,"16":7,"17":6,"18":3,"19":8},"4":{"0":3,"1":2,"2":0,"3":2,"4":0,"5":2,"6":1,"7":4,"8":2,"9":0,"10":6,"11":8,"12":9,"13":10,"14":9,"15":6,"16":7,"17":8,"18":2,"19":6},"5":{"0":3,"1":1,"2":2,"3":2,"4":2,"5":0,"6":5,"7":1,"8":4,"9":2,"10":3,"11":3,"12":3,"13":2,"14":8,"15":3,"16":7,"17":8,"18":5,"19":3},"6":{"0":0,"1":3,"2":3,"3":3,"4":3,"5":5,"6":0,"7":1,"8":3,"9":4,"10":1,"11":3,"12":7,"13":5,"14":4,"15":8,"16":1,"17":5,"18":2,"19":2},"7":{"0":0,"1":0,"2":3,"3":2,"4":3,"5":5,"6":4,"7":0,"8":3,"9":1,"10":3,"11":4,"12":3,"13":5,"14":4,"15":5,"16":7,"17":5,"18":4,"19":5},"8":{"0":0,"1":0,"2":0,"3":3,"4":2,"5":2,"6":2,"7":4,"8":0,"9":3,"10":11,"11":8,"12":1,"13":2,"14":3,"15":2,"16":11,"17":6,"18":5,"19":6},"9":{"0":0,"1":0,"2":0,"3":0,"4":2,"5":5,"6":2,"7":2,"8":1,"9":0,"10":4,"11":1,"12":5,"13":1,"14":4,"15":6,"16":3,"17":5,"18":1,"19":10},"10":{"0":0,"1":0,"2":0,"3":0,"4":0,"5":4,"6":4,"7":2,"8":2,"9":2,"10":0,"11":0,"12":2,"13":3,"14":1,"15":1,"16":6,"17":3,"18":0,"19":6},"11":{"0":0,"1":0,"2":0,"3":0,"4":0,"5":0,"6":1,"7":3,"8":2,"9":3,"10":6,"11":0,"12":2,"13":1,"14":1,"15":5,"16":1,"17":4,"18":3,"19":6},"12":{"0":0,"1":0,"2":0,"3":0,"4":0,"5":0,"6":0,"7":1,"8":1,"9":4,"10":2,"11":1,"12":0,"13":2,"14":5,"15":2,"16":5,"17":1,"18":6,"19":8},"13":{"0":0,"1":0,"2":0,"3":0,"4":0,"5":0,"6":0,"7":0,"8":5,"9":1,"10":4,"11":4,"12":6,"13":0,"14":2,"15":0,"16":2,"17":2,"18":2,"19":5},"14":{"0":0,"1":0,"2":0,"3":0,"4":0,"5":0,"6":0,"7":0,"8":0,"9":0,"10":1,"11":2,"12":4,"13":2,"14":0,"15":3,"16":2,"17":3,"18":1,"19":3},"15":{"0":0,"1":0,"2":0,"3":0,"4":0,"5":0,"6":0,"7":0,"8":0,"9":0,"10":3,"11":1,"12":3,"13":1,"14":2,"15":0,"16":2,"17":3,"18":4,"19":0},"16":{"0":0,"1":0,"2":0,"3":0,"4":0,"5":0,"6":0,"7":0,"8":0,"9":0,"10":0,"11":2,"12":1,"13":0,"14":1,"15":3,"16":0,"17":3,"18":2,"19":4},"17":{"0":0,"1":0,"2":0,"3":0,"4":0,"5":0,"6":0,"7":0,"8":0,"9":0,"10":0,"11":0,"12":3,"13":2,"14":1,"15":2,"16":8,"17":0,"18":5,"19":2},"18":{"0":0,"1":0,"2":0,"3":0,"4":0,"5":0,"6":0,"7":0,"8":0,"9":0,"10":0,"11":0,"12":0,"13":3,"14":2,"15":3,"16":1,"17":5,"18":0,"19":1},"19":{"0":0,"1":0,"2":0,"3":0,"4":0,"5":0,"6":0,"7":0,"8":0,"9":0,"10":0,"11":0,"12":0,"13":0,"14":0,"15":0,"16":2,"17":1,"18":4,"19":0}},"method":"hillside","closest_pair":[[19,17,16,15,18,14,13,12,10,11,8,9,7,6,5,2,4,3,1,0],[19,17,16,15,18,14,13,12,10,11,8,9,7,5,6,2,4,3,1,0]],"farthest_pair":[[19,17,16,15,18,14,13,12,10,11,8,9,7,5,6,2,4,3,1,0],[19,17,16,15,18,14,12,13,10,11,8,9,6,7,5,2,4,3,1,0]],"tau_farthest_pair":0.9684210526,"tau_closest_pair":0.9894736842,"centroid_solution":[19,17,16,15,18,14,13,12,10,11,8,9,7,6,5,2,4,3,1,0]}