{"solutions":[[18,19,17,16,14,15,12,13,10,11,9,8,7,6,5,3,4,1,0,2],[18,19,16,17,14,15,12,13,10,11,9,8,7,6,5,3,4,1,0,2]],"obj":1250.0,"max_tau_solutions":null,"centroid_x":[[0.0,0.0,1.0,0.0,0.0,0.0,0.0,0.0,0.0,0.0,0.0,0.0,0.0,0.0,0.0,0.0,0.0,0.0,0.0,0.0],[1.0,0.0,1.0,0.0,0.0,0.0,0.0,0.0,0.0,0.0,0.0,0.0,0.0,0.0,0.0,0.0,0.0,0.0,0.0,0.0],[0.0,0.0,0.0,0.0,0.0,0.0,0.0,0.0,0.0,0.0,0.0,0.0,0.0,0.0,0.0,0.0,0.0,0.0,0.0,0.0],[1.0,1.0,1.0,0.0,1.0,0.0,0.0,0.0,0.0,0.0,0.0,0.0,0.0,0.0,0.0,0.0,0.0,0.0,0.0,0.0],[1.0,1.0,1.0,0.0,0.0,0.0,0.0,0.0,0.0,0.0,0.0,0.0,0.0,0.0,0.0,0.0,0.0,0.0,0.0,0.0],[1.0,1.0,1.0,1.0,1.0,0.0,0.0,0.0,0.0,0.0,0.0,0.0,0.0,0.0,0.0,0.0,0.0,0.0,0.0,0.0],[1.0,1.0,1.0,1.0,1.0,1.0,0.0,0.0,0.0,0.0,0.0,0.0,0.0,0.0,0.0,0.0,0.0,0.0,0.0,0.0],[1.0,1.0,1.0,1.0,1.0,1.0,1.0,0.0,0.0,0.0,0.0,0.0,0.0,0.0,0.0,0.0,0.0,0.0,0.0,0.0],[1.0,1.0,1.0,1.0,1.0,1.0,1.0,1.0,0.0,0.0,0.0,0.0,0.0,0.0,0.0,0.0,0.0,0.0,0.0,0.0],[1.0,1.0,1.0,1.0,1.0,1.0,1.0,1.0,1.0,0.0,0.0,0.0,0.0,0.0,0.0,0.0,0.0,0.0,0.0,0.0],[1.0,1.0,1.0,1.0,1.0,1.0,1.0,1.0,1.0,1.0,0.0,1.0,0.0,0.0,0.0,0.0,0.0,0.0,0.0,0.0],[1.0,1.0,1.0,1.0,1.0,1.0,1.0,1.0,1.0,1.0,0.0,0.0,0.0,0.0,0.0,0.0,0.0,0.0,0.0,0.0],[1.0,1.0,1.0,1.0,1.0,1.0,1.0,1.0,1.0,1.0,1.0,1.0,0.0,1.0,0.0,0.0,0.0,0.0,0.0,0.0],[1.0,1.0,1.0,1.0,1.0,1.0,1.0,1.0,1.0,1.0,1.0,1.0,0.0,0.0,0.0,0.0,0.0,0.0,0.0,0.0],[1.0,1.0,1.0,1.0,1.0,1.0,1.0,1.0,1.0,1.0,1.0,1.0,1.0,1.0,0.0,1.0,0.0,0.0,0.0,0.0],[1.0,1.0,1.0,1.0,1.0,1.0,1.0,1.0,1.0,1.0,1.0,1.0,1.0,1.0,0.0,0.0,0.0,0.0,0.0,0.0],[1.0,1.0,1.0,1.0,1.0,1.0,1.0,1.0,1.0,1.0,1.0,1.0,1.0,1.0,1.0,1.0,0.0,0.3344340799,0.0,0.0],[1.0,1.0,1.0,1.0,1.0,1.0,1.0,1.0,1.0,1.0,1.0,1.0,1.0,1.0,1.0,1.0,0.6655659201,0.0,0.0,0.0],[1.0,1.0,1.0,1.0,1.0,1.0,1.0,1.0,1.0,1.0,1.0,1.0,1.0,1.0,1.0,1.0,1.0,1.0,0.0,1.0],[1.0,1.0,1.0,1.0,1.0,1.0,1.0,1.0,1.0,1.0,1.0,1.0,1.0,1.0,1.0,1.0,1.0,1.0,0.0,0.0]],"outlier_solution":[18,19,16,17,14,15,12,13,10,11,9,8,7,6,5,3,4,1,0,2],"dataset_id":766,"source_dataset_id":813,"options":null,"D":{"0":{"0":0,"1":1,"2":6,"3":3,"4":1,"5":6,"6":1,"7":11,"8":1,"9":1,"10":9,"11":7,"12":7,"13":6,"14":7,"15":5,"16":6,"17":3,"18":6,"19":2},"1":{"0":1,"1":0,"2":2,"3":3,"4":2,"5":4,"6":3,"7":4,"8":6,"9":4,"10":9,"11":5,"12":4,"13":5,"14":1,"15":3,"16":3,"17":6,"18":2,"19":6},"2":{"0":4,"1":1,"2":0,"3":4,"4":9,"5":2,"6":2,"7":2,"8":4,"9":5,"10":11,"11":5,"12":8,"13":9,"14":3,"15":4,"16":7,"17":6,"18":8,"19":5},"3":{"0":1,"1":2,"2":4,"3":0,"4":1,"5":1,"6":2,"7":2,"8":3,"9":5,"10":11,"11":3,"12":4,"13":4,"14":8,"15":5,"16":6,"17":3,"18":7,"19":5},"4":{"0":7,"1":4,"2":4,"3":2,"4":0,"5":0,"6":1,"7":4,"8":4,"9":2,"10":9,"11":4,"12":6,"13":5,"14":2,"15":6,"16":10,"17":11,"18":6,"19":5},"5":{"0":3,"1":1,"2":2,"3":0,"4":3,"5":0,"6":1,"7":1,"8":0,"9":2,"10":4,"11":5,"12":6,"13":5,"14":2,"15":7,"16":2,"17":6,"18":6,"19":7},"6":{"0":0,"1":0,"2":0,"3":1,"4":2,"5":5,"6":0,"7":4,"8":1,"9":3,"10":1,"11":3,"12":3,"13":8,"14":7,"15":1,"16":8,"17":6,"18":3,"19":8},"7":{"0":0,"1":0,"2":2,"3":3,"4":5,"5":5,"6":3,"7":0,"8":3,"9":7,"10":1,"11":1,"12":3,"13":3,"14":7,"15":3,"16":4,"17":6,"18":4,"19":8},"8":{"0":0,"1":0,"2":0,"3":1,"4":1,"5":6,"6":7,"7":2,"8":0,"9":2,"10":4,"11":2,"12":2,"13":0,"14":7,"15":6,"16":9,"17":7,"18":3,"19":8},"9":{"0":0,"1":0,"2":0,"3":0,"4":1,"5":0,"6":1,"7":1,"8":1,"9":0,"10":4,"11":2,"12":6,"13":4,"14":1,"15":7,"16":6,"17":5,"18":3,"19":4},"10":{"0":0,"1":0,"2":0,"3":0,"4":0,"5":3,"6":1,"7":2,"8":4,"9":4,"10":0,"11":4,"12":1,"13":1,"14":2,"15":1,"16":2,"17":7,"18":4,"19":4},"11":{"0":0,"1":0,"2":0,"3":0,"4":0,"5":0,"6":1,"7":4,"8":2,"9":3,"10":4,"11":0,"12":3,"13":1,"14":4,"15":2,"16":4,"17":3,"18":6,"19":5},"12":{"0":0,"1":0,"2":0,"3":0,"4":0,"5":0,"6":0,"7":3,"8":3,"9":3,"10":3,"11":1,"12":0,"13":4,"14":2,"15":2,"16":2,"17":2,"18":5,"19":5},"13":{"0":0,"1":0,"2":0,"3":0,"4":0,"5":0,"6":0,"7":0,"8":4,"9":2,"10":5,"11":6,"12":1,"13":0,"14":3,"15":2,"16":0,"17":2,"18":4,"19":9},"14":{"0":0,"1":0,"2":0,"3":0,"4":0,"5":0,"6":0,"7":0,"8":0,"9":2,"10":0,"11":1,"12":3,"13":4,"14":0,"15":3,"16":2,"17":3,"18":1,"19":3},"15":{"0":0,"1":0,"2":0,"3":0,"4":0,"5":0,"6":0,"7":0,"8":0,"9":0,"10":1,"11":5,"12":2,"13":1,"14":1,"15":0,"16":5,"17":2,"18":5,"19":1},"16":{"0":0,"1":0,"2":0,"3":0,"4":0,"5":0,"6":0,"7":0,"8":0,"9":0,"10":0,"11":3,"12":5,"13":5,"14":2,"15":0,"16":0,"17":2,"18":3,"19":2},"17":{"0":0,"1":0,"2":0,"3":0,"4":0,"5":0,"6":0,"7":0,"8":0,"9":0,"10":0,"11":0,"12":0,"13":2,"14":5,"15":0,"16":1,"17":0,"18":3,"19":4},"18":{"0":0,"1":0,"2":0,"3":0,"4":0,"5":0,"6":0,"7":0,"8":0,"9":0,"10":0,"11":0,"12":0,"13":0,"14":1,"15":1,"16":2,"17":2,"18":0,"19":2},"19":{"0":0,"1":0,"2":0,"3":0,"4":0,"5":0,"6":0,"7":0,"8":0,"9":0,"10":0,"11":0,"12":0,"13":0,"14":1,"15":6,"16":4,"17":4,"18":2,"19":0}},"method":"hillside","closest_pair":[[18,19,16,17,14,15,12,13,10,11,9,8,7,6,5,3,4,1,0,2],[18,19,17,16,14,15,12,13,10,11,9,8,7,6,5,3,4,1,0,2]],"farthest_pair":[[18,19,17,16,14,15,12,13,10,11,9,8,7,6,5,3,4,1,0,2],[18,19,16,17,14,15,12,13,10,11,9,8,7,6,5,3,4,1,0,2]],"tau_farthest_pair":0.9894736842,"tau_closest_pair":0.9894736842,"centroid_solution":[18,19,17,16,14,15,12,13,10,11,9,8,7,6,5,3,4,1,0,2]}