{"solutions":[[18,19,17,15,14,16,12,13,9,10,11,8,6,7,5,1,3,4,2,0],[18,19,17,15,14,16,13,12,9,10,11,8,6,7,5,3,4,1,2,0],[18,19,15,14,16,17,12,13,9,10,11,8,6,7,5,3,4,1,2,0],[18,19,15,14,16,17,12,13,9,10,11,8,6,7,5,3,1,4,2,0],[18,19,15,14,16,17,13,12,9,10,11,8,6,7,5,3,4,1,2,0],[18,19,17,15,14,16,12,13,9,10,11,8,6,7,5,3,4,1,2,0],[18,19,15,14,16,17,13,12,9,10,11,8,6,7,5,3,1,4,2,0],[18,19,15,14,16,17,13,12,9,10,11,8,6,7,5,1,3,4,2,0],[18,19,15,14,16,17,12,13,9,10,11,8,6,7,5,1,3,4,2,0],[18,19,17,15,14,16,13,12,9,10,11,8,6,7,5,1,3,4,2,0],[18,19,17,15,14,16,13,12,9,10,11,8,6,7,5,3,1,4,2,0],[18,19,17,15,14,16,12,13,9,10,11,8,6,7,5,3,1,4,2,0]],"obj":1309.0,"max_tau_solutions":null,"centroid_x":[[0.0,0.0,0.0,0.0,0.0,0.0,0.0,0.0,0.0,0.0,0.0,0.0,0.0,0.0,0.0,0.0,0.0,0.0,0.0,0.0],[1.0,0.0,1.0,0.2865335019,0.4423096277,0.0,0.0,0.0,0.0,0.0,0.0,0.0,0.0,0.0,0.0,0.0,0.0,0.0,0.0,0.0],[1.0,0.0,0.0,0.0,0.0,0.0,0.0,0.0,0.0,0.0,0.0,0.0,0.0,0.0,0.0,0.0,0.0,0.0,0.0,0.0],[1.0,0.7134664981,1.0,0.0,1.0,0.0,0.0,0.0,0.0,0.0,0.0,0.0,0.0,0.0,0.0,0.0,0.0,0.0,0.0,0.0],[1.0,0.5576903723,1.0,0.0,0.0,0.0,0.0,0.0,0.0,0.0,0.0,0.0,0.0,0.0,0.0,0.0,0.0,0.0,0.0,0.0],[1.0,1.0,1.0,1.0,1.0,0.0,0.0,0.0,0.0,0.0,0.0,0.0,0.0,0.0,0.0,0.0,0.0,0.0,0.0,0.0],[1.0,1.0,1.0,1.0,1.0,1.0,0.0,1.0,0.0,0.0,0.0,0.0,0.0,0.0,0.0,0.0,0.0,0.0,0.0,0.0],[1.0,1.0,1.0,1.0,1.0,1.0,0.0,0.0,0.0,0.0,0.0,0.0,0.0,0.0,0.0,0.0,0.0,0.0,0.0,0.0],[1.0,1.0,1.0,1.0,1.0,1.0,1.0,1.0,0.0,0.0,0.0,0.0,0.0,0.0,0.0,0.0,0.0,0.0,0.0,0.0],[1.0,1.0,1.0,1.0,1.0,1.0,1.0,1.0,1.0,0.0,1.0,1.0,0.0,0.0,0.0,0.0,0.0,0.0,0.0,0.0],[1.0,1.0,1.0,1.0,1.0,1.0,1.0,1.0,1.0,0.0,0.0,1.0,0.0,0.0,0.0,0.0,0.0,0.0,0.0,0.0],[1.0,1.0,1.0,1.0,1.0,1.0,1.0,1.0,1.0,0.0,0.0,0.0,0.0,0.0,0.0,0.0,0.0,0.0,0.0,0.0],[1.0,1.0,1.0,1.0,1.0,1.0,1.0,1.0,1.0,1.0,1.0,1.0,0.0,0.3402095522,0.0,0.0,0.0,0.0,0.0,0.0],[1.0,1.0,1.0,1.0,1.0,1.0,1.0,1.0,1.0,1.0,1.0,1.0,0.6597904478,0.0,0.0,0.0,0.0,0.0,0.0,0.0],[1.0,1.0,1.0,1.0,1.0,1.0,1.0,1.0,1.0,1.0,1.0,1.0,1.0,1.0,0.0,0.0,1.0,0.3190814258,0.0,0.0],[1.0,1.0,1.0,1.0,1.0,1.0,1.0,1.0,1.0,1.0,1.0,1.0,1.0,1.0,1.0,0.0,1.0,0.3190814248,0.0,0.0],[1.0,1.0,1.0,1.0,1.0,1.0,1.0,1.0,1.0,1.0,1.0,1.0,1.0,1.0,0.0,0.0,0.0,0.3190814239,0.0,0.0],[1.0,1.0,1.0,1.0,1.0,1.0,1.0,1.0,1.0,1.0,1.0,1.0,1.0,1.0,0.6809185742,0.6809185752,0.6809185761,0.0,0.0,0.0],[1.0,1.0,1.0,1.0,1.0,1.0,1.0,1.0,1.0,1.0,1.0,1.0,1.0,1.0,1.0,1.0,1.0,1.0,0.0,1.0],[1.0,1.0,1.0,1.0,1.0,1.0,1.0,1.0,1.0,1.0,1.0,1.0,1.0,1.0,1.0,1.0,1.0,1.0,0.0,0.0]],"outlier_solution":[18,19,15,14,16,17,12,13,9,10,11,8,6,7,5,1,3,4,2,0],"dataset_id":768,"source_dataset_id":815,"options":null,"D":{"0":{"0":0,"1":5,"2":2,"3":2,"4":2,"5":5,"6":4,"7":5,"8":3,"9":3,"10":6,"11":6,"12":9,"13":8,"14":2,"15":6,"16":1,"17":4,"18":5,"19":2},"1":{"0":4,"1":0,"2":3,"3":5,"4":4,"5":1,"6":0,"7":6,"8":8,"9":6,"10":3,"11":5,"12":3,"13":5,"14":3,"15":2,"16":7,"17":4,"18":3,"19":7},"2":{"0":0,"1":0,"2":0,"3":3,"4":0,"5":3,"6":0,"7":6,"8":4,"9":7,"10":6,"11":8,"12":7,"13":7,"14":5,"15":5,"16":7,"17":11,"18":11,"19":4},"3":{"0":4,"1":3,"2":3,"3":0,"4":2,"5":2,"6":4,"7":0,"8":0,"9":4,"10":4,"11":7,"12":10,"13":8,"14":7,"15":4,"16":2,"17":6,"18":7,"19":6},"4":{"0":0,"1":1,"2":3,"3":2,"4":0,"5":1,"6":1,"7":1,"8":1,"9":3,"10":10,"11":8,"12":3,"13":4,"14":13,"15":3,"16":5,"17":5,"18":11,"19":9},"5":{"0":3,"1":4,"2":4,"3":4,"4":3,"5":0,"6":1,"7":4,"8":3,"9":3,"10":1,"11":7,"12":5,"13":4,"14":2,"15":8,"16":5,"17":5,"18":6,"19":5},"6":{"0":0,"1":1,"2":2,"3":3,"4":5,"5":1,"6":0,"7":1,"8":3,"9":2,"10":2,"11":2,"12":6,"13":4,"14":5,"15":4,"16":4,"17":5,"18":3,"19":6},"7":{"0":0,"1":0,"2":5,"3":3,"4":1,"5":2,"6":1,"7":0,"8":0,"9":5,"10":3,"11":2,"12":4,"13":4,"14":9,"15":5,"16":4,"17":6,"18":7,"19":11},"8":{"0":0,"1":0,"2":0,"3":3,"4":2,"5":3,"6":2,"7":0,"8":0,"9":5,"10":2,"11":0,"12":3,"13":5,"14":9,"15":9,"16":3,"17":5,"18":4,"19":6},"9":{"0":0,"1":0,"2":0,"3":0,"4":2,"5":4,"6":2,"7":1,"8":2,"9":0,"10":5,"11":4,"12":1,"13":1,"14":4,"15":6,"16":3,"17":2,"18":4,"19":3},"10":{"0":0,"1":0,"2":0,"3":0,"4":0,"5":5,"6":2,"7":0,"8":4,"9":1,"10":0,"11":4,"12":3,"13":2,"14":4,"15":0,"16":4,"17":4,"18":2,"19":3},"11":{"0":0,"1":0,"2":0,"3":0,"4":0,"5":0,"6":5,"7":2,"8":3,"9":3,"10":1,"11":0,"12":6,"13":3,"14":5,"15":3,"16":4,"17":4,"18":7,"19":3},"12":{"0":0,"1":0,"2":0,"3":0,"4":0,"5":0,"6":0,"7":1,"8":4,"9":4,"10":3,"11":3,"12":0,"13":1,"14":1,"15":4,"16":4,"17":1,"18":5,"19":5},"13":{"0":0,"1":0,"2":0,"3":0,"4":0,"5":0,"6":0,"7":0,"8":1,"9":1,"10":1,"11":1,"12":2,"13":0,"14":3,"15":4,"16":3,"17":1,"18":7,"19":7},"14":{"0":0,"1":0,"2":0,"3":0,"4":0,"5":0,"6":0,"7":0,"8":0,"9":4,"10":4,"11":1,"12":2,"13":3,"14":0,"15":5,"16":6,"17":0,"18":2,"19":2},"15":{"0":0,"1":0,"2":0,"3":0,"4":0,"5":0,"6":0,"7":0,"8":0,"9":0,"10":3,"11":1,"12":2,"13":2,"14":5,"15":0,"16":4,"17":1,"18":2,"19":1},"16":{"0":0,"1":0,"2":0,"3":0,"4":0,"5":0,"6":0,"7":0,"8":0,"9":0,"10":0,"11":3,"12":6,"13":3,"14":2,"15":3,"16":0,"17":2,"18":3,"19":1},"17":{"0":0,"1":0,"2":0,"3":0,"4":0,"5":0,"6":0,"7":0,"8":0,"9":0,"10":0,"11":0,"12":8,"13":3,"14":3,"15":1,"16":3,"17":0,"18":1,"19":1},"18":{"0":0,"1":0,"2":0,"3":0,"4":0,"5":0,"6":0,"7":0,"8":0,"9":0,"10":0,"11":0,"12":0,"13":2,"14":1,"15":4,"16":2,"17":1,"18":0,"19":3},"19":{"0":0,"1":0,"2":0,"3":0,"4":0,"5":0,"6":0,"7":0,"8":0,"9":0,"10":0,"11":0,"12":0,"13":0,"14":2,"15":1,"16":3,"17":1,"18":0,"19":0}},"method":"hillside","closest_pair":[[18,19,17,15,14,16,13,12,9,10,11,8,6,7,5,3,1,4,2,0],[18,19,17,15,14,16,13,12,9,10,11,8,6,7,5,1,3,4,2,0]],"farthest_pair":[[18,19,17,15,14,16,13,12,9,10,11,8,6,7,5,1,3,4,2,0],[18,19,15,14,16,17,12,13,9,10,11,8,6,7,5,3,4,1,2,0]],"tau_farthest_pair":0.9368421053,"tau_closest_pair":0.9894736842,"centroid_solution":[18,19,17,15,14,16,13,12,9,10,11,8,6,7,5,3,4,1,2,0]}