{"solutions":[[19,18,16,17,14,13,15,12,10,9,11,8,7,6,3,2,0,5,4,1],[19,18,16,17,14,13,15,12,10,9,11,8,7,2,6,3,0,5,4,1],[19,18,16,17,14,13,15,12,10,9,11,8,7,2,6,3,4,0,5,1],[19,18,16,17,13,14,15,12,10,9,11,8,7,2,6,3,0,5,4,1],[19,18,16,17,13,14,15,12,10,9,11,8,7,6,3,2,4,0,5,1],[19,18,16,17,13,14,15,12,10,9,11,8,7,2,6,3,4,0,5,1],[19,18,16,17,13,14,15,12,10,9,11,8,7,6,3,2,0,5,4,1],[19,18,16,17,14,13,15,12,10,9,11,8,7,6,3,2,4,0,5,1]],"obj":1360.0,"max_tau_solutions":null,"centroid_x":[[0.0,1.0,0.0,0.0,0.530496939,1.0,0.0,0.0,0.0,0.0,0.0,0.0,0.0,0.0,0.0,0.0,0.0,0.0,0.0,0.0],[0.0,0.0,0.0,0.0,0.0,0.0,0.0,0.0,0.0,0.0,0.0,0.0,0.0,0.0,0.0,0.0,0.0,0.0,0.0,0.0],[1.0,1.0,0.0,0.3871834941,1.0,1.0,0.3871834941,0.0,0.0,0.0,0.0,0.0,0.0,0.0,0.0,0.0,0.0,0.0,0.0,0.0],[1.0,1.0,0.6128165059,0.0,1.0,1.0,0.0,0.0,0.0,0.0,0.0,0.0,0.0,0.0,0.0,0.0,0.0,0.0,0.0,0.0],[0.469503061,1.0,0.0,0.0,0.0,0.469503061,0.0,0.0,0.0,0.0,0.0,0.0,0.0,0.0,0.0,0.0,0.0,0.0,0.0,0.0],[0.0,1.0,0.0,0.0,0.530496939,0.0,0.0,0.0,0.0,0.0,0.0,0.0,0.0,0.0,0.0,0.0,0.0,0.0,0.0,0.0],[1.0,1.0,0.6128165059,1.0,1.0,1.0,0.0,0.0,0.0,0.0,0.0,0.0,0.0,0.0,0.0,0.0,0.0,0.0,0.0,0.0],[1.0,1.0,1.0,1.0,1.0,1.0,1.0,0.0,0.0,0.0,0.0,0.0,0.0,0.0,0.0,0.0,0.0,0.0,0.0,0.0],[1.0,1.0,1.0,1.0,1.0,1.0,1.0,1.0,0.0,0.0,0.0,0.0,0.0,0.0,0.0,0.0,0.0,0.0,0.0,0.0],[1.0,1.0,1.0,1.0,1.0,1.0,1.0,1.0,1.0,0.0,0.0,1.0,0.0,0.0,0.0,0.0,0.0,0.0,0.0,0.0],[1.0,1.0,1.0,1.0,1.0,1.0,1.0,1.0,1.0,1.0,0.0,1.0,0.0,0.0,0.0,0.0,0.0,0.0,0.0,0.0],[1.0,1.0,1.0,1.0,1.0,1.0,1.0,1.0,1.0,0.0,0.0,0.0,0.0,0.0,0.0,0.0,0.0,0.0,0.0,0.0],[1.0,1.0,1.0,1.0,1.0,1.0,1.0,1.0,1.0,1.0,1.0,1.0,0.0,0.0,0.0,0.0,0.0,0.0,0.0,0.0],[1.0,1.0,1.0,1.0,1.0,1.0,1.0,1.0,1.0,1.0,1.0,1.0,1.0,0.0,0.3473950372,1.0,0.0,0.0,0.0,0.0],[1.0,1.0,1.0,1.0,1.0,1.0,1.0,1.0,1.0,1.0,1.0,1.0,1.0,0.6526049628,0.0,1.0,0.0,0.0,0.0,0.0],[1.0,1.0,1.0,1.0,1.0,1.0,1.0,1.0,1.0,1.0,1.0,1.0,1.0,0.0,0.0,0.0,0.0,0.0,0.0,0.0],[1.0,1.0,1.0,1.0,1.0,1.0,1.0,1.0,1.0,1.0,1.0,1.0,1.0,1.0,1.0,1.0,0.0,1.0,0.0,0.0],[1.0,1.0,1.0,1.0,1.0,1.0,1.0,1.0,1.0,1.0,1.0,1.0,1.0,1.0,1.0,1.0,0.0,0.0,0.0,0.0],[1.0,1.0,1.0,1.0,1.0,1.0,1.0,1.0,1.0,1.0,1.0,1.0,1.0,1.0,1.0,1.0,1.0,1.0,0.0,0.0],[1.0,1.0,1.0,1.0,1.0,1.0,1.0,1.0,1.0,1.0,1.0,1.0,1.0,1.0,1.0,1.0,1.0,1.0,1.0,0.0]],"outlier_solution":[19,18,16,17,13,14,15,12,10,9,11,8,7,2,6,3,4,0,5,1],"dataset_id":770,"source_dataset_id":817,"options":null,"D":{"0":{"0":0,"1":3,"2":2,"3":3,"4":3,"5":5,"6":2,"7":4,"8":5,"9":8,"10":8,"11":1,"12":8,"13":5,"14":3,"15":4,"16":4,"17":5,"18":3,"19":4},"1":{"0":4,"1":0,"2":3,"3":4,"4":2,"5":2,"6":5,"7":9,"8":7,"9":4,"10":7,"11":8,"12":4,"13":10,"14":7,"15":5,"16":5,"17":4,"18":9,"19":3},"2":{"0":3,"1":7,"2":0,"3":2,"4":0,"5":2,"6":0,"7":3,"8":7,"9":5,"10":2,"11":5,"12":3,"13":5,"14":1,"15":4,"16":8,"17":2,"18":5,"19":3},"3":{"0":2,"1":3,"2":2,"3":0,"4":3,"5":1,"6":2,"7":1,"8":2,"9":7,"10":8,"11":4,"12":5,"13":5,"14":5,"15":3,"16":5,"17":6,"18":6,"19":4},"4":{"0":3,"1":6,"2":4,"3":5,"4":0,"5":2,"6":2,"7":2,"8":2,"9":2,"10":3,"11":5,"12":5,"13":5,"14":5,"15":6,"16":7,"17":3,"18":5,"19":9},"5":{"0":2,"1":2,"2":4,"3":0,"4":2,"5":0,"6":4,"7":6,"8":3,"9":5,"10":2,"11":7,"12":8,"13":3,"14":5,"15":6,"16":7,"17":6,"18":6,"19":5},"6":{"0":0,"1":2,"2":2,"3":4,"4":1,"5":3,"6":0,"7":1,"8":1,"9":4,"10":4,"11":2,"12":9,"13":7,"14":8,"15":6,"16":4,"17":5,"18":6,"19":6},"7":{"0":0,"1":0,"2":1,"3":1,"4":4,"5":3,"6":0,"7":0,"8":2,"9":4,"10":4,"11":3,"12":2,"13":11,"14":5,"15":6,"16":7,"17":5,"18":4,"19":5},"8":{"0":0,"1":0,"2":0,"3":5,"4":2,"5":3,"6":5,"7":2,"8":0,"9":2,"10":1,"11":4,"12":4,"13":3,"14":5,"15":5,"16":2,"17":2,"18":6,"19":7},"9":{"0":0,"1":0,"2":0,"3":0,"4":4,"5":4,"6":4,"7":2,"8":3,"9":0,"10":2,"11":0,"12":4,"13":2,"14":2,"15":2,"16":3,"17":3,"18":6,"19":1},"10":{"0":0,"1":0,"2":0,"3":0,"4":0,"5":4,"6":2,"7":3,"8":2,"9":2,"10":0,"11":2,"12":5,"13":5,"14":1,"15":1,"16":6,"17":3,"18":3,"19":4},"11":{"0":0,"1":0,"2":0,"3":0,"4":0,"5":0,"6":1,"7":2,"8":2,"9":4,"10":3,"11":0,"12":5,"13":1,"14":4,"15":2,"16":3,"17":4,"18":9,"19":8},"12":{"0":0,"1":0,"2":0,"3":0,"4":0,"5":0,"6":0,"7":2,"8":5,"9":1,"10":2,"11":1,"12":0,"13":2,"14":8,"15":7,"16":4,"17":1,"18":2,"19":2},"13":{"0":0,"1":0,"2":0,"3":0,"4":0,"5":0,"6":0,"7":0,"8":4,"9":1,"10":1,"11":2,"12":3,"13":0,"14":1,"15":4,"16":2,"17":0,"18":1,"19":7},"14":{"0":0,"1":0,"2":0,"3":0,"4":0,"5":0,"6":0,"7":0,"8":0,"9":3,"10":5,"11":1,"12":4,"13":2,"14":0,"15":2,"16":2,"17":2,"18":1,"19":1},"15":{"0":0,"1":0,"2":0,"3":0,"4":0,"5":0,"6":0,"7":0,"8":0,"9":0,"10":3,"11":2,"12":5,"13":4,"14":4,"15":0,"16":2,"17":5,"18":2,"19":3},"16":{"0":0,"1":0,"2":0,"3":0,"4":0,"5":0,"6":0,"7":0,"8":0,"9":0,"10":0,"11":5,"12":0,"13":5,"14":3,"15":7,"16":0,"17":2,"18":1,"19":2},"17":{"0":0,"1":0,"2":0,"3":0,"4":0,"5":0,"6":0,"7":0,"8":0,"9":0,"10":0,"11":0,"12":2,"13":1,"14":3,"15":2,"16":4,"17":0,"18":1,"19":3},"18":{"0":0,"1":0,"2":0,"3":0,"4":0,"5":0,"6":0,"7":0,"8":0,"9":0,"10":0,"11":0,"12":0,"13":2,"14":1,"15":2,"16":0,"17":5,"18":0,"19":4},"19":{"0":0,"1":0,"2":0,"3":0,"4":0,"5":0,"6":0,"7":0,"8":0,"9":0,"10":0,"11":0,"12":0,"13":0,"14":3,"15":2,"16":1,"17":1,"18":2,"19":0}},"method":"hillside","closest_pair":[[19,18,16,17,13,14,15,12,10,9,11,8,7,6,3,2,4,0,5,1],[19,18,16,17,14,13,15,12,10,9,11,8,7,6,3,2,4,0,5,1]],"farthest_pair":[[19,18,16,17,14,13,15,12,10,9,11,8,7,6,3,2,0,5,4,1],[19,18,16,17,13,14,15,12,10,9,11,8,7,2,6,3,4,0,5,1]],"tau_farthest_pair":0.9473684211,"tau_closest_pair":0.9894736842,"centroid_solution":[19,18,16,17,14,13,15,12,10,9,11,8,7,6,3,2,0,5,4,1]}