{"solutions":[[19,15,18,17,16,14,12,13,11,10,9,8,7,6,5,0,3,4,1,2],[19,15,18,17,16,14,12,13,11,9,10,8,7,6,5,0,3,4,1,2]],"obj":1286.0,"max_tau_solutions":null,"centroid_x":[[0.0,1.0,1.0,1.0,1.0,0.0,0.0,0.0,0.0,0.0,0.0,0.0,0.0,0.0,0.0,0.0,0.0,0.0,0.0,0.0],[0.0,0.0,1.0,0.0,0.0,0.0,0.0,0.0,0.0,0.0,0.0,0.0,0.0,0.0,0.0,0.0,0.0,0.0,0.0,0.0],[0.0,0.0,0.0,0.0,0.0,0.0,0.0,0.0,0.0,0.0,0.0,0.0,0.0,0.0,0.0,0.0,0.0,0.0,0.0,0.0],[0.0,1.0,1.0,0.0,1.0,0.0,0.0,0.0,0.0,0.0,0.0,0.0,0.0,0.0,0.0,0.0,0.0,0.0,0.0,0.0],[0.0,1.0,1.0,0.0,0.0,0.0,0.0,0.0,0.0,0.0,0.0,0.0,0.0,0.0,0.0,0.0,0.0,0.0,0.0,0.0],[1.0,1.0,1.0,1.0,1.0,0.0,0.0,0.0,0.0,0.0,0.0,0.0,0.0,0.0,0.0,0.0,0.0,0.0,0.0,0.0],[1.0,1.0,1.0,1.0,1.0,1.0,0.0,0.0,0.0,0.0,0.0,0.0,0.0,0.0,0.0,0.0,0.0,0.0,0.0,0.0],[1.0,1.0,1.0,1.0,1.0,1.0,1.0,0.0,0.0,0.0,0.0,0.0,0.0,0.0,0.0,0.0,0.0,0.0,0.0,0.0],[1.0,1.0,1.0,1.0,1.0,1.0,1.0,1.0,0.0,0.0,0.0,0.0,0.0,0.0,0.0,0.0,0.0,0.0,0.0,0.0],[1.0,1.0,1.0,1.0,1.0,1.0,1.0,1.0,1.0,0.0,0.3342270783,0.0,0.0,0.0,0.0,0.0,0.0,0.0,0.0,0.0],[1.0,1.0,1.0,1.0,1.0,1.0,1.0,1.0,1.0,0.6657729217,0.0,0.0,0.0,0.0,0.0,0.0,0.0,0.0,0.0,0.0],[1.0,1.0,1.0,1.0,1.0,1.0,1.0,1.0,1.0,1.0,1.0,0.0,0.0,0.0,0.0,0.0,0.0,0.0,0.0,0.0],[1.0,1.0,1.0,1.0,1.0,1.0,1.0,1.0,1.0,1.0,1.0,1.0,0.0,1.0,0.0,0.0,0.0,0.0,0.0,0.0],[1.0,1.0,1.0,1.0,1.0,1.0,1.0,1.0,1.0,1.0,1.0,1.0,0.0,0.0,0.0,0.0,0.0,0.0,0.0,0.0],[1.0,1.0,1.0,1.0,1.0,1.0,1.0,1.0,1.0,1.0,1.0,1.0,1.0,1.0,0.0,0.0,0.0,0.0,0.0,0.0],[1.0,1.0,1.0,1.0,1.0,1.0,1.0,1.0,1.0,1.0,1.0,1.0,1.0,1.0,1.0,0.0,1.0,1.0,1.0,0.0],[1.0,1.0,1.0,1.0,1.0,1.0,1.0,1.0,1.0,1.0,1.0,1.0,1.0,1.0,1.0,0.0,0.0,0.0,0.0,0.0],[1.0,1.0,1.0,1.0,1.0,1.0,1.0,1.0,1.0,1.0,1.0,1.0,1.0,1.0,1.0,0.0,1.0,0.0,0.0,0.0],[1.0,1.0,1.0,1.0,1.0,1.0,1.0,1.0,1.0,1.0,1.0,1.0,1.0,1.0,1.0,0.0,1.0,1.0,0.0,0.0],[1.0,1.0,1.0,1.0,1.0,1.0,1.0,1.0,1.0,1.0,1.0,1.0,1.0,1.0,1.0,1.0,1.0,1.0,1.0,0.0]],"outlier_solution":[19,15,18,17,16,14,12,13,11,9,10,8,7,6,5,0,3,4,1,2],"dataset_id":771,"source_dataset_id":818,"options":null,"D":{"0":{"0":0,"1":1,"2":1,"3":3,"4":2,"5":1,"6":5,"7":5,"8":1,"9":7,"10":6,"11":2,"12":7,"13":4,"14":5,"15":8,"16":2,"17":2,"18":3,"19":5},"1":{"0":3,"1":0,"2":2,"3":2,"4":1,"5":4,"6":2,"7":6,"8":2,"9":5,"10":5,"11":7,"12":3,"13":8,"14":5,"15":6,"16":2,"17":8,"18":5,"19":6},"2":{"0":3,"1":6,"2":0,"3":1,"4":1,"5":0,"6":1,"7":2,"8":5,"9":3,"10":7,"11":6,"12":6,"13":5,"14":5,"15":11,"16":4,"17":10,"18":10,"19":10},"3":{"0":1,"1":4,"2":3,"3":0,"4":3,"5":5,"6":5,"7":2,"8":4,"9":7,"10":4,"11":5,"12":8,"13":6,"14":5,"15":7,"16":5,"17":3,"18":3,"19":3},"4":{"0":8,"1":2,"2":5,"3":2,"4":0,"5":2,"6":4,"7":2,"8":2,"9":7,"10":6,"11":4,"12":9,"13":7,"14":5,"15":7,"16":11,"17":6,"18":7,"19":2},"5":{"0":5,"1":2,"2":1,"3":7,"4":5,"5":0,"6":3,"7":2,"8":3,"9":3,"10":1,"11":5,"12":4,"13":2,"14":2,"15":4,"16":5,"17":5,"18":3,"19":10},"6":{"0":0,"1":2,"2":2,"3":2,"4":3,"5":4,"6":0,"7":2,"8":1,"9":2,"10":2,"11":2,"12":6,"13":6,"14":5,"15":2,"16":4,"17":6,"18":4,"19":4},"7":{"0":0,"1":0,"2":1,"3":0,"4":1,"5":3,"6":2,"7":0,"8":5,"9":2,"10":4,"11":2,"12":3,"13":8,"14":3,"15":8,"16":6,"17":8,"18":7,"19":3},"8":{"0":0,"1":0,"2":0,"3":2,"4":3,"5":1,"6":1,"7":4,"8":0,"9":4,"10":3,"11":3,"12":3,"13":1,"14":3,"15":4,"16":4,"17":6,"18":6,"19":3},"9":{"0":0,"1":0,"2":0,"3":0,"4":1,"5":3,"6":4,"7":2,"8":3,"9":0,"10":1,"11":3,"12":1,"13":3,"14":3,"15":3,"16":7,"17":1,"18":3,"19":7},"10":{"0":0,"1":0,"2":0,"3":0,"4":0,"5":3,"6":4,"7":3,"8":1,"9":5,"10":0,"11":3,"12":1,"13":1,"14":2,"15":1,"16":4,"17":5,"18":5,"19":6},"11":{"0":0,"1":0,"2":0,"3":0,"4":0,"5":0,"6":0,"7":1,"8":4,"9":4,"10":1,"11":0,"12":1,"13":3,"14":4,"15":1,"16":3,"17":3,"18":6,"19":6},"12":{"0":0,"1":0,"2":0,"3":0,"4":0,"5":0,"6":0,"7":3,"8":2,"9":0,"10":5,"11":5,"12":0,"13":1,"14":2,"15":2,"16":3,"17":2,"18":5,"19":6},"13":{"0":0,"1":0,"2":0,"3":0,"4":0,"5":0,"6":0,"7":0,"8":4,"9":7,"10":1,"11":4,"12":1,"13":0,"14":4,"15":3,"16":3,"17":3,"18":4,"19":6},"14":{"0":0,"1":0,"2":0,"3":0,"4":0,"5":0,"6":0,"7":0,"8":0,"9":7,"10":4,"11":1,"12":1,"13":5,"14":0,"15":4,"16":3,"17":1,"18":3,"19":3},"15":{"0":0,"1":0,"2":0,"3":0,"4":0,"5":0,"6":0,"7":0,"8":0,"9":0,"10":5,"11":2,"12":1,"13":2,"14":0,"15":0,"16":0,"17":0,"18":2,"19":3},"16":{"0":0,"1":0,"2":0,"3":0,"4":0,"5":0,"6":0,"7":0,"8":0,"9":0,"10":0,"11":1,"12":5,"13":3,"14":3,"15":2,"16":0,"17":4,"18":2,"19":2},"17":{"0":0,"1":0,"2":0,"3":0,"4":0,"5":0,"6":0,"7":0,"8":0,"9":0,"10":0,"11":0,"12":2,"13":2,"14":6,"15":1,"16":1,"17":0,"18":2,"19":3},"18":{"0":0,"1":0,"2":0,"3":0,"4":0,"5":0,"6":0,"7":0,"8":0,"9":0,"10":0,"11":0,"12":0,"13":3,"14":4,"15":1,"16":3,"17":3,"18":0,"19":4},"19":{"0":0,"1":0,"2":0,"3":0,"4":0,"5":0,"6":0,"7":0,"8":0,"9":0,"10":0,"11":0,"12":0,"13":0,"14":4,"15":5,"16":2,"17":3,"18":3,"19":0}},"method":"hillside","closest_pair":[[19,15,18,17,16,14,12,13,11,9,10,8,7,6,5,0,3,4,1,2],[19,15,18,17,16,14,12,13,11,10,9,8,7,6,5,0,3,4,1,2]],"farthest_pair":[[19,15,18,17,16,14,12,13,11,10,9,8,7,6,5,0,3,4,1,2],[19,15,18,17,16,14,12,13,11,9,10,8,7,6,5,0,3,4,1,2]],"tau_farthest_pair":0.9894736842,"tau_closest_pair":0.9894736842,"centroid_solution":[19,15,18,17,16,14,12,13,11,10,9,8,7,6,5,0,3,4,1,2]}