{"solutions":[[19,17,18,16,14,15,12,13,10,11,9,8,7,6,5,3,4,0,2,1],[19,17,18,14,16,15,12,13,10,11,9,8,7,6,5,3,4,0,2,1],[19,17,18,14,16,15,12,13,10,11,9,8,6,7,5,3,4,0,2,1],[19,17,18,16,14,15,12,13,10,11,9,8,6,7,5,3,4,0,2,1]],"obj":1306.0,"max_tau_solutions":null,"centroid_x":[[0.0,1.0,1.0,0.0,0.0,0.0,0.0,0.0,0.0,0.0,0.0,0.0,0.0,0.0,0.0,0.0,0.0,0.0,0.0,0.0],[0.0,0.0,0.0,0.0,0.0,0.0,0.0,0.0,0.0,0.0,0.0,0.0,0.0,0.0,0.0,0.0,0.0,0.0,0.0,0.0],[0.0,1.0,0.0,0.0,0.0,0.0,0.0,0.0,0.0,0.0,0.0,0.0,0.0,0.0,0.0,0.0,0.0,0.0,0.0,0.0],[1.0,1.0,1.0,0.0,1.0,0.0,0.0,0.0,0.0,0.0,0.0,0.0,0.0,0.0,0.0,0.0,0.0,0.0,0.0,0.0],[1.0,1.0,1.0,0.0,0.0,0.0,0.0,0.0,0.0,0.0,0.0,0.0,0.0,0.0,0.0,0.0,0.0,0.0,0.0,0.0],[1.0,1.0,1.0,1.0,1.0,0.0,0.0,0.0,0.0,0.0,0.0,0.0,0.0,0.0,0.0,0.0,0.0,0.0,0.0,0.0],[1.0,1.0,1.0,1.0,1.0,1.0,0.0,0.347316528,0.0,0.0,0.0,0.0,0.0,0.0,0.0,0.0,0.0,0.0,0.0,0.0],[1.0,1.0,1.0,1.0,1.0,1.0,0.652683472,0.0,0.0,0.0,0.0,0.0,0.0,0.0,0.0,0.0,0.0,0.0,0.0,0.0],[1.0,1.0,1.0,1.0,1.0,1.0,1.0,1.0,0.0,0.0,0.0,0.0,0.0,0.0,0.0,0.0,0.0,0.0,0.0,0.0],[1.0,1.0,1.0,1.0,1.0,1.0,1.0,1.0,1.0,0.0,0.0,0.0,0.0,0.0,0.0,0.0,0.0,0.0,0.0,0.0],[1.0,1.0,1.0,1.0,1.0,1.0,1.0,1.0,1.0,1.0,0.0,1.0,0.0,0.0,0.0,0.0,0.0,0.0,0.0,0.0],[1.0,1.0,1.0,1.0,1.0,1.0,1.0,1.0,1.0,1.0,0.0,0.0,0.0,0.0,0.0,0.0,0.0,0.0,0.0,0.0],[1.0,1.0,1.0,1.0,1.0,1.0,1.0,1.0,1.0,1.0,1.0,1.0,0.0,1.0,0.0,0.0,0.0,0.0,0.0,0.0],[1.0,1.0,1.0,1.0,1.0,1.0,1.0,1.0,1.0,1.0,1.0,1.0,0.0,0.0,0.0,0.0,0.0,0.0,0.0,0.0],[1.0,1.0,1.0,1.0,1.0,1.0,1.0,1.0,1.0,1.0,1.0,1.0,1.0,1.0,0.0,1.0,0.3589904084,0.0,0.0,0.0],[1.0,1.0,1.0,1.0,1.0,1.0,1.0,1.0,1.0,1.0,1.0,1.0,1.0,1.0,0.0,0.0,0.0,0.0,0.0,0.0],[1.0,1.0,1.0,1.0,1.0,1.0,1.0,1.0,1.0,1.0,1.0,1.0,1.0,1.0,0.6410095916,1.0,0.0,0.0,0.0,0.0],[1.0,1.0,1.0,1.0,1.0,1.0,1.0,1.0,1.0,1.0,1.0,1.0,1.0,1.0,1.0,1.0,1.0,0.0,1.0,0.0],[1.0,1.0,1.0,1.0,1.0,1.0,1.0,1.0,1.0,1.0,1.0,1.0,1.0,1.0,1.0,1.0,1.0,0.0,0.0,0.0],[1.0,1.0,1.0,1.0,1.0,1.0,1.0,1.0,1.0,1.0,1.0,1.0,1.0,1.0,1.0,1.0,1.0,1.0,1.0,0.0]],"outlier_solution":[19,17,18,14,16,15,12,13,10,11,9,8,6,7,5,3,4,0,2,1],"dataset_id":772,"source_dataset_id":819,"options":null,"D":{"0":{"0":0,"1":1,"2":2,"3":5,"4":3,"5":4,"6":2,"7":11,"8":3,"9":5,"10":2,"11":3,"12":13,"13":5,"14":3,"15":10,"16":7,"17":6,"18":4,"19":3},"1":{"0":2,"1":0,"2":0,"3":1,"4":1,"5":4,"6":4,"7":4,"8":5,"9":3,"10":5,"11":7,"12":8,"13":7,"14":4,"15":5,"16":10,"17":4,"18":10,"19":3},"2":{"0":2,"1":4,"2":0,"3":4,"4":4,"5":1,"6":3,"7":2,"8":4,"9":6,"10":8,"11":4,"12":5,"13":7,"14":4,"15":2,"16":2,"17":7,"18":5,"19":4},"3":{"0":3,"1":2,"2":2,"3":0,"4":1,"5":5,"6":2,"7":2,"8":4,"9":7,"10":3,"11":7,"12":4,"13":7,"14":4,"15":5,"16":2,"17":6,"18":3,"19":7},"4":{"0":0,"1":4,"2":5,"3":2,"4":0,"5":3,"6":0,"7":2,"8":2,"9":2,"10":7,"11":5,"12":3,"13":9,"14":8,"15":5,"16":4,"17":8,"18":6,"19":9},"5":{"0":1,"1":3,"2":1,"3":6,"4":3,"5":0,"6":1,"7":3,"8":4,"9":3,"10":2,"11":5,"12":8,"13":5,"14":8,"15":5,"16":1,"17":11,"18":4,"19":6},"6":{"0":0,"1":3,"2":5,"3":0,"4":4,"5":2,"6":0,"7":2,"8":2,"9":2,"10":3,"11":0,"12":7,"13":4,"14":6,"15":4,"16":7,"17":5,"18":3,"19":3},"7":{"0":0,"1":0,"2":2,"3":4,"4":2,"5":3,"6":3,"7":0,"8":3,"9":5,"10":2,"11":1,"12":4,"13":5,"14":10,"15":5,"16":10,"17":4,"18":3,"19":5},"8":{"0":0,"1":0,"2":0,"3":3,"4":8,"5":3,"6":1,"7":2,"8":0,"9":2,"10":1,"11":3,"12":2,"13":1,"14":2,"15":6,"16":4,"17":7,"18":3,"19":5},"9":{"0":0,"1":0,"2":0,"3":0,"4":3,"5":1,"6":4,"7":3,"8":2,"9":0,"10":1,"11":1,"12":3,"13":0,"14":6,"15":6,"16":9,"17":7,"18":9,"19":5},"10":{"0":0,"1":0,"2":0,"3":0,"4":0,"5":5,"6":1,"7":3,"8":3,"9":4,"10":0,"11":5,"12":1,"13":2,"14":2,"15":1,"16":2,"17":5,"18":2,"19":6},"11":{"0":0,"1":0,"2":0,"3":0,"4":0,"5":0,"6":4,"7":4,"8":2,"9":4,"10":2,"11":0,"12":4,"13":1,"14":3,"15":3,"16":1,"17":5,"18":4,"19":5},"12":{"0":0,"1":0,"2":0,"3":0,"4":0,"5":0,"6":0,"7":3,"8":2,"9":0,"10":3,"11":2,"12":0,"13":4,"14":4,"15":2,"16":5,"17":1,"18":3,"19":7},"13":{"0":0,"1":0,"2":0,"3":0,"4":0,"5":0,"6":0,"7":0,"8":3,"9":5,"10":3,"11":3,"12":1,"13":0,"14":3,"15":2,"16":2,"17":1,"18":4,"19":4},"14":{"0":0,"1":0,"2":0,"3":0,"4":0,"5":0,"6":0,"7":0,"8":0,"9":0,"10":3,"11":1,"12":2,"13":2,"14":0,"15":3,"16":5,"17":2,"18":2,"19":5},"15":{"0":0,"1":0,"2":0,"3":0,"4":0,"5":0,"6":0,"7":0,"8":0,"9":0,"10":4,"11":3,"12":1,"13":1,"14":3,"15":0,"16":1,"17":1,"18":5,"19":1},"16":{"0":0,"1":0,"2":0,"3":0,"4":0,"5":0,"6":0,"7":0,"8":0,"9":0,"10":0,"11":3,"12":3,"13":1,"14":0,"15":4,"16":0,"17":1,"18":3,"19":4},"17":{"0":0,"1":0,"2":0,"3":0,"4":0,"5":0,"6":0,"7":0,"8":0,"9":0,"10":0,"11":0,"12":4,"13":2,"14":4,"15":1,"16":1,"17":0,"18":2,"19":3},"18":{"0":0,"1":0,"2":0,"3":0,"4":0,"5":0,"6":0,"7":0,"8":0,"9":0,"10":0,"11":0,"12":0,"13":3,"14":4,"15":1,"16":2,"17":3,"18":0,"19":4},"19":{"0":0,"1":0,"2":0,"3":0,"4":0,"5":0,"6":0,"7":0,"8":0,"9":0,"10":0,"11":0,"12":0,"13":0,"14":1,"15":2,"16":2,"17":2,"18":1,"19":0}},"method":"hillside","closest_pair":[[19,17,18,16,14,15,12,13,10,11,9,8,6,7,5,3,4,0,2,1],[19,17,18,16,14,15,12,13,10,11,9,8,7,6,5,3,4,0,2,1]],"farthest_pair":[[19,17,18,16,14,15,12,13,10,11,9,8,7,6,5,3,4,0,2,1],[19,17,18,14,16,15,12,13,10,11,9,8,6,7,5,3,4,0,2,1]],"tau_farthest_pair":0.9789473684,"tau_closest_pair":0.9894736842,"centroid_solution":[19,17,18,16,14,15,12,13,10,11,9,8,7,6,5,3,4,0,2,1]}