{"solutions":[[0,2,1,4,5,6,3,7,8,9,10,12,11,13,15,14,16,19,17,18],[0,2,1,4,5,6,3,7,8,9,10,12,11,13,14,15,16,19,17,18],[0,2,1,4,6,3,7,5,8,9,10,12,11,13,14,15,16,17,19,18],[0,2,1,4,6,3,7,5,8,9,10,12,11,13,14,15,16,17,18,19],[0,2,1,4,6,3,7,5,8,9,10,12,11,13,15,14,16,17,19,18],[0,2,1,4,6,3,7,5,8,9,10,12,11,13,15,14,16,19,17,18],[0,2,1,4,5,6,3,7,8,9,10,12,11,13,15,14,16,17,18,19],[0,2,1,4,5,6,3,7,8,9,10,12,11,13,14,15,16,17,18,19],[0,2,1,4,6,3,7,5,8,9,10,12,11,13,14,15,16,19,17,18],[0,2,1,4,6,3,7,5,8,9,10,12,11,13,15,14,16,17,18,19],[0,2,1,4,5,6,3,7,8,9,10,12,11,13,15,14,16,17,19,18],[0,2,1,4,5,6,3,7,8,9,10,12,11,13,14,15,16,17,19,18]],"obj":1405.0,"max_tau_solutions":null,"centroid_x":[[0.0,1.0,1.0,1.0,1.0,1.0,1.0,1.0,1.0,1.0,1.0,1.0,1.0,1.0,1.0,1.0,1.0,1.0,1.0,1.0],[0.0,0.0,0.0,1.0,1.0,1.0,1.0,1.0,1.0,1.0,1.0,1.0,1.0,1.0,1.0,1.0,1.0,1.0,1.0,1.0],[0.0,1.0,0.0,1.0,1.0,1.0,1.0,1.0,1.0,1.0,1.0,1.0,1.0,1.0,1.0,1.0,1.0,1.0,1.0,1.0],[0.0,0.0,0.0,0.0,0.0,0.4883748745,0.0,1.0,1.0,1.0,1.0,1.0,1.0,1.0,1.0,1.0,1.0,1.0,1.0,1.0],[0.0,0.0,0.0,1.0,0.0,1.0,1.0,1.0,1.0,1.0,1.0,1.0,1.0,1.0,1.0,1.0,1.0,1.0,1.0,1.0],[0.0,0.0,0.0,0.5116251255,0.0,0.0,0.5116251603,0.5116250993,1.0,1.0,1.0,1.0,1.0,1.0,1.0,1.0,1.0,1.0,1.0,1.0],[0.0,0.0,0.0,1.0,0.0,0.4883748397,0.0,1.0,1.0,1.0,1.0,1.0,1.0,1.0,1.0,1.0,1.0,1.0,1.0,1.0],[0.0,0.0,0.0,0.0,0.0,0.4883749007,0.0,0.0,1.0,1.0,1.0,1.0,1.0,1.0,1.0,1.0,1.0,1.0,1.0,1.0],[0.0,0.0,0.0,0.0,0.0,0.0,0.0,0.0,0.0,1.0,1.0,1.0,1.0,1.0,1.0,1.0,1.0,1.0,1.0,1.0],[0.0,0.0,0.0,0.0,0.0,0.0,0.0,0.0,0.0,0.0,1.0,1.0,1.0,1.0,1.0,1.0,1.0,1.0,1.0,1.0],[0.0,0.0,0.0,0.0,0.0,0.0,0.0,0.0,0.0,0.0,0.0,1.0,1.0,1.0,1.0,1.0,1.0,1.0,1.0,1.0],[0.0,0.0,0.0,0.0,0.0,0.0,0.0,0.0,0.0,0.0,0.0,0.0,0.0,1.0,1.0,1.0,1.0,1.0,1.0,1.0],[0.0,0.0,0.0,0.0,0.0,0.0,0.0,0.0,0.0,0.0,0.0,1.0,0.0,1.0,1.0,1.0,1.0,1.0,1.0,1.0],[0.0,0.0,0.0,0.0,0.0,0.0,0.0,0.0,0.0,0.0,0.0,0.0,0.0,0.0,1.0,1.0,1.0,1.0,1.0,1.0],[0.0,0.0,0.0,0.0,0.0,0.0,0.0,0.0,0.0,0.0,0.0,0.0,0.0,0.0,0.0,0.4930743273,1.0,1.0,1.0,1.0],[0.0,0.0,0.0,0.0,0.0,0.0,0.0,0.0,0.0,0.0,0.0,0.0,0.0,0.0,0.5069256727,0.0,1.0,1.0,1.0,1.0],[0.0,0.0,0.0,0.0,0.0,0.0,0.0,0.0,0.0,0.0,0.0,0.0,0.0,0.0,0.0,0.0,0.0,1.0,1.0,1.0],[0.0,0.0,0.0,0.0,0.0,0.0,0.0,0.0,0.0,0.0,0.0,0.0,0.0,0.0,0.0,0.0,0.0,0.0,1.0,0.5859378005],[0.0,0.0,0.0,0.0,0.0,0.0,0.0,0.0,0.0,0.0,0.0,0.0,0.0,0.0,0.0,0.0,0.0,0.0,0.0,0.4380482767],[0.0,0.0,0.0,0.0,0.0,0.0,0.0,0.0,0.0,0.0,0.0,0.0,0.0,0.0,0.0,0.0,0.0,0.4140621995,0.5619517233,0.0]],"outlier_solution":[0,2,1,4,6,3,7,5,8,9,10,12,11,13,14,15,16,19,17,18],"dataset_id":773,"source_dataset_id":820,"options":null,"D":{"0":{"0":0,"1":2,"2":3,"3":3,"4":2,"5":3,"6":0,"7":0,"8":0,"9":0,"10":0,"11":0,"12":0,"13":0,"14":0,"15":0,"16":0,"17":0,"18":0,"19":0},"1":{"0":5,"1":0,"2":3,"3":2,"4":2,"5":6,"6":3,"7":0,"8":0,"9":0,"10":0,"11":0,"12":0,"13":0,"14":0,"15":0,"16":0,"17":0,"18":0,"19":0},"2":{"0":2,"1":4,"2":0,"3":2,"4":2,"5":4,"6":0,"7":2,"8":0,"9":0,"10":0,"11":0,"12":0,"13":0,"14":0,"15":0,"16":0,"17":0,"18":0,"19":0},"3":{"0":1,"1":6,"2":4,"3":0,"4":5,"5":3,"6":1,"7":2,"8":6,"9":0,"10":0,"11":0,"12":0,"13":0,"14":0,"15":0,"16":0,"17":0,"18":0,"19":0},"4":{"0":1,"1":5,"2":1,"3":4,"4":0,"5":4,"6":1,"7":5,"8":4,"9":3,"10":0,"11":0,"12":0,"13":0,"14":0,"15":0,"16":0,"17":0,"18":0,"19":0},"5":{"0":5,"1":5,"2":6,"3":4,"4":2,"5":0,"6":4,"7":3,"8":0,"9":4,"10":2,"11":0,"12":0,"13":0,"14":0,"15":0,"16":0,"17":0,"18":0,"19":0},"6":{"0":11,"1":3,"2":2,"3":4,"4":3,"5":1,"6":0,"7":0,"8":5,"9":5,"10":4,"11":2,"12":0,"13":0,"14":0,"15":0,"16":0,"17":0,"18":0,"19":0},"7":{"0":2,"1":3,"2":3,"3":1,"4":4,"5":5,"6":2,"7":0,"8":4,"9":2,"10":1,"11":1,"12":3,"13":0,"14":0,"15":0,"16":0,"17":0,"18":0,"19":0},"8":{"0":4,"1":5,"2":2,"3":2,"4":1,"5":1,"6":4,"7":2,"8":0,"9":6,"10":5,"11":0,"12":5,"13":5,"14":0,"15":0,"16":0,"17":0,"18":0,"19":0},"9":{"0":9,"1":2,"2":6,"3":6,"4":1,"5":3,"6":2,"7":2,"8":3,"9":0,"10":5,"11":2,"12":4,"13":1,"14":3,"15":0,"16":0,"17":0,"18":0,"19":0},"10":{"0":7,"1":10,"2":10,"3":1,"4":3,"5":2,"6":4,"7":2,"8":1,"9":1,"10":0,"11":1,"12":1,"13":1,"14":1,"15":0,"16":0,"17":0,"18":0,"19":0},"11":{"0":3,"1":2,"2":8,"3":5,"4":4,"5":7,"6":2,"7":3,"8":0,"9":2,"10":1,"11":0,"12":2,"13":3,"14":6,"15":1,"16":3,"17":0,"18":0,"19":0},"12":{"0":7,"1":10,"2":2,"3":4,"4":2,"5":6,"6":9,"7":0,"8":2,"9":2,"10":2,"11":4,"12":0,"13":2,"14":4,"15":1,"16":4,"17":3,"18":0,"19":0},"13":{"0":4,"1":5,"2":3,"3":5,"4":5,"5":1,"6":4,"7":6,"8":5,"9":2,"10":1,"11":3,"12":2,"13":0,"14":3,"15":2,"16":4,"17":1,"18":3,"19":0},"14":{"0":4,"1":4,"2":5,"3":7,"4":3,"5":7,"6":4,"7":7,"8":2,"9":5,"10":2,"11":1,"12":7,"13":4,"14":0,"15":1,"16":5,"17":2,"18":1,"19":2},"15":{"0":6,"1":2,"2":7,"3":3,"4":6,"5":2,"6":6,"7":3,"8":4,"9":3,"10":5,"11":0,"12":4,"13":2,"14":4,"15":0,"16":2,"17":1,"18":0,"19":6},"16":{"0":6,"1":3,"2":7,"3":3,"4":6,"5":3,"6":9,"7":5,"8":5,"9":7,"10":4,"11":1,"12":4,"13":3,"14":1,"15":5,"16":0,"17":2,"18":2,"19":2},"17":{"0":6,"1":8,"2":2,"3":4,"4":7,"5":5,"6":5,"7":7,"8":4,"9":7,"10":6,"11":3,"12":2,"13":4,"14":4,"15":1,"16":3,"17":0,"18":1,"19":2},"18":{"0":9,"1":5,"2":6,"3":5,"4":6,"5":3,"6":5,"7":4,"8":5,"9":4,"10":5,"11":7,"12":4,"13":6,"14":3,"15":3,"16":1,"17":4,"18":0,"19":4},"19":{"0":7,"1":3,"2":2,"3":2,"4":3,"5":3,"6":7,"7":4,"8":2,"9":5,"10":4,"11":10,"12":5,"13":11,"14":4,"15":7,"16":3,"17":6,"18":2,"19":0}},"method":"hillside","closest_pair":[[0,2,1,4,6,3,7,5,8,9,10,12,11,13,14,15,16,19,17,18],[0,2,1,4,6,3,7,5,8,9,10,12,11,13,14,15,16,17,19,18]],"farthest_pair":[[0,2,1,4,6,3,7,5,8,9,10,12,11,13,15,14,16,17,18,19],[0,2,1,4,5,6,3,7,8,9,10,12,11,13,14,15,16,19,17,18]],"tau_farthest_pair":0.9368421053,"tau_closest_pair":0.9894736842,"centroid_solution":[0,2,1,4,5,6,3,7,8,9,10,12,11,13,15,14,16,17,19,18]}