{"solutions":[[18,17,19,16,15,14,13,11,12,10,9,8,7,3,6,5,4,1,2,0],[18,17,19,16,14,15,13,11,12,10,9,8,7,3,6,5,4,1,2,0],[19,18,17,16,14,15,13,11,12,10,9,8,5,7,3,6,4,1,2,0],[19,18,17,16,15,14,13,11,12,10,9,8,7,3,6,5,4,1,2,0],[18,19,17,16,14,15,13,11,12,10,9,8,7,3,6,5,4,1,2,0],[18,17,19,16,14,15,13,11,12,10,9,8,5,7,3,6,4,1,2,0],[18,19,17,16,14,15,13,11,12,10,9,8,5,7,3,6,4,1,2,0],[18,17,19,16,15,14,13,11,12,10,9,8,5,7,3,6,4,1,2,0],[19,18,17,16,14,15,13,11,12,10,9,8,7,3,6,5,4,1,2,0],[18,19,17,16,15,14,13,11,12,10,9,8,7,3,6,5,4,1,2,0],[18,19,17,16,15,14,13,11,12,10,9,8,5,7,3,6,4,1,2,0],[19,18,17,16,15,14,13,11,12,10,9,8,5,7,3,6,4,1,2,0]],"obj":1405.0,"max_tau_solutions":null,"centroid_x":[[0.0,0.0,0.0,0.0,0.0,0.0,0.0,0.0,0.0,0.0,0.0,0.0,0.0,0.0,0.0,0.0,0.0,0.0,0.0,0.0],[1.0,0.0,1.0,0.0,0.0,0.0,0.0,0.0,0.0,0.0,0.0,0.0,0.0,0.0,0.0,0.0,0.0,0.0,0.0,0.0],[1.0,0.0,0.0,0.0,0.0,0.0,0.0,0.0,0.0,0.0,0.0,0.0,0.0,0.0,0.0,0.0,0.0,0.0,0.0,0.0],[1.0,1.0,1.0,0.0,1.0,0.5570898684,1.0,0.0,0.0,0.0,0.0,0.0,0.0,0.0,0.0,0.0,0.0,0.0,0.0,0.0],[1.0,1.0,1.0,0.0,0.0,0.0,0.0,0.0,0.0,0.0,0.0,0.0,0.0,0.0,0.0,0.0,0.0,0.0,0.0,0.0],[1.0,1.0,1.0,0.4429101316,1.0,0.0,0.4429101316,0.4429101316,0.0,0.0,0.0,0.0,0.0,0.0,0.0,0.0,0.0,0.0,0.0,0.0],[1.0,1.0,1.0,0.0,1.0,0.5570898684,0.0,0.0,0.0,0.0,0.0,0.0,0.0,0.0,0.0,0.0,0.0,0.0,0.0,0.0],[1.0,1.0,1.0,1.0,1.0,0.5570898684,1.0,0.0,0.0,0.0,0.0,0.0,0.0,0.0,0.0,0.0,0.0,0.0,0.0,0.0],[1.0,1.0,1.0,1.0,1.0,1.0,1.0,1.0,0.0,0.0,0.0,0.0,0.0,0.0,0.0,0.0,0.0,0.0,0.0,0.0],[1.0,1.0,1.0,1.0,1.0,1.0,1.0,1.0,1.0,0.0,0.0,0.0,0.0,0.0,0.0,0.0,0.0,0.0,0.0,0.0],[1.0,1.0,1.0,1.0,1.0,1.0,1.0,1.0,1.0,1.0,0.0,0.0,0.0,0.0,0.0,0.0,0.0,0.0,0.0,0.0],[1.0,1.0,1.0,1.0,1.0,1.0,1.0,1.0,1.0,1.0,1.0,0.0,1.0,0.0,0.0,0.0,0.0,0.0,0.0,0.0],[1.0,1.0,1.0,1.0,1.0,1.0,1.0,1.0,1.0,1.0,1.0,0.0,0.0,0.0,0.0,0.0,0.0,0.0,0.0,0.0],[1.0,1.0,1.0,1.0,1.0,1.0,1.0,1.0,1.0,1.0,1.0,1.0,1.0,0.0,0.0,0.0,0.0,0.0,0.0,0.0],[1.0,1.0,1.0,1.0,1.0,1.0,1.0,1.0,1.0,1.0,1.0,1.0,1.0,1.0,0.0,0.3465267908,0.0,0.0,0.0,0.0],[1.0,1.0,1.0,1.0,1.0,1.0,1.0,1.0,1.0,1.0,1.0,1.0,1.0,1.0,0.6534732092,0.0,0.0,0.0,0.0,0.0],[1.0,1.0,1.0,1.0,1.0,1.0,1.0,1.0,1.0,1.0,1.0,1.0,1.0,1.0,1.0,1.0,0.0,0.0,0.0,0.0],[1.0,1.0,1.0,1.0,1.0,1.0,1.0,1.0,1.0,1.0,1.0,1.0,1.0,1.0,1.0,1.0,1.0,0.0,0.0,0.2966501655],[1.0,1.0,1.0,1.0,1.0,1.0,1.0,1.0,1.0,1.0,1.0,1.0,1.0,1.0,1.0,1.0,1.0,1.0,0.0,0.4009077371],[1.0,1.0,1.0,1.0,1.0,1.0,1.0,1.0,1.0,1.0,1.0,1.0,1.0,1.0,1.0,1.0,1.0,0.7033498345,0.5990922629,0.0]],"outlier_solution":[18,17,19,16,14,15,13,11,12,10,9,8,5,7,3,6,4,1,2,0],"dataset_id":773,"source_dataset_id":820,"options":null,"D":{"0":{"0":0,"1":5,"2":2,"3":1,"4":1,"5":5,"6":11,"7":2,"8":4,"9":9,"10":7,"11":3,"12":7,"13":4,"14":4,"15":6,"16":6,"17":6,"18":9,"19":7},"1":{"0":2,"1":0,"2":4,"3":6,"4":5,"5":5,"6":3,"7":3,"8":5,"9":2,"10":10,"11":2,"12":10,"13":5,"14":4,"15":2,"16":3,"17":8,"18":5,"19":3},"2":{"0":3,"1":3,"2":0,"3":4,"4":1,"5":6,"6":2,"7":3,"8":2,"9":6,"10":10,"11":8,"12":2,"13":3,"14":5,"15":7,"16":7,"17":2,"18":6,"19":2},"3":{"0":3,"1":2,"2":2,"3":0,"4":4,"5":4,"6":4,"7":1,"8":2,"9":6,"10":1,"11":5,"12":4,"13":5,"14":7,"15":3,"16":3,"17":4,"18":5,"19":2},"4":{"0":2,"1":2,"2":2,"3":5,"4":0,"5":2,"6":3,"7":4,"8":1,"9":1,"10":3,"11":4,"12":2,"13":5,"14":3,"15":6,"16":6,"17":7,"18":6,"19":3},"5":{"0":3,"1":6,"2":4,"3":3,"4":4,"5":0,"6":1,"7":5,"8":1,"9":3,"10":2,"11":7,"12":6,"13":1,"14":7,"15":2,"16":3,"17":5,"18":3,"19":3},"6":{"0":0,"1":3,"2":0,"3":1,"4":1,"5":4,"6":0,"7":2,"8":4,"9":2,"10":4,"11":2,"12":9,"13":4,"14":4,"15":6,"16":9,"17":5,"18":5,"19":7},"7":{"0":0,"1":0,"2":2,"3":2,"4":5,"5":3,"6":0,"7":0,"8":2,"9":2,"10":2,"11":3,"12":0,"13":6,"14":7,"15":3,"16":5,"17":7,"18":4,"19":4},"8":{"0":0,"1":0,"2":0,"3":6,"4":4,"5":0,"6":5,"7":4,"8":0,"9":3,"10":1,"11":0,"12":2,"13":5,"14":2,"15":4,"16":5,"17":4,"18":5,"19":2},"9":{"0":0,"1":0,"2":0,"3":0,"4":3,"5":4,"6":5,"7":2,"8":6,"9":0,"10":1,"11":2,"12":2,"13":2,"14":5,"15":3,"16":7,"17":7,"18":4,"19":5},"10":{"0":0,"1":0,"2":0,"3":0,"4":0,"5":2,"6":4,"7":1,"8":5,"9":5,"10":0,"11":1,"12":2,"13":1,"14":2,"15":5,"16":4,"17":6,"18":5,"19":4},"11":{"0":0,"1":0,"2":0,"3":0,"4":0,"5":0,"6":2,"7":1,"8":0,"9":2,"10":1,"11":0,"12":4,"13":3,"14":1,"15":0,"16":1,"17":3,"18":7,"19":10},"12":{"0":0,"1":0,"2":0,"3":0,"4":0,"5":0,"6":0,"7":3,"8":5,"9":4,"10":1,"11":2,"12":0,"13":2,"14":7,"15":4,"16":4,"17":2,"18":4,"19":5},"13":{"0":0,"1":0,"2":0,"3":0,"4":0,"5":0,"6":0,"7":0,"8":5,"9":1,"10":1,"11":3,"12":2,"13":0,"14":4,"15":2,"16":3,"17":4,"18":6,"19":11},"14":{"0":0,"1":0,"2":0,"3":0,"4":0,"5":0,"6":0,"7":0,"8":0,"9":3,"10":1,"11":6,"12":4,"13":3,"14":0,"15":4,"16":1,"17":4,"18":3,"19":4},"15":{"0":0,"1":0,"2":0,"3":0,"4":0,"5":0,"6":0,"7":0,"8":0,"9":0,"10":0,"11":1,"12":1,"13":2,"14":1,"15":0,"16":5,"17":1,"18":3,"19":7},"16":{"0":0,"1":0,"2":0,"3":0,"4":0,"5":0,"6":0,"7":0,"8":0,"9":0,"10":0,"11":3,"12":4,"13":4,"14":5,"15":2,"16":0,"17":3,"18":1,"19":3},"17":{"0":0,"1":0,"2":0,"3":0,"4":0,"5":0,"6":0,"7":0,"8":0,"9":0,"10":0,"11":0,"12":3,"13":1,"14":2,"15":1,"16":2,"17":0,"18":4,"19":6},"18":{"0":0,"1":0,"2":0,"3":0,"4":0,"5":0,"6":0,"7":0,"8":0,"9":0,"10":0,"11":0,"12":0,"13":3,"14":1,"15":0,"16":2,"17":1,"18":0,"19":2},"19":{"0":0,"1":0,"2":0,"3":0,"4":0,"5":0,"6":0,"7":0,"8":0,"9":0,"10":0,"11":0,"12":0,"13":0,"14":2,"15":6,"16":2,"17":2,"18":4,"19":0}},"method":"hillside","closest_pair":[[18,19,17,16,15,14,13,11,12,10,9,8,7,3,6,5,4,1,2,0],[18,17,19,16,15,14,13,11,12,10,9,8,7,3,6,5,4,1,2,0]],"farthest_pair":[[18,17,19,16,15,14,13,11,12,10,9,8,7,3,6,5,4,1,2,0],[19,18,17,16,14,15,13,11,12,10,9,8,5,7,3,6,4,1,2,0]],"tau_farthest_pair":0.9368421053,"tau_closest_pair":0.9894736842,"centroid_solution":[19,18,17,16,15,14,13,11,12,10,9,8,7,3,6,5,4,1,2,0]}