{"solutions":[[18,17,19,16,15,13,12,14,10,11,9,8,7,3,5,6,2,4,0,1],[18,17,19,16,14,15,13,12,10,11,9,8,7,3,5,6,2,4,0,1],[18,17,19,16,15,14,13,12,10,11,9,8,7,3,5,6,2,4,0,1],[18,17,16,19,14,15,13,12,10,11,9,8,7,3,5,6,2,4,0,1],[18,17,16,19,15,14,13,12,10,11,9,8,7,3,5,6,2,4,0,1],[18,16,17,19,14,15,13,12,10,11,9,8,7,3,5,6,2,4,0,1],[18,16,17,19,15,13,12,14,10,11,9,8,7,3,5,6,2,4,0,1],[18,17,16,19,15,13,14,12,10,11,9,8,7,3,5,6,2,4,0,1],[18,17,19,16,15,13,14,12,10,11,9,8,7,3,5,6,2,4,0,1],[18,17,16,19,15,13,12,14,10,11,9,8,7,3,5,6,2,4,0,1],[18,16,17,19,15,13,14,12,10,11,9,8,7,3,5,6,2,4,0,1],[18,16,17,19,15,14,13,12,10,11,9,8,7,3,5,6,2,4,0,1]],"obj":1191.0,"max_tau_solutions":null,"centroid_x":[[0.0,1.0,0.0,0.0,0.0,0.0,0.0,0.0,0.0,0.0,0.0,0.0,0.0,0.0,0.0,0.0,0.0,0.0,0.0,0.0],[0.0,0.0,0.0,0.0,0.0,0.0,0.0,0.0,0.0,0.0,0.0,0.0,0.0,0.0,0.0,0.0,0.0,0.0,0.0,0.0],[1.0,1.0,0.0,0.0,1.0,0.0,0.0,0.0,0.0,0.0,0.0,0.0,0.0,0.0,0.0,0.0,0.0,0.0,0.0,0.0],[1.0,1.0,1.0,0.0,1.0,1.0,1.0,0.0,0.0,0.0,0.0,0.0,0.0,0.0,0.0,0.0,0.0,0.0,0.0,0.0],[1.0,1.0,0.0,0.0,0.0,0.0,0.0,0.0,0.0,0.0,0.0,0.0,0.0,0.0,0.0,0.0,0.0,0.0,0.0,0.0],[1.0,1.0,1.0,0.0,1.0,0.0,1.0,0.0,0.0,0.0,0.0,0.0,0.0,0.0,0.0,0.0,0.0,0.0,0.0,0.0],[1.0,1.0,1.0,0.0,1.0,0.0,0.0,0.0,0.0,0.0,0.0,0.0,0.0,0.0,0.0,0.0,0.0,0.0,0.0,0.0],[1.0,1.0,1.0,1.0,1.0,1.0,1.0,0.0,0.0,0.0,0.0,0.0,0.0,0.0,0.0,0.0,0.0,0.0,0.0,0.0],[1.0,1.0,1.0,1.0,1.0,1.0,1.0,1.0,0.0,0.0,0.0,0.0,0.0,0.0,0.0,0.0,0.0,0.0,0.0,0.0],[1.0,1.0,1.0,1.0,1.0,1.0,1.0,1.0,1.0,0.0,0.0,0.0,0.0,0.0,0.0,0.0,0.0,0.0,0.0,0.0],[1.0,1.0,1.0,1.0,1.0,1.0,1.0,1.0,1.0,1.0,0.0,1.0,0.0,0.0,0.0,0.0,0.0,0.0,0.0,0.0],[1.0,1.0,1.0,1.0,1.0,1.0,1.0,1.0,1.0,1.0,0.0,0.0,0.0,0.0,0.0,0.0,0.0,0.0,0.0,0.0],[1.0,1.0,1.0,1.0,1.0,1.0,1.0,1.0,1.0,1.0,1.0,1.0,0.0,0.0,0.2770565636,0.0,0.0,0.0,0.0,0.0],[1.0,1.0,1.0,1.0,1.0,1.0,1.0,1.0,1.0,1.0,1.0,1.0,1.0,0.0,0.3801013973,0.0,0.0,0.0,0.0,0.0],[1.0,1.0,1.0,1.0,1.0,1.0,1.0,1.0,1.0,1.0,1.0,1.0,0.7229434364,0.6198986027,0.0,0.3021708479,0.0,0.0,0.0,0.0],[1.0,1.0,1.0,1.0,1.0,1.0,1.0,1.0,1.0,1.0,1.0,1.0,1.0,1.0,0.6978291521,0.0,0.0,0.0,0.0,0.0],[1.0,1.0,1.0,1.0,1.0,1.0,1.0,1.0,1.0,1.0,1.0,1.0,1.0,1.0,1.0,1.0,0.0,0.2824108753,0.0,0.4260204427],[1.0,1.0,1.0,1.0,1.0,1.0,1.0,1.0,1.0,1.0,1.0,1.0,1.0,1.0,1.0,1.0,0.7175891247,0.0,0.0,1.0],[1.0,1.0,1.0,1.0,1.0,1.0,1.0,1.0,1.0,1.0,1.0,1.0,1.0,1.0,1.0,1.0,1.0,1.0,0.0,1.0],[1.0,1.0,1.0,1.0,1.0,1.0,1.0,1.0,1.0,1.0,1.0,1.0,1.0,1.0,1.0,1.0,0.5739795573,0.0,0.0,0.0]],"outlier_solution":[18,16,17,19,15,13,12,14,10,11,9,8,7,3,5,6,2,4,0,1],"dataset_id":774,"source_dataset_id":821,"options":null,"D":{"0":{"0":0,"1":2,"2":3,"3":2,"4":2,"5":1,"6":3,"7":7,"8":8,"9":5,"10":8,"11":7,"12":8,"13":7,"14":5,"15":9,"16":5,"17":8,"18":3,"19":4},"1":{"0":4,"1":0,"2":4,"3":4,"4":4,"5":4,"6":3,"7":4,"8":5,"9":2,"10":7,"11":8,"12":11,"13":3,"14":8,"15":5,"16":4,"17":6,"18":6,"19":3},"2":{"0":4,"1":2,"2":0,"3":1,"4":5,"5":5,"6":4,"7":1,"8":5,"9":7,"10":5,"11":0,"12":6,"13":6,"14":8,"15":2,"16":4,"17":4,"18":5,"19":7},"3":{"0":2,"1":1,"2":3,"3":0,"4":3,"5":4,"6":1,"7":1,"8":2,"9":5,"10":4,"11":4,"12":6,"13":3,"14":7,"15":5,"16":0,"17":4,"18":8,"19":4},"4":{"0":5,"1":3,"2":2,"3":2,"4":0,"5":2,"6":2,"7":5,"8":2,"9":8,"10":9,"11":7,"12":4,"13":6,"14":3,"15":8,"16":10,"17":8,"18":6,"19":3},"5":{"0":1,"1":2,"2":2,"3":4,"4":2,"5":0,"6":3,"7":1,"8":3,"9":6,"10":0,"11":7,"12":8,"13":5,"14":2,"15":4,"16":3,"17":5,"18":3,"19":5},"6":{"0":0,"1":0,"2":4,"3":5,"4":3,"5":3,"6":0,"7":5,"8":4,"9":4,"10":3,"11":4,"12":3,"13":5,"14":4,"15":3,"16":9,"17":6,"18":6,"19":5},"7":{"0":0,"1":0,"2":1,"3":4,"4":5,"5":0,"6":2,"7":0,"8":1,"9":1,"10":2,"11":1,"12":6,"13":7,"14":5,"15":6,"16":6,"17":3,"18":6,"19":4},"8":{"0":0,"1":0,"2":0,"3":4,"4":4,"5":1,"6":0,"7":0,"8":0,"9":3,"10":4,"11":3,"12":2,"13":4,"14":8,"15":6,"16":5,"17":3,"18":5,"19":5},"9":{"0":0,"1":0,"2":0,"3":0,"4":3,"5":1,"6":4,"7":3,"8":4,"9":0,"10":3,"11":1,"12":4,"13":5,"14":3,"15":1,"16":8,"17":7,"18":6,"19":4},"10":{"0":0,"1":0,"2":0,"3":0,"4":0,"5":6,"6":2,"7":4,"8":4,"9":3,"10":0,"11":2,"12":2,"13":1,"14":5,"15":0,"16":6,"17":3,"18":4,"19":8},"11":{"0":0,"1":0,"2":0,"3":0,"4":0,"5":0,"6":3,"7":0,"8":0,"9":7,"10":3,"11":0,"12":3,"13":3,"14":2,"15":3,"16":2,"17":5,"18":4,"19":1},"12":{"0":0,"1":0,"2":0,"3":0,"4":0,"5":0,"6":0,"7":0,"8":2,"9":0,"10":3,"11":1,"12":0,"13":3,"14":4,"15":2,"16":3,"17":2,"18":4,"19":4},"13":{"0":0,"1":0,"2":0,"3":0,"4":0,"5":0,"6":0,"7":0,"8":2,"9":1,"10":1,"11":3,"12":2,"13":0,"14":3,"15":1,"16":3,"17":2,"18":3,"19":7},"14":{"0":0,"1":0,"2":0,"3":0,"4":0,"5":0,"6":0,"7":0,"8":0,"9":2,"10":0,"11":1,"12":2,"13":5,"14":0,"15":3,"16":4,"17":5,"18":6,"19":3},"15":{"0":0,"1":0,"2":0,"3":0,"4":0,"5":0,"6":0,"7":0,"8":0,"9":0,"10":0,"11":0,"12":2,"13":4,"14":3,"15":0,"16":1,"17":5,"18":2,"19":2},"16":{"0":0,"1":0,"2":0,"3":0,"4":0,"5":0,"6":0,"7":0,"8":0,"9":0,"10":0,"11":2,"12":1,"13":2,"14":4,"15":1,"16":0,"17":3,"18":2,"19":0},"17":{"0":0,"1":0,"2":0,"3":0,"4":0,"5":0,"6":0,"7":0,"8":0,"9":0,"10":0,"11":0,"12":1,"13":2,"14":3,"15":1,"16":2,"17":0,"18":2,"19":3},"18":{"0":0,"1":0,"2":0,"3":0,"4":0,"5":0,"6":0,"7":0,"8":0,"9":0,"10":0,"11":0,"12":0,"13":2,"14":4,"15":0,"16":3,"17":4,"18":0,"19":2},"19":{"0":0,"1":0,"2":0,"3":0,"4":0,"5":0,"6":0,"7":0,"8":0,"9":0,"10":0,"11":0,"12":0,"13":0,"14":0,"15":3,"16":4,"17":2,"18":4,"19":0}},"method":"hillside","closest_pair":[[18,17,19,16,15,14,13,12,10,11,9,8,7,3,5,6,2,4,0,1],[18,17,19,16,15,13,14,12,10,11,9,8,7,3,5,6,2,4,0,1]],"farthest_pair":[[18,16,17,19,15,13,12,14,10,11,9,8,7,3,5,6,2,4,0,1],[18,17,19,16,14,15,13,12,10,11,9,8,7,3,5,6,2,4,0,1]],"tau_farthest_pair":0.9473684211,"tau_closest_pair":0.9894736842,"centroid_solution":[18,17,19,16,15,14,13,12,10,11,9,8,7,3,5,6,2,4,0,1]}