{"solutions":[[0,3,2,1,4,6,5,7,9,8,11,10,12,14,16,13,15,18,17,19],[0,3,2,1,4,6,5,7,9,8,11,10,12,14,13,16,15,18,17,19],[0,3,2,1,4,6,5,7,8,9,11,10,12,14,13,16,15,18,17,19],[0,3,2,1,4,6,5,7,8,9,11,10,12,14,16,13,15,18,17,19]],"obj":1373.0,"max_tau_solutions":null,"centroid_x":[[0.0,1.0,1.0,1.0,1.0,1.0,1.0,1.0,1.0,1.0,1.0,1.0,1.0,1.0,1.0,1.0,1.0,1.0,1.0,1.0],[0.0,0.0,0.0,0.0,1.0,1.0,1.0,1.0,1.0,1.0,1.0,1.0,1.0,1.0,1.0,1.0,1.0,1.0,1.0,1.0],[0.0,1.0,0.0,0.0,1.0,1.0,1.0,1.0,1.0,1.0,1.0,1.0,1.0,1.0,1.0,1.0,1.0,1.0,1.0,1.0],[0.0,1.0,1.0,0.0,1.0,1.0,1.0,1.0,1.0,1.0,1.0,1.0,1.0,1.0,1.0,1.0,1.0,1.0,1.0,1.0],[0.0,0.0,0.0,0.0,0.0,1.0,1.0,1.0,1.0,1.0,1.0,1.0,1.0,1.0,1.0,1.0,1.0,1.0,1.0,1.0],[0.0,0.0,0.0,0.0,0.0,0.0,0.0,1.0,1.0,1.0,1.0,1.0,1.0,1.0,1.0,1.0,1.0,1.0,1.0,1.0],[0.0,0.0,0.0,0.0,0.0,1.0,0.0,1.0,1.0,1.0,1.0,1.0,1.0,1.0,1.0,1.0,1.0,1.0,1.0,1.0],[0.0,0.0,0.0,0.0,0.0,0.0,0.0,0.0,1.0,1.0,1.0,1.0,1.0,1.0,1.0,1.0,1.0,1.0,1.0,1.0],[0.0,0.0,0.0,0.0,0.0,0.0,0.0,0.0,0.0,0.4891990612,1.0,1.0,1.0,1.0,1.0,1.0,1.0,1.0,1.0,1.0],[0.0,0.0,0.0,0.0,0.0,0.0,0.0,0.0,0.5108009388,0.0,1.0,1.0,1.0,1.0,1.0,1.0,1.0,1.0,1.0,1.0],[0.0,0.0,0.0,0.0,0.0,0.0,0.0,0.0,0.0,0.0,0.0,0.0,1.0,1.0,1.0,1.0,1.0,1.0,1.0,1.0],[0.0,0.0,0.0,0.0,0.0,0.0,0.0,0.0,0.0,0.0,1.0,0.0,1.0,1.0,1.0,1.0,1.0,1.0,1.0,1.0],[0.0,0.0,0.0,0.0,0.0,0.0,0.0,0.0,0.0,0.0,0.0,0.0,0.0,1.0,1.0,1.0,1.0,1.0,1.0,1.0],[0.0,0.0,0.0,0.0,0.0,0.0,0.0,0.0,0.0,0.0,0.0,0.0,0.0,0.0,0.0,1.0,0.4944713472,1.0,1.0,1.0],[0.0,0.0,0.0,0.0,0.0,0.0,0.0,0.0,0.0,0.0,0.0,0.0,0.0,1.0,0.0,1.0,1.0,1.0,1.0,1.0],[0.0,0.0,0.0,0.0,0.0,0.0,0.0,0.0,0.0,0.0,0.0,0.0,0.0,0.0,0.0,0.0,0.0,1.0,1.0,1.0],[0.0,0.0,0.0,0.0,0.0,0.0,0.0,0.0,0.0,0.0,0.0,0.0,0.0,0.5055286528,0.0,1.0,0.0,1.0,1.0,1.0],[0.0,0.0,0.0,0.0,0.0,0.0,0.0,0.0,0.0,0.0,0.0,0.0,0.0,0.0,0.0,0.0,0.0,0.0,0.0,1.0],[0.0,0.0,0.0,0.0,0.0,0.0,0.0,0.0,0.0,0.0,0.0,0.0,0.0,0.0,0.0,0.0,0.0,1.0,0.0,1.0],[0.0,0.0,0.0,0.0,0.0,0.0,0.0,0.0,0.0,0.0,0.0,0.0,0.0,0.0,0.0,0.0,0.0,0.0,0.0,0.0]],"outlier_solution":[0,3,2,1,4,6,5,7,8,9,11,10,12,14,13,16,15,18,17,19],"dataset_id":776,"source_dataset_id":823,"options":null,"D":{"0":{"0":0,"1":3,"2":3,"3":4,"4":1,"5":1,"6":0,"7":0,"8":0,"9":0,"10":0,"11":0,"12":0,"13":0,"14":0,"15":0,"16":0,"17":0,"18":0,"19":0},"1":{"0":3,"1":0,"2":1,"3":2,"4":2,"5":3,"6":4,"7":0,"8":0,"9":0,"10":0,"11":0,"12":0,"13":0,"14":0,"15":0,"16":0,"17":0,"18":0,"19":0},"2":{"0":2,"1":3,"2":0,"3":2,"4":4,"5":3,"6":3,"7":3,"8":0,"9":0,"10":0,"11":0,"12":0,"13":0,"14":0,"15":0,"16":0,"17":0,"18":0,"19":0},"3":{"0":4,"1":5,"2":6,"3":0,"4":0,"5":2,"6":5,"7":2,"8":4,"9":0,"10":0,"11":0,"12":0,"13":0,"14":0,"15":0,"16":0,"17":0,"18":0,"19":0},"4":{"0":2,"1":4,"2":3,"3":3,"4":0,"5":1,"6":8,"7":8,"8":4,"9":2,"10":0,"11":0,"12":0,"13":0,"14":0,"15":0,"16":0,"17":0,"18":0,"19":0},"5":{"0":3,"1":2,"2":2,"3":2,"4":4,"5":0,"6":1,"7":5,"8":3,"9":3,"10":3,"11":0,"12":0,"13":0,"14":0,"15":0,"16":0,"17":0,"18":0,"19":0},"6":{"0":3,"1":2,"2":4,"3":3,"4":0,"5":4,"6":0,"7":1,"8":1,"9":2,"10":2,"11":1,"12":0,"13":0,"14":0,"15":0,"16":0,"17":0,"18":0,"19":0},"7":{"0":6,"1":7,"2":2,"3":4,"4":5,"5":3,"6":0,"7":0,"8":0,"9":3,"10":4,"11":3,"12":4,"13":0,"14":0,"15":0,"16":0,"17":0,"18":0,"19":0},"8":{"0":3,"1":1,"2":5,"3":5,"4":3,"5":2,"6":0,"7":5,"8":0,"9":2,"10":2,"11":2,"12":6,"13":6,"14":0,"15":0,"16":0,"17":0,"18":0,"19":0},"9":{"0":4,"1":8,"2":1,"3":3,"4":3,"5":2,"6":1,"7":0,"8":6,"9":0,"10":4,"11":2,"12":3,"13":1,"14":2,"15":0,"16":0,"17":0,"18":0,"19":0},"10":{"0":6,"1":3,"2":5,"3":6,"4":3,"5":3,"6":3,"7":4,"8":9,"9":4,"10":0,"11":3,"12":4,"13":0,"14":4,"15":4,"16":0,"17":0,"18":0,"19":0},"11":{"0":5,"1":3,"2":3,"3":4,"4":5,"5":5,"6":0,"7":2,"8":2,"9":3,"10":2,"11":0,"12":1,"13":0,"14":0,"15":2,"16":2,"17":0,"18":0,"19":0},"12":{"0":4,"1":3,"2":7,"3":9,"4":4,"5":4,"6":7,"7":4,"8":1,"9":3,"10":2,"11":3,"12":0,"13":2,"14":6,"15":2,"16":1,"17":6,"18":0,"19":0},"13":{"0":8,"1":3,"2":6,"3":6,"4":5,"5":2,"6":7,"7":7,"8":4,"9":2,"10":3,"11":2,"12":1,"13":0,"14":1,"15":3,"16":3,"17":5,"18":4,"19":0},"14":{"0":9,"1":5,"2":6,"3":3,"4":12,"5":2,"6":6,"7":8,"8":7,"9":1,"10":0,"11":6,"12":4,"13":1,"14":0,"15":4,"16":1,"17":3,"18":0,"19":3},"15":{"0":3,"1":4,"2":3,"3":7,"4":8,"5":4,"6":6,"7":7,"8":5,"9":8,"10":1,"11":4,"12":4,"13":2,"14":3,"15":0,"16":1,"17":3,"18":4,"19":2},"16":{"0":7,"1":6,"2":4,"3":4,"4":5,"5":4,"6":6,"7":6,"8":3,"9":8,"10":5,"11":3,"12":1,"13":6,"14":2,"15":0,"16":0,"17":3,"18":2,"19":1},"17":{"0":4,"1":5,"2":3,"3":9,"4":6,"5":5,"6":5,"7":3,"8":4,"9":4,"10":9,"11":2,"12":4,"13":3,"14":4,"15":3,"16":4,"17":0,"18":3,"19":4},"18":{"0":4,"1":5,"2":7,"3":5,"4":2,"5":3,"6":2,"7":6,"8":7,"9":5,"10":6,"11":6,"12":4,"13":2,"14":4,"15":1,"16":3,"17":4,"18":0,"19":2},"19":{"0":5,"1":3,"2":4,"3":2,"4":5,"5":8,"6":5,"7":7,"8":2,"9":2,"10":1,"11":13,"12":6,"13":6,"14":4,"15":1,"16":1,"17":1,"18":2,"19":0}},"method":"hillside","closest_pair":[[0,3,2,1,4,6,5,7,9,8,11,10,12,14,13,16,15,18,17,19],[0,3,2,1,4,6,5,7,9,8,11,10,12,14,16,13,15,18,17,19]],"farthest_pair":[[0,3,2,1,4,6,5,7,9,8,11,10,12,14,16,13,15,18,17,19],[0,3,2,1,4,6,5,7,8,9,11,10,12,14,13,16,15,18,17,19]],"tau_farthest_pair":0.9789473684,"tau_closest_pair":0.9894736842,"centroid_solution":[0,3,2,1,4,6,5,7,9,8,11,10,12,14,16,13,15,18,17,19]}