{"solutions":[[1,0,2,3,4,5,7,6,8,9,11,10,12,13,16,14,15,19,17,18],[1,0,2,3,4,7,5,6,8,9,11,10,12,13,16,14,15,19,17,18],[1,0,2,3,4,7,5,6,8,11,9,10,12,13,16,14,15,19,17,18],[1,0,2,3,4,5,7,6,8,11,9,10,12,13,16,14,15,19,17,18]],"obj":1450.0,"max_tau_solutions":null,"centroid_x":[[0.0,0.0,1.0,1.0,1.0,1.0,1.0,1.0,1.0,1.0,1.0,1.0,1.0,1.0,1.0,1.0,1.0,1.0,1.0,1.0],[1.0,0.0,1.0,1.0,1.0,1.0,1.0,1.0,1.0,1.0,1.0,1.0,1.0,1.0,1.0,1.0,1.0,1.0,1.0,1.0],[0.0,0.0,0.0,1.0,1.0,1.0,1.0,1.0,1.0,1.0,1.0,1.0,1.0,1.0,1.0,1.0,1.0,1.0,1.0,1.0],[0.0,0.0,0.0,0.0,1.0,1.0,1.0,1.0,1.0,1.0,1.0,1.0,1.0,1.0,1.0,1.0,1.0,1.0,1.0,1.0],[0.0,0.0,0.0,0.0,0.0,1.0,1.0,1.0,1.0,1.0,1.0,1.0,1.0,1.0,1.0,1.0,1.0,1.0,1.0,1.0],[0.0,0.0,0.0,0.0,0.0,0.0,1.0,0.4952641176,1.0,1.0,1.0,1.0,1.0,1.0,1.0,1.0,1.0,1.0,1.0,1.0],[0.0,0.0,0.0,0.0,0.0,0.0,0.0,0.0,1.0,1.0,1.0,1.0,1.0,1.0,1.0,1.0,1.0,1.0,1.0,1.0],[0.0,0.0,0.0,0.0,0.0,0.5047358824,1.0,0.0,1.0,1.0,1.0,1.0,1.0,1.0,1.0,1.0,1.0,1.0,1.0,1.0],[0.0,0.0,0.0,0.0,0.0,0.0,0.0,0.0,0.0,1.0,1.0,1.0,1.0,1.0,1.0,1.0,1.0,1.0,1.0,1.0],[0.0,0.0,0.0,0.0,0.0,0.0,0.0,0.0,0.0,0.0,1.0,0.5080367902,1.0,1.0,1.0,1.0,1.0,1.0,1.0,1.0],[0.0,0.0,0.0,0.0,0.0,0.0,0.0,0.0,0.0,0.0,0.0,0.0,1.0,1.0,1.0,1.0,1.0,1.0,1.0,1.0],[0.0,0.0,0.0,0.0,0.0,0.0,0.0,0.0,0.0,0.4919632098,1.0,0.0,1.0,1.0,1.0,1.0,1.0,1.0,1.0,1.0],[0.0,0.0,0.0,0.0,0.0,0.0,0.0,0.0,0.0,0.0,0.0,0.0,0.0,1.0,1.0,1.0,1.0,1.0,1.0,1.0],[0.0,0.0,0.0,0.0,0.0,0.0,0.0,0.0,0.0,0.0,0.0,0.0,0.0,0.0,1.0,1.0,1.0,1.0,1.0,1.0],[0.0,0.0,0.0,0.0,0.0,0.0,0.0,0.0,0.0,0.0,0.0,0.0,0.0,0.0,0.0,1.0,0.0,1.0,1.0,1.0],[0.0,0.0,0.0,0.0,0.0,0.0,0.0,0.0,0.0,0.0,0.0,0.0,0.0,0.0,0.0,0.0,0.0,1.0,1.0,1.0],[0.0,0.0,0.0,0.0,0.0,0.0,0.0,0.0,0.0,0.0,0.0,0.0,0.0,0.0,1.0,1.0,0.0,1.0,1.0,1.0],[0.0,0.0,0.0,0.0,0.0,0.0,0.0,0.0,0.0,0.0,0.0,0.0,0.0,0.0,0.0,0.0,0.0,0.0,1.0,0.0],[0.0,0.0,0.0,0.0,0.0,0.0,0.0,0.0,0.0,0.0,0.0,0.0,0.0,0.0,0.0,0.0,0.0,0.0,0.0,0.0],[0.0,0.0,0.0,0.0,0.0,0.0,0.0,0.0,0.0,0.0,0.0,0.0,0.0,0.0,0.0,0.0,0.0,1.0,1.0,0.0]],"outlier_solution":[1,0,2,3,4,5,7,6,8,11,9,10,12,13,16,14,15,19,17,18],"dataset_id":777,"source_dataset_id":824,"options":null,"D":{"0":{"0":0,"1":2,"2":1,"3":1,"4":5,"5":2,"6":0,"7":0,"8":0,"9":0,"10":0,"11":0,"12":0,"13":0,"14":0,"15":0,"16":0,"17":0,"18":0,"19":0},"1":{"0":5,"1":0,"2":0,"3":0,"4":2,"5":1,"6":1,"7":0,"8":0,"9":0,"10":0,"11":0,"12":0,"13":0,"14":0,"15":0,"16":0,"17":0,"18":0,"19":0},"2":{"0":0,"1":3,"2":0,"3":3,"4":4,"5":3,"6":1,"7":3,"8":0,"9":0,"10":0,"11":0,"12":0,"13":0,"14":0,"15":0,"16":0,"17":0,"18":0,"19":0},"3":{"0":2,"1":1,"2":3,"3":0,"4":2,"5":4,"6":3,"7":6,"8":3,"9":0,"10":0,"11":0,"12":0,"13":0,"14":0,"15":0,"16":0,"17":0,"18":0,"19":0},"4":{"0":1,"1":4,"2":1,"3":2,"4":0,"5":2,"6":4,"7":4,"8":3,"9":4,"10":0,"11":0,"12":0,"13":0,"14":0,"15":0,"16":0,"17":0,"18":0,"19":0},"5":{"0":6,"1":3,"2":3,"3":3,"4":2,"5":0,"6":3,"7":2,"8":3,"9":1,"10":4,"11":0,"12":0,"13":0,"14":0,"15":0,"16":0,"17":0,"18":0,"19":0},"6":{"0":10,"1":2,"2":3,"3":2,"4":0,"5":1,"6":0,"7":3,"8":1,"9":4,"10":3,"11":2,"12":0,"13":0,"14":0,"15":0,"16":0,"17":0,"18":0,"19":0},"7":{"0":1,"1":4,"2":0,"3":2,"4":5,"5":0,"6":3,"7":0,"8":3,"9":1,"10":4,"11":5,"12":3,"13":0,"14":0,"15":0,"16":0,"17":0,"18":0,"19":0},"8":{"0":5,"1":2,"2":6,"3":4,"4":2,"5":2,"6":4,"7":2,"8":0,"9":0,"10":0,"11":2,"12":1,"13":4,"14":0,"15":0,"16":0,"17":0,"18":0,"19":0},"9":{"0":5,"1":8,"2":8,"3":6,"4":6,"5":5,"6":0,"7":1,"8":3,"9":0,"10":2,"11":1,"12":4,"13":1,"14":5,"15":0,"16":0,"17":0,"18":0,"19":0},"10":{"0":4,"1":5,"2":6,"3":10,"4":5,"5":0,"6":1,"7":2,"8":2,"9":3,"10":0,"11":3,"12":4,"13":1,"14":5,"15":5,"16":0,"17":0,"18":0,"19":0},"11":{"0":9,"1":4,"2":11,"3":5,"4":3,"5":2,"6":0,"7":7,"8":6,"9":3,"10":1,"11":0,"12":3,"13":1,"14":4,"15":3,"16":5,"17":0,"18":0,"19":0},"12":{"0":5,"1":5,"2":4,"3":4,"4":7,"5":7,"6":4,"7":4,"8":3,"9":0,"10":1,"11":6,"12":0,"13":4,"14":0,"15":1,"16":1,"17":3,"18":0,"19":0},"13":{"0":4,"1":4,"2":2,"3":4,"4":9,"5":8,"6":7,"7":4,"8":2,"9":8,"10":1,"11":1,"12":3,"13":0,"14":3,"15":4,"16":4,"17":6,"18":3,"19":0},"14":{"0":6,"1":0,"2":5,"3":9,"4":3,"5":9,"6":1,"7":2,"8":2,"9":1,"10":2,"11":4,"12":4,"13":1,"14":0,"15":1,"16":4,"17":1,"18":3,"19":5},"15":{"0":9,"1":7,"2":8,"3":9,"4":3,"5":10,"6":2,"7":2,"8":3,"9":5,"10":0,"11":4,"12":0,"13":5,"14":2,"15":0,"16":7,"17":0,"18":2,"19":0},"16":{"0":1,"1":7,"2":3,"3":5,"4":3,"5":5,"6":3,"7":4,"8":2,"9":8,"10":8,"11":3,"12":2,"13":1,"14":3,"15":3,"16":0,"17":0,"18":3,"19":5},"17":{"0":6,"1":9,"2":4,"3":1,"4":9,"5":4,"6":5,"7":7,"8":4,"9":6,"10":5,"11":2,"12":4,"13":3,"14":0,"15":4,"16":0,"17":0,"18":4,"19":3},"18":{"0":4,"1":4,"2":8,"3":5,"4":4,"5":4,"6":8,"7":4,"8":6,"9":7,"10":6,"11":10,"12":8,"13":5,"14":4,"15":0,"16":5,"17":5,"18":0,"19":3},"19":{"0":4,"1":8,"2":3,"3":5,"4":1,"5":3,"6":4,"7":5,"8":8,"9":6,"10":4,"11":9,"12":6,"13":4,"14":4,"15":3,"16":4,"17":3,"18":0,"19":0}},"method":"hillside","closest_pair":[[1,0,2,3,4,7,5,6,8,9,11,10,12,13,16,14,15,19,17,18],[1,0,2,3,4,7,5,6,8,11,9,10,12,13,16,14,15,19,17,18]],"farthest_pair":[[1,0,2,3,4,7,5,6,8,11,9,10,12,13,16,14,15,19,17,18],[1,0,2,3,4,5,7,6,8,9,11,10,12,13,16,14,15,19,17,18]],"tau_farthest_pair":0.9789473684,"tau_closest_pair":0.9894736842,"centroid_solution":[1,0,2,3,4,7,5,6,8,9,11,10,12,13,16,14,15,19,17,18]}