{"solutions":[[18,19,13,16,17,14,12,15,11,10,8,9,6,7,5,0,1,4,3,2],[18,19,13,14,16,17,15,12,11,10,8,9,6,7,5,0,1,4,3,2],[18,19,13,17,16,14,15,12,11,10,8,9,6,7,5,0,1,4,3,2],[18,19,13,14,17,16,12,15,11,10,8,9,6,7,5,0,1,4,3,2],[18,19,13,14,16,17,12,15,11,10,8,9,6,7,5,0,1,4,3,2],[18,19,13,17,14,16,15,12,11,10,8,9,6,7,5,0,1,4,3,2],[18,19,13,16,17,14,15,12,11,10,8,9,6,7,5,0,1,4,3,2],[18,19,13,14,17,16,15,12,11,10,8,9,6,7,5,0,1,4,3,2],[18,19,13,16,14,17,15,12,11,10,8,9,6,7,5,0,1,4,3,2],[18,19,13,17,16,14,12,15,11,10,8,9,6,7,5,0,1,4,3,2],[18,19,13,17,14,16,12,15,11,10,8,9,6,7,5,0,1,4,3,2],[18,19,13,16,14,17,12,15,11,10,8,9,6,7,5,0,1,4,3,2],[18,19,13,17,16,12,14,15,11,10,8,9,6,7,5,0,1,4,3,2],[18,19,13,16,17,12,14,15,11,10,8,9,6,7,5,0,1,4,3,2]],"obj":1329.0,"max_tau_solutions":null,"centroid_x":[[0.0,1.0,1.0,1.0,1.0,0.0,0.0,0.0,0.0,0.0,0.0,0.0,0.0,0.0,0.0,0.0,0.0,0.0,0.0,0.0],[0.0,0.0,1.0,1.0,1.0,0.0,0.0,0.0,0.0,0.0,0.0,0.0,0.0,0.0,0.0,0.0,0.0,0.0,0.0,0.0],[0.0,0.0,0.0,0.0,0.0,0.0,0.0,0.0,0.0,0.0,0.0,0.0,0.0,0.0,0.0,0.0,0.0,0.0,0.0,0.0],[0.0,0.0,1.0,0.0,0.0,0.0,0.0,0.0,0.0,0.0,0.0,0.0,0.0,0.0,0.0,0.0,0.0,0.0,0.0,0.0],[0.0,0.0,1.0,1.0,0.0,0.0,0.0,0.0,0.0,0.0,0.0,0.0,0.0,0.0,0.0,0.0,0.0,0.0,0.0,0.0],[1.0,1.0,1.0,1.0,1.0,0.0,0.0,0.0,0.0,0.0,0.0,0.0,0.0,0.0,0.0,0.0,0.0,0.0,0.0,0.0],[1.0,1.0,1.0,1.0,1.0,1.0,0.0,1.0,0.0,0.0,0.0,0.0,0.0,0.0,0.0,0.0,0.0,0.0,0.0,0.0],[1.0,1.0,1.0,1.0,1.0,1.0,0.0,0.0,0.0,0.0,0.0,0.0,0.0,0.0,0.0,0.0,0.0,0.0,0.0,0.0],[1.0,1.0,1.0,1.0,1.0,1.0,1.0,1.0,0.0,1.0,0.0,0.0,0.0,0.0,0.0,0.0,0.0,0.0,0.0,0.0],[1.0,1.0,1.0,1.0,1.0,1.0,1.0,1.0,0.0,0.0,0.0,0.0,0.0,0.0,0.0,0.0,0.0,0.0,0.0,0.0],[1.0,1.0,1.0,1.0,1.0,1.0,1.0,1.0,1.0,1.0,0.0,0.0,0.0,0.0,0.0,0.0,0.0,0.0,0.0,0.0],[1.0,1.0,1.0,1.0,1.0,1.0,1.0,1.0,1.0,1.0,1.0,0.0,0.0,0.0,0.0,0.0,0.0,0.0,0.0,0.0],[1.0,1.0,1.0,1.0,1.0,1.0,1.0,1.0,1.0,1.0,1.0,1.0,0.0,0.0,0.2697456934,0.4157727572,0.0,0.0,0.0,0.0],[1.0,1.0,1.0,1.0,1.0,1.0,1.0,1.0,1.0,1.0,1.0,1.0,1.0,0.0,1.0,1.0,1.0,1.0,0.0,0.0],[1.0,1.0,1.0,1.0,1.0,1.0,1.0,1.0,1.0,1.0,1.0,1.0,0.7302543066,0.0,0.0,1.0,0.3378929581,0.3403079623,0.0,0.0],[1.0,1.0,1.0,1.0,1.0,1.0,1.0,1.0,1.0,1.0,1.0,1.0,0.5842272428,0.0,0.0,0.0,0.0,0.0,0.0,0.0],[1.0,1.0,1.0,1.0,1.0,1.0,1.0,1.0,1.0,1.0,1.0,1.0,1.0,0.0,0.6621070419,1.0,0.0,0.3353063667,0.0,0.0],[1.0,1.0,1.0,1.0,1.0,1.0,1.0,1.0,1.0,1.0,1.0,1.0,1.0,0.0,0.6596920377,1.0,0.6646936333,0.0,0.0,0.0],[1.0,1.0,1.0,1.0,1.0,1.0,1.0,1.0,1.0,1.0,1.0,1.0,1.0,1.0,1.0,1.0,1.0,1.0,0.0,1.0],[1.0,1.0,1.0,1.0,1.0,1.0,1.0,1.0,1.0,1.0,1.0,1.0,1.0,1.0,1.0,1.0,1.0,1.0,0.0,0.0]],"outlier_solution":[18,19,13,14,16,17,12,15,11,10,8,9,6,7,5,0,1,4,3,2],"dataset_id":780,"source_dataset_id":827,"options":null,"D":{"0":{"0":0,"1":1,"2":1,"3":5,"4":0,"5":1,"6":4,"7":6,"8":8,"9":4,"10":6,"11":5,"12":7,"13":8,"14":4,"15":4,"16":5,"17":3,"18":5,"19":1},"1":{"0":3,"1":0,"2":1,"3":2,"4":2,"5":1,"6":5,"7":4,"8":10,"9":9,"10":5,"11":6,"12":8,"13":3,"14":3,"15":4,"16":4,"17":1,"18":6,"19":6},"2":{"0":7,"1":4,"2":0,"3":1,"4":2,"5":0,"6":5,"7":2,"8":8,"9":6,"10":7,"11":7,"12":4,"13":4,"14":5,"15":3,"16":3,"17":2,"18":6,"19":5},"3":{"0":4,"1":2,"2":1,"3":0,"4":5,"5":5,"6":4,"7":1,"8":4,"9":3,"10":2,"11":9,"12":4,"13":6,"14":6,"15":10,"16":6,"17":3,"18":8,"19":9},"4":{"0":4,"1":6,"2":4,"3":5,"4":0,"5":6,"6":3,"7":5,"8":4,"9":2,"10":6,"11":6,"12":3,"13":4,"14":3,"15":3,"16":5,"17":11,"18":7,"19":6},"5":{"0":5,"1":2,"2":1,"3":2,"4":3,"5":0,"6":4,"7":2,"8":2,"9":2,"10":5,"11":7,"12":6,"13":6,"14":5,"15":4,"16":4,"17":5,"18":5,"19":5},"6":{"0":0,"1":2,"2":4,"3":3,"4":2,"5":1,"6":0,"7":3,"8":3,"9":1,"10":2,"11":2,"12":6,"13":6,"14":5,"15":3,"16":3,"17":6,"18":7,"19":4},"7":{"0":0,"1":0,"2":1,"3":3,"4":4,"5":5,"6":3,"7":0,"8":0,"9":2,"10":4,"11":2,"12":2,"13":9,"14":9,"15":7,"16":7,"17":7,"18":5,"19":8},"8":{"0":0,"1":0,"2":0,"3":4,"4":0,"5":3,"6":1,"7":1,"8":0,"9":5,"10":5,"11":2,"12":2,"13":3,"14":7,"15":4,"16":3,"17":5,"18":6,"19":8},"9":{"0":0,"1":0,"2":0,"3":0,"4":5,"5":2,"6":2,"7":4,"8":5,"9":0,"10":3,"11":1,"12":3,"13":5,"14":1,"15":5,"16":3,"17":7,"18":5,"19":3},"10":{"0":0,"1":0,"2":0,"3":0,"4":0,"5":1,"6":4,"7":6,"8":6,"9":2,"10":0,"11":2,"12":5,"13":3,"14":2,"15":2,"16":3,"17":1,"18":3,"19":6},"11":{"0":0,"1":0,"2":0,"3":0,"4":0,"5":0,"6":3,"7":2,"8":3,"9":0,"10":4,"11":0,"12":4,"13":2,"14":1,"15":2,"16":1,"17":8,"18":4,"19":7},"12":{"0":0,"1":0,"2":0,"3":0,"4":0,"5":0,"6":0,"7":2,"8":4,"9":1,"10":1,"11":1,"12":0,"13":4,"14":1,"15":1,"16":0,"17":3,"18":4,"19":5},"13":{"0":0,"1":0,"2":0,"3":0,"4":0,"5":0,"6":0,"7":0,"8":1,"9":3,"10":2,"11":2,"12":0,"13":0,"14":2,"15":0,"16":5,"17":2,"18":1,"19":6},"14":{"0":0,"1":0,"2":0,"3":0,"4":0,"5":0,"6":0,"7":0,"8":0,"9":2,"10":2,"11":3,"12":3,"13":2,"14":0,"15":2,"16":2,"17":1,"18":4,"19":1},"15":{"0":0,"1":0,"2":0,"3":0,"4":0,"5":0,"6":0,"7":0,"8":0,"9":0,"10":3,"11":1,"12":3,"13":4,"14":3,"15":0,"16":3,"17":2,"18":1,"19":0},"16":{"0":0,"1":0,"2":0,"3":0,"4":0,"5":0,"6":0,"7":0,"8":0,"9":0,"10":0,"11":5,"12":3,"13":3,"14":2,"15":1,"16":0,"17":0,"18":2,"19":2},"17":{"0":0,"1":0,"2":0,"3":0,"4":0,"5":0,"6":0,"7":0,"8":0,"9":0,"10":0,"11":0,"12":0,"13":2,"14":3,"15":1,"16":3,"17":0,"18":3,"19":2},"18":{"0":0,"1":0,"2":0,"3":0,"4":0,"5":0,"6":0,"7":0,"8":0,"9":0,"10":0,"11":0,"12":0,"13":6,"14":3,"15":2,"16":2,"17":3,"18":0,"19":2},"19":{"0":0,"1":0,"2":0,"3":0,"4":0,"5":0,"6":0,"7":0,"8":0,"9":0,"10":0,"11":0,"12":0,"13":0,"14":4,"15":0,"16":3,"17":4,"18":3,"19":0}},"method":"hillside","closest_pair":[[18,19,13,17,16,14,15,12,11,10,8,9,6,7,5,0,1,4,3,2],[18,19,13,17,16,14,12,15,11,10,8,9,6,7,5,0,1,4,3,2]],"farthest_pair":[[18,19,13,17,16,12,14,15,11,10,8,9,6,7,5,0,1,4,3,2],[18,19,13,14,16,17,15,12,11,10,8,9,6,7,5,0,1,4,3,2]],"tau_farthest_pair":0.9473684211,"tau_closest_pair":0.9894736842,"centroid_solution":[18,19,13,17,16,14,15,12,11,10,8,9,6,7,5,0,1,4,3,2]}