{"solutions":[[19,18,17,16,14,15,13,12,10,11,9,6,8,7,4,5,3,0,1,2],[19,17,18,16,14,15,13,12,10,11,9,6,8,7,4,3,5,0,1,2],[19,17,18,16,14,15,13,12,10,11,9,6,8,7,4,5,3,0,1,2],[19,18,17,16,14,15,13,12,10,11,9,6,8,7,4,3,5,0,1,2]],"obj":1229.0,"max_tau_solutions":null,"centroid_x":[[0.0,1.0,1.0,0.0,0.0,0.0,0.0,0.0,0.0,0.0,0.0,0.0,0.0,0.0,0.0,0.0,0.0,0.0,0.0,0.0],[0.0,0.0,1.0,0.0,0.0,0.0,0.0,0.0,0.0,0.0,0.0,0.0,0.0,0.0,0.0,0.0,0.0,0.0,0.0,0.0],[0.0,0.0,0.0,0.0,0.0,0.0,0.0,0.0,0.0,0.0,0.0,0.0,0.0,0.0,0.0,0.0,0.0,0.0,0.0,0.0],[1.0,1.0,1.0,0.0,0.0,0.3197274827,0.0,0.0,0.0,0.0,0.0,0.0,0.0,0.0,0.0,0.0,0.0,0.0,0.0,0.0],[1.0,1.0,1.0,1.0,0.0,1.0,0.0,0.0,0.0,0.0,0.0,0.0,0.0,0.0,0.0,0.0,0.0,0.0,0.0,0.0],[1.0,1.0,1.0,0.6802725173,0.0,0.0,0.0,0.0,0.0,0.0,0.0,0.0,0.0,0.0,0.0,0.0,0.0,0.0,0.0,0.0],[1.0,1.0,1.0,1.0,1.0,1.0,0.0,1.0,1.0,0.0,0.0,0.0,0.0,0.0,0.0,0.0,0.0,0.0,0.0,0.0],[1.0,1.0,1.0,1.0,1.0,1.0,0.0,0.0,0.0,0.0,0.0,0.0,0.0,0.0,0.0,0.0,0.0,0.0,0.0,0.0],[1.0,1.0,1.0,1.0,1.0,1.0,0.0,1.0,0.0,0.0,0.0,0.0,0.0,0.0,0.0,0.0,0.0,0.0,0.0,0.0],[1.0,1.0,1.0,1.0,1.0,1.0,1.0,1.0,1.0,0.0,0.0,0.0,0.0,0.0,0.0,0.0,0.0,0.0,0.0,0.0],[1.0,1.0,1.0,1.0,1.0,1.0,1.0,1.0,1.0,1.0,0.0,1.0,0.0,0.0,0.0,0.0,0.0,0.0,0.0,0.0],[1.0,1.0,1.0,1.0,1.0,1.0,1.0,1.0,1.0,1.0,0.0,0.0,0.0,0.0,0.0,0.0,0.0,0.0,0.0,0.0],[1.0,1.0,1.0,1.0,1.0,1.0,1.0,1.0,1.0,1.0,1.0,1.0,0.0,0.0,0.0,0.0,0.0,0.0,0.0,0.0],[1.0,1.0,1.0,1.0,1.0,1.0,1.0,1.0,1.0,1.0,1.0,1.0,1.0,0.0,0.0,0.0,0.0,0.0,0.0,0.0],[1.0,1.0,1.0,1.0,1.0,1.0,1.0,1.0,1.0,1.0,1.0,1.0,1.0,1.0,0.0,1.0,0.0,0.0,0.0,0.0],[1.0,1.0,1.0,1.0,1.0,1.0,1.0,1.0,1.0,1.0,1.0,1.0,1.0,1.0,0.0,0.0,0.0,0.0,0.0,0.0],[1.0,1.0,1.0,1.0,1.0,1.0,1.0,1.0,1.0,1.0,1.0,1.0,1.0,1.0,1.0,1.0,0.0,0.0,0.0,0.0],[1.0,1.0,1.0,1.0,1.0,1.0,1.0,1.0,1.0,1.0,1.0,1.0,1.0,1.0,1.0,1.0,1.0,0.0,0.3396560119,0.0],[1.0,1.0,1.0,1.0,1.0,1.0,1.0,1.0,1.0,1.0,1.0,1.0,1.0,1.0,1.0,1.0,1.0,0.6603439881,0.0,0.0],[1.0,1.0,1.0,1.0,1.0,1.0,1.0,1.0,1.0,1.0,1.0,1.0,1.0,1.0,1.0,1.0,1.0,1.0,1.0,0.0]],"outlier_solution":[19,17,18,16,14,15,13,12,10,11,9,6,8,7,4,3,5,0,1,2],"dataset_id":782,"source_dataset_id":829,"options":null,"D":{"0":{"0":0,"1":1,"2":1,"3":3,"4":4,"5":1,"6":2,"7":4,"8":5,"9":5,"10":10,"11":3,"12":3,"13":6,"14":5,"15":4,"16":4,"17":4,"18":2,"19":0},"1":{"0":4,"1":0,"2":4,"3":4,"4":2,"5":2,"6":3,"7":3,"8":4,"9":2,"10":5,"11":2,"12":5,"13":4,"14":2,"15":6,"16":5,"17":7,"18":7,"19":11},"2":{"0":1,"1":1,"2":0,"3":5,"4":5,"5":2,"6":5,"7":4,"8":7,"9":4,"10":8,"11":1,"12":6,"13":8,"14":7,"15":8,"16":4,"17":3,"18":6,"19":7},"3":{"0":2,"1":0,"2":2,"3":0,"4":4,"5":4,"6":5,"7":2,"8":4,"9":6,"10":5,"11":4,"12":4,"13":4,"14":4,"15":5,"16":6,"17":3,"18":5,"19":8},"4":{"0":6,"1":4,"2":2,"3":7,"4":0,"5":3,"6":1,"7":3,"8":0,"9":1,"10":11,"11":4,"12":6,"13":2,"14":8,"15":5,"16":4,"17":6,"18":4,"19":5},"5":{"0":1,"1":1,"2":2,"3":5,"4":1,"5":0,"6":4,"7":2,"8":2,"9":3,"10":5,"11":4,"12":4,"13":4,"14":5,"15":2,"16":6,"17":7,"18":5,"19":4},"6":{"0":0,"1":1,"2":2,"3":2,"4":1,"5":1,"6":0,"7":1,"8":3,"9":5,"10":3,"11":0,"12":2,"13":4,"14":10,"15":3,"16":4,"17":5,"18":6,"19":7},"7":{"0":0,"1":0,"2":3,"3":2,"4":4,"5":3,"6":1,"7":0,"8":3,"9":4,"10":4,"11":2,"12":2,"13":6,"14":5,"15":9,"16":3,"17":7,"18":9,"19":10},"8":{"0":0,"1":0,"2":0,"3":4,"4":5,"5":3,"6":3,"7":2,"8":0,"9":2,"10":3,"11":2,"12":3,"13":7,"14":10,"15":9,"16":5,"17":3,"18":5,"19":3},"9":{"0":0,"1":0,"2":0,"3":0,"4":2,"5":8,"6":4,"7":0,"8":2,"9":0,"10":1,"11":2,"12":2,"13":1,"14":4,"15":5,"16":4,"17":6,"18":6,"19":6},"10":{"0":0,"1":0,"2":0,"3":0,"4":0,"5":0,"6":0,"7":4,"8":0,"9":4,"10":0,"11":2,"12":5,"13":1,"14":5,"15":4,"16":6,"17":8,"18":10,"19":5},"11":{"0":0,"1":0,"2":0,"3":0,"4":0,"5":0,"6":1,"7":3,"8":0,"9":3,"10":3,"11":0,"12":3,"13":3,"14":1,"15":1,"16":0,"17":5,"18":4,"19":7},"12":{"0":0,"1":0,"2":0,"3":0,"4":0,"5":0,"6":0,"7":4,"8":6,"9":1,"10":2,"11":2,"12":0,"13":1,"14":4,"15":2,"16":6,"17":2,"18":9,"19":8},"13":{"0":0,"1":0,"2":0,"3":0,"4":0,"5":0,"6":0,"7":0,"8":4,"9":0,"10":4,"11":4,"12":7,"13":0,"14":2,"15":2,"16":3,"17":4,"18":2,"19":5},"14":{"0":0,"1":0,"2":0,"3":0,"4":0,"5":0,"6":0,"7":0,"8":0,"9":0,"10":2,"11":1,"12":4,"13":2,"14":0,"15":1,"16":6,"17":1,"18":2,"19":5},"15":{"0":0,"1":0,"2":0,"3":0,"4":0,"5":0,"6":0,"7":0,"8":0,"9":0,"10":2,"11":0,"12":4,"13":3,"14":2,"15":0,"16":5,"17":1,"18":4,"19":1},"16":{"0":0,"1":0,"2":0,"3":0,"4":0,"5":0,"6":0,"7":0,"8":0,"9":0,"10":0,"11":2,"12":3,"13":5,"14":3,"15":1,"16":0,"17":3,"18":1,"19":2},"17":{"0":0,"1":0,"2":0,"3":0,"4":0,"5":0,"6":0,"7":0,"8":0,"9":0,"10":0,"11":0,"12":2,"13":1,"14":1,"15":0,"16":4,"17":0,"18":2,"19":1},"18":{"0":0,"1":0,"2":0,"3":0,"4":0,"5":0,"6":0,"7":0,"8":0,"9":0,"10":0,"11":0,"12":0,"13":2,"14":2,"15":2,"16":3,"17":2,"18":0,"19":5},"19":{"0":0,"1":0,"2":0,"3":0,"4":0,"5":0,"6":0,"7":0,"8":0,"9":0,"10":0,"11":0,"12":0,"13":0,"14":1,"15":2,"16":2,"17":3,"18":1,"19":0}},"method":"hillside","closest_pair":[[19,18,17,16,14,15,13,12,10,11,9,6,8,7,4,5,3,0,1,2],[19,17,18,16,14,15,13,12,10,11,9,6,8,7,4,5,3,0,1,2]],"farthest_pair":[[19,18,17,16,14,15,13,12,10,11,9,6,8,7,4,5,3,0,1,2],[19,17,18,16,14,15,13,12,10,11,9,6,8,7,4,3,5,0,1,2]],"tau_farthest_pair":0.9789473684,"tau_closest_pair":0.9894736842,"centroid_solution":[19,18,17,16,14,15,13,12,10,11,9,6,8,7,4,5,3,0,1,2]}