{"solutions":[[18,19,16,17,14,15,13,12,10,11,8,9,7,4,6,5,2,3,1,0],[19,18,16,17,14,15,13,12,10,11,8,9,7,4,6,5,2,3,1,0]],"obj":1249.0,"max_tau_solutions":null,"centroid_x":[[0.0,0.0,0.0,0.0,0.0,0.0,0.0,0.0,0.0,0.0,0.0,0.0,0.0,0.0,0.0,0.0,0.0,0.0,0.0,0.0],[1.0,0.0,0.0,0.0,0.0,0.0,0.0,0.0,0.0,0.0,0.0,0.0,0.0,0.0,0.0,0.0,0.0,0.0,0.0,0.0],[1.0,1.0,0.0,1.0,0.0,0.0,0.0,0.0,0.0,0.0,0.0,0.0,0.0,0.0,0.0,0.0,0.0,0.0,0.0,0.0],[1.0,1.0,0.0,0.0,0.0,0.0,0.0,0.0,0.0,0.0,0.0,0.0,0.0,0.0,0.0,0.0,0.0,0.0,0.0,0.0],[1.0,1.0,1.0,1.0,0.0,1.0,1.0,0.0,0.0,0.0,0.0,0.0,0.0,0.0,0.0,0.0,0.0,0.0,0.0,0.0],[1.0,1.0,1.0,1.0,0.0,0.0,0.0,0.0,0.0,0.0,0.0,0.0,0.0,0.0,0.0,0.0,0.0,0.0,0.0,0.0],[1.0,1.0,1.0,1.0,0.0,1.0,0.0,0.0,0.0,0.0,0.0,0.0,0.0,0.0,0.0,0.0,0.0,0.0,0.0,0.0],[1.0,1.0,1.0,1.0,1.0,1.0,1.0,0.0,0.0,0.0,0.0,0.0,0.0,0.0,0.0,0.0,0.0,0.0,0.0,0.0],[1.0,1.0,1.0,1.0,1.0,1.0,1.0,1.0,0.0,1.0,0.0,0.0,0.0,0.0,0.0,0.0,0.0,0.0,0.0,0.0],[1.0,1.0,1.0,1.0,1.0,1.0,1.0,1.0,0.0,0.0,0.0,0.0,0.0,0.0,0.0,0.0,0.0,0.0,0.0,0.0],[1.0,1.0,1.0,1.0,1.0,1.0,1.0,1.0,1.0,1.0,0.0,1.0,0.0,0.0,0.0,0.0,0.0,0.0,0.0,0.0],[1.0,1.0,1.0,1.0,1.0,1.0,1.0,1.0,1.0,1.0,0.0,0.0,0.0,0.0,0.0,0.0,0.0,0.0,0.0,0.0],[1.0,1.0,1.0,1.0,1.0,1.0,1.0,1.0,1.0,1.0,1.0,1.0,0.0,0.0,0.0,0.0,0.0,0.0,0.0,0.0],[1.0,1.0,1.0,1.0,1.0,1.0,1.0,1.0,1.0,1.0,1.0,1.0,1.0,0.0,0.0,0.0,0.0,0.0,0.0,0.0],[1.0,1.0,1.0,1.0,1.0,1.0,1.0,1.0,1.0,1.0,1.0,1.0,1.0,1.0,0.0,1.0,0.0,0.0,0.0,0.0],[1.0,1.0,1.0,1.0,1.0,1.0,1.0,1.0,1.0,1.0,1.0,1.0,1.0,1.0,0.0,0.0,0.0,0.0,0.0,0.0],[1.0,1.0,1.0,1.0,1.0,1.0,1.0,1.0,1.0,1.0,1.0,1.0,1.0,1.0,1.0,1.0,0.0,1.0,0.0,0.0],[1.0,1.0,1.0,1.0,1.0,1.0,1.0,1.0,1.0,1.0,1.0,1.0,1.0,1.0,1.0,1.0,0.0,0.0,0.0,0.0],[1.0,1.0,1.0,1.0,1.0,1.0,1.0,1.0,1.0,1.0,1.0,1.0,1.0,1.0,1.0,1.0,1.0,1.0,0.0,0.3412199931],[1.0,1.0,1.0,1.0,1.0,1.0,1.0,1.0,1.0,1.0,1.0,1.0,1.0,1.0,1.0,1.0,1.0,1.0,0.6587800069,0.0]],"outlier_solution":[18,19,16,17,14,15,13,12,10,11,8,9,7,4,6,5,2,3,1,0],"dataset_id":784,"source_dataset_id":831,"options":null,"D":{"0":{"0":0,"1":3,"2":4,"3":3,"4":3,"5":2,"6":7,"7":10,"8":6,"9":7,"10":5,"11":1,"12":4,"13":2,"14":5,"15":4,"16":5,"17":5,"18":7,"19":4},"1":{"0":2,"1":0,"2":3,"3":3,"4":4,"5":1,"6":3,"7":4,"8":4,"9":8,"10":2,"11":7,"12":6,"13":2,"14":2,"15":14,"16":7,"17":3,"18":8,"19":6},"2":{"0":3,"1":3,"2":0,"3":3,"4":3,"5":2,"6":2,"7":2,"8":3,"9":3,"10":9,"11":5,"12":5,"13":6,"14":8,"15":3,"16":5,"17":4,"18":7,"19":8},"3":{"0":1,"1":5,"2":3,"3":0,"4":3,"5":1,"6":3,"7":1,"8":5,"9":5,"10":7,"11":7,"12":3,"13":5,"14":9,"15":3,"16":6,"17":2,"18":11,"19":6},"4":{"0":5,"1":5,"2":2,"3":1,"4":0,"5":3,"6":3,"7":1,"8":2,"9":0,"10":5,"11":6,"12":9,"13":3,"14":8,"15":4,"16":3,"17":4,"18":3,"19":2},"5":{"0":3,"1":2,"2":3,"3":2,"4":3,"5":0,"6":1,"7":5,"8":7,"9":2,"10":5,"11":7,"12":5,"13":6,"14":7,"15":9,"16":7,"17":8,"18":4,"19":2},"6":{"0":0,"1":1,"2":4,"3":3,"4":1,"5":6,"6":0,"7":0,"8":3,"9":2,"10":1,"11":6,"12":5,"13":4,"14":7,"15":7,"16":9,"17":2,"18":7,"19":8},"7":{"0":0,"1":0,"2":1,"3":2,"4":2,"5":4,"6":1,"7":0,"8":1,"9":2,"10":6,"11":2,"12":3,"13":6,"14":7,"15":2,"16":6,"17":6,"18":6,"19":4},"8":{"0":0,"1":0,"2":0,"3":2,"4":2,"5":2,"6":1,"7":5,"8":0,"9":2,"10":4,"11":3,"12":2,"13":1,"14":3,"15":5,"16":3,"17":4,"18":4,"19":7},"9":{"0":0,"1":0,"2":0,"3":0,"4":5,"5":3,"6":1,"7":1,"8":6,"9":0,"10":5,"11":3,"12":1,"13":3,"14":5,"15":8,"16":8,"17":6,"18":0,"19":9},"10":{"0":0,"1":0,"2":0,"3":0,"4":0,"5":4,"6":2,"7":0,"8":3,"9":2,"10":0,"11":0,"12":1,"13":3,"14":1,"15":4,"16":3,"17":3,"18":7,"19":7},"11":{"0":0,"1":0,"2":0,"3":0,"4":0,"5":0,"6":7,"7":3,"8":2,"9":6,"10":2,"11":0,"12":3,"13":2,"14":5,"15":1,"16":0,"17":8,"18":5,"19":6},"12":{"0":0,"1":0,"2":0,"3":0,"4":0,"5":0,"6":0,"7":6,"8":2,"9":2,"10":2,"11":2,"12":0,"13":3,"14":3,"15":2,"16":3,"17":3,"18":3,"19":5},"13":{"0":0,"1":0,"2":0,"3":0,"4":0,"5":0,"6":0,"7":0,"8":4,"9":7,"10":1,"11":0,"12":2,"13":0,"14":3,"15":1,"16":1,"17":3,"18":0,"19":6},"14":{"0":0,"1":0,"2":0,"3":0,"4":0,"5":0,"6":0,"7":0,"8":0,"9":1,"10":1,"11":0,"12":2,"13":2,"14":0,"15":2,"16":2,"17":1,"18":1,"19":1},"15":{"0":0,"1":0,"2":0,"3":0,"4":0,"5":0,"6":0,"7":0,"8":0,"9":0,"10":2,"11":2,"12":2,"13":1,"14":4,"15":0,"16":3,"17":3,"18":2,"19":4},"16":{"0":0,"1":0,"2":0,"3":0,"4":0,"5":0,"6":0,"7":0,"8":0,"9":0,"10":0,"11":6,"12":4,"13":0,"14":2,"15":1,"16":0,"17":2,"18":4,"19":3},"17":{"0":0,"1":0,"2":0,"3":0,"4":0,"5":0,"6":0,"7":0,"8":0,"9":0,"10":0,"11":0,"12":5,"13":1,"14":0,"15":5,"16":1,"17":0,"18":3,"19":0},"18":{"0":0,"1":0,"2":0,"3":0,"4":0,"5":0,"6":0,"7":0,"8":0,"9":0,"10":0,"11":0,"12":0,"13":3,"14":0,"15":1,"16":2,"17":1,"18":0,"19":2},"19":{"0":0,"1":0,"2":0,"3":0,"4":0,"5":0,"6":0,"7":0,"8":0,"9":0,"10":0,"11":0,"12":0,"13":0,"14":1,"15":1,"16":2,"17":1,"18":5,"19":0}},"method":"hillside","closest_pair":[[18,19,16,17,14,15,13,12,10,11,8,9,7,4,6,5,2,3,1,0],[19,18,16,17,14,15,13,12,10,11,8,9,7,4,6,5,2,3,1,0]],"farthest_pair":[[19,18,16,17,14,15,13,12,10,11,8,9,7,4,6,5,2,3,1,0],[18,19,16,17,14,15,13,12,10,11,8,9,7,4,6,5,2,3,1,0]],"tau_farthest_pair":0.9894736842,"tau_closest_pair":0.9894736842,"centroid_solution":[19,18,16,17,14,15,13,12,10,11,8,9,7,4,6,5,2,3,1,0]}