{"solutions":[[17,19,18,14,15,16,12,13,11,9,10,8,6,7,4,5,3,0,2,1],[17,19,18,14,15,13,16,12,11,9,10,8,6,7,4,5,3,2,0,1],[17,19,18,14,15,16,13,12,11,9,10,8,6,7,4,5,3,0,2,1],[17,19,18,14,15,13,16,12,11,9,8,10,6,7,4,5,3,0,2,1],[17,19,18,14,15,16,12,13,11,9,8,10,6,7,4,5,0,3,2,1],[17,19,18,14,15,13,16,12,11,9,8,10,6,7,4,5,0,3,2,1],[17,19,18,14,15,16,12,13,11,9,8,10,6,7,4,5,3,0,2,1],[17,19,18,14,15,16,13,12,11,9,8,10,6,7,4,5,3,2,0,1],[17,19,18,14,15,16,13,12,11,9,8,10,6,7,4,5,0,3,2,1],[17,19,18,14,15,16,13,12,11,9,10,8,6,7,4,5,0,3,2,1],[17,19,18,14,15,16,12,13,11,9,10,8,6,7,4,5,3,2,0,1],[17,19,18,14,15,16,13,12,11,9,8,10,6,7,4,5,3,0,2,1],[17,19,18,14,15,13,16,12,11,9,10,8,6,7,4,5,3,0,2,1],[17,19,18,14,15,13,16,12,11,9,8,10,6,7,4,5,3,2,0,1],[17,19,18,14,15,16,12,13,11,9,10,8,6,7,4,5,0,3,2,1],[17,19,18,14,15,16,12,13,11,9,8,10,6,7,4,5,3,2,0,1],[17,19,18,14,15,13,16,12,11,9,10,8,6,7,4,5,0,3,2,1],[17,19,18,14,15,16,13,12,11,9,10,8,6,7,4,5,3,2,0,1]],"obj":1254.0,"max_tau_solutions":null,"centroid_x":[[0.0,1.0,0.3926834279,0.2908277036,0.0,0.0,0.0,0.0,0.0,0.0,0.0,0.0,0.0,0.0,0.0,0.0,0.0,0.0,0.0,0.0],[0.0,0.0,0.0,0.0,0.0,0.0,0.0,0.0,0.0,0.0,0.0,0.0,0.0,0.0,0.0,0.0,0.0,0.0,0.0,0.0],[0.6073165721,1.0,0.0,0.0,0.0,0.0,0.0,0.0,0.0,0.0,0.0,0.0,0.0,0.0,0.0,0.0,0.0,0.0,0.0,0.0],[0.7091722964,1.0,1.0,0.0,0.0,0.0,0.0,0.0,0.0,0.0,0.0,0.0,0.0,0.0,0.0,0.0,0.0,0.0,0.0,0.0],[1.0,1.0,1.0,1.0,0.0,1.0,0.0,0.0,0.0,0.0,0.0,0.0,0.0,0.0,0.0,0.0,0.0,0.0,0.0,0.0],[1.0,1.0,1.0,1.0,0.0,0.0,0.0,0.0,0.0,0.0,0.0,0.0,0.0,0.0,0.0,0.0,0.0,0.0,0.0,0.0],[1.0,1.0,1.0,1.0,1.0,1.0,0.0,1.0,0.0,0.0,0.0,0.0,0.0,0.0,0.0,0.0,0.0,0.0,0.0,0.0],[1.0,1.0,1.0,1.0,1.0,1.0,0.0,0.0,0.0,0.0,0.0,0.0,0.0,0.0,0.0,0.0,0.0,0.0,0.0,0.0],[1.0,1.0,1.0,1.0,1.0,1.0,1.0,1.0,0.0,0.0,0.3215836042,0.0,0.0,0.0,0.0,0.0,0.0,0.0,0.0,0.0],[1.0,1.0,1.0,1.0,1.0,1.0,1.0,1.0,1.0,0.0,1.0,0.0,0.0,0.0,0.0,0.0,0.0,0.0,0.0,0.0],[1.0,1.0,1.0,1.0,1.0,1.0,1.0,1.0,0.6784163958,0.0,0.0,0.0,0.0,0.0,0.0,0.0,0.0,0.0,0.0,0.0],[1.0,1.0,1.0,1.0,1.0,1.0,1.0,1.0,1.0,1.0,1.0,0.0,0.0,0.0,0.0,0.0,0.0,0.0,0.0,0.0],[1.0,1.0,1.0,1.0,1.0,1.0,1.0,1.0,1.0,1.0,1.0,1.0,0.0,0.3204903903,0.0,0.0,0.0,0.0,0.0,0.0],[1.0,1.0,1.0,1.0,1.0,1.0,1.0,1.0,1.0,1.0,1.0,1.0,0.6795096097,0.0,0.0,0.0,0.3428493327,0.0,0.0,0.0],[1.0,1.0,1.0,1.0,1.0,1.0,1.0,1.0,1.0,1.0,1.0,1.0,1.0,1.0,0.0,1.0,1.0,0.0,0.0,0.0],[1.0,1.0,1.0,1.0,1.0,1.0,1.0,1.0,1.0,1.0,1.0,1.0,1.0,1.0,0.0,0.0,1.0,0.0,0.0,0.0],[1.0,1.0,1.0,1.0,1.0,1.0,1.0,1.0,1.0,1.0,1.0,1.0,1.0,0.6571506673,0.0,0.0,0.0,0.0,0.0,0.0],[1.0,1.0,1.0,1.0,1.0,1.0,1.0,1.0,1.0,1.0,1.0,1.0,1.0,1.0,1.0,1.0,1.0,0.0,1.0,1.0],[1.0,1.0,1.0,1.0,1.0,1.0,1.0,1.0,1.0,1.0,1.0,1.0,1.0,1.0,1.0,1.0,1.0,0.0,0.0,0.0],[1.0,1.0,1.0,1.0,1.0,1.0,1.0,1.0,1.0,1.0,1.0,1.0,1.0,1.0,1.0,1.0,1.0,0.0,1.0,0.0]],"outlier_solution":[17,19,18,14,15,16,12,13,11,9,8,10,6,7,4,5,0,3,2,1],"dataset_id":788,"source_dataset_id":835,"options":null,"D":{"0":{"0":0,"1":5,"2":2,"3":4,"4":0,"5":1,"6":3,"7":4,"8":2,"9":6,"10":4,"11":3,"12":6,"13":5,"14":4,"15":5,"16":5,"17":4,"18":6,"19":3},"1":{"0":1,"1":0,"2":2,"3":4,"4":5,"5":0,"6":7,"7":6,"8":6,"9":6,"10":5,"11":9,"12":5,"13":8,"14":4,"15":7,"16":7,"17":9,"18":5,"19":8},"2":{"0":3,"1":2,"2":0,"3":0,"4":5,"5":5,"6":3,"7":2,"8":6,"9":7,"10":6,"11":8,"12":5,"13":4,"14":9,"15":4,"16":4,"17":8,"18":4,"19":5},"3":{"0":4,"1":1,"2":6,"3":0,"4":5,"5":4,"6":3,"7":1,"8":1,"9":4,"10":7,"11":4,"12":8,"13":3,"14":6,"15":4,"16":6,"17":2,"18":4,"19":5},"4":{"0":4,"1":2,"2":3,"3":3,"4":0,"5":0,"6":3,"7":2,"8":5,"9":1,"10":4,"11":9,"12":4,"13":6,"14":6,"15":3,"16":2,"17":4,"18":3,"19":4},"5":{"0":3,"1":5,"2":0,"3":3,"4":1,"5":0,"6":2,"7":1,"8":2,"9":4,"10":3,"11":4,"12":2,"13":7,"14":4,"15":2,"16":3,"17":9,"18":7,"19":6},"6":{"0":0,"1":4,"2":0,"3":3,"4":2,"5":0,"6":0,"7":4,"8":0,"9":2,"10":0,"11":2,"12":6,"13":6,"14":10,"15":6,"16":1,"17":4,"18":4,"19":5},"7":{"0":0,"1":0,"2":2,"3":0,"4":2,"5":2,"6":4,"7":0,"8":1,"9":3,"10":2,"11":6,"12":5,"13":4,"14":5,"15":5,"16":4,"17":9,"18":8,"19":9},"8":{"0":0,"1":0,"2":0,"3":1,"4":4,"5":2,"6":2,"7":0,"8":0,"9":6,"10":2,"11":2,"12":2,"13":1,"14":6,"15":3,"16":2,"17":7,"18":5,"19":3},"9":{"0":0,"1":0,"2":0,"3":0,"4":2,"5":2,"6":2,"7":1,"8":3,"9":0,"10":3,"11":4,"12":9,"13":3,"14":0,"15":3,"16":4,"17":6,"18":3,"19":5},"10":{"0":0,"1":0,"2":0,"3":0,"4":0,"5":2,"6":5,"7":4,"8":5,"9":2,"10":0,"11":3,"12":3,"13":2,"14":1,"15":4,"16":5,"17":9,"18":8,"19":8},"11":{"0":0,"1":0,"2":0,"3":0,"4":0,"5":0,"6":0,"7":2,"8":3,"9":0,"10":6,"11":0,"12":2,"13":2,"14":4,"15":5,"16":2,"17":5,"18":5,"19":4},"12":{"0":0,"1":0,"2":0,"3":0,"4":0,"5":0,"6":0,"7":3,"8":2,"9":0,"10":5,"11":1,"12":0,"13":4,"14":0,"15":1,"16":2,"17":4,"18":6,"19":9},"13":{"0":0,"1":0,"2":0,"3":0,"4":0,"5":0,"6":0,"7":0,"8":2,"9":5,"10":5,"11":1,"12":0,"13":0,"14":6,"15":2,"16":2,"17":1,"18":0,"19":10},"14":{"0":0,"1":0,"2":0,"3":0,"4":0,"5":0,"6":0,"7":0,"8":0,"9":5,"10":3,"11":1,"12":3,"13":0,"14":0,"15":3,"16":3,"17":7,"18":3,"19":3},"15":{"0":0,"1":0,"2":0,"3":0,"4":0,"5":0,"6":0,"7":0,"8":0,"9":0,"10":0,"11":2,"12":0,"13":1,"14":2,"15":0,"16":1,"17":3,"18":4,"19":6},"16":{"0":0,"1":0,"2":0,"3":0,"4":0,"5":0,"6":0,"7":0,"8":0,"9":0,"10":0,"11":1,"12":3,"13":5,"14":2,"15":3,"16":0,"17":3,"18":2,"19":2},"17":{"0":0,"1":0,"2":0,"3":0,"4":0,"5":0,"6":0,"7":0,"8":0,"9":0,"10":0,"11":0,"12":2,"13":3,"14":3,"15":2,"16":1,"17":0,"18":1,"19":9},"18":{"0":0,"1":0,"2":0,"3":0,"4":0,"5":0,"6":0,"7":0,"8":0,"9":0,"10":0,"11":0,"12":0,"13":3,"14":2,"15":1,"16":1,"17":3,"18":0,"19":2},"19":{"0":0,"1":0,"2":0,"3":0,"4":0,"5":0,"6":0,"7":0,"8":0,"9":0,"10":0,"11":0,"12":0,"13":0,"14":3,"15":3,"16":2,"17":4,"18":4,"19":0}},"method":"hillside","closest_pair":[[17,19,18,14,15,16,13,12,11,9,10,8,6,7,4,5,3,0,2,1],[17,19,18,14,15,16,13,12,11,9,10,8,6,7,4,5,3,2,0,1]],"farthest_pair":[[17,19,18,14,15,16,12,13,11,9,10,8,6,7,4,5,3,2,0,1],[17,19,18,14,15,13,16,12,11,9,8,10,6,7,4,5,0,3,2,1]],"tau_farthest_pair":0.9473684211,"tau_closest_pair":0.9894736842,"centroid_solution":[17,19,18,14,15,16,13,12,11,9,10,8,6,7,4,5,3,2,0,1]}