{"solutions":[[1,2,0,3,5,4,7,6,10,8,9,11,13,12,16,15,14,18,19,17],[1,0,2,3,5,4,7,6,8,10,9,11,12,13,16,15,14,18,19,17],[1,2,0,3,5,4,7,6,10,8,9,11,12,13,16,15,14,18,19,17],[1,0,2,3,5,4,7,6,10,8,9,11,12,13,16,15,14,18,19,17],[1,2,0,3,5,4,7,6,10,8,9,11,12,16,13,15,14,18,19,17],[1,2,3,0,5,4,7,6,8,10,9,11,13,12,16,15,14,18,19,17],[1,2,0,3,5,4,7,6,8,10,9,11,12,13,16,15,14,18,19,17],[1,2,3,0,5,4,7,6,10,8,9,11,12,13,16,15,14,18,19,17],[1,2,3,0,5,4,7,6,8,10,9,11,12,16,13,15,14,18,19,17],[1,0,2,3,5,4,7,6,8,10,9,11,12,16,13,15,14,18,19,17],[1,0,2,3,5,4,7,6,8,10,9,11,13,12,16,15,14,18,19,17],[1,2,3,0,5,4,7,6,8,10,9,11,12,13,16,15,14,18,19,17],[1,2,0,3,5,4,7,6,8,10,9,11,13,12,16,15,14,18,19,17],[1,0,2,3,5,4,7,6,10,8,9,11,13,12,16,15,14,18,19,17],[1,0,2,3,5,4,7,6,10,8,9,11,12,16,13,15,14,18,19,17],[1,2,0,3,5,4,7,6,8,10,9,11,12,16,13,15,14,18,19,17],[1,2,3,0,5,4,7,6,10,8,9,11,12,16,13,15,14,18,19,17],[1,2,3,0,5,4,7,6,10,8,9,11,13,12,16,15,14,18,19,17]],"obj":1254.0,"max_tau_solutions":null,"centroid_x":[[0.0,0.0,0.4450554459,0.580187531,1.0,1.0,1.0,1.0,1.0,1.0,1.0,1.0,1.0,1.0,1.0,1.0,1.0,1.0,1.0,1.0],[1.0,0.0,1.0,1.0,1.0,1.0,1.0,1.0,1.0,1.0,1.0,1.0,1.0,1.0,1.0,1.0,1.0,1.0,1.0,1.0],[0.5549445541,0.0,0.0,1.0,1.0,1.0,1.0,1.0,1.0,1.0,1.0,1.0,1.0,1.0,1.0,1.0,1.0,1.0,1.0,1.0],[0.419812469,0.0,0.0,0.0,1.0,1.0,1.0,1.0,1.0,1.0,1.0,1.0,1.0,1.0,1.0,1.0,1.0,1.0,1.0,1.0],[0.0,0.0,0.0,0.0,0.0,0.0,1.0,1.0,1.0,1.0,1.0,1.0,1.0,1.0,1.0,1.0,1.0,1.0,1.0,1.0],[0.0,0.0,0.0,0.0,1.0,0.0,1.0,1.0,1.0,1.0,1.0,1.0,1.0,1.0,1.0,1.0,1.0,1.0,1.0,1.0],[0.0,0.0,0.0,0.0,0.0,0.0,0.0,0.0,1.0,1.0,1.0,1.0,1.0,1.0,1.0,1.0,1.0,1.0,1.0,1.0],[0.0,0.0,0.0,0.0,0.0,0.0,1.0,0.0,1.0,1.0,1.0,1.0,1.0,1.0,1.0,1.0,1.0,1.0,1.0,1.0],[0.0,0.0,0.0,0.0,0.0,0.0,0.0,0.0,0.0,1.0,0.5230820577,1.0,1.0,1.0,1.0,1.0,1.0,1.0,1.0,1.0],[0.0,0.0,0.0,0.0,0.0,0.0,0.0,0.0,0.0,0.0,0.0,1.0,1.0,1.0,1.0,1.0,1.0,1.0,1.0,1.0],[0.0,0.0,0.0,0.0,0.0,0.0,0.0,0.0,0.4769179423,1.0,0.0,1.0,1.0,1.0,1.0,1.0,1.0,1.0,1.0,1.0],[0.0,0.0,0.0,0.0,0.0,0.0,0.0,0.0,0.0,0.0,0.0,0.0,1.0,1.0,1.0,1.0,1.0,1.0,1.0,1.0],[0.0,0.0,0.0,0.0,0.0,0.0,0.0,0.0,0.0,0.0,0.0,0.0,0.0,0.533905638,1.0,1.0,1.0,1.0,1.0,1.0],[0.0,0.0,0.0,0.0,0.0,0.0,0.0,0.0,0.0,0.0,0.0,0.0,0.466094362,0.0,1.0,1.0,0.6050253989,1.0,1.0,1.0],[0.0,0.0,0.0,0.0,0.0,0.0,0.0,0.0,0.0,0.0,0.0,0.0,0.0,0.0,0.0,0.0,0.0,1.0,1.0,1.0],[0.0,0.0,0.0,0.0,0.0,0.0,0.0,0.0,0.0,0.0,0.0,0.0,0.0,0.0,1.0,0.0,0.0,1.0,1.0,1.0],[0.0,0.0,0.0,0.0,0.0,0.0,0.0,0.0,0.0,0.0,0.0,0.0,0.0,0.3949746011,1.0,1.0,0.0,1.0,1.0,1.0],[0.0,0.0,0.0,0.0,0.0,0.0,0.0,0.0,0.0,0.0,0.0,0.0,0.0,0.0,0.0,0.0,0.0,0.0,0.0,0.0],[0.0,0.0,0.0,0.0,0.0,0.0,0.0,0.0,0.0,0.0,0.0,0.0,0.0,0.0,0.0,0.0,0.0,1.0,0.0,1.0],[0.0,0.0,0.0,0.0,0.0,0.0,0.0,0.0,0.0,0.0,0.0,0.0,0.0,0.0,0.0,0.0,0.0,1.0,0.0,0.0]],"outlier_solution":[1,2,3,0,5,4,7,6,10,8,9,11,12,16,13,15,14,18,19,17],"dataset_id":788,"source_dataset_id":835,"options":null,"D":{"0":{"0":0,"1":1,"2":3,"3":4,"4":4,"5":3,"6":0,"7":0,"8":0,"9":0,"10":0,"11":0,"12":0,"13":0,"14":0,"15":0,"16":0,"17":0,"18":0,"19":0},"1":{"0":5,"1":0,"2":2,"3":1,"4":2,"5":5,"6":4,"7":0,"8":0,"9":0,"10":0,"11":0,"12":0,"13":0,"14":0,"15":0,"16":0,"17":0,"18":0,"19":0},"2":{"0":2,"1":2,"2":0,"3":6,"4":3,"5":0,"6":0,"7":2,"8":0,"9":0,"10":0,"11":0,"12":0,"13":0,"14":0,"15":0,"16":0,"17":0,"18":0,"19":0},"3":{"0":4,"1":4,"2":0,"3":0,"4":3,"5":3,"6":3,"7":0,"8":1,"9":0,"10":0,"11":0,"12":0,"13":0,"14":0,"15":0,"16":0,"17":0,"18":0,"19":0},"4":{"0":0,"1":5,"2":5,"3":5,"4":0,"5":1,"6":2,"7":2,"8":4,"9":2,"10":0,"11":0,"12":0,"13":0,"14":0,"15":0,"16":0,"17":0,"18":0,"19":0},"5":{"0":1,"1":0,"2":5,"3":4,"4":0,"5":0,"6":0,"7":2,"8":2,"9":2,"10":2,"11":0,"12":0,"13":0,"14":0,"15":0,"16":0,"17":0,"18":0,"19":0},"6":{"0":3,"1":7,"2":3,"3":3,"4":3,"5":2,"6":0,"7":4,"8":2,"9":2,"10":5,"11":0,"12":0,"13":0,"14":0,"15":0,"16":0,"17":0,"18":0,"19":0},"7":{"0":4,"1":6,"2":2,"3":1,"4":2,"5":1,"6":4,"7":0,"8":0,"9":1,"10":4,"11":2,"12":3,"13":0,"14":0,"15":0,"16":0,"17":0,"18":0,"19":0},"8":{"0":2,"1":6,"2":6,"3":1,"4":5,"5":2,"6":0,"7":1,"8":0,"9":3,"10":5,"11":3,"12":2,"13":2,"14":0,"15":0,"16":0,"17":0,"18":0,"19":0},"9":{"0":6,"1":6,"2":7,"3":4,"4":1,"5":4,"6":2,"7":3,"8":6,"9":0,"10":2,"11":0,"12":0,"13":5,"14":5,"15":0,"16":0,"17":0,"18":0,"19":0},"10":{"0":4,"1":5,"2":6,"3":7,"4":4,"5":3,"6":0,"7":2,"8":2,"9":3,"10":0,"11":6,"12":5,"13":5,"14":3,"15":0,"16":0,"17":0,"18":0,"19":0},"11":{"0":3,"1":9,"2":8,"3":4,"4":9,"5":4,"6":2,"7":6,"8":2,"9":4,"10":3,"11":0,"12":1,"13":1,"14":1,"15":2,"16":1,"17":0,"18":0,"19":0},"12":{"0":6,"1":5,"2":5,"3":8,"4":4,"5":2,"6":6,"7":5,"8":2,"9":9,"10":3,"11":2,"12":0,"13":0,"14":3,"15":0,"16":3,"17":2,"18":0,"19":0},"13":{"0":5,"1":8,"2":4,"3":3,"4":6,"5":7,"6":6,"7":4,"8":1,"9":3,"10":2,"11":2,"12":4,"13":0,"14":0,"15":1,"16":5,"17":3,"18":3,"19":0},"14":{"0":4,"1":4,"2":9,"3":6,"4":6,"5":4,"6":10,"7":5,"8":6,"9":0,"10":1,"11":4,"12":0,"13":6,"14":0,"15":2,"16":2,"17":3,"18":2,"19":3},"15":{"0":5,"1":7,"2":4,"3":4,"4":3,"5":2,"6":6,"7":5,"8":3,"9":3,"10":4,"11":5,"12":1,"13":2,"14":3,"15":0,"16":3,"17":2,"18":1,"19":3},"16":{"0":5,"1":7,"2":4,"3":6,"4":2,"5":3,"6":1,"7":4,"8":2,"9":4,"10":5,"11":2,"12":2,"13":2,"14":3,"15":1,"16":0,"17":1,"18":1,"19":2},"17":{"0":4,"1":9,"2":8,"3":2,"4":4,"5":9,"6":4,"7":9,"8":7,"9":6,"10":9,"11":5,"12":4,"13":1,"14":7,"15":3,"16":3,"17":0,"18":3,"19":4},"18":{"0":6,"1":5,"2":4,"3":4,"4":3,"5":7,"6":4,"7":8,"8":5,"9":3,"10":8,"11":5,"12":6,"13":0,"14":3,"15":4,"16":2,"17":1,"18":0,"19":4},"19":{"0":3,"1":8,"2":5,"3":5,"4":4,"5":6,"6":5,"7":9,"8":3,"9":5,"10":8,"11":4,"12":9,"13":10,"14":3,"15":6,"16":2,"17":9,"18":2,"19":0}},"method":"hillside","closest_pair":[[1,0,2,3,5,4,7,6,10,8,9,11,12,16,13,15,14,18,19,17],[1,2,0,3,5,4,7,6,10,8,9,11,12,16,13,15,14,18,19,17]],"farthest_pair":[[1,0,2,3,5,4,7,6,10,8,9,11,12,16,13,15,14,18,19,17],[1,2,3,0,5,4,7,6,8,10,9,11,13,12,16,15,14,18,19,17]],"tau_farthest_pair":0.9473684211,"tau_closest_pair":0.9894736842,"centroid_solution":[1,2,0,3,5,4,7,6,8,10,9,11,12,13,16,15,14,18,19,17]}